GEOID,name,pgh_share,pop,pop_moe,pop_cv,households,households_moe,households_cv,median_age,median_age_moe,median_age_cv,under18_share,under18_share_moe,under18_share_cv,age65_share,age65_share_moe,age65_share_cv,white_nh_share,white_nh_share_moe,white_nh_share_cv,black_nh_share,black_nh_share_moe,black_nh_share_cv,asian_nh_share,asian_nh_share_moe,asian_nh_share_cv,hispanic_share,hispanic_share_moe,hispanic_share_cv,med_hh_income,med_hh_income_moe,med_hh_income_cv,per_capita_income,per_capita_income_moe,per_capita_income_cv,poverty_share,poverty_share_moe,poverty_share_cv,unemployment_rate,unemployment_rate_moe,unemployment_rate_cv,lfpr,lfpr_moe,lfpr_cv,bachelors_share,bachelors_share_moe,bachelors_share_cv,housing_units,housing_units_moe,housing_units_cv,vacancy_share,vacancy_share_moe,vacancy_share_cv,median_year_built,median_year_built_moe,median_year_built_cv,sfd_share,sfd_share_moe,sfd_share_cv,units_2_4_share,units_2_4_share_moe,units_2_4_share_cv,units_5_19_share,units_5_19_share_moe,units_5_19_share_cv,units_20plus_share,units_20plus_share_moe,units_20plus_share_cv,renter_share,renter_share_moe,renter_share_cv,renter_hh,renter_hh_moe,renter_hh_cv,owner_hh,owner_hh_moe,owner_hh_cv,pop_renter_share,pop_renter_share_moe,pop_renter_share_cv,med_gross_rent,med_gross_rent_moe,med_gross_rent_cv,med_home_value,med_home_value_moe,med_home_value_cv,rent_burden30_share,rent_burden30_share_moe,rent_burden30_share_cv,rent_burden50_share,rent_burden50_share_moe,rent_burden50_share_cv,owner_burden30_share,owner_burden30_share_moe,owner_burden30_share_cv,drive_alone_share,drive_alone_share_moe,drive_alone_share_cv,transit_share,transit_share_moe,transit_share_cv,walk_share,walk_share_moe,walk_share_cv,bike_share,bike_share_moe,bike_share_cv,wfh_share,wfh_share_moe,wfh_share_cv,no_vehicle_share,no_vehicle_share_moe,no_vehicle_share_cv
15001,ZIP 15001,0.0,31976,659,0.013,14260,498,0.021,46.3,1.3,0.017,0.1811,0.0172,0.058,0.2172,0.0187,0.052,0.7946,0.0259,0.02,0.1151,0.0137,0.073,0.0079,0.0044,0.341,0.0287,0.012,0.254,70985,3554,0.03,42088,2162,0.031,0.1083,0.0213,0.119,0.0538,0.016,0.181,0.6079,0.0231,0.023,0.3029,0.0257,0.051,15964,524,0.02,0.1067,0.0214,0.122,1959,2,0.001,0.7762,0.0266,0.021,0.0529,0.0151,0.173,0.0293,0.0112,0.233,0.0381,0.0126,0.202,0.2437,0.0283,0.071,3475,422,0.074,10785,541,0.03,0.2358,0.0301,0.078,1040,78,0.046,189100,9224,0.03,0.4135,0.0752,0.111,0.2072,0.0524,0.154,0.1853,0.0271,0.089,0.7433,0.0266,0.022,0.0184,0.0098,0.324,0.0037,0.0034,0.553,0.0,0.0017,,0.161,0.0224,0.085,0.0878,0.0203,0.141
15003,ZIP 15003,0.0,11387,321,0.017,5280,318,0.037,42.3,3.1,0.045,0.1881,0.0309,0.1,0.1993,0.0278,0.085,0.7196,0.0491,0.041,0.1273,0.0322,0.154,0.0007,0.0009,0.76,0.0773,0.027,0.213,59550,6137,0.063,34134,2327,0.041,0.1151,0.0246,0.13,0.0688,0.0274,0.242,0.6819,0.0361,0.032,0.2379,0.0478,0.122,5978,348,0.035,0.1168,0.0298,0.155,1942,4,0.001,0.7593,0.0344,0.028,0.1116,0.0269,0.147,0.0522,0.0265,0.309,0.0432,0.0192,0.27,0.3576,0.0394,0.067,1888,237,0.076,3392,300,0.054,0.3335,0.0471,0.086,950,126,0.081,134500,16210,0.073,0.4968,0.1146,0.14,0.2103,0.0732,0.212,0.1698,0.0416,0.149,0.6987,0.0552,0.048,0.0324,0.0171,0.321,0.0272,0.0173,0.386,0.0,0.0033,,0.1227,0.0222,0.11,0.1562,0.0452,0.176
15005,ZIP 15005,0.0,9570,479,0.03,4303,286,0.04,50.0,2.2,0.027,0.1536,0.0245,0.097,0.2835,0.0329,0.071,0.9351,0.0114,0.007,0.0103,0.0089,0.521,0.0024,0.0039,0.977,0.03,0.014,0.284,73354,4924,0.041,55216,5703,0.063,0.0734,0.0279,0.231,0.0392,0.0148,0.23,0.6087,0.0401,0.04,0.3743,0.0394,0.064,4615,306,0.04,0.0676,0.0296,0.266,1958,2,0.001,0.8654,0.0353,0.025,0.0134,0.0098,0.445,0.0568,0.0244,0.261,0.0225,0.0153,0.413,0.1341,0.0289,0.131,577,130,0.137,3726,268,0.044,0.0824,0.021,0.155,660,70,0.064,216500,35199,0.099,0.1525,0.0729,0.291,0.0971,0.0528,0.331,0.1264,0.0316,0.152,0.7453,0.063,0.051,0.0,0.0035,,0.0163,0.0116,0.436,0.0,0.0035,,0.1724,0.0314,0.111,0.0446,0.0247,0.337
15006,ZIP 15006,0.0,180,177,0.598,63,48,0.463,41.1,43.9,0.649,0.25,0.2442,0.594,0.1111,0.2618,1.433,1.0,0.0,0.0,0.0,0.0667,,0.0,0.0667,,0.0,0.0667,,79417,24860,0.19,33809,33622,0.605,0.4485,0.433,0.587,0.0,0.1277,,0.6963,0.3843,0.336,0.3302,0.3232,0.595,63,48,0.463,0.0,0.1905,,1938,,,1.0,0.0,0.0,0.0,0.2694,,0.0,0.2694,,0.0,0.2694,,0.2381,0.3529,0.901,15,25,1.013,48,49,0.621,0.5778,0.7683,0.808,,,,165000,8844,0.033,0.0,1.6,,0.0,0.8,,0.0,0.7071,,0.4574,0.5974,0.794,0.2979,0.3833,0.782,0.0,0.1277,,0.1702,0.2419,0.864,0.0,0.1277,,0.2381,0.4011,1.024
15007,ZIP 15007,0.0,256,189,0.449,107,66,0.375,35.8,57.8,0.981,0.2812,0.1277,0.276,0.2695,0.1355,0.306,0.8672,0.3,0.21,0.0,0.0469,,0.0,0.0469,,0.0,0.0469,,,,,30991,20330,0.399,0.3086,0.4237,0.835,0.0,0.0816,,0.7989,0.2771,0.211,0.4022,0.3065,0.463,107,66,0.375,0.0,0.1121,,1947,5,0.002,1.0,0.0,0.0,0.0,0.1586,,0.0,0.1586,,0.0,0.1586,,0.3551,0.348,0.596,38,44,0.704,69,46,0.405,0.4427,0.4188,0.575,,,,,,,0.4474,0.7831,1.064,0.0,0.3158,,0.0,0.4919,,0.6463,0.4184,0.394,0.0,0.0816,,0.0,0.0816,,0.0,0.0816,,0.3537,0.3626,0.623,0.0,0.1586,
15009,ZIP 15009,0.0,15565,216,0.008,6834,251,0.022,44.8,1.3,0.018,0.2181,0.0273,0.076,0.2445,0.0199,0.05,0.9253,0.0204,0.013,0.0185,0.0086,0.283,0.0047,0.0035,0.458,0.0209,0.0099,0.287,88294,5046,0.035,48204,3203,0.04,0.0708,0.019,0.163,0.0531,0.0176,0.202,0.6211,0.0219,0.021,0.4158,0.0304,0.044,7151,285,0.024,0.0443,0.0158,0.217,1956,2,0.001,0.7158,0.0209,0.018,0.1096,0.0201,0.111,0.0558,0.0143,0.156,0.0566,0.016,0.172,0.2613,0.0284,0.066,1786,205,0.07,5048,248,0.03,0.176,0.0237,0.082,745,102,0.083,261000,10890,0.025,0.3483,0.0788,0.138,0.1792,0.0657,0.223,0.1484,0.0317,0.13,0.6959,0.0195,0.017,0.0004,0.0005,0.81,0.0245,0.0121,0.301,0.0,0.0026,,0.1961,0.0299,0.093,0.0549,0.0168,0.187
15012,ZIP 15012,0.0,15412,628,0.025,7061,350,0.03,48.0,2.7,0.034,0.1886,0.0274,0.088,0.2544,0.0246,0.059,0.8988,0.0209,0.014,0.0427,0.0178,0.254,0.0079,0.0096,0.737,0.0211,0.0131,0.379,60172,4726,0.048,38467,3293,0.052,0.1959,0.0417,0.129,0.0459,0.0166,0.22,0.5282,0.0355,0.041,0.268,0.0312,0.071,7660,405,0.032,0.0782,0.0223,0.174,1965,3,0.001,0.747,0.0255,0.021,0.0582,0.0198,0.207,0.0346,0.0128,0.225,0.0486,0.0228,0.285,0.2789,0.0426,0.093,1969,316,0.098,5092,273,0.033,0.241,0.0404,0.102,785,97,0.075,201300,14229,0.043,0.3271,0.1071,0.199,0.1214,0.0726,0.364,0.195,0.0505,0.157,0.8109,0.0474,0.036,0.0017,0.0028,0.994,0.0085,0.0097,0.696,0.0025,0.0039,0.949,0.0985,0.0313,0.193,0.0606,0.0277,0.278
15014,ZIP 15014,0.0,3095,65,0.013,1461,166,0.069,46.3,4.0,0.053,0.1687,0.0522,0.188,0.1628,0.0407,0.152,0.8591,0.0764,0.054,0.0927,0.0636,0.417,0.0,0.0039,,0.0236,0.0252,0.649,53551,14955,0.17,31488,3496,0.067,0.1523,0.0749,0.299,0.0186,0.022,0.718,0.6547,0.0748,0.069,0.1502,0.0674,0.273,1629,196,0.073,0.1031,0.0626,0.369,1938,,,0.7667,0.0978,0.078,0.1559,0.0794,0.31,0.0362,0.0428,0.718,0.0203,0.018,0.539,0.2977,0.0875,0.179,435,137,0.191,1026,183,0.108,0.2852,0.1023,0.218,867,298,0.209,94800,23714,0.152,0.2,0.1661,0.505,0.108,0.1384,0.779,0.2222,0.1087,0.297,0.7728,0.1343,0.106,0.0272,0.0294,0.658,0.0093,0.0154,1.01,0.0383,0.0348,0.552,0.0784,0.0386,0.299,0.0883,0.0604,0.416
15015,ZIP 15015,0.0,1291,287,0.135,511,100,0.119,51.4,5.3,0.063,0.237,0.0344,0.088,0.2858,0.027,0.057,0.9117,0.0932,0.062,0.0085,0.0083,0.593,0.0015,0.0023,0.902,0.0248,0.021,0.514,155208,26348,0.103,74495,9658,0.079,0.0163,0.0134,0.5,0.0138,0.008,0.352,0.5612,0.0677,0.073,0.7713,0.2132,0.168,526,99,0.114,0.0285,0.0338,0.72,1959,3,0.001,0.8479,0.1068,0.077,0.0209,0.0294,0.856,0.0,0.0323,,0.0,0.0323,,0.0039,0.0058,0.904,2,3,0.912,509,99,0.118,0.0031,0.0046,0.902,,,,499400,46605,0.057,0.0,12.0,,0.0,6.0,,0.1709,0.0964,0.343,0.6421,0.1366,0.129,0.0035,0.0052,0.9,0.0175,0.017,0.59,0.0,0.0211,,0.3298,0.0388,0.071,0.0098,0.0262,1.627
15017,ZIP 15017,0.0,17782,950,0.032,7987,412,0.031,44.1,2.0,0.028,0.1956,0.0261,0.081,0.2347,0.0228,0.059,0.8402,0.0376,0.027,0.0413,0.0128,0.189,0.0385,0.0205,0.324,0.0292,0.0202,0.422,86937,6546,0.046,53307,3421,0.039,0.0544,0.0148,0.166,0.0302,0.0125,0.251,0.6507,0.0165,0.015,0.5147,0.0419,0.05,8530,397,0.028,0.0637,0.0237,0.227,1976,3,0.001,0.5445,0.0413,0.046,0.0385,0.0145,0.229,0.087,0.0226,0.158,0.1082,0.0252,0.142,0.2683,0.0348,0.079,2143,299,0.085,5844,402,0.042,0.203,0.0282,0.084,1100,44,0.024,246500,16297,0.04,0.3943,0.0937,0.144,0.2119,0.0746,0.214,0.159,0.0358,0.137,0.7074,0.0476,0.041,0.013,0.0078,0.363,0.009,0.0067,0.453,0.0,0.0021,,0.2306,0.0411,0.108,0.0932,0.0307,0.2
15018,ZIP 15018,0.0,712,356,0.304,310,173,0.339,63.8,11.0,0.105,0.0815,0.0905,0.675,0.2907,0.1281,0.268,0.6938,0.089,0.078,0.0,0.0169,,0.2528,0.2758,0.663,0.0,0.0169,,37000,17154,0.282,28411,7557,0.162,0.0758,0.075,0.601,0.0,0.0494,,0.3716,0.1397,0.229,0.0236,0.0484,1.246,427,169,0.241,0.274,0.1669,0.37,1938,,,0.7518,0.212,0.171,0.0281,0.0535,1.157,0.0,0.0397,,0.0,0.0397,,0.0387,0.0608,0.955,12,20,1.013,298,170,0.347,0.0169,0.0268,0.967,,,,96700,59605,0.375,0.0,2.0,,0.0,1.0,,0.047,0.1095,1.417,0.9753,0.1409,0.088,0.0,0.0494,,0.0,0.0494,,0.0,0.0494,,0.0,0.0494,,0.0387,0.0721,1.132
15019,ZIP 15019,0.0,1056,261,0.15,554,157,0.172,54.4,6.1,0.068,0.1856,0.0474,0.155,0.3248,0.0995,0.186,0.9858,0.0181,0.011,0.0,0.0114,,0.0019,0.0028,0.899,0.0,0.0114,,32926,10515,0.194,31741,6206,0.119,0.1449,0.0836,0.351,0.0561,0.0608,0.659,0.4691,0.104,0.135,0.1282,0.0403,0.191,660,179,0.165,0.1606,0.1115,0.422,1967,5,0.002,0.7924,0.1604,0.123,0.0303,0.0398,0.799,0.0,0.0257,,0.0,0.0257,,0.1318,0.068,0.314,73,43,0.358,481,145,0.183,0.0985,0.0717,0.443,659,112,0.103,157800,53433,0.206,0.3836,0.2552,0.404,0.1233,0.1922,0.948,0.1206,0.0682,0.344,0.7592,0.1313,0.105,0.0,0.0314,,0.0,0.0314,,0.0,0.0314,,0.0916,0.0499,0.331,0.1787,0.1895,0.645
15020,ZIP 15020,0.0,481,367,0.464,217,203,0.569,58.3,0.6,0.006,0.0,0.0706,,0.1975,0.1978,0.609,0.6383,0.6653,0.634,0.0,0.0249,,0.0,0.0249,,0.2079,0.1871,0.547,76250,710,0.006,35877,5994,0.102,0.0,0.0353,,0.0,0.0769,,0.3243,0.1532,0.287,0.0304,0.0611,1.223,217,203,0.569,0.0,0.0553,,1938,,,0.9493,0.3084,0.197,0.0,0.0782,,0.0,0.0782,,0.0,0.0782,,0.0,0.0553,,0,12,,217,203,0.569,0.0,0.0249,,,,,325200,172952,0.323,,,,,,,0.0,0.1564,,0.359,0.5016,0.849,0.0,0.0769,,0.0,0.0769,,0.0,0.0769,,0.0,0.0769,,0.0,0.0782,
15021,ZIP 15021,0.0,7110,498,0.043,2982,235,0.048,48.8,3.0,0.037,0.1823,0.0222,0.074,0.2212,0.0284,0.078,0.9309,0.0306,0.02,0.007,0.006,0.521,0.0179,0.0168,0.573,0.0129,0.0092,0.434,75000,9169,0.074,41170,2742,0.04,0.0832,0.0328,0.24,0.0387,0.0117,0.184,0.6398,0.0457,0.043,0.1889,0.0229,0.074,3333,230,0.042,0.1053,0.031,0.179,1959,4,0.001,0.8389,0.0225,0.016,0.0456,0.0291,0.388,0.0105,0.0064,0.369,0.0057,0.0064,0.683,0.1751,0.0515,0.179,522,159,0.185,2460,197,0.049,0.1389,0.0411,0.18,846,231,0.166,203800,15996,0.048,0.3448,0.1403,0.247,0.1954,0.1202,0.374,0.1923,0.0436,0.138,0.7675,0.0379,0.03,0.0,0.0047,,0.0118,0.0093,0.476,0.0,0.0047,,0.1222,0.0354,0.176,0.0768,0.0323,0.256
15024,ZIP 15024,0.0,9325,658,0.043,3886,277,0.043,47.4,3.6,0.046,0.168,0.0233,0.084,0.2303,0.0227,0.06,0.9036,0.0192,0.013,0.0234,0.0188,0.489,0.0349,0.0258,0.451,0.0092,0.007,0.465,79647,11355,0.087,46158,4258,0.056,0.1111,0.0462,0.253,0.0406,0.0183,0.274,0.6146,0.0388,0.038,0.4455,0.048,0.065,4081,290,0.043,0.0478,0.023,0.293,1964,4,0.001,0.8353,0.0287,0.021,0.0397,0.02,0.306,0.0404,0.0195,0.293,0.0051,0.0095,1.126,0.1881,0.051,0.165,731,205,0.17,3155,247,0.048,0.1604,0.0559,0.212,1031,109,0.064,239600,14424,0.037,0.2777,0.0833,0.182,0.1902,0.086,0.275,0.1474,0.0365,0.151,0.7044,0.0445,0.038,0.0085,0.0082,0.589,0.0105,0.0078,0.452,0.0,0.0037,,0.1938,0.055,0.173,0.0363,0.0175,0.294
15025,ZIP 15025,0.0,16939,553,0.02,6733,360,0.033,41.9,1.6,0.023,0.2405,0.027,0.068,0.2338,0.0278,0.072,0.7327,0.0409,0.034,0.172,0.032,0.113,0.0295,0.007,0.145,0.022,0.0085,0.234,76531,10729,0.085,48443,4695,0.059,0.1365,0.0355,0.158,0.07,0.0222,0.192,0.6248,0.0344,0.033,0.383,0.0425,0.067,7983,413,0.031,0.1566,0.0266,0.103,1958,2,0.001,0.7111,0.0472,0.04,0.0643,0.0199,0.188,0.0556,0.0185,0.202,0.0299,0.018,0.366,0.2507,0.0394,0.095,1688,280,0.101,5045,397,0.048,0.2296,0.0428,0.113,1191,136,0.069,227800,21045,0.056,0.5776,0.1349,0.142,0.3389,0.1351,0.242,0.1895,0.0419,0.134,0.7247,0.0445,0.037,0.018,0.0098,0.332,0.0021,0.0021,0.606,0.0,0.0025,,0.1899,0.0381,0.122,0.1121,0.0383,0.207
15026,ZIP 15026,0.0,4175,823,0.12,1622,287,0.108,40.2,7.5,0.113,0.251,0.0443,0.107,0.1708,0.016,0.057,0.8992,0.2441,0.165,0.0256,0.0276,0.654,0.0,0.0029,,0.0314,0.03,0.582,115556,16459,0.087,52079,7170,0.084,0.0632,0.0325,0.313,0.0598,0.0749,0.761,0.7271,0.1034,0.086,0.3828,0.0692,0.11,1748,315,0.11,0.0721,0.0516,0.435,1986,4,0.001,0.7466,0.0634,0.052,0.0355,0.0255,0.436,0.0,0.0097,,0.0,0.0097,,0.1837,0.1125,0.372,298,190,0.388,1324,256,0.118,0.1661,0.1079,0.395,,,,276400,26448,0.058,0.1074,0.0683,0.386,0.0604,0.063,0.634,0.1435,0.0604,0.256,0.8166,0.1168,0.087,0.0131,0.0204,0.946,0.0033,0.006,1.121,0.0,0.0056,,0.0955,0.0435,0.277,0.0049,0.01,1.232
15027,ZIP 15027,0.0,2258,266,0.072,1075,137,0.077,45.5,6.4,0.086,0.1829,0.0459,0.152,0.2329,0.0342,0.089,0.9163,0.0671,0.045,0.0106,0.0119,0.68,0.0,0.0053,,0.0199,0.0193,0.59,65466,15124,0.14,35787,5465,0.093,0.1687,0.0715,0.258,0.0645,0.0905,0.853,0.5746,0.078,0.082,0.225,0.0424,0.115,1148,133,0.07,0.0636,0.0456,0.436,1959,5,0.002,0.7875,0.0769,0.059,0.0732,0.0452,0.376,0.061,0.0483,0.482,0.054,0.0185,0.209,0.3274,0.0811,0.15,352,98,0.169,723,136,0.114,0.3121,0.0908,0.177,917,110,0.073,178600,11907,0.041,0.4034,0.1671,0.252,0.2812,0.1735,0.375,0.2517,0.0776,0.187,0.7783,0.0825,0.064,0.0041,0.0061,0.906,0.0153,0.0244,0.967,0.0,0.0123,,0.0797,0.0374,0.285,0.0744,0.0604,0.494
15028,ZIP 15028,0.0,128,55,0.261,70,28,0.243,47.9,23.8,0.302,0.0,0.2652,,0.3203,0.1463,0.278,0.9688,0.5871,0.368,0.0,0.0938,,0.0,0.0938,,0.0312,0.053,1.031,48750,30772,0.384,40416,14543,0.219,0.1172,0.1613,0.837,0.0989,0.1211,0.744,0.7109,0.2175,0.186,0.1475,0.175,0.721,75,28,0.227,0.0667,0.09,0.82,1938,,,0.92,0.1463,0.097,0.0,0.2263,,0.0,0.2263,,0.0,0.2263,,0.1429,0.1152,0.49,10,9,0.547,60,27,0.274,0.1016,0.074,0.443,,,,96000,21009,0.133,0.6,2.1996,2.229,0.0,1.2,,0.25,0.4572,1.112,0.8659,0.2615,0.184,0.0,0.1463,,0.0732,0.1145,0.951,0.0,0.1463,,0.061,0.05,0.498,0.1,0.2195,1.335
15030,ZIP 15030,0.0,1018,145,0.087,474,75,0.096,47.1,6.0,0.077,0.22,0.0345,0.095,0.1513,0.054,0.217,0.9194,0.048,0.032,0.0157,0.0185,0.717,0.0069,0.0068,0.602,0.0226,0.0204,0.548,56094,17421,0.189,41104,10992,0.163,0.1567,0.0753,0.292,0.0203,0.02,0.599,0.6614,0.0519,0.048,0.2479,0.1387,0.34,598,80,0.081,0.2074,0.0806,0.236,1945,8,0.003,0.6789,0.0712,0.064,0.194,0.0753,0.236,0.0084,0.0224,1.629,0.0418,0.0522,0.759,0.3502,0.0848,0.147,166,48,0.176,308,72,0.142,0.3661,0.085,0.141,810,114,0.086,89100,29194,0.199,0.4518,0.1949,0.262,0.2711,0.1069,0.24,0.0942,0.0542,0.35,0.7629,0.0978,0.078,0.0421,0.0297,0.43,0.0057,0.0095,1.008,0.0096,0.0133,0.845,0.086,0.0515,0.364,0.0549,0.0338,0.375
15031,ZIP 15031,0.0,382,187,0.298,145,60,0.252,33.8,14.2,0.255,0.3429,0.0942,0.167,0.0,0.1088,,0.6937,0.395,0.346,0.0576,0.0981,1.036,0.2487,0.2667,0.652,0.0,0.0314,,35404,14806,0.254,19151,8327,0.264,0.4084,0.3644,0.542,0.0,0.0698,,0.6853,0.0742,0.066,0.2618,0.1871,0.434,197,99,0.305,0.264,0.3945,0.909,1963,33,0.01,0.6294,0.3436,0.332,0.1777,0.1976,0.676,0.1117,0.1994,1.085,0.0,0.0861,,0.5793,0.2182,0.229,84,47,0.34,61,44,0.438,0.6257,0.2457,0.239,1022,201,0.12,,,,0.6667,0.4779,0.436,0.2619,0.4406,1.023,0.459,0.6379,0.845,0.657,0.3259,0.302,0.0,0.0698,,0.0,0.0698,,0.0,0.0698,,0.1802,0.1874,0.632,0.0,0.117,
15033,ZIP 15033,0.0,4572,60,0.008,2464,259,0.064,48.7,3.3,0.041,0.1514,0.0615,0.247,0.1774,0.042,0.144,0.7531,0.0812,0.066,0.105,0.0481,0.279,0.0,0.0026,,0.0424,0.0453,0.649,39921,11070,0.169,29704,4154,0.085,0.2927,0.0951,0.197,0.1259,0.0638,0.308,0.5775,0.0556,0.058,0.1292,0.0465,0.219,2903,273,0.057,0.1512,0.0486,0.195,1941,7,0.002,0.7282,0.0699,0.058,0.0627,0.0363,0.352,0.0751,0.0488,0.395,0.0537,0.034,0.384,0.4643,0.1062,0.139,1144,288,0.153,1320,291,0.134,0.4781,0.1287,0.164,916,98,0.065,62500,9357,0.091,0.5621,0.1725,0.187,0.3173,0.1396,0.267,0.1682,0.0662,0.239,0.7746,0.1265,0.099,0.0511,0.0466,0.555,0.0326,0.0418,0.778,0.0,0.0063,,0.08,0.0666,0.506,0.1916,0.0722,0.229
15034,ZIP 15034,0.0,1643,244,0.09,871,133,0.093,47.0,4.5,0.058,0.0949,0.0344,0.22,0.2532,0.0636,0.153,0.927,0.1933,0.127,0.0621,0.0583,0.571,0.0,0.0073,,0.0067,0.0103,0.935,51715,9374,0.11,35228,5154,0.089,0.1234,0.1044,0.515,0.0443,0.0271,0.372,0.6204,0.0316,0.031,0.1603,0.0556,0.211,983,124,0.077,0.1139,0.0614,0.328,1948,3,0.001,0.589,0.1008,0.104,0.1333,0.0908,0.414,0.1658,0.0479,0.176,0.0071,0.0165,1.412,0.4501,0.1415,0.191,392,137,0.212,479,59,0.075,0.3914,0.1274,0.198,634,95,0.091,93500,6187,0.04,0.3163,0.1832,0.352,0.2168,0.1895,0.531,0.1795,0.0915,0.31,0.5803,0.0149,0.016,0.1179,0.0843,0.434,0.0289,0.0331,0.697,0.0,0.0139,,0.1572,0.0932,0.36,0.1332,0.0893,0.408
15035,ZIP 15035,0.0,2002,236,0.072,1033,100,0.059,47.7,2.8,0.036,0.1049,0.0356,0.207,0.2582,0.0525,0.124,0.7767,0.0997,0.078,0.1583,0.0705,0.271,0.002,0.003,0.909,0.0055,0.0085,0.937,65907,9917,0.091,41119,6638,0.098,0.0949,0.0392,0.251,0.0795,0.0524,0.4,0.6179,0.0671,0.066,0.2193,0.0664,0.184,1137,91,0.049,0.0915,0.0416,0.276,1955,3,0.001,0.6236,0.0659,0.064,0.0985,0.0573,0.354,0.1117,0.0488,0.266,0.0387,0.0299,0.47,0.3417,0.0668,0.119,353,77,0.133,680,105,0.094,0.2662,0.0551,0.126,780,26,0.02,101100,13759,0.083,0.3513,0.1223,0.212,0.2295,0.0985,0.261,0.1338,0.0678,0.308,0.6089,0.0857,0.086,0.0559,0.0493,0.536,0.0,0.0116,,0.0,0.0116,,0.2351,0.0669,0.173,0.1239,0.0603,0.296
15037,ZIP 15037,0.0,10417,718,0.042,4331,288,0.04,44.3,3.0,0.041,0.1942,0.0271,0.085,0.2303,0.0235,0.062,0.9185,0.0365,0.024,0.0098,0.0066,0.409,0.0176,0.0247,0.856,0.0264,0.0176,0.405,77579,9146,0.072,42824,4654,0.066,0.0805,0.0272,0.206,0.041,0.0161,0.238,0.5853,0.0273,0.028,0.2908,0.0414,0.086,4634,313,0.041,0.0654,0.0347,0.322,1963,3,0.001,0.8787,0.0304,0.021,0.0311,0.0116,0.227,0.0112,0.0056,0.301,0.0119,0.0088,0.449,0.1545,0.0355,0.14,669,160,0.145,3662,296,0.049,0.1285,0.0353,0.167,917,136,0.09,165900,4459,0.016,0.2392,0.1158,0.294,0.1375,0.1103,0.488,0.1928,0.0563,0.178,0.8264,0.0623,0.046,0.0113,0.0077,0.416,0.0063,0.0045,0.436,0.0,0.0041,,0.0969,0.0213,0.133,0.0623,0.0365,0.356
15038,ZIP 15038,0.0,279,179,0.39,125,83,0.404,43.4,17.4,0.244,0.1004,0.1506,0.912,0.2509,0.1259,0.305,1.0,0.0,0.0,0.0,0.043,,0.0,0.043,,0.0,0.043,,31824,13509,0.258,23218,6673,0.175,0.4194,0.492,0.713,0.0,0.0538,,0.8352,0.4021,0.293,0.0478,0.1107,1.408,125,83,0.404,0.0,0.096,,1945,15,0.005,0.76,0.4676,0.374,0.0,0.1358,,0.0,0.1358,,0.0,0.1358,,0.584,0.4473,0.466,73,74,0.616,52,42,0.491,0.5018,0.3896,0.472,,,,97300,36844,0.23,1.0,0.5768,0.351,0.0,0.1644,,0.0,0.6527,,0.6887,0.1989,0.176,0.0,0.1132,,0.0,0.1132,,0.0,0.1132,,0.3113,0.241,0.471,0.0,0.1358,
15042,ZIP 15042,0.0,7733,489,0.038,3499,230,0.04,54.8,4.4,0.049,0.1456,0.0254,0.106,0.3508,0.0481,0.083,0.9502,0.0332,0.021,0.0094,0.007,0.448,0.0004,0.0005,0.81,0.0076,0.009,0.72,75742,6644,0.053,41388,3439,0.051,0.0872,0.0375,0.262,0.0408,0.0299,0.444,0.5512,0.0525,0.058,0.3171,0.0496,0.095,3753,235,0.038,0.0677,0.0271,0.244,1977,3,0.001,0.7405,0.0529,0.043,0.0509,0.0234,0.279,0.0133,0.0101,0.461,0.0035,0.0054,0.946,0.1575,0.0389,0.15,551,141,0.156,2948,247,0.051,0.1491,0.045,0.183,1583,263,0.101,231700,15304,0.04,0.5372,0.1742,0.197,0.1996,0.1513,0.461,0.2547,0.0807,0.193,0.7007,0.0487,0.042,0.0,0.005,,0.0096,0.0107,0.678,0.0026,0.0041,0.943,0.1199,0.0271,0.137,0.0532,0.0235,0.268
15044,ZIP 15044,0.0,27370,1587,0.035,10821,598,0.034,48.3,3.2,0.04,0.2063,0.0182,0.054,0.2441,0.0228,0.057,0.9084,0.021,0.014,0.0063,0.0048,0.465,0.0293,0.0094,0.195,0.0194,0.0112,0.351,136723,8401,0.037,72843,8143,0.068,0.0475,0.0157,0.201,0.0289,0.0103,0.218,0.6332,0.027,0.026,0.5868,0.0305,0.032,11365,572,0.031,0.0479,0.0189,0.239,1989,3,0.001,0.7383,0.0137,0.011,0.0168,0.0114,0.414,0.0276,0.0158,0.348,0.0233,0.0098,0.255,0.0605,0.0152,0.152,655,168,0.156,10166,596,0.036,0.0435,0.0122,0.17,1573,988,0.382,385200,18641,0.029,0.3496,0.1245,0.216,0.2244,0.1077,0.292,0.1858,0.0401,0.131,0.7467,0.0417,0.034,0.005,0.0036,0.436,0.0032,0.0036,0.675,0.0,0.0016,,0.2005,0.0262,0.079,0.026,0.0134,0.314
15045,ZIP 15045,0.0,4368,21,0.003,1829,233,0.077,38.4,3.2,0.051,0.2228,0.0514,0.14,0.1786,0.0361,0.123,0.8727,0.0481,0.034,0.0387,0.0291,0.457,0.005,0.008,0.967,0.0462,0.0334,0.439,47803,8729,0.111,25134,3220,0.078,0.1594,0.0674,0.257,0.1499,0.0662,0.268,0.6508,0.0417,0.039,0.1111,0.0459,0.251,2067,248,0.073,0.1151,0.0584,0.308,1947,5,0.002,0.7896,0.0629,0.048,0.0856,0.0398,0.282,0.0295,0.0236,0.485,0.0305,0.0171,0.341,0.3636,0.0899,0.15,665,185,0.169,1164,164,0.086,0.3277,0.0793,0.147,849,113,0.081,82700,10294,0.076,0.3278,0.1566,0.29,0.1639,0.1512,0.561,0.2285,0.0941,0.25,0.6665,0.1422,0.13,0.0408,0.0442,0.658,0.0403,0.0368,0.555,0.0,0.0063,,0.067,0.0361,0.328,0.0842,0.0472,0.34
15046,ZIP 15046,0.0,2141,295,0.084,975,128,0.08,53.7,6.1,0.069,0.1719,0.0387,0.137,0.2485,0.0404,0.099,0.8655,0.0477,0.034,0.0,0.0056,,0.028,0.0192,0.417,0.0514,0.0353,0.417,81992,8340,0.062,45843,5122,0.068,0.0481,0.0335,0.423,0.0663,0.0435,0.399,0.6351,0.0593,0.057,0.3109,0.071,0.139,1144,119,0.063,0.1477,0.0492,0.203,1963,4,0.001,0.9073,0.0515,0.035,0.0271,0.016,0.359,0.0044,0.0126,1.752,0.0,0.0148,,0.1241,0.0678,0.332,121,68,0.342,854,117,0.083,0.1133,0.0704,0.378,1215,204,0.102,195600,19272,0.06,0.4545,0.3384,0.453,0.2397,0.2082,0.528,0.2201,0.0902,0.249,0.688,0.062,0.055,0.0048,0.0076,0.968,0.0496,0.0587,0.719,0.0,0.0115,,0.2061,0.0554,0.163,0.0349,0.03,0.522
15047,ZIP 15047,0.0,203,193,0.578,107,92,0.523,45.7,19.1,0.254,0.1724,0.1906,0.672,0.2414,0.1675,0.422,0.9951,0.0943,0.058,0.0,0.0591,,0.0,0.0591,,0.0049,0.014,1.73,45792,32870,0.436,23855,9627,0.245,0.1232,0.1336,0.659,0.0,0.1622,,0.4405,0.2965,0.409,0.2635,0.3533,0.815,107,92,0.523,0.0,0.1121,,1953,5,0.002,1.0,0.0,0.0,0.0,0.1586,,0.0,0.1586,,0.0,0.1586,,0.0,0.1121,,0,12,,107,92,0.523,0.0,0.06,,,,,117100,66280,0.344,,,,,,,0.4112,0.5959,0.881,0.5946,0.6294,0.644,0.0,0.1622,,0.0,0.1622,,0.0,0.1622,,0.4054,0.4544,0.681,0.0,0.1586,
15049,ZIP 15049,0.0,974,141,0.088,506,62,0.074,57.6,3.4,0.036,0.076,0.0266,0.213,0.2936,0.0275,0.057,0.9384,0.0557,0.036,0.0,0.0123,,0.0164,0.0173,0.64,0.0195,0.0245,0.763,60595,8734,0.088,39879,7175,0.109,0.152,0.0857,0.343,0.0251,0.0267,0.646,0.5681,0.0518,0.055,0.2474,0.0466,0.114,562,62,0.067,0.0996,0.0486,0.296,1959,6,0.002,0.6085,0.076,0.076,0.0765,0.0526,0.418,0.0071,0.0239,2.038,0.0,0.0302,,0.1818,0.0571,0.191,92,31,0.205,414,54,0.079,0.193,0.0827,0.26,964,66,0.042,139600,24500,0.107,0.3152,0.1284,0.248,0.1848,0.1268,0.417,0.1739,0.0921,0.322,0.7939,0.1681,0.129,0.0152,0.0172,0.689,0.0174,0.0259,0.907,0.0,0.026,,0.0889,0.0389,0.266,0.0711,0.031,0.265
15051,ZIP 15051,0.0,329,116,0.214,203,79,0.237,50.6,14.5,0.174,0.1094,0.0956,0.531,0.2614,0.1372,0.319,0.8815,0.16,0.11,0.0,0.0365,,0.0,0.0365,,0.0,0.0365,,62563,29325,0.285,42526,9045,0.129,0.0091,0.0407,2.71,0.0443,0.0658,0.903,0.6928,0.2194,0.192,0.3038,0.1512,0.303,243,87,0.218,0.1646,0.2313,0.854,1938,,,0.9506,0.1353,0.087,0.0,0.0698,,0.0,0.0698,,0.0,0.0698,,0.3547,0.2099,0.36,72,51,0.431,131,72,0.334,0.3556,0.1756,0.3,1355,398,0.179,205200,81389,0.241,0.0,0.3333,,0.0,0.1667,,0.458,0.4642,0.616,0.8402,0.2058,0.149,0.0412,0.0641,0.945,0.0,0.0619,,0.0,0.0619,,0.0876,0.111,0.77,0.0493,0.0927,1.144
15052,ZIP 15052,0.0,2873,440,0.093,1183,171,0.088,44.7,5.8,0.079,0.2085,0.0354,0.103,0.2102,0.014,0.041,0.9325,0.0424,0.028,0.0073,0.0065,0.542,0.008,0.0093,0.708,0.0108,0.0089,0.501,73352,9906,0.082,34853,3205,0.056,0.1063,0.0392,0.224,0.0371,0.0318,0.521,0.6342,0.0502,0.048,0.2057,0.0433,0.128,1292,173,0.081,0.0844,0.0562,0.405,1965,3,0.001,0.9056,0.0401,0.027,0.0201,0.0164,0.495,0.0232,0.0178,0.466,0.0023,0.0098,2.562,0.1302,0.0588,0.274,154,73,0.288,1029,154,0.091,0.1361,0.0589,0.263,983,608,0.376,193100,12976,0.041,0.3636,0.2788,0.466,0.3636,0.2439,0.408,0.2313,0.0739,0.194,0.7584,0.0632,0.051,0.0014,0.0028,1.211,0.0142,0.0096,0.412,0.0,0.0085,,0.1194,0.0356,0.181,0.0372,0.0372,0.607
15053,ZIP 15053,0.0,127,71,0.34,53,35,0.401,38.2,26.3,0.419,0.1417,0.2714,1.164,0.2756,0.3088,0.681,0.937,0.1108,0.072,0.0,0.0945,,0.0,0.0945,,0.0,0.0945,,89931,12151,0.082,38113,11422,0.182,0.0709,0.146,1.252,0.0,0.1644,,0.6186,0.2589,0.254,0.2018,0.3404,1.025,61,35,0.349,0.1311,0.1818,0.843,1938,,,1.0,0.0,0.0,0.0,0.2782,,0.0,0.2782,,0.0,0.2782,,0.0,0.2264,,0,12,,53,35,0.401,0.0,0.0945,,,,,203100,103802,0.311,,,,,,,0.1698,0.653,2.338,0.8356,0.4695,0.342,0.0,0.1644,,0.0,0.1644,,0.0,0.1644,,0.1644,0.2158,0.798,0.0,0.3202,
15055,ZIP 15055,0.0,1403,428,0.185,713,157,0.134,50.8,6.7,0.08,0.149,0.0679,0.277,0.32,0.0396,0.075,0.9907,0.0358,0.022,0.0,0.0086,,0.0,0.0086,,0.0,0.0086,,71719,18030,0.153,55695,23310,0.254,0.1283,0.1429,0.677,0.1082,0.0815,0.458,0.6039,0.1347,0.136,0.5285,0.1173,0.135,713,157,0.134,0.0,0.0168,,1994,3,0.001,0.0912,0.0657,0.438,0.0252,0.0335,0.806,0.0126,0.0291,1.399,0.0,0.0238,,0.0842,0.0778,0.562,60,57,0.578,653,156,0.145,0.1561,0.168,0.654,1037,483,0.283,232100,23197,0.061,0.0,0.4,,0.0,0.2,,0.317,0.1669,0.32,0.7293,0.0767,0.064,0.0,0.0194,,0.0,0.0194,,0.0,0.0194,,0.2707,0.221,0.496,0.0,0.0238,
15056,ZIP 15056,0.0,1041,140,0.082,529,65,0.075,44.2,1.7,0.023,0.2046,0.0536,0.159,0.2469,0.0434,0.107,0.8117,0.097,0.073,0.0509,0.026,0.311,0.0086,0.0066,0.466,0.024,0.0373,0.945,67292,21641,0.196,42057,5587,0.081,0.0605,0.0228,0.229,0.0505,0.0518,0.624,0.625,0.0481,0.047,0.3929,0.0587,0.091,600,58,0.059,0.1183,0.0538,0.276,1938,,,0.555,0.0824,0.09,0.1533,0.0658,0.261,0.0,0.0283,,0.11,0.0489,0.27,0.4291,0.1004,0.142,227,60,0.161,302,48,0.097,0.3381,0.1163,0.209,982,245,0.152,161500,26723,0.101,0.2996,0.1083,0.22,0.0573,0.0414,0.439,0.1987,0.1298,0.397,0.7324,0.0828,0.069,0.0282,0.0339,0.732,0.0,0.0241,,0.0,0.0241,,0.2012,0.0694,0.21,0.1153,0.0593,0.313
15057,ZIP 15057,0.0,16583,1352,0.05,6141,380,0.038,40.6,2.5,0.037,0.2626,0.0342,0.079,0.1565,0.0132,0.051,0.8447,0.0973,0.07,0.0131,0.0053,0.243,0.0891,0.0298,0.203,0.0111,0.0076,0.417,120821,10089,0.051,52321,3830,0.044,0.0289,0.0108,0.228,0.0424,0.0213,0.306,0.6872,0.0337,0.03,0.4669,0.0309,0.04,6582,421,0.039,0.067,0.0244,0.221,1986,5,0.002,0.8373,0.033,0.024,0.0483,0.0174,0.218,0.0184,0.0158,0.521,0.0114,0.0072,0.383,0.1273,0.0235,0.112,782,152,0.118,5359,362,0.041,0.0852,0.0189,0.135,1031,243,0.143,355400,16155,0.028,0.3197,0.0833,0.158,0.1368,0.0637,0.283,0.162,0.0369,0.139,0.7494,0.0321,0.026,0.0108,0.0071,0.402,0.0117,0.0061,0.319,0.0,0.0023,,0.1823,0.0287,0.096,0.0311,0.0145,0.283
15060,ZIP 15060,0.0,853,167,0.119,407,77,0.115,51.9,7.6,0.089,0.129,0.0299,0.141,0.2802,0.1036,0.225,0.9531,0.0191,0.012,0.0,0.0141,,0.0106,0.0139,0.802,0.0,0.0141,,56118,10266,0.111,36437,4465,0.074,0.0856,0.0513,0.365,0.0481,0.0406,0.513,0.6255,0.033,0.032,0.1096,0.0361,0.2,567,91,0.098,0.2822,0.0995,0.214,1965,13,0.004,0.5961,0.0862,0.088,0.3333,0.1014,0.185,0.0035,0.0229,3.95,0.0,0.0299,,0.1032,0.0608,0.358,42,26,0.376,365,71,0.118,0.0821,0.0441,0.326,744,195,0.159,124700,26121,0.127,0.2381,0.4778,1.22,0.0476,0.0651,0.831,0.1808,0.081,0.272,0.8581,0.0962,0.068,0.0,0.027,,0.018,0.0268,0.903,0.0,0.027,,0.0788,0.0516,0.398,0.0516,0.0424,0.499
15061,ZIP 15061,0.0,12413,671,0.033,5275,333,0.038,41.0,2.8,0.042,0.2387,0.0325,0.083,0.1858,0.0241,0.079,0.8824,0.0386,0.027,0.0392,0.0301,0.467,0.0023,0.0028,0.733,0.0343,0.0139,0.246,73010,6649,0.055,42423,2947,0.042,0.0672,0.0205,0.185,0.0301,0.0121,0.245,0.6742,0.0393,0.035,0.2982,0.0416,0.085,5861,385,0.04,0.1,0.034,0.207,1963,5,0.002,0.7896,0.0366,0.028,0.0746,0.0233,0.19,0.0288,0.0203,0.428,0.056,0.0206,0.223,0.2957,0.0499,0.103,1560,281,0.11,3715,346,0.057,0.2563,0.0519,0.123,919,108,0.071,209800,12529,0.036,0.3359,0.1216,0.22,0.0788,0.0392,0.302,0.1895,0.0561,0.18,0.7739,0.0528,0.041,0.0095,0.0082,0.524,0.013,0.0098,0.457,0.0,0.003,,0.1423,0.0368,0.157,0.055,0.0213,0.236
15063,ZIP 15063,0.0,10525,344,0.02,4598,428,0.057,52.3,3.7,0.043,0.1277,0.0276,0.131,0.3343,0.0499,0.091,0.9283,0.0232,0.015,0.0038,0.0042,0.668,0.0098,0.009,0.56,0.0323,0.0173,0.325,65179,10005,0.093,37501,3471,0.056,0.1158,0.0394,0.207,0.0584,0.0224,0.234,0.5092,0.0424,0.051,0.2538,0.0421,0.101,5044,432,0.052,0.0884,0.0312,0.215,1953,2,0.001,0.8047,0.042,0.032,0.0597,0.0254,0.259,0.0188,0.0146,0.471,0.049,0.0319,0.396,0.2055,0.0415,0.123,945,210,0.135,3653,432,0.072,0.1981,0.0822,0.252,800,349,0.265,155800,6630,0.026,0.219,0.0959,0.266,0.0889,0.0769,0.526,0.161,0.0454,0.171,0.8406,0.0457,0.033,0.0201,0.0151,0.458,0.0035,0.0034,0.605,0.0,0.0044,,0.0864,0.0285,0.201,0.1074,0.0367,0.208
15064,ZIP 15064,0.0,360,215,0.363,171,87,0.309,32.8,30.2,0.56,0.2472,0.2776,0.682,0.225,0.1088,0.294,0.875,0.3004,0.209,0.0806,0.1711,1.292,0.0,0.0333,,0.0,0.0333,,,,,33837,8766,0.157,0.4111,0.4093,0.605,0.0,0.0678,,0.6277,0.0941,0.091,0.0,0.103,,204,92,0.274,0.1618,0.2391,0.899,1938,,,0.3284,0.2654,0.491,0.2402,0.2438,0.617,0.0,0.0832,,0.0,0.0832,,0.6199,0.3842,0.377,106,85,0.487,65,54,0.505,0.3694,0.1778,0.292,1361,215,0.096,,,,0.7264,0.4164,0.348,0.6509,0.4492,0.42,0.0,0.5222,,0.9435,0.0694,0.045,0.0,0.0678,,0.0,0.0678,,0.0,0.0678,,0.0,0.0678,,0.1637,0.2474,0.919
15065,ZIP 15065,0.0,10894,199,0.011,5037,304,0.037,50.0,4.2,0.051,0.1555,0.032,0.125,0.2414,0.0337,0.085,0.9267,0.0286,0.019,0.0299,0.0233,0.474,0.0215,0.0127,0.358,0.0084,0.0115,0.826,67803,6447,0.058,42495,4282,0.061,0.1043,0.0329,0.192,0.0299,0.0148,0.302,0.6205,0.0444,0.043,0.2959,0.0436,0.09,5838,301,0.031,0.1372,0.0379,0.168,1955,3,0.001,0.7919,0.0378,0.029,0.0726,0.0283,0.237,0.0413,0.0218,0.321,0.0262,0.0172,0.4,0.2108,0.0382,0.11,1062,203,0.116,3975,311,0.048,0.1773,0.0423,0.145,866,108,0.076,159400,11010,0.042,0.4388,0.1147,0.159,0.2241,0.0849,0.23,0.1356,0.0415,0.186,0.7837,0.0581,0.045,0.0027,0.0039,0.89,0.0238,0.0138,0.353,0.0034,0.0061,1.087,0.1375,0.0355,0.157,0.0657,0.0221,0.204
15067,ZIP 15067,0.0,2142,287,0.081,1093,149,0.083,52.6,7.0,0.081,0.119,0.0379,0.194,0.2918,0.0519,0.108,0.93,0.0439,0.029,0.0247,0.0203,0.498,0.0019,0.0033,1.061,0.0121,0.0186,0.932,52352,7114,0.083,36196,4717,0.079,0.1531,0.0534,0.212,0.1038,0.0683,0.4,0.5285,0.0685,0.079,0.1592,0.0592,0.226,1185,141,0.072,0.0776,0.0455,0.356,1959,9,0.003,0.7156,0.1004,0.085,0.0549,0.0373,0.414,0.0143,0.0155,0.655,0.0338,0.02,0.36,0.2425,0.0744,0.187,265,89,0.204,828,149,0.109,0.1879,0.0578,0.187,719,37,0.031,109400,12052,0.067,0.2453,0.1232,0.305,0.1585,0.1126,0.432,0.1171,0.0501,0.26,0.8544,0.0869,0.062,0.0068,0.0101,0.903,0.008,0.0101,0.771,0.0,0.0137,,0.0512,0.03,0.356,0.0595,0.0379,0.388
15068,ZIP 15068,0.0,36203,980,0.016,16821,584,0.021,46.2,2.1,0.028,0.1848,0.0163,0.054,0.2242,0.0146,0.04,0.8705,0.0161,0.011,0.0666,0.0127,0.116,0.0058,0.0039,0.414,0.0199,0.0071,0.217,63426,4013,0.038,40273,2016,0.03,0.1211,0.0209,0.105,0.0592,0.0164,0.168,0.6051,0.0304,0.031,0.2904,0.0255,0.053,18629,600,0.02,0.0971,0.0173,0.108,1959,2,0.001,0.7446,0.0259,0.021,0.0641,0.0137,0.13,0.0444,0.0118,0.161,0.0702,0.0137,0.119,0.278,0.0253,0.055,4677,456,0.059,12144,655,0.033,0.2354,0.0255,0.066,802,104,0.079,174400,7739,0.027,0.3581,0.0525,0.089,0.2068,0.0458,0.135,0.1709,0.03,0.107,0.7532,0.0293,0.024,0.0122,0.0067,0.336,0.0159,0.007,0.268,0.0,0.0015,,0.1384,0.0205,0.09,0.1109,0.021,0.115
15071,ZIP 15071,0.0,12663,977,0.047,5064,401,0.048,41.4,2.0,0.029,0.2086,0.024,0.07,0.157,0.0199,0.077,0.8445,0.033,0.024,0.036,0.0256,0.432,0.0315,0.0154,0.296,0.0312,0.019,0.369,102328,11168,0.066,52507,4600,0.053,0.0537,0.0185,0.209,0.0333,0.019,0.347,0.7006,0.0441,0.038,0.5037,0.0495,0.06,5296,408,0.047,0.0438,0.0304,0.422,1991,3,0.001,0.6356,0.0498,0.048,0.0185,0.0119,0.392,0.112,0.0373,0.202,0.05,0.0211,0.256,0.2743,0.048,0.106,1389,267,0.117,3675,347,0.057,0.2524,0.0451,0.109,1532,161,0.064,275000,35424,0.078,0.432,0.1207,0.17,0.1677,0.0755,0.274,0.1712,0.0475,0.169,0.7052,0.0566,0.049,0.0075,0.0038,0.309,0.0106,0.0075,0.428,0.0,0.0028,,0.2207,0.0331,0.091,0.0314,0.0193,0.373
15075,ZIP 15075,0.0,22,25,0.691,15,20,0.811,30.9,78.8,1.55,0.0,1.5428,,0.4545,1.8982,2.539,1.0,0.0,0.0,0.0,0.5455,,0.0,0.5455,,0.0,0.5455,,,,,50795,10919,0.131,0.0,0.7714,,0.0,0.5455,,1.0,0.0,0.0,0.0,1.0909,,47,51,0.66,0.6809,0.7356,0.657,1938,,,0.2128,0.2784,0.796,0.6809,0.7786,0.695,0.0,0.3611,,0.0,0.3611,,0.3333,0.4969,0.906,5,10,1.216,10,17,1.033,0.5455,0.6014,0.67,,,,,,,0.0,4.8,,0.0,2.4,,0.0,3.3941,,0.4545,0.5747,0.769,0.0,0.5455,,0.0,0.5455,,0.0,0.5455,,0.0,0.5455,,0.0,1.1314,
15076,ZIP 15076,0.0,1010,370,0.223,417,123,0.179,36.5,23.1,0.385,0.2802,0.1445,0.313,0.2248,0.0824,0.223,0.9515,0.0745,0.048,0.0,0.0119,,0.0059,0.0137,1.401,0.0,0.0119,,50573,27660,0.332,26006,8814,0.206,0.1307,0.0813,0.378,0.0,0.0302,,0.5461,0.1312,0.146,0.3467,0.1442,0.253,442,120,0.165,0.0566,0.0915,0.983,1938,,,0.5882,0.2054,0.212,0.1335,0.113,0.515,0.0407,0.0701,1.047,0.0385,0.066,1.044,0.3765,0.1059,0.171,157,64,0.248,260,114,0.267,0.3463,0.1087,0.191,731,688,0.572,184100,62511,0.206,0.2229,0.2664,0.726,0.0,0.0764,,0.1923,0.1881,0.595,0.7797,0.2118,0.165,0.0,0.0348,,0.0,0.0348,,0.0,0.0348,,0.0928,0.1003,0.658,0.0408,0.0698,1.041
15081,ZIP 15081,0.0,404,124,0.187,211,54,0.156,45.0,22.5,0.304,0.1856,0.1055,0.346,0.1832,0.0307,0.102,0.8144,0.3267,0.244,0.0421,0.0554,0.801,0.0,0.0297,,0.0248,0.0389,0.955,54107,22820,0.256,30649,6542,0.13,0.2153,0.1538,0.434,0.0306,0.0341,0.678,0.5904,0.1337,0.138,0.1299,0.093,0.435,247,60,0.148,0.1457,0.0861,0.359,1943,5,0.002,0.8704,0.0698,0.049,0.0283,0.0341,0.732,0.0162,0.0542,2.034,0.0,0.0687,,0.2322,0.1292,0.338,49,30,0.372,162,48,0.18,0.3366,0.2331,0.421,971,81,0.051,142500,42475,0.181,0.3265,0.4212,0.784,0.2857,0.2512,0.535,0.2469,0.2023,0.498,0.743,0.0545,0.045,0.0,0.067,,0.0,0.067,,0.0,0.067,,0.1006,0.0751,0.454,0.0521,0.0677,0.789
15082,ZIP 15082,0.0,275,196,0.433,75,43,0.349,30.6,12.3,0.244,0.3927,0.0638,0.099,0.0,0.1512,,1.0,0.0,0.0,0.0,0.0436,,0.0,0.0436,,0.0,0.0436,,113750,94172,0.503,46842,13241,0.172,0.0509,0.0906,1.082,0.0,0.0992,,0.7246,0.6044,0.507,0.521,0.3485,0.407,75,43,0.349,0.0,0.16,,1945,13,0.004,1.0,0.0,0.0,0.0,0.2263,,0.0,0.2263,,0.0,0.2263,,0.0,0.16,,0,12,,75,43,0.349,0.0,0.0436,,,,,161000,38102,0.144,,,,,,,0.0,0.4525,,0.7851,0.4742,0.367,0.0,0.0992,,0.0,0.0992,,0.0,0.0992,,0.2149,0.3234,0.915,0.0,0.2263,
15083,ZIP 15083,0.0,913,199,0.133,465,107,0.14,57.4,5.5,0.058,0.1522,0.0428,0.171,0.2903,0.045,0.094,0.977,0.0348,0.022,0.0,0.0131,,0.0,0.0131,,0.0,0.0131,,64750,11073,0.104,53101,22272,0.255,0.0846,0.0409,0.294,0.0418,0.0291,0.423,0.6391,0.1948,0.185,0.1578,0.0482,0.186,491,108,0.134,0.053,0.0369,0.424,1959,5,0.002,0.8167,0.0719,0.053,0.055,0.0402,0.444,0.0,0.0346,,0.0,0.0346,,0.1118,0.0568,0.309,52,29,0.339,413,104,0.153,0.0745,0.0419,0.342,806,73,0.055,157600,27252,0.105,0.1923,0.4304,1.361,0.1923,0.1596,0.505,0.2373,0.0925,0.237,0.8745,0.0807,0.056,0.0,0.0239,,0.0159,0.0176,0.67,0.0,0.0239,,0.0199,0.0194,0.593,0.0452,0.0383,0.515
15084,ZIP 15084,0.0,9743,595,0.037,4396,345,0.048,43.3,4.5,0.063,0.201,0.0333,0.101,0.1955,0.033,0.103,0.9188,0.0183,0.012,0.0386,0.0132,0.209,0.0027,0.0021,0.49,0.0114,0.0085,0.453,63090,8001,0.077,38874,5335,0.083,0.1145,0.0397,0.211,0.0655,0.0299,0.278,0.6393,0.0432,0.041,0.2466,0.0504,0.124,4761,407,0.052,0.0767,0.0409,0.324,1951,4,0.001,0.7465,0.0386,0.031,0.092,0.0395,0.261,0.0288,0.02,0.422,0.0485,0.03,0.375,0.2093,0.0559,0.162,920,256,0.169,3476,326,0.057,0.1766,0.0495,0.17,795,145,0.111,115800,15037,0.079,0.2717,0.1066,0.239,0.0848,0.0723,0.519,0.2353,0.08,0.207,0.7661,0.0283,0.022,0.0166,0.0173,0.635,0.0438,0.0294,0.408,0.0052,0.0084,0.971,0.1116,0.0383,0.209,0.134,0.0618,0.281
15085,ZIP 15085,0.0,8062,688,0.052,3397,320,0.057,45.8,2.9,0.038,0.181,0.0272,0.091,0.2719,0.0503,0.112,0.9109,0.0308,0.021,0.0077,0.0064,0.507,0.0077,0.0085,0.675,0.0151,0.0115,0.46,82456,8483,0.063,44895,3832,0.052,0.0433,0.0236,0.332,0.0117,0.0123,0.639,0.6146,0.0619,0.061,0.4279,0.0487,0.069,3805,361,0.058,0.1072,0.0545,0.309,1958,3,0.001,0.8108,0.0582,0.044,0.0862,0.055,0.388,0.0079,0.0075,0.577,0.0194,0.0128,0.399,0.1101,0.055,0.303,374,190,0.309,3023,333,0.067,0.0807,0.0425,0.32,996,298,0.182,209100,21566,0.063,0.7567,0.2735,0.22,0.4866,0.3654,0.456,0.1356,0.0454,0.203,0.7965,0.0793,0.06,0.0039,0.0055,0.869,0.0218,0.0129,0.361,0.0,0.0041,,0.1307,0.0359,0.167,0.0265,0.0141,0.324
15086,ZIP 15086,0.0,788,237,0.183,329,108,0.2,45.6,4.6,0.061,0.165,0.0951,0.35,0.1878,0.108,0.349,0.7119,0.1386,0.118,0.0127,0.0251,1.202,0.1599,0.1512,0.575,0.0698,0.1084,0.944,130688,48192,0.224,61755,10493,0.103,0.0,0.0241,,0.0,0.0227,,0.7857,0.1338,0.104,0.5942,0.18,0.184,381,127,0.203,0.1365,0.1969,0.877,1996,30,0.009,0.5433,0.3137,0.351,0.0367,0.0717,1.187,0.1811,0.1516,0.509,0.0472,0.0784,1.009,0.4407,0.1878,0.259,145,78,0.327,184,84,0.278,0.2973,0.19,0.388,2030,1548,0.464,361800,137981,0.232,0.2759,0.308,0.679,0.2759,0.2726,0.601,0.0,0.1845,,0.8617,0.1353,0.095,0.0,0.0227,,0.0,0.0227,,0.0,0.0227,,0.1383,0.1056,0.464,0.0547,0.0908,1.009
15087,ZIP 15087,0.0,85,72,0.515,60,51,0.517,60.8,26.5,0.265,0.0353,0.3471,5.979,0.4706,0.5038,0.651,0.9529,0.2148,0.137,0.0,0.1412,,0.0,0.1412,,0.0,0.1412,,,,,41761,17334,0.252,0.0941,0.1923,1.242,0.0,0.3871,,0.3735,0.3279,0.534,0.0,0.2927,,60,51,0.517,0.0,0.2,,1938,,,1.0,0.0,0.0,0.0,0.2828,,0.0,0.2828,,0.0,0.2828,,0.1667,0.206,0.751,10,15,0.912,50,46,0.559,0.1647,0.1895,0.699,,,,,,,0.0,2.4,,0.0,1.2,,0.16,0.6702,2.546,1.0,0.0,0.0,0.0,0.3871,,0.0,0.3871,,0.0,0.3871,,0.0,0.3871,,0.0,0.2828,
15088,ZIP 15088,0.0,344,126,0.223,154,49,0.193,49.5,28.2,0.346,0.1831,0.0977,0.324,0.1686,0.0437,0.157,0.9448,0.063,0.041,0.0029,0.0057,1.195,0.0174,0.0313,1.092,0.0087,0.0142,0.988,55000,15085,0.167,28328,7345,0.158,0.0663,0.0386,0.354,0.0811,0.0567,0.425,0.656,0.1461,0.135,0.1355,0.1004,0.45,186,54,0.176,0.172,0.0829,0.293,1956,6,0.002,0.5968,0.1083,0.11,0.1022,0.0658,0.391,0.0108,0.0664,3.756,0.0,0.0912,,0.2662,0.1069,0.244,41,21,0.311,113,42,0.226,0.3081,0.1899,0.375,935,155,0.101,82100,18081,0.134,0.3415,0.3506,0.624,0.1463,0.1534,0.637,0.0708,0.248,2.129,0.7152,0.1171,0.1,0.0242,0.0287,0.72,0.0061,0.0241,2.419,0.0,0.0727,,0.097,0.0955,0.598,0.0844,0.069,0.497
15089,ZIP 15089,0.0,6789,660,0.059,3016,286,0.058,49.1,1.9,0.024,0.1821,0.0324,0.108,0.2165,0.0228,0.064,0.9352,0.0323,0.021,0.0296,0.0215,0.441,0.0012,0.0019,0.986,0.0075,0.0094,0.761,60533,8389,0.084,33734,2915,0.053,0.1203,0.0387,0.196,0.0968,0.0419,0.263,0.6076,0.057,0.057,0.2181,0.0421,0.117,3367,315,0.057,0.1042,0.0553,0.322,1958,3,0.001,0.8482,0.0392,0.028,0.0484,0.0339,0.426,0.0045,0.0085,1.158,0.0282,0.016,0.345,0.1737,0.0423,0.148,524,137,0.159,2492,281,0.069,0.1401,0.0399,0.173,696,148,0.129,164500,18947,0.07,0.229,0.1137,0.302,0.0649,0.0685,0.642,0.1974,0.062,0.191,0.8923,0.0239,0.016,0.0,0.0055,,0.0091,0.0097,0.646,0.0,0.0055,,0.0568,0.0334,0.358,0.055,0.0306,0.338
15090,ZIP 15090,0.0,25763,1243,0.029,9437,436,0.028,40.1,1.8,0.027,0.2608,0.027,0.063,0.1483,0.0155,0.063,0.8048,0.0299,0.023,0.0207,0.0282,0.828,0.0967,0.0221,0.139,0.043,0.0171,0.242,160576,10747,0.041,78310,6620,0.051,0.0449,0.0203,0.275,0.0195,0.0068,0.211,0.6754,0.0271,0.024,0.736,0.0503,0.042,9926,503,0.031,0.0493,0.0242,0.298,1990,2,0.001,0.6626,0.0306,0.028,0.0436,0.0281,0.392,0.0821,0.0203,0.15,0.0403,0.0154,0.233,0.2106,0.0328,0.095,1987,323,0.099,7450,486,0.04,0.1641,0.0333,0.123,1891,239,0.077,476400,15207,0.019,0.3764,0.1047,0.169,0.148,0.0753,0.309,0.1521,0.0483,0.193,0.6676,0.0409,0.037,0.0097,0.0069,0.434,0.0132,0.0093,0.427,0.0,0.0017,,0.2464,0.0287,0.071,0.0285,0.0151,0.322
15101,ZIP 15101,0.0,26036,1350,0.032,10654,644,0.037,43.7,3.0,0.042,0.221,0.0244,0.067,0.2246,0.0195,0.053,0.9226,0.0249,0.016,0.0031,0.003,0.599,0.0222,0.0098,0.267,0.0208,0.0104,0.303,114634,9667,0.051,61044,3473,0.035,0.0375,0.0145,0.235,0.0197,0.0103,0.319,0.6794,0.0389,0.035,0.6013,0.0473,0.048,11131,656,0.036,0.0429,0.0201,0.284,1972,3,0.001,0.7369,0.0134,0.011,0.0067,0.0081,0.734,0.1216,0.0353,0.176,0.0727,0.0231,0.193,0.2114,0.0415,0.119,2252,463,0.125,8402,527,0.038,0.1374,0.0262,0.116,1277,100,0.048,334500,15523,0.028,0.4014,0.0749,0.113,0.1905,0.0742,0.237,0.1291,0.0319,0.15,0.6846,0.0259,0.023,0.013,0.0083,0.385,0.0033,0.0038,0.686,0.0022,0.0029,0.809,0.2293,0.0452,0.12,0.0308,0.0144,0.284
15102,ZIP 15102,0.0,30344,465,0.009,13463,570,0.026,48.2,1.9,0.024,0.1839,0.0181,0.06,0.2529,0.0221,0.053,0.9241,0.0235,0.015,0.0128,0.0087,0.413,0.027,0.0127,0.287,0.007,0.0044,0.385,108966,8216,0.046,55165,3203,0.035,0.0402,0.0122,0.184,0.0285,0.0094,0.2,0.6524,0.0156,0.015,0.5461,0.0362,0.04,14121,565,0.024,0.0466,0.016,0.208,1965,2,0.001,0.756,0.0277,0.022,0.0177,0.0102,0.349,0.0756,0.0218,0.176,0.0888,0.0185,0.127,0.2159,0.0301,0.085,2907,423,0.088,10556,518,0.03,0.1386,0.0205,0.09,1259,91,0.044,275500,11191,0.025,0.4241,0.0682,0.098,0.1999,0.0578,0.176,0.1362,0.032,0.143,0.6418,0.0318,0.03,0.0401,0.0095,0.144,0.0061,0.0046,0.457,0.0,0.0016,,0.2458,0.0372,0.092,0.0498,0.0138,0.168
15104,ZIP 15104,0.0,8034,680,0.051,3605,315,0.053,39.0,5.1,0.079,0.2142,0.0398,0.113,0.1881,0.0318,0.103,0.2794,0.044,0.096,0.5622,0.0839,0.091,0.0022,0.0029,0.775,0.0377,0.0188,0.303,40104,7416,0.112,26891,4008,0.091,0.2743,0.0565,0.125,0.1848,0.0702,0.231,0.65,0.0608,0.057,0.1295,0.0313,0.147,4555,266,0.035,0.2086,0.0367,0.107,1942,4,0.001,0.5557,0.0459,0.05,0.1427,0.0346,0.148,0.1005,0.0362,0.219,0.054,0.0287,0.323,0.5631,0.0715,0.077,2030,313,0.094,1575,235,0.091,0.5444,0.0851,0.095,684,81,0.072,66800,7504,0.068,0.4567,0.0893,0.119,0.2537,0.069,0.165,0.1537,0.0653,0.259,0.5508,0.0948,0.105,0.1924,0.0568,0.179,0.0086,0.0089,0.625,0.0,0.0051,,0.1174,0.0398,0.206,0.375,0.0642,0.104
15106,ZIP 15106,0.0267,19244,733,0.023,9370,418,0.027,45.1,2.5,0.034,0.1596,0.0211,0.08,0.2387,0.0249,0.063,0.833,0.0308,0.022,0.0654,0.0246,0.228,0.0184,0.0085,0.28,0.0164,0.0094,0.347,77247,8708,0.069,49218,3391,0.042,0.0827,0.0262,0.193,0.0354,0.0114,0.195,0.6872,0.0217,0.019,0.3848,0.03,0.047,9993,437,0.027,0.0623,0.015,0.146,1955,2,0.001,0.6176,0.0255,0.025,0.0994,0.0191,0.117,0.0479,0.0141,0.178,0.0832,0.0193,0.141,0.3288,0.033,0.061,3081,338,0.067,6289,401,0.039,0.2889,0.0318,0.067,999,98,0.06,194800,11173,0.035,0.2908,0.0675,0.141,0.1331,0.0458,0.209,0.1887,0.0369,0.119,0.658,0.0306,0.028,0.0339,0.011,0.198,0.0237,0.0181,0.463,0.0025,0.0024,0.585,0.2065,0.033,0.097,0.086,0.0227,0.16
15108,ZIP 15108,0.0,42799,1017,0.014,17079,776,0.028,42.3,1.5,0.022,0.1802,0.016,0.054,0.2119,0.0177,0.051,0.8389,0.0261,0.019,0.056,0.0162,0.176,0.0347,0.0112,0.196,0.023,0.0076,0.202,100859,7197,0.043,54482,4191,0.047,0.0513,0.0112,0.133,0.0324,0.0117,0.219,0.6513,0.0237,0.022,0.4675,0.0299,0.039,18094,740,0.025,0.0561,0.0152,0.165,1973,2,0.001,0.6891,0.0262,0.023,0.0578,0.015,0.158,0.1106,0.0209,0.115,0.07,0.0144,0.125,0.2661,0.026,0.059,4545,489,0.065,12534,719,0.035,0.2091,0.0295,0.086,1200,46,0.023,272400,9162,0.02,0.3685,0.0518,0.085,0.1958,0.0411,0.128,0.1594,0.0338,0.129,0.6954,0.0323,0.028,0.0108,0.0047,0.262,0.0144,0.0065,0.273,0.0001,0.0003,1.824,0.2095,0.0225,0.065,0.0496,0.0143,0.175
15110,ZIP 15110,0.0,5149,21,0.002,2221,265,0.073,38.6,4.6,0.072,0.2226,0.0548,0.15,0.1699,0.0377,0.135,0.3933,0.0858,0.133,0.4519,0.0845,0.114,0.0,0.0033,,0.0295,0.0359,0.74,44180,5758,0.079,25741,4164,0.098,0.2288,0.0676,0.18,0.0911,0.0341,0.227,0.5966,0.0484,0.049,0.1123,0.0393,0.213,3067,265,0.053,0.2758,0.0471,0.104,1946,4,0.001,0.625,0.0589,0.057,0.0701,0.0348,0.302,0.1523,0.0613,0.245,0.047,0.0277,0.359,0.5308,0.0388,0.044,1179,165,0.085,1042,209,0.122,0.5606,0.0795,0.086,739,92,0.076,63800,4840,0.046,0.419,0.1396,0.203,0.2426,0.104,0.261,0.0873,0.0703,0.489,0.3685,0.0868,0.143,0.2154,0.0855,0.241,0.0723,0.0777,0.653,0.0,0.0076,,0.2087,0.1508,0.439,0.4102,0.0743,0.11
15112,ZIP 15112,0.0,3655,509,0.085,1527,183,0.073,35.6,3.9,0.067,0.3341,0.0697,0.127,0.1286,0.0235,0.111,0.3516,0.0578,0.1,0.5754,0.1136,0.12,0.0068,0.0065,0.577,0.015,0.0127,0.513,47730,11764,0.15,23713,2896,0.074,0.3471,0.1034,0.181,0.0465,0.0242,0.316,0.5679,0.0549,0.059,0.2193,0.0585,0.162,1813,180,0.06,0.1577,0.0448,0.173,1949,5,0.002,0.5284,0.0723,0.083,0.2151,0.0594,0.168,0.1142,0.0548,0.292,0.0491,0.0262,0.325,0.5396,0.104,0.117,824,187,0.138,703,152,0.131,0.4576,0.1184,0.157,811,78,0.058,90400,17036,0.115,0.4029,0.1301,0.196,0.1942,0.1092,0.342,0.2945,0.1231,0.254,0.7158,0.1139,0.097,0.0477,0.0311,0.396,0.0199,0.0211,0.644,0.0,0.0085,,0.1453,0.0618,0.258,0.2181,0.0604,0.168
15116,ZIP 15116,0.0,14461,1071,0.045,5967,361,0.037,45.4,2.9,0.039,0.1956,0.0234,0.073,0.2541,0.0271,0.065,0.9167,0.0293,0.019,0.0203,0.0167,0.5,0.0102,0.0085,0.503,0.0089,0.0051,0.346,94352,10197,0.066,50613,4281,0.051,0.0637,0.0263,0.251,0.0612,0.0287,0.285,0.6315,0.0324,0.031,0.4739,0.0391,0.05,6197,386,0.038,0.0371,0.0226,0.371,1962,3,0.001,0.8832,0.077,0.053,0.0347,0.0242,0.424,0.0247,0.0144,0.354,0.0292,0.0131,0.273,0.1356,0.0382,0.171,809,233,0.175,5158,344,0.041,0.0998,0.0402,0.245,1107,114,0.063,263700,11097,0.026,0.3053,0.1034,0.206,0.1224,0.061,0.303,0.1642,0.0434,0.161,0.7009,0.0347,0.03,0.0041,0.005,0.736,0.0127,0.0205,0.977,0.0,0.0028,,0.1509,0.0336,0.135,0.0292,0.0162,0.338
15120,ZIP 15120,0.1254,18029,458,0.015,8462,377,0.027,42.0,2.8,0.041,0.1852,0.0266,0.087,0.212,0.0246,0.071,0.7216,0.0304,0.026,0.2034,0.0276,0.083,0.0039,0.0036,0.556,0.023,0.0126,0.334,55714,7002,0.076,36781,3023,0.05,0.1474,0.0384,0.158,0.0814,0.0238,0.178,0.6283,0.0409,0.04,0.2897,0.0381,0.08,9638,466,0.029,0.122,0.0307,0.153,1951,2,0.001,0.6775,0.0354,0.032,0.1292,0.0321,0.151,0.055,0.0157,0.174,0.0678,0.0224,0.201,0.3684,0.0427,0.07,3117,387,0.075,5345,372,0.042,0.3191,0.0404,0.077,904,128,0.086,132400,9339,0.043,0.4196,0.0922,0.134,0.2146,0.0838,0.237,0.1463,0.0385,0.16,0.7156,0.045,0.038,0.0432,0.0158,0.223,0.0293,0.0158,0.327,0.0034,0.0041,0.732,0.1306,0.0216,0.101,0.1526,0.0422,0.168
15122,ZIP 15122,0.0003,18816,463,0.015,8185,529,0.039,44.5,3.2,0.044,0.2028,0.0381,0.114,0.2079,0.019,0.056,0.8321,0.0422,0.031,0.0772,0.0234,0.184,0.0094,0.0086,0.556,0.0324,0.0254,0.477,72485,9408,0.079,37759,2440,0.039,0.1197,0.0321,0.163,0.0848,0.0309,0.222,0.6489,0.0301,0.028,0.2369,0.0296,0.076,8913,538,0.037,0.0817,0.0229,0.171,1957,2,0.001,0.8043,0.0339,0.026,0.0137,0.0092,0.408,0.0364,0.0216,0.361,0.0854,0.0264,0.188,0.2165,0.0333,0.094,1772,296,0.102,6413,471,0.045,0.2193,0.0429,0.119,837,149,0.108,151400,6931,0.028,0.4018,0.1154,0.175,0.1885,0.0743,0.24,0.1499,0.0338,0.137,0.7007,0.0427,0.037,0.0364,0.0168,0.281,0.0063,0.0048,0.467,0.0,0.0021,,0.1545,0.028,0.11,0.1062,0.0282,0.161
15123,ZIP 15123,0.0,2,3,0.912,0,12,,,,,0.0,16.9706,,0.0,20.7846,,0.5,0.6614,0.804,0.0,6.0,,0.0,6.0,,0.5,0.6614,0.804,,,,,,,0.0,8.4853,,0.0,6.0,,1.0,0.0,0.0,1.0,8.4705,5.149,80,115,0.874,1.0,0.0,0.0,,,,0.0,0.15,,0.0,0.2121,,0.0,0.2121,,0.0,0.2121,,,,,0,12,,0,12,,,,,,,,,,,,,,,,,,,,0.0,6.0,,0.0,6.0,,0.5,0.6614,0.804,0.0,6.0,,0.5,0.6614,0.804,,,
15126,ZIP 15126,0.0,7276,1045,0.087,3214,546,0.103,43.7,3.3,0.046,0.1895,0.0415,0.133,0.1554,0.0321,0.126,0.7844,0.1548,0.12,0.0096,0.0099,0.628,0.0999,0.0978,0.595,0.0191,0.0153,0.486,99693,12597,0.077,47157,4890,0.063,0.0334,0.0204,0.371,0.0085,0.0098,0.701,0.7349,0.0304,0.025,0.4453,0.0864,0.118,3442,550,0.097,0.0662,0.0497,0.456,1987,4,0.001,0.6897,0.0955,0.084,0.0317,0.0268,0.515,0.0398,0.0255,0.39,0.0046,0.009,1.176,0.2085,0.0618,0.18,670,229,0.208,2544,529,0.126,0.1817,0.0573,0.192,958,351,0.223,225400,12918,0.035,0.4,0.1913,0.291,0.1657,0.1051,0.386,0.1274,0.049,0.234,0.7628,0.071,0.057,0.0203,0.0232,0.694,0.009,0.015,1.02,0.0,0.004,,0.1279,0.0433,0.206,0.0149,0.0139,0.564
15129,ZIP 15129,0.0,10789,472,0.027,4679,271,0.035,43.8,3.8,0.053,0.2024,0.0352,0.106,0.2152,0.0289,0.082,0.9218,0.0266,0.018,0.0148,0.009,0.368,0.0222,0.0137,0.374,0.008,0.0068,0.522,99519,14231,0.087,51252,3921,0.047,0.0358,0.0163,0.277,0.0294,0.0169,0.349,0.6553,0.0335,0.031,0.4178,0.043,0.063,4916,279,0.035,0.0482,0.0302,0.381,1976,2,0.001,0.7335,0.0487,0.04,0.047,0.0226,0.292,0.0856,0.0305,0.217,0.0633,0.0245,0.235,0.2304,0.0413,0.109,1078,203,0.114,3601,274,0.046,0.1824,0.0387,0.129,1427,120,0.051,252000,16442,0.04,0.4258,0.119,0.17,0.2495,0.0916,0.223,0.1072,0.0428,0.243,0.7155,0.053,0.045,0.0423,0.0186,0.267,0.0,0.0034,,0.0,0.0034,,0.1962,0.0388,0.12,0.0205,0.0124,0.366
15131,ZIP 15131,0.0,8209,314,0.023,4166,304,0.044,55.4,3.8,0.042,0.1589,0.0358,0.137,0.3402,0.0484,0.087,0.8726,0.0505,0.035,0.0771,0.0441,0.348,0.001,0.0027,1.672,0.0105,0.0089,0.515,61744,9624,0.095,39884,3560,0.054,0.0984,0.0373,0.23,0.0622,0.0386,0.377,0.5407,0.0454,0.051,0.2724,0.0582,0.13,4310,308,0.043,0.0334,0.0268,0.488,1956,2,0.001,0.7046,0.0436,0.038,0.0545,0.038,0.423,0.1262,0.0643,0.31,0.049,0.024,0.298,0.3053,0.0758,0.151,1272,329,0.157,2894,267,0.056,0.2336,0.059,0.153,997,129,0.079,162700,12614,0.047,0.4937,0.1321,0.163,0.2303,0.1284,0.339,0.1534,0.0457,0.181,0.6832,0.1083,0.096,0.0104,0.0132,0.769,0.0059,0.009,0.923,0.0,0.0048,,0.2196,0.0801,0.222,0.0348,0.0236,0.411
15132,ZIP 15132,0.0,18898,272,0.009,8480,425,0.03,41.4,2.6,0.038,0.2249,0.0284,0.077,0.2129,0.0208,0.059,0.5252,0.0371,0.043,0.332,0.0359,0.066,0.0061,0.0054,0.544,0.0425,0.0188,0.269,35397,6177,0.106,23742,1543,0.04,0.3101,0.0512,0.1,0.1139,0.027,0.144,0.5295,0.0315,0.036,0.1115,0.0195,0.107,10379,469,0.027,0.183,0.0224,0.074,1947,3,0.001,0.6704,0.0397,0.036,0.0807,0.0261,0.196,0.0797,0.0163,0.124,0.0898,0.0193,0.131,0.4904,0.0495,0.061,4159,469,0.069,4321,404,0.057,0.4628,0.0491,0.065,841,82,0.059,73900,4474,0.037,0.553,0.099,0.109,0.2979,0.0561,0.115,0.234,0.0471,0.122,0.6833,0.0639,0.057,0.0628,0.0201,0.195,0.0299,0.0178,0.361,0.0025,0.004,0.964,0.1069,0.0248,0.141,0.2715,0.0373,0.083
15133,ZIP 15133,0.0,6112,340,0.034,2820,205,0.044,42.8,4.0,0.057,0.1682,0.0325,0.118,0.2104,0.0302,0.087,0.8249,0.0518,0.038,0.0411,0.0361,0.534,0.0,0.0028,,0.0288,0.0204,0.43,65938,9624,0.089,34499,3317,0.058,0.1129,0.0498,0.268,0.0983,0.0492,0.304,0.6475,0.0561,0.053,0.1741,0.0418,0.146,3069,217,0.043,0.0811,0.0403,0.302,1952,2,0.001,0.9205,0.0293,0.019,0.0283,0.0153,0.329,0.0339,0.0209,0.374,0.0,0.0078,,0.2067,0.0639,0.188,583,185,0.193,2237,197,0.054,0.2148,0.0699,0.198,884,93,0.064,97500,8714,0.054,0.2298,0.1202,0.318,0.1612,0.1162,0.438,0.1752,0.0761,0.264,0.7919,0.0773,0.059,0.0118,0.0088,0.451,0.0,0.0056,,0.0,0.0056,,0.1086,0.0337,0.189,0.023,0.0131,0.345
15135,ZIP 15135,0.0,4859,539,0.067,2028,185,0.055,49.8,10.5,0.128,0.1821,0.0556,0.185,0.1881,0.0428,0.138,0.9251,0.0289,0.019,0.0624,0.0709,0.691,0.0,0.0025,,0.0,0.0025,,82632,21237,0.156,45646,8559,0.114,0.0278,0.0212,0.463,0.0167,0.0188,0.684,0.6414,0.0762,0.072,0.3241,0.0702,0.132,2240,272,0.074,0.0946,0.07,0.45,1957,4,0.001,0.8103,0.0498,0.037,0.0,0.0076,,0.104,0.0601,0.351,0.0067,0.0116,1.049,0.1869,0.0745,0.242,379,155,0.249,1649,204,0.075,0.1599,0.0871,0.331,1090,45,0.025,184900,25484,0.084,0.5013,0.3171,0.384,0.0396,0.0585,0.898,0.1528,0.0861,0.342,0.7513,0.1089,0.088,0.0,0.0047,,0.0239,0.0362,0.921,0.0,0.0047,,0.1351,0.0726,0.326,0.0468,0.0464,0.602
15136,ZIP 15136,0.0014,22623,1033,0.028,10148,574,0.034,43.2,3.3,0.046,0.1996,0.0247,0.075,0.2146,0.0219,0.062,0.7358,0.0486,0.04,0.1516,0.0312,0.125,0.0114,0.0062,0.33,0.0323,0.0205,0.386,69099,11207,0.099,40302,2576,0.039,0.1748,0.0383,0.133,0.0759,0.0233,0.187,0.5863,0.0296,0.031,0.3083,0.036,0.071,11354,648,0.035,0.1062,0.0224,0.128,1963,2,0.001,0.6609,0.039,0.036,0.093,0.0247,0.161,0.0386,0.0143,0.225,0.046,0.0163,0.216,0.3551,0.0364,0.062,3604,422,0.071,6544,611,0.057,0.3425,0.0394,0.07,1167,67,0.035,184900,23769,0.078,0.3996,0.0677,0.103,0.2131,0.0468,0.133,0.1556,0.0462,0.181,0.6443,0.044,0.042,0.0319,0.0106,0.202,0.0244,0.0167,0.417,0.0015,0.0026,1.052,0.1664,0.0282,0.103,0.1393,0.033,0.144
15137,ZIP 15137,0.0,10043,456,0.028,4676,398,0.052,45.5,2.7,0.036,0.1786,0.0448,0.152,0.2386,0.0427,0.109,0.7253,0.0529,0.044,0.2253,0.0532,0.144,0.0188,0.0118,0.382,0.0055,0.0084,0.928,53632,7557,0.086,35563,7167,0.123,0.1778,0.0738,0.252,0.0326,0.0223,0.416,0.5508,0.0452,0.05,0.237,0.0462,0.118,5108,450,0.054,0.0846,0.0412,0.296,1960,5,0.002,0.5889,0.0544,0.056,0.0503,0.0364,0.44,0.0554,0.0299,0.328,0.1611,0.0622,0.235,0.3246,0.0621,0.116,1518,318,0.127,3158,404,0.078,0.3073,0.0712,0.141,929,80,0.052,115200,8961,0.047,0.583,0.1745,0.182,0.2589,0.1372,0.322,0.1837,0.0549,0.182,0.7412,0.0319,0.026,0.0156,0.018,0.704,0.0146,0.0124,0.516,0.0,0.0044,,0.1145,0.0459,0.243,0.1777,0.058,0.198
15139,ZIP 15139,0.0,6702,27,0.002,3219,197,0.037,44.0,2.9,0.04,0.2025,0.0318,0.095,0.2444,0.0337,0.084,0.9327,0.0275,0.018,0.0082,0.007,0.519,0.0016,0.0021,0.774,0.0234,0.0121,0.314,92782,16341,0.107,63876,5855,0.056,0.0541,0.0246,0.276,0.056,0.0296,0.321,0.665,0.0364,0.033,0.5864,0.056,0.058,3487,217,0.038,0.0769,0.0364,0.288,1963,11,0.003,0.4976,0.0362,0.044,0.1474,0.0547,0.225,0.1199,0.0391,0.198,0.0829,0.0281,0.206,0.4418,0.0583,0.08,1422,207,0.088,1797,155,0.052,0.3489,0.053,0.092,1190,95,0.049,334500,27844,0.051,0.391,0.0902,0.14,0.1744,0.061,0.213,0.1753,0.0703,0.244,0.6543,0.0575,0.053,0.0044,0.0071,0.972,0.0206,0.0167,0.494,0.0027,0.0041,0.945,0.245,0.0421,0.104,0.0612,0.0256,0.254
15140,ZIP 15140,0.0,3032,17,0.003,1412,149,0.064,41.2,4.6,0.068,0.2084,0.0554,0.162,0.1761,0.0575,0.198,0.5983,0.0811,0.082,0.3097,0.0732,0.144,0.0,0.004,,0.0402,0.0561,0.847,36419,7006,0.117,24790,3847,0.094,0.1539,0.0656,0.259,0.1136,0.0627,0.335,0.5724,0.0754,0.08,0.1705,0.0522,0.186,1734,182,0.064,0.1857,0.0884,0.289,1957,18,0.006,0.4533,0.0579,0.078,0.1655,0.0876,0.322,0.1413,0.077,0.331,0.1303,0.0863,0.402,0.6084,0.1142,0.114,859,185,0.131,553,104,0.114,0.5389,0.0963,0.109,772,98,0.077,59300,24629,0.252,0.4761,0.1932,0.247,0.2282,0.1419,0.378,0.2405,0.1382,0.349,0.577,0.156,0.164,0.0588,0.0648,0.67,0.0,0.0099,,0.0,0.0099,,0.1399,0.0809,0.351,0.1268,0.0722,0.346
15142,ZIP 15142,0.0,1513,307,0.123,722,147,0.124,46.9,7.0,0.091,0.197,0.0621,0.192,0.2115,0.061,0.175,0.8374,0.1097,0.08,0.0641,0.0641,0.608,0.0509,0.0376,0.449,0.0,0.0079,,119667,55864,0.284,105853,24035,0.138,0.0449,0.0336,0.454,0.038,0.0453,0.725,0.7002,0.2132,0.185,0.6499,0.0564,0.053,771,148,0.117,0.0636,0.0952,0.911,2002,2,0.001,0.4708,0.1219,0.157,0.0156,0.029,1.132,0.2451,0.1124,0.279,0.07,0.0475,0.412,0.3712,0.0921,0.151,268,86,0.195,454,124,0.166,0.2954,0.0863,0.178,1762,109,0.038,582200,48777,0.051,0.4776,0.2444,0.311,0.1269,0.1552,0.744,0.2159,0.1392,0.392,0.6663,0.1345,0.123,0.0,0.0144,,0.0,0.0144,,0.0,0.0144,,0.3242,0.1141,0.214,0.0,0.0235,
15143,ZIP 15143,0.0,21851,971,0.027,8708,379,0.026,47.0,1.6,0.021,0.2184,0.0165,0.046,0.2314,0.0164,0.043,0.8327,0.0263,0.019,0.0235,0.0155,0.401,0.0784,0.02,0.155,0.0202,0.0099,0.299,132674,10768,0.049,77913,4378,0.034,0.0413,0.0102,0.15,0.0518,0.019,0.223,0.6181,0.0238,0.023,0.6288,0.0179,0.017,9537,368,0.023,0.0869,0.0179,0.125,1972,3,0.001,0.7083,0.024,0.021,0.0344,0.0201,0.355,0.0458,0.0125,0.165,0.0789,0.0159,0.122,0.184,0.0252,0.083,1602,230,0.087,7106,328,0.028,0.1375,0.0227,0.1,1272,265,0.127,454900,20276,0.027,0.4488,0.1241,0.168,0.2547,0.0773,0.185,0.2077,0.0306,0.09,0.6339,0.0366,0.035,0.0069,0.0055,0.485,0.0304,0.0101,0.202,0.0028,0.0024,0.52,0.2633,0.0271,0.063,0.0743,0.0248,0.203
15144,ZIP 15144,0.0,3771,99,0.016,1863,104,0.034,52.4,4.7,0.055,0.1679,0.0281,0.102,0.2779,0.0475,0.104,0.9594,0.0157,0.01,0.0032,0.0037,0.709,0.0011,0.0013,0.76,0.0151,0.0154,0.618,67520,10654,0.096,43902,4094,0.057,0.0406,0.0159,0.239,0.0465,0.0268,0.35,0.6226,0.0378,0.037,0.2951,0.0565,0.116,2036,118,0.035,0.085,0.037,0.265,1953,2,0.001,0.7755,0.0404,0.032,0.0624,0.0277,0.27,0.0555,0.0278,0.304,0.0511,0.0193,0.23,0.278,0.0514,0.112,518,100,0.117,1345,107,0.048,0.184,0.0384,0.127,894,77,0.052,156100,11631,0.045,0.3764,0.1087,0.176,0.0946,0.063,0.405,0.0996,0.0321,0.196,0.7814,0.0435,0.034,0.0335,0.0249,0.451,0.0053,0.0058,0.667,0.0,0.0064,,0.1005,0.0305,0.184,0.1154,0.0395,0.208
15145,ZIP 15145,0.0,6695,424,0.038,3194,269,0.051,46.8,3.3,0.043,0.16,0.0474,0.18,0.2778,0.0577,0.126,0.6015,0.0656,0.066,0.309,0.0919,0.181,0.0114,0.0128,0.687,0.0117,0.0137,0.716,49628,5028,0.062,29124,3604,0.075,0.1489,0.0593,0.242,0.1377,0.0539,0.238,0.5771,0.0742,0.078,0.1489,0.0379,0.155,3582,293,0.05,0.1083,0.0463,0.26,1946,4,0.001,0.5145,0.0474,0.056,0.1854,0.067,0.22,0.0843,0.0411,0.296,0.0863,0.0495,0.349,0.5964,0.0668,0.068,1905,267,0.085,1289,226,0.107,0.5568,0.0553,0.06,698,116,0.101,113700,32328,0.173,0.3186,0.1057,0.202,0.1806,0.0938,0.316,0.1831,0.0753,0.25,0.5913,0.0357,0.037,0.1787,0.1059,0.36,0.0405,0.0379,0.569,0.0,0.0059,,0.111,0.0373,0.204,0.2142,0.0701,0.199
15146,ZIP 15146,0.0,28332,82,0.002,12660,527,0.025,44.0,1.7,0.023,0.184,0.0234,0.077,0.2331,0.0183,0.048,0.6924,0.0428,0.038,0.1532,0.0331,0.131,0.0524,0.0224,0.26,0.0471,0.0232,0.299,79300,3876,0.03,46457,3470,0.045,0.1067,0.0384,0.219,0.0478,0.0167,0.212,0.6217,0.0234,0.023,0.4652,0.0369,0.048,13901,593,0.026,0.0893,0.0229,0.156,1968,2,0.001,0.6493,0.0268,0.025,0.0121,0.0072,0.363,0.0874,0.0229,0.16,0.1635,0.0219,0.081,0.3113,0.0303,0.059,3941,417,0.064,8719,502,0.035,0.2589,0.0385,0.09,1176,34,0.018,210000,8216,0.024,0.4512,0.0926,0.125,0.2228,0.0662,0.181,0.1804,0.0384,0.129,0.6514,0.0367,0.034,0.0163,0.0082,0.305,0.0058,0.0048,0.499,0.0,0.0016,,0.2492,0.0417,0.102,0.0667,0.0215,0.196
15147,ZIP 15147,0.0,15798,1234,0.047,7371,529,0.044,50.9,3.2,0.038,0.1564,0.0295,0.115,0.2952,0.0223,0.046,0.6836,0.0267,0.024,0.2111,0.0486,0.14,0.0062,0.003,0.294,0.0454,0.0216,0.289,66757,5484,0.05,39175,2862,0.044,0.1333,0.0427,0.195,0.0472,0.016,0.206,0.5862,0.0247,0.026,0.3137,0.0359,0.07,8518,491,0.035,0.1347,0.0324,0.146,1958,2,0.001,0.766,0.0356,0.028,0.0564,0.0182,0.196,0.0407,0.0244,0.363,0.0871,0.0232,0.162,0.2975,0.0465,0.095,2193,377,0.105,5178,453,0.053,0.2685,0.0516,0.117,1127,96,0.052,139300,11877,0.052,0.4546,0.0987,0.132,0.233,0.0885,0.231,0.2329,0.0561,0.146,0.689,0.0366,0.032,0.0254,0.0154,0.368,0.0192,0.0141,0.447,0.0042,0.0047,0.684,0.1203,0.023,0.116,0.122,0.0346,0.172
15148,ZIP 15148,0.0,2351,542,0.14,1212,179,0.09,37.0,5.2,0.085,0.1872,0.0431,0.14,0.1416,0.0054,0.023,0.7478,0.1046,0.085,0.2016,0.0909,0.274,0.0004,0.0013,1.818,0.0187,0.0186,0.606,37179,4556,0.074,31315,9513,0.185,0.288,0.0848,0.179,0.1046,0.0684,0.398,0.6024,0.0909,0.092,0.1576,0.0525,0.203,1515,161,0.065,0.2,0.0562,0.171,1944,12,0.004,0.4046,0.0601,0.09,0.1974,0.0655,0.202,0.1406,0.0605,0.261,0.0739,0.0371,0.305,0.6023,0.0896,0.09,730,153,0.127,482,100,0.126,0.5804,0.1465,0.153,802,53,0.04,60100,8375,0.085,0.4288,0.1136,0.161,0.2425,0.1002,0.251,0.1577,0.0921,0.355,0.6082,0.1171,0.117,0.1323,0.0648,0.298,0.0401,0.0512,0.777,0.0,0.012,,0.1102,0.0746,0.411,0.2393,0.0674,0.171
15201,ZIP 15201,0.9971,13333,893,0.041,7112,430,0.037,34.5,1.4,0.025,0.0884,0.0152,0.105,0.156,0.0176,0.069,0.7545,0.0295,0.024,0.1266,0.027,0.13,0.0413,0.0154,0.226,0.0351,0.0112,0.193,93231,10114,0.066,66920,5404,0.049,0.123,0.025,0.124,0.0285,0.0111,0.237,0.748,0.0367,0.03,0.6651,0.0324,0.03,8232,379,0.028,0.1361,0.0312,0.139,1938,,,0.3431,0.0349,0.062,0.1048,0.0207,0.12,0.0698,0.0217,0.189,0.1376,0.0258,0.114,0.4452,0.0376,0.051,3166,329,0.063,3946,297,0.046,0.4056,0.046,0.069,1684,99,0.036,293300,22381,0.046,0.356,0.0748,0.128,0.1244,0.0429,0.21,0.1485,0.0343,0.141,0.4686,0.0327,0.042,0.087,0.0206,0.144,0.0693,0.0229,0.201,0.0223,0.0111,0.303,0.2893,0.0333,0.07,0.106,0.0264,0.151
15202,ZIP 15202,0.0003,19564,513,0.016,9625,416,0.026,38.7,1.7,0.027,0.178,0.018,0.061,0.1852,0.0209,0.069,0.8235,0.0315,0.023,0.0934,0.0191,0.124,0.0116,0.0049,0.257,0.0326,0.0105,0.197,68287,4249,0.038,46406,2828,0.037,0.1046,0.025,0.145,0.0385,0.0095,0.15,0.6951,0.029,0.025,0.4665,0.0302,0.039,10487,446,0.026,0.0822,0.0208,0.154,1942,4,0.001,0.4716,0.0242,0.031,0.1777,0.026,0.089,0.1354,0.0298,0.134,0.1545,0.0294,0.116,0.4801,0.0394,0.05,4621,429,0.056,5004,330,0.04,0.3615,0.0343,0.058,983,38,0.023,215700,8972,0.025,0.4164,0.0647,0.094,0.206,0.0536,0.158,0.2208,0.0385,0.106,0.6438,0.0365,0.034,0.0328,0.0146,0.271,0.0198,0.0123,0.378,0.0002,0.0004,1.215,0.2327,0.0323,0.084,0.1271,0.0274,0.131
15203,ZIP 15203,1.0,10370,842,0.049,5902,426,0.044,30.2,3.1,0.062,0.0561,0.0203,0.22,0.1395,0.0277,0.121,0.8315,0.028,0.02,0.0919,0.0415,0.274,0.0196,0.0128,0.398,0.0325,0.0174,0.325,67345,8521,0.077,63757,15357,0.146,0.1841,0.0448,0.148,0.0254,0.0112,0.267,0.7355,0.047,0.039,0.5719,0.063,0.067,6969,389,0.034,0.1531,0.047,0.187,1938,,,0.2923,0.0415,0.086,0.2495,0.0546,0.133,0.0901,0.037,0.25,0.1273,0.0309,0.147,0.6211,0.0555,0.054,3666,421,0.07,2236,333,0.091,0.6006,0.058,0.059,1529,156,0.062,252100,37630,0.091,0.5046,0.098,0.118,0.24,0.0811,0.205,0.1968,0.0667,0.206,0.4877,0.0489,0.061,0.0891,0.031,0.212,0.0702,0.0305,0.264,0.0061,0.0056,0.561,0.2858,0.0619,0.132,0.1472,0.0538,0.222
15204,ZIP 15204,0.996,8467,1003,0.072,3528,326,0.056,37.0,3.6,0.059,0.2076,0.0307,0.09,0.1304,0.0174,0.081,0.4613,0.0593,0.078,0.4247,0.0779,0.111,0.0104,0.007,0.408,0.0206,0.0193,0.572,59420,6695,0.068,31744,3086,0.059,0.1545,0.0565,0.222,0.0488,0.0392,0.488,0.6349,0.0562,0.054,0.3041,0.0549,0.11,4031,295,0.044,0.1248,0.049,0.239,1946,7,0.002,0.6755,0.0592,0.053,0.0958,0.0449,0.285,0.0556,0.0373,0.409,0.0437,0.0317,0.441,0.2982,0.0804,0.164,1052,300,0.173,2476,366,0.09,0.2829,0.0928,0.199,1017,240,0.143,119600,8472,0.043,0.3812,0.1365,0.218,0.154,0.0843,0.333,0.1797,0.0522,0.177,0.6683,0.0899,0.082,0.1046,0.0328,0.191,0.006,0.0095,0.959,0.0,0.0043,,0.1088,0.0353,0.197,0.1791,0.0558,0.189
15205,ZIP 15205,0.1877,24060,1131,0.029,11392,499,0.027,38.0,2.3,0.037,0.2002,0.0235,0.071,0.1781,0.0153,0.052,0.7246,0.0315,0.026,0.1225,0.0239,0.119,0.0634,0.0201,0.193,0.0447,0.016,0.218,70991,3833,0.033,45156,2344,0.032,0.1234,0.0238,0.117,0.0519,0.0152,0.178,0.7088,0.0146,0.013,0.393,0.0339,0.052,12041,542,0.027,0.0539,0.019,0.215,1957,2,0.001,0.4884,0.0236,0.029,0.1177,0.0239,0.123,0.1174,0.0263,0.136,0.1459,0.0282,0.117,0.4554,0.0362,0.048,5188,471,0.055,6204,390,0.038,0.4016,0.0341,0.052,1231,75,0.037,179900,11284,0.038,0.4765,0.0604,0.077,0.2571,0.0489,0.116,0.1534,0.0382,0.151,0.6644,0.0293,0.027,0.0469,0.018,0.234,0.013,0.0055,0.259,0.0,0.0017,,0.1777,0.0258,0.088,0.1043,0.0243,0.141
15206,ZIP 15206,0.9992,29056,1590,0.033,14416,761,0.032,35.8,1.1,0.019,0.1446,0.0142,0.06,0.15,0.0124,0.05,0.5398,0.031,0.035,0.2941,0.0369,0.076,0.0651,0.0165,0.154,0.0392,0.0116,0.181,72920,5572,0.046,54035,3509,0.039,0.154,0.024,0.095,0.0656,0.0249,0.23,0.6959,0.0191,0.017,0.5952,0.0316,0.032,17157,737,0.026,0.1598,0.0232,0.088,1942,4,0.001,0.3537,0.0258,0.044,0.174,0.0228,0.08,0.1401,0.0212,0.092,0.2117,0.0275,0.079,0.5909,0.0342,0.035,8518,667,0.048,5898,460,0.047,0.5223,0.0391,0.046,1315,68,0.031,317600,30136,0.058,0.4515,0.0432,0.058,0.201,0.0341,0.103,0.174,0.0457,0.16,0.4328,0.0165,0.023,0.1594,0.0315,0.12,0.089,0.0254,0.173,0.015,0.0059,0.237,0.2571,0.0383,0.091,0.2071,0.028,0.082
15207,ZIP 15207,0.9543,10961,791,0.044,4839,344,0.043,42.3,1.3,0.019,0.2003,0.0356,0.108,0.2193,0.0283,0.078,0.6358,0.0363,0.035,0.2148,0.0374,0.106,0.0224,0.0156,0.423,0.0522,0.0219,0.256,57427,3858,0.041,33451,2317,0.042,0.2105,0.0492,0.142,0.0839,0.0305,0.221,0.5953,0.0316,0.032,0.3157,0.0404,0.078,5666,358,0.038,0.146,0.0395,0.165,1938,,,0.7386,0.0436,0.036,0.0865,0.028,0.197,0.0362,0.0228,0.383,0.0482,0.0201,0.253,0.3331,0.0512,0.093,1612,273,0.103,3227,320,0.06,0.3257,0.0566,0.106,1037,88,0.052,150200,20630,0.083,0.4926,0.1092,0.135,0.3567,0.1055,0.18,0.1788,0.0483,0.164,0.5082,0.0459,0.055,0.1391,0.0551,0.241,0.0283,0.023,0.495,0.0133,0.0081,0.369,0.1958,0.0611,0.19,0.1711,0.0446,0.158
15208,ZIP 15208,0.9936,10094,868,0.052,4304,388,0.055,35.0,1.6,0.028,0.237,0.0298,0.076,0.195,0.0206,0.064,0.3991,0.0484,0.074,0.4275,0.0667,0.095,0.0307,0.0202,0.401,0.0404,0.0215,0.324,63086,8639,0.083,49835,4623,0.056,0.2246,0.056,0.152,0.0938,0.0334,0.216,0.6476,0.0455,0.043,0.5169,0.0384,0.045,5588,366,0.04,0.2298,0.0362,0.096,1938,,,0.495,0.0502,0.062,0.1528,0.03,0.119,0.094,0.0301,0.195,0.061,0.0217,0.216,0.4893,0.0439,0.055,2106,268,0.077,2198,329,0.091,0.4939,0.0492,0.061,1024,104,0.062,321100,100640,0.191,0.4497,0.1032,0.14,0.1619,0.0687,0.258,0.1538,0.0446,0.176,0.5041,0.065,0.078,0.1265,0.0395,0.19,0.026,0.0177,0.414,0.0282,0.0188,0.405,0.2212,0.0278,0.076,0.223,0.0449,0.122
15209,ZIP 15209,0.0003,12328,772,0.038,5752,371,0.039,45.4,4.1,0.055,0.1445,0.0285,0.12,0.1948,0.0335,0.104,0.9195,0.0375,0.025,0.0311,0.0186,0.365,0.0092,0.0097,0.644,0.0276,0.0176,0.388,85542,11794,0.084,51194,6001,0.071,0.0911,0.0376,0.251,0.0358,0.0174,0.296,0.7214,0.0329,0.028,0.3635,0.0366,0.061,6333,442,0.042,0.0917,0.0293,0.194,1956,3,0.001,0.6984,0.0361,0.031,0.0677,0.0226,0.202,0.0231,0.0158,0.417,0.0441,0.0265,0.366,0.2556,0.048,0.114,1470,292,0.121,4282,356,0.051,0.2236,0.0441,0.12,1133,67,0.036,233900,10896,0.028,0.3925,0.1041,0.161,0.2422,0.0908,0.228,0.1427,0.0503,0.214,0.7018,0.0556,0.048,0.0287,0.017,0.36,0.022,0.015,0.415,0.007,0.0096,0.833,0.146,0.0357,0.149,0.0829,0.0309,0.226
15210,ZIP 15210,0.8644,25227,1682,0.041,10495,594,0.034,36.7,2.5,0.041,0.2236,0.0236,0.064,0.152,0.0118,0.047,0.5005,0.027,0.033,0.331,0.049,0.09,0.0129,0.008,0.378,0.0928,0.0315,0.207,52169,5698,0.066,29737,2506,0.051,0.2654,0.0583,0.134,0.0731,0.0222,0.185,0.6331,0.0218,0.021,0.2254,0.0287,0.077,12785,572,0.027,0.1791,0.0255,0.087,1938,,,0.705,0.0178,0.015,0.1316,0.0225,0.104,0.0515,0.021,0.247,0.0423,0.0169,0.243,0.4326,0.0444,0.062,4540,532,0.071,5955,426,0.043,0.473,0.0617,0.079,1082,74,0.042,98600,6800,0.042,0.4637,0.076,0.1,0.2751,0.0741,0.164,0.1933,0.0395,0.124,0.5154,0.0375,0.044,0.1738,0.0385,0.135,0.039,0.0172,0.268,0.0029,0.0029,0.606,0.1244,0.0209,0.102,0.2391,0.0366,0.093
15211,ZIP 15211,1.0,10728,717,0.041,6041,327,0.033,35.6,2.3,0.039,0.0731,0.0178,0.148,0.2026,0.0242,0.073,0.8548,0.0193,0.014,0.055,0.024,0.265,0.02,0.0127,0.385,0.0302,0.015,0.301,79758,5461,0.042,59079,4733,0.049,0.1267,0.0354,0.17,0.0601,0.0276,0.28,0.7374,0.0298,0.025,0.5635,0.035,0.038,6816,305,0.027,0.1137,0.0283,0.151,1938,,,0.5323,0.036,0.041,0.1847,0.0384,0.126,0.0619,0.0236,0.232,0.1181,0.026,0.134,0.5319,0.051,0.058,3213,354,0.067,2828,242,0.052,0.5241,0.0537,0.062,1460,130,0.054,219900,18288,0.051,0.3171,0.0841,0.161,0.0987,0.0348,0.214,0.2044,0.0471,0.14,0.6363,0.0477,0.046,0.0429,0.0154,0.218,0.0255,0.0127,0.302,0.0042,0.0047,0.69,0.2414,0.0446,0.112,0.097,0.0254,0.159
15212,ZIP 15212,0.7702,27652,1364,0.03,14225,677,0.029,37.8,1.6,0.026,0.1626,0.0186,0.07,0.1621,0.0133,0.05,0.6218,0.0177,0.017,0.2641,0.0371,0.085,0.014,0.0053,0.228,0.0317,0.0111,0.212,64077,4794,0.045,44385,3008,0.041,0.1897,0.0332,0.106,0.0595,0.012,0.123,0.6789,0.03,0.027,0.377,0.0171,0.028,16129,624,0.024,0.118,0.0172,0.089,1938,,,0.4437,0.0286,0.039,0.1723,0.0285,0.101,0.0611,0.0138,0.138,0.1672,0.0179,0.065,0.4988,0.0362,0.044,7096,616,0.053,7129,500,0.043,0.4771,0.0405,0.052,1155,48,0.025,177500,14658,0.05,0.4639,0.0574,0.075,0.2232,0.0319,0.087,0.1525,0.0263,0.105,0.4929,0.0244,0.03,0.109,0.0349,0.195,0.0704,0.0149,0.129,0.0122,0.006,0.298,0.2377,0.033,0.084,0.246,0.0415,0.103
15213,ZIP 15213,1.0,30466,1118,0.022,8915,529,0.036,20.8,0.2,0.006,0.0324,0.0079,0.148,0.0798,0.0096,0.073,0.6147,0.0257,0.025,0.1116,0.0163,0.089,0.1885,0.0188,0.061,0.0447,0.0099,0.135,31069,3199,0.063,20877,1986,0.058,0.4821,0.0438,0.055,0.0688,0.0149,0.132,0.4676,0.0243,0.032,0.6259,0.049,0.048,11376,551,0.029,0.2163,0.0341,0.096,1959,3,0.001,0.1204,0.018,0.091,0.1639,0.0248,0.092,0.1457,0.028,0.117,0.468,0.0402,0.052,0.7345,0.044,0.036,6548,552,0.051,2367,218,0.056,0.7599,0.0461,0.037,1263,61,0.029,233500,16589,0.043,0.6888,0.0571,0.05,0.4427,0.04,0.055,0.245,0.0734,0.182,0.2655,0.0402,0.092,0.1232,0.0223,0.11,0.369,0.0339,0.056,0.0172,0.0077,0.273,0.1438,0.0232,0.098,0.3788,0.0397,0.064
15214,ZIP 15214,0.6573,14048,1189,0.051,6037,317,0.032,39.4,2.6,0.04,0.2095,0.0231,0.067,0.1827,0.0143,0.048,0.5661,0.0203,0.022,0.3406,0.0618,0.11,0.0178,0.0133,0.454,0.0172,0.0093,0.328,61645,4733,0.047,34761,2967,0.052,0.2125,0.0508,0.145,0.0544,0.016,0.179,0.5899,0.0335,0.035,0.3292,0.0234,0.043,6894,305,0.027,0.1243,0.0285,0.139,1951,2,0.001,0.6807,0.0332,0.03,0.0772,0.0218,0.172,0.0601,0.0271,0.275,0.0424,0.0156,0.224,0.3488,0.0444,0.077,2106,290,0.084,3931,324,0.05,0.3911,0.0724,0.112,1071,66,0.037,185900,10079,0.033,0.3889,0.0875,0.137,0.2032,0.0502,0.15,0.2541,0.0528,0.126,0.607,0.0442,0.044,0.0739,0.0242,0.199,0.0171,0.011,0.391,0.0,0.0031,,0.1716,0.0331,0.117,0.1559,0.0306,0.119
15215,ZIP 15215,0.0518,11907,626,0.032,5077,354,0.042,40.7,2.6,0.039,0.2398,0.0316,0.08,0.195,0.0271,0.085,0.856,0.0385,0.027,0.0282,0.0188,0.404,0.0542,0.0281,0.315,0.0265,0.014,0.323,99071,13985,0.086,65937,6609,0.061,0.0752,0.0248,0.2,0.0483,0.0153,0.193,0.6543,0.0328,0.03,0.5898,0.0461,0.047,5588,382,0.042,0.0914,0.0311,0.206,1953,2,0.001,0.6063,0.0352,0.035,0.1394,0.0315,0.138,0.0551,0.0206,0.227,0.0442,0.0172,0.237,0.2675,0.0428,0.097,1358,237,0.106,3719,340,0.056,0.2196,0.0395,0.109,1122,103,0.056,311300,26304,0.051,0.405,0.091,0.137,0.229,0.0755,0.2,0.2218,0.0672,0.184,0.6354,0.0559,0.053,0.0468,0.0197,0.256,0.04,0.0145,0.22,0.0027,0.0036,0.809,0.2021,0.031,0.093,0.1123,0.0328,0.178
15216,ZIP 15216,0.5336,21471,1114,0.032,10330,436,0.026,40.9,2.4,0.036,0.1875,0.0243,0.079,0.1882,0.0205,0.066,0.8067,0.0584,0.044,0.0844,0.0354,0.255,0.0177,0.008,0.273,0.033,0.0134,0.247,80313,3606,0.027,50589,3719,0.045,0.0757,0.017,0.137,0.0429,0.015,0.212,0.7247,0.0279,0.023,0.4967,0.0358,0.044,11354,456,0.024,0.0902,0.0225,0.152,1938,,,0.6121,0.0287,0.028,0.1451,0.0234,0.098,0.1028,0.0242,0.143,0.0446,0.014,0.191,0.3537,0.0302,0.052,3654,348,0.058,6676,392,0.036,0.2801,0.0323,0.07,1095,61,0.034,206500,11483,0.034,0.355,0.075,0.129,0.1401,0.0474,0.206,0.1718,0.0368,0.13,0.5832,0.0406,0.042,0.0962,0.0225,0.142,0.0336,0.0109,0.197,0.0023,0.0035,0.955,0.2303,0.0264,0.07,0.111,0.0233,0.128
15217,ZIP 15217,1.0,25795,1506,0.035,11640,641,0.033,38.0,1.7,0.027,0.1733,0.0166,0.058,0.1948,0.0162,0.051,0.7327,0.0346,0.029,0.0345,0.0124,0.219,0.1146,0.019,0.101,0.0516,0.0156,0.184,95668,10279,0.065,73338,5394,0.045,0.1269,0.0299,0.143,0.0276,0.0102,0.225,0.6626,0.026,0.024,0.7734,0.0263,0.021,12816,579,0.027,0.0918,0.0265,0.176,1938,,,0.458,0.0409,0.054,0.138,0.0272,0.12,0.1103,0.0242,0.133,0.1525,0.0229,0.091,0.4708,0.0401,0.052,5480,556,0.062,6160,506,0.05,0.3878,0.0368,0.058,1436,83,0.035,455100,35047,0.047,0.4347,0.0602,0.084,0.2246,0.0532,0.144,0.1846,0.046,0.152,0.4301,0.0283,0.04,0.125,0.0243,0.118,0.0651,0.0156,0.146,0.021,0.0081,0.234,0.2841,0.0346,0.074,0.1878,0.0299,0.097
15218,ZIP 15218,0.2195,13379,234,0.011,6655,313,0.029,39.6,2.2,0.034,0.166,0.0243,0.089,0.1897,0.0264,0.085,0.672,0.0455,0.041,0.2017,0.0395,0.119,0.0315,0.0191,0.368,0.0374,0.0178,0.289,67960,4660,0.042,50999,4743,0.057,0.1298,0.0318,0.149,0.0691,0.0263,0.231,0.7419,0.0275,0.023,0.5277,0.0368,0.042,7349,350,0.029,0.0944,0.0281,0.181,1938,,,0.5614,0.0303,0.033,0.1487,0.032,0.131,0.1242,0.0366,0.179,0.0336,0.0131,0.237,0.432,0.0328,0.046,2875,257,0.054,3780,266,0.043,0.3852,0.0329,0.052,1143,61,0.032,217500,12874,0.036,0.4543,0.0975,0.131,0.2104,0.0623,0.18,0.1672,0.0391,0.142,0.5081,0.0358,0.043,0.083,0.0168,0.123,0.0438,0.0189,0.263,0.0026,0.0027,0.637,0.2871,0.0374,0.079,0.1253,0.0425,0.206
15219,ZIP 15219,1.0,11376,921,0.049,5926,451,0.046,33.0,1.3,0.024,0.2229,0.034,0.093,0.1652,0.0191,0.07,0.2521,0.0297,0.072,0.5964,0.0539,0.055,0.0426,0.0162,0.23,0.0592,0.0187,0.192,34897,5851,0.102,31670,3874,0.074,0.3836,0.0553,0.088,0.1292,0.049,0.231,0.6272,0.0428,0.042,0.3778,0.0388,0.062,7502,461,0.037,0.2101,0.0429,0.124,1962,4,0.001,0.16,0.0232,0.088,0.1246,0.0263,0.128,0.1745,0.0255,0.089,0.3626,0.0445,0.075,0.7978,0.0427,0.033,4728,440,0.057,1198,174,0.088,0.7603,0.0397,0.032,1033,101,0.059,214800,22376,0.063,0.4835,0.06,0.075,0.2618,0.0453,0.105,0.2337,0.0707,0.184,0.3896,0.0462,0.072,0.1906,0.042,0.134,0.1336,0.0375,0.17,0.0072,0.0064,0.534,0.1993,0.0389,0.119,0.4111,0.0474,0.07
15220,ZIP 15220,0.4778,17644,995,0.034,8757,606,0.042,37.9,2.5,0.04,0.164,0.025,0.093,0.1908,0.0218,0.07,0.7209,0.0392,0.033,0.0762,0.022,0.175,0.1368,0.039,0.173,0.0058,0.0047,0.495,75611,11285,0.091,45526,3007,0.04,0.0844,0.0346,0.249,0.0397,0.0134,0.205,0.6965,0.0377,0.033,0.4874,0.0475,0.059,9597,649,0.041,0.0875,0.0271,0.188,1964,3,0.001,0.5638,0.0221,0.024,0.0547,0.028,0.312,0.1523,0.044,0.176,0.1608,0.0386,0.146,0.4475,0.0589,0.08,3919,583,0.09,4838,462,0.058,0.4133,0.0633,0.093,1207,53,0.027,228700,11215,0.03,0.2238,0.0655,0.178,0.1283,0.0525,0.249,0.1974,0.0448,0.138,0.6385,0.055,0.052,0.0257,0.0125,0.296,0.0077,0.0072,0.574,0.0007,0.0012,1.041,0.267,0.0604,0.137,0.0912,0.0288,0.192
15221,ZIP 15221,0.1451,29374,873,0.018,14685,611,0.025,39.0,1.8,0.028,0.1856,0.0227,0.074,0.2022,0.0176,0.053,0.4575,0.0249,0.033,0.4152,0.0319,0.047,0.0175,0.0112,0.388,0.0403,0.0112,0.169,55028,5136,0.057,40791,3045,0.045,0.1921,0.0358,0.113,0.0941,0.0219,0.142,0.6517,0.0298,0.028,0.4182,0.0264,0.038,17268,671,0.024,0.1496,0.0205,0.083,1951,3,0.001,0.4521,0.0232,0.031,0.1668,0.0236,0.086,0.1211,0.0202,0.102,0.1269,0.0234,0.112,0.5535,0.0292,0.032,8128,546,0.041,6557,429,0.04,0.5268,0.0294,0.034,997,64,0.039,171300,9486,0.034,0.4708,0.0574,0.074,0.2378,0.0438,0.112,0.2001,0.0384,0.117,0.4906,0.0292,0.036,0.1459,0.0281,0.117,0.0193,0.0085,0.267,0.0028,0.0018,0.388,0.2563,0.0347,0.082,0.2212,0.0291,0.08
15222,ZIP 15222,0.9984,5725,556,0.059,3268,408,0.076,31.6,2.6,0.05,0.0194,0.0127,0.399,0.1186,0.0343,0.176,0.7025,0.0401,0.035,0.0891,0.0282,0.193,0.1104,0.0434,0.239,0.0304,0.0174,0.348,114167,14301,0.076,92885,12722,0.083,0.1237,0.0513,0.252,0.0514,0.033,0.39,0.737,0.0452,0.037,0.7741,0.0245,0.019,4343,374,0.052,0.2475,0.0532,0.131,1969,22,0.007,0.0295,0.0291,0.601,0.0175,0.0199,0.692,0.0124,0.0085,0.416,0.8968,0.0527,0.036,0.8657,0.0606,0.043,2829,405,0.087,439,130,0.18,0.8012,0.0702,0.053,2089,99,0.029,610200,180431,0.18,0.2757,0.0608,0.134,0.1654,0.0564,0.207,0.0364,0.1066,1.777,0.3228,0.0577,0.109,0.049,0.021,0.261,0.3265,0.0577,0.107,0.0083,0.0099,0.718,0.2503,0.0446,0.108,0.3192,0.0733,0.14
15223,ZIP 15223,0.0001,6255,519,0.05,3239,312,0.059,42.7,3.1,0.044,0.134,0.0315,0.143,0.1933,0.0383,0.12,0.8906,0.0391,0.027,0.0192,0.0222,0.702,0.0026,0.0042,0.987,0.0184,0.0121,0.399,61083,8725,0.087,37959,3542,0.057,0.1469,0.0541,0.224,0.074,0.0355,0.292,0.6763,0.0497,0.045,0.2937,0.0468,0.097,3530,336,0.058,0.0824,0.0461,0.34,1951,3,0.001,0.6637,0.0426,0.039,0.1394,0.0458,0.2,0.0533,0.0317,0.362,0.0272,0.0194,0.435,0.3909,0.0565,0.088,1266,220,0.106,1973,252,0.078,0.3639,0.059,0.099,1014,106,0.064,166300,10743,0.039,0.4297,0.1434,0.203,0.2101,0.1094,0.316,0.1921,0.0708,0.224,0.718,0.0728,0.062,0.0291,0.0157,0.329,0.0261,0.0201,0.468,0.0,0.0051,,0.1648,0.0434,0.16,0.1099,0.0405,0.224
15224,ZIP 15224,1.0,10665,645,0.037,5470,345,0.038,34.3,0.8,0.014,0.1278,0.029,0.138,0.1678,0.0244,0.088,0.6847,0.0429,0.038,0.1692,0.0301,0.108,0.0545,0.0181,0.202,0.0587,0.0251,0.26,66993,3912,0.035,47979,3809,0.048,0.1665,0.0436,0.159,0.061,0.0193,0.193,0.7105,0.0273,0.023,0.5616,0.0382,0.041,6409,360,0.034,0.1465,0.04,0.166,1938,,,0.3091,0.0391,0.077,0.2456,0.041,0.102,0.1258,0.029,0.14,0.0541,0.0151,0.17,0.6115,0.0517,0.051,3345,353,0.064,2125,274,0.078,0.5424,0.0608,0.068,1251,62,0.03,246400,21589,0.053,0.4132,0.0601,0.088,0.2117,0.0473,0.136,0.2066,0.0543,0.16,0.409,0.0527,0.078,0.1169,0.0236,0.123,0.1214,0.0286,0.143,0.0303,0.0129,0.259,0.2671,0.0342,0.078,0.1934,0.0331,0.104
15225,ZIP 15225,0.0,1085,160,0.09,594,47,0.048,43.4,5.1,0.071,0.1327,0.043,0.197,0.2276,0.0186,0.05,0.8968,0.0857,0.058,0.0276,0.0208,0.457,0.0,0.0111,,0.0424,0.0345,0.494,61094,9017,0.09,42042,4526,0.065,0.1336,0.043,0.196,0.0427,0.0305,0.434,0.7058,0.1259,0.108,0.3054,0.057,0.113,614,42,0.042,0.0326,0.0325,0.606,1949,5,0.002,0.6368,0.0764,0.073,0.3062,0.0736,0.146,0.0228,0.0312,0.833,0.0,0.0276,,0.4714,0.0847,0.109,280,55,0.119,314,49,0.095,0.435,0.1429,0.2,941,75,0.048,170900,16132,0.057,0.2857,0.0992,0.211,0.1214,0.048,0.24,0.1624,0.0907,0.339,0.7653,0.0681,0.054,0.0129,0.0111,0.526,0.0241,0.0239,0.602,0.0,0.0193,,0.1334,0.0634,0.289,0.0438,0.0224,0.311
15226,ZIP 15226,0.8438,13999,1134,0.049,6429,420,0.04,40.4,3.6,0.054,0.1544,0.0291,0.115,0.2023,0.0254,0.076,0.8863,0.0411,0.028,0.0394,0.0211,0.326,0.0266,0.0276,0.632,0.0294,0.0158,0.326,73321,6933,0.057,39977,2928,0.045,0.0871,0.036,0.251,0.0911,0.0384,0.256,0.6756,0.0431,0.039,0.3722,0.0453,0.074,7032,439,0.038,0.0858,0.0237,0.168,1946,4,0.001,0.7809,0.0434,0.034,0.0913,0.0379,0.252,0.0055,0.006,0.661,0.0745,0.0255,0.208,0.3318,0.0595,0.109,2133,407,0.116,4296,448,0.063,0.3066,0.0661,0.131,1321,172,0.079,182900,9085,0.03,0.4229,0.121,0.174,0.1786,0.0731,0.249,0.125,0.0449,0.218,0.6198,0.0347,0.034,0.0642,0.0277,0.262,0.0251,0.0215,0.521,0.0,0.0026,,0.2065,0.0377,0.111,0.1041,0.0287,0.168
15227,ZIP 15227,0.0808,28460,1169,0.025,12654,623,0.03,40.4,1.1,0.017,0.199,0.0231,0.071,0.2073,0.0181,0.053,0.7864,0.0336,0.026,0.0812,0.0215,0.161,0.0696,0.0234,0.205,0.009,0.0052,0.352,75448,5015,0.04,41885,2314,0.034,0.1141,0.0331,0.176,0.0507,0.0186,0.223,0.6704,0.0258,0.023,0.3519,0.0357,0.062,13821,664,0.029,0.0844,0.0202,0.146,1954,2,0.001,0.6866,0.0334,0.03,0.1054,0.0291,0.168,0.0503,0.0214,0.259,0.0741,0.0323,0.265,0.2764,0.0416,0.092,3497,554,0.096,9157,622,0.041,0.2424,0.0414,0.104,865,88,0.062,185100,9995,0.033,0.4933,0.1235,0.152,0.223,0.076,0.207,0.1776,0.0359,0.123,0.6862,0.0311,0.028,0.045,0.0172,0.233,0.0094,0.0061,0.39,0.0,0.0015,,0.1725,0.0284,0.1,0.1176,0.036,0.186
15228,ZIP 15228,0.0,18236,879,0.029,7389,352,0.029,40.3,1.5,0.023,0.2607,0.0252,0.059,0.1604,0.0194,0.074,0.8732,0.0355,0.025,0.0131,0.0086,0.401,0.0301,0.0133,0.269,0.0362,0.0156,0.262,123681,13633,0.067,70685,4360,0.037,0.0529,0.0204,0.234,0.0299,0.0123,0.25,0.7159,0.0284,0.024,0.682,0.0341,0.03,7835,344,0.027,0.0569,0.0258,0.275,1950,3,0.001,0.6642,0.0411,0.038,0.072,0.0271,0.229,0.1105,0.0219,0.12,0.1061,0.025,0.143,0.3144,0.0364,0.07,2323,291,0.076,5066,356,0.043,0.2308,0.0356,0.094,1194,92,0.047,383700,13709,0.022,0.3526,0.075,0.129,0.195,0.0644,0.201,0.121,0.0265,0.133,0.5527,0.0558,0.061,0.0439,0.0127,0.176,0.0311,0.0103,0.201,0.0012,0.0018,0.86,0.3086,0.0446,0.088,0.0702,0.018,0.156
15229,ZIP 15229,0.0,15188,930,0.037,6390,367,0.035,38.2,2.9,0.046,0.2062,0.0284,0.084,0.1651,0.0195,0.072,0.8453,0.0461,0.033,0.0213,0.0145,0.413,0.0282,0.0189,0.406,0.0603,0.0229,0.231,90703,6354,0.043,45548,2620,0.035,0.0828,0.0255,0.187,0.034,0.0149,0.266,0.6977,0.0286,0.025,0.4778,0.0437,0.056,6556,353,0.033,0.0253,0.0149,0.357,1959,3,0.001,0.6611,0.0295,0.027,0.0958,0.0357,0.227,0.0593,0.015,0.154,0.0779,0.0288,0.224,0.2989,0.0429,0.087,1910,295,0.094,4480,365,0.05,0.2339,0.0379,0.099,1173,71,0.037,243500,11312,0.028,0.3764,0.1109,0.179,0.1366,0.0784,0.349,0.1237,0.0346,0.17,0.679,0.0473,0.042,0.0106,0.0057,0.329,0.0136,0.0173,0.771,0.0,0.0023,,0.2229,0.0544,0.148,0.0435,0.027,0.378
15232,ZIP 15232,1.0,11349,792,0.042,6082,396,0.04,29.4,1.2,0.025,0.073,0.0202,0.168,0.1357,0.0216,0.097,0.6678,0.0474,0.043,0.0602,0.0153,0.154,0.1614,0.0339,0.128,0.0743,0.0229,0.188,66582,6020,0.055,65765,6649,0.061,0.163,0.0244,0.091,0.0189,0.0098,0.314,0.7026,0.0435,0.038,0.8186,0.0623,0.046,6925,404,0.035,0.1217,0.0335,0.167,1952,5,0.002,0.1327,0.0196,0.09,0.1645,0.0301,0.111,0.3577,0.0455,0.077,0.2543,0.0368,0.088,0.7236,0.0372,0.031,4401,365,0.05,1681,325,0.118,0.6545,0.0415,0.039,1415,41,0.018,553700,80428,0.088,0.5292,0.0545,0.063,0.2986,0.0491,0.1,0.2742,0.1374,0.304,0.2894,0.0295,0.062,0.2067,0.0546,0.161,0.1503,0.0298,0.121,0.0278,0.018,0.394,0.2942,0.0601,0.124,0.2304,0.0389,0.103
15233,ZIP 15233,0.999,2596,452,0.106,1289,193,0.091,35.4,1.4,0.024,0.1587,0.0488,0.187,0.121,0.0341,0.171,0.5104,0.1099,0.131,0.3571,0.1161,0.198,0.0058,0.0069,0.722,0.0408,0.0284,0.423,78750,38961,0.301,57210,10257,0.109,0.0953,0.034,0.217,0.0051,0.0089,1.055,0.6842,0.1033,0.092,0.5455,0.1291,0.144,1635,200,0.074,0.2116,0.0778,0.223,1938,,,0.1761,0.0592,0.204,0.3193,0.0854,0.163,0.1609,0.053,0.2,0.0685,0.0302,0.268,0.5407,0.07,0.079,697,138,0.12,592,146,0.15,0.3998,0.0691,0.105,1144,119,0.063,352000,49956,0.086,0.307,0.1199,0.237,0.2367,0.1141,0.293,0.1892,0.1175,0.378,0.4677,0.1305,0.17,0.009,0.0101,0.681,0.0832,0.0611,0.446,0.0065,0.0109,1.024,0.3116,0.1178,0.23,0.1854,0.0702,0.23
15234,ZIP 15234,0.1399,14014,820,0.036,6147,321,0.032,40.8,2.3,0.034,0.1693,0.0263,0.095,0.1972,0.0201,0.062,0.8944,0.0362,0.025,0.0199,0.0125,0.382,0.02,0.0156,0.474,0.0279,0.016,0.35,78366,9368,0.073,45154,3708,0.05,0.0725,0.0263,0.22,0.0096,0.0051,0.325,0.6859,0.0345,0.031,0.4039,0.0419,0.063,6664,334,0.03,0.0776,0.0266,0.208,1955,1,0.0,0.6801,0.0327,0.029,0.0849,0.0277,0.198,0.0641,0.0274,0.26,0.1052,0.031,0.179,0.2946,0.0432,0.089,1811,282,0.095,4336,285,0.04,0.2282,0.0352,0.094,1142,132,0.07,206600,8663,0.025,0.3722,0.1109,0.181,0.1866,0.0716,0.233,0.1589,0.0396,0.152,0.6337,0.034,0.033,0.0951,0.0282,0.18,0.0141,0.0113,0.488,0.0021,0.0019,0.535,0.1532,0.0226,0.09,0.1064,0.038,0.217
15235,ZIP 15235,0.0061,33951,1240,0.022,15359,640,0.025,43.8,3.0,0.042,0.1951,0.024,0.075,0.2403,0.0193,0.049,0.523,0.0321,0.037,0.3789,0.0325,0.052,0.0065,0.0034,0.32,0.0219,0.0143,0.398,67240,7768,0.07,41268,4025,0.059,0.1264,0.0258,0.124,0.068,0.019,0.17,0.6626,0.0214,0.02,0.3477,0.0254,0.044,16838,601,0.022,0.0878,0.0164,0.113,1958,1,0.0,0.8135,0.0284,0.021,0.0248,0.0099,0.243,0.0374,0.0175,0.285,0.0798,0.0223,0.17,0.2521,0.0435,0.105,3872,687,0.108,11487,592,0.031,0.2263,0.0417,0.112,1093,63,0.035,151800,6422,0.026,0.4979,0.0965,0.118,0.2466,0.0652,0.161,0.2263,0.0347,0.093,0.6699,0.0302,0.027,0.0441,0.0175,0.241,0.0129,0.0064,0.3,0.0,0.0015,,0.1858,0.0214,0.07,0.0935,0.0217,0.141
15236,ZIP 15236,0.0965,31313,1212,0.024,13405,551,0.025,43.6,2.2,0.031,0.1851,0.0193,0.063,0.2339,0.0173,0.045,0.8235,0.0235,0.017,0.0291,0.0121,0.254,0.0992,0.0271,0.166,0.0177,0.0092,0.315,90767,5539,0.037,45657,2037,0.027,0.077,0.0205,0.162,0.035,0.0183,0.318,0.6292,0.0273,0.026,0.4121,0.0313,0.046,14228,563,0.024,0.0578,0.0198,0.208,1958,2,0.001,0.7343,0.0241,0.02,0.0281,0.0096,0.208,0.0581,0.0168,0.176,0.1153,0.0217,0.114,0.2249,0.0259,0.07,3015,369,0.074,10390,512,0.03,0.1723,0.0289,0.102,1148,68,0.036,233400,6099,0.016,0.4199,0.0777,0.112,0.2428,0.0586,0.147,0.1591,0.0255,0.097,0.6613,0.0266,0.024,0.0327,0.0102,0.19,0.0153,0.0075,0.297,0.0,0.0016,,0.1887,0.0283,0.091,0.0683,0.0217,0.193
15237,ZIP 15237,0.0,43588,1555,0.022,18250,620,0.021,42.8,1.3,0.018,0.2046,0.0133,0.039,0.2293,0.0142,0.038,0.8632,0.0127,0.009,0.0175,0.0062,0.216,0.0617,0.0149,0.147,0.0287,0.008,0.169,109895,8248,0.046,58897,2441,0.025,0.0402,0.009,0.136,0.0411,0.0141,0.208,0.6595,0.0207,0.019,0.6003,0.0239,0.024,19424,626,0.02,0.0604,0.0138,0.138,1971,2,0.001,0.6737,0.0192,0.017,0.0142,0.0049,0.209,0.0902,0.0186,0.125,0.1308,0.0208,0.097,0.2334,0.0224,0.058,4259,433,0.062,13991,603,0.026,0.1638,0.0204,0.076,1384,62,0.027,326700,10820,0.02,0.4513,0.0867,0.117,0.1627,0.0484,0.181,0.1298,0.0198,0.093,0.6455,0.0227,0.021,0.0125,0.0047,0.229,0.0115,0.0061,0.324,0.0,0.0011,,0.2663,0.0259,0.059,0.0386,0.0094,0.148
15238,ZIP 15238,0.0002,12868,671,0.032,5591,288,0.031,47.4,2.3,0.029,0.2251,0.0225,0.061,0.2723,0.0258,0.058,0.8701,0.0287,0.02,0.0155,0.0123,0.485,0.0636,0.02,0.191,0.0149,0.0085,0.347,116575,12256,0.064,85622,7182,0.051,0.0626,0.0178,0.173,0.031,0.0133,0.261,0.5642,0.0188,0.02,0.7479,0.0423,0.034,5963,317,0.032,0.0624,0.0239,0.233,1972,3,0.001,0.6676,0.0349,0.032,0.0448,0.0204,0.277,0.0511,0.0221,0.263,0.1182,0.035,0.18,0.2381,0.048,0.123,1331,277,0.127,4260,295,0.042,0.1774,0.0408,0.14,1320,333,0.153,491700,33559,0.041,0.3704,0.1011,0.166,0.2562,0.0898,0.213,0.1977,0.0418,0.129,0.7012,0.0339,0.029,0.0129,0.0109,0.514,0.0188,0.0102,0.328,0.005,0.0074,0.889,0.2285,0.0344,0.092,0.0755,0.0276,0.222
15239,ZIP 15239,0.0,21410,870,0.025,8493,370,0.026,43.7,1.6,0.022,0.2138,0.0254,0.072,0.2188,0.0197,0.055,0.904,0.0297,0.02,0.0422,0.0223,0.321,0.0126,0.0093,0.449,0.0112,0.006,0.327,101045,5170,0.031,48673,2595,0.032,0.0342,0.011,0.195,0.0192,0.0086,0.273,0.6885,0.0215,0.019,0.4372,0.0355,0.049,9016,394,0.027,0.058,0.0183,0.192,1970,2,0.001,0.8103,0.0298,0.022,0.0276,0.0128,0.281,0.0365,0.0125,0.209,0.0061,0.0059,0.587,0.1754,0.0252,0.087,1490,224,0.091,7003,375,0.033,0.1349,0.0218,0.098,1187,52,0.027,226900,6230,0.017,0.2846,0.0966,0.206,0.0987,0.0502,0.309,0.1215,0.0269,0.135,0.6717,0.036,0.033,0.0184,0.0127,0.419,0.0052,0.0072,0.84,0.0,0.0019,,0.2577,0.0336,0.079,0.0183,0.0119,0.395
15241,ZIP 15241,0.0,22294,430,0.012,8314,328,0.024,43.9,1.3,0.018,0.2455,0.0205,0.051,0.201,0.0183,0.055,0.8605,0.0242,0.017,0.0118,0.0105,0.543,0.0801,0.021,0.159,0.0159,0.0077,0.295,153936,9853,0.039,73344,4409,0.037,0.023,0.0098,0.257,0.0312,0.0121,0.236,0.6485,0.0237,0.022,0.7243,0.039,0.033,8718,310,0.022,0.0463,0.0176,0.231,1971,2,0.001,0.8156,0.0112,0.008,0.0017,0.0031,1.102,0.0104,0.0077,0.448,0.1457,0.0286,0.119,0.1629,0.0263,0.098,1354,225,0.101,6960,247,0.022,0.0994,0.0189,0.115,1797,131,0.044,422700,15796,0.023,0.4985,0.1157,0.141,0.3021,0.1053,0.212,0.1445,0.0303,0.127,0.6029,0.0392,0.04,0.0368,0.0141,0.233,0.0088,0.0057,0.392,0.0,0.002,,0.3053,0.03,0.06,0.0449,0.0165,0.224
15243,ZIP 15243,0.0,13456,819,0.037,5730,334,0.035,52.9,2.5,0.029,0.1856,0.0215,0.07,0.3268,0.0252,0.047,0.8341,0.0709,0.052,0.0187,0.0091,0.298,0.0542,0.026,0.291,0.0314,0.0259,0.5,116200,10173,0.053,62886,4425,0.043,0.047,0.0202,0.261,0.0199,0.0115,0.35,0.5528,0.0204,0.022,0.5983,0.0335,0.034,6069,332,0.033,0.0559,0.0254,0.276,1956,1,0.0,0.7912,0.0265,0.02,0.0068,0.0051,0.456,0.0153,0.0076,0.302,0.1519,0.0241,0.096,0.141,0.0276,0.119,808,165,0.124,4922,345,0.043,0.1018,0.023,0.137,1543,431,0.17,283500,9424,0.02,0.4913,0.1072,0.133,0.2772,0.0767,0.168,0.1518,0.0315,0.126,0.6655,0.046,0.042,0.015,0.0088,0.358,0.0016,0.0025,0.911,0.0,0.0031,,0.262,0.0373,0.087,0.0726,0.0231,0.193
15260,ZIP 15260,1.0,0,12,,0,12,,,,,,,,,,,,,,,,,,,,,,,,,,,,,,,,,,,,,,,,,0,12,,,,,,,,,,,,,,,,,,,,,,,0,12,,0,12,,,,,,,,,,,,,,,,,,,,,,,,,,,,,,,,,,,,,
15275,ZIP 15275,0.0,86,87,0.615,51,44,0.524,21.4,17.9,0.508,0.3953,0.4025,0.619,0.0,0.4834,,0.2791,0.3696,0.805,0.0116,0.0201,1.049,0.0,0.1395,,0.3953,0.4841,0.744,,,,25679,17420,0.412,0.0,0.1973,,0.0,0.2308,,1.0,0.0,0.0,0.0,0.8571,,109,93,0.519,0.5321,0.744,0.85,1996,7,0.002,0.0,0.1101,,0.0,0.1557,,0.0,0.1557,,1.0,0.1891,0.115,1.0,0.0,0.0,51,44,0.524,0,12,,1.0,0.0,0.0,,,,,,,1.0,0.8321,0.506,0.5294,0.7087,0.814,,,,0.9808,0.1651,0.102,0.0192,0.0348,1.102,0.0,0.2308,,0.0,0.2308,,0.0,0.2308,,0.0,0.3328,
15282,ZIP 15282,1.0,5772,130,0.014,0,17,,20.7,0.3,0.009,0.0071,0.0093,0.797,0.0074,0.0102,0.836,0.6665,0.0314,0.029,0.2174,0.0327,0.091,0.0314,0.0163,0.315,0.0457,0.0173,0.23,,,,8543,3435,0.244,,,,0.0331,0.023,0.421,0.2824,0.0342,0.074,0.0342,0.0316,0.561,0,17,,,,,,,,,,,,,,,,,,,,,,,0,17,,0,17,,,,,,,,,,,,,,,,,,,,0.2235,0.071,0.193,0.0203,0.0286,0.855,0.5922,0.102,0.105,0.0,0.0119,,0.075,0.0571,0.463,,,
15290,ZIP 15290,1.0,0,12,,0,12,,,,,,,,,,,,,,,,,,,,,,,,,,,,,,,,,,,,,,,,,0,12,,,,,,,,,,,,,,,,,,,,,,,0,12,,0,12,,,,,,,,,,,,,,,,,,,,,,,,,,,,,,,,,,,,,
15301,ZIP 15301,0.0,50348,686,0.008,21902,600,0.017,43.6,1.8,0.025,0.1881,0.0142,0.046,0.2225,0.0139,0.038,0.8632,0.0129,0.009,0.0586,0.0072,0.075,0.0107,0.0061,0.345,0.0276,0.0082,0.181,70473,3563,0.031,41382,1716,0.025,0.1205,0.0188,0.095,0.0509,0.0112,0.134,0.5983,0.0169,0.017,0.2652,0.0209,0.048,24339,639,0.016,0.1001,0.0159,0.097,1966,3,0.001,0.652,0.0174,0.016,0.0742,0.0144,0.118,0.0747,0.0158,0.129,0.0554,0.0116,0.127,0.3324,0.0198,0.036,7280,477,0.04,14622,607,0.025,0.2776,0.0205,0.045,958,44,0.028,206800,12072,0.035,0.3753,0.0541,0.088,0.1893,0.0415,0.133,0.1907,0.0246,0.078,0.7868,0.0301,0.023,0.0021,0.0027,0.785,0.0271,0.0076,0.17,0.0,0.0012,,0.1057,0.015,0.086,0.1097,0.0188,0.104
15312,ZIP 15312,0.0,3603,384,0.065,1470,135,0.056,42.8,4.6,0.065,0.2362,0.0386,0.099,0.1934,0.0106,0.033,0.9403,0.0281,0.018,0.0042,0.005,0.727,0.0108,0.0149,0.839,0.0072,0.0066,0.557,73542,11165,0.092,42239,4043,0.058,0.1112,0.067,0.366,0.1218,0.0755,0.377,0.6113,0.0308,0.031,0.2013,0.0315,0.095,1712,131,0.047,0.1414,0.0358,0.154,1962,6,0.002,0.875,0.047,0.033,0.0222,0.0186,0.51,0.0053,0.0108,1.245,0.0,0.0099,,0.181,0.0674,0.226,266,102,0.233,1204,101,0.051,0.1826,0.0873,0.291,816,238,0.177,215300,13835,0.039,0.2857,0.1845,0.393,0.0789,0.0563,0.433,0.1595,0.0399,0.152,0.7873,0.045,0.035,0.0,0.0077,,0.0212,0.0127,0.365,0.0,0.0077,,0.1086,0.0281,0.157,0.0218,0.0117,0.328
15314,ZIP 15314,0.0,3545,531,0.091,1347,142,0.064,38.8,7.9,0.124,0.2477,0.0418,0.103,0.1777,0.0214,0.073,0.9086,0.0665,0.044,0.0099,0.0109,0.671,0.0,0.0034,,0.0248,0.0294,0.72,59356,8479,0.087,30990,4183,0.082,0.2041,0.0696,0.207,0.0563,0.0249,0.268,0.5822,0.043,0.045,0.188,0.034,0.11,1514,152,0.061,0.1103,0.0483,0.266,1958,4,0.001,0.7635,0.0357,0.028,0.031,0.0214,0.42,0.0859,0.0547,0.387,0.0449,0.0202,0.274,0.2665,0.0631,0.144,359,93,0.157,988,114,0.07,0.2614,0.074,0.172,713,271,0.231,166300,11431,0.042,0.3733,0.18,0.293,0.1421,0.0842,0.36,0.1619,0.0564,0.212,0.7705,0.0684,0.054,0.0,0.0081,,0.002,0.0034,1.01,0.0,0.0081,,0.0828,0.0346,0.254,0.0713,0.0362,0.308
15317,ZIP 15317,0.0,43871,1314,0.018,17806,588,0.02,41.6,1.0,0.015,0.2254,0.0153,0.041,0.1967,0.0142,0.044,0.8994,0.0225,0.015,0.0238,0.0088,0.224,0.031,0.0081,0.159,0.0227,0.0064,0.171,108044,7535,0.042,56076,2503,0.027,0.036,0.0089,0.15,0.0379,0.0137,0.22,0.6884,0.0235,0.021,0.5235,0.0286,0.033,18861,631,0.02,0.0559,0.0181,0.197,1979,4,0.001,0.7112,0.0237,0.02,0.0412,0.0137,0.202,0.0503,0.0128,0.154,0.0572,0.013,0.139,0.2067,0.0265,0.078,3680,487,0.08,14126,631,0.027,0.1486,0.0232,0.095,1224,110,0.055,354500,15345,0.026,0.3745,0.068,0.11,0.1299,0.0426,0.199,0.1569,0.0252,0.098,0.7033,0.0159,0.014,0.0062,0.0037,0.356,0.0125,0.0066,0.322,0.0,0.0011,,0.217,0.0267,0.075,0.0353,0.0099,0.17
15321,ZIP 15321,0.0,2025,510,0.153,760,156,0.125,29.5,12.6,0.26,0.2459,0.0845,0.209,0.1447,0.016,0.067,0.9017,0.1018,0.069,0.0,0.0059,,0.0148,0.0148,0.609,0.0257,0.0284,0.673,117656,43489,0.225,54240,13946,0.156,0.0346,0.0265,0.466,0.0,0.0101,,0.7484,0.1352,0.11,0.5416,0.0579,0.065,916,162,0.108,0.1703,0.1241,0.443,1979,6,0.002,0.7282,0.118,0.099,0.0284,0.0349,0.748,0.0688,0.0646,0.571,0.0,0.0185,,0.2421,0.1582,0.397,184,126,0.416,576,123,0.13,0.2756,0.2116,0.467,1465,271,0.112,348700,25905,0.045,0.0707,0.1614,1.389,0.0,0.0652,,0.1684,0.1154,0.417,0.7845,0.0753,0.058,0.0097,0.0166,1.037,0.0,0.0106,,0.0,0.0106,,0.1625,0.1014,0.379,0.0158,0.0251,0.965
15323,ZIP 15323,0.0,3860,441,0.069,1600,174,0.066,44.4,3.7,0.051,0.1731,0.0259,0.091,0.2194,0.0187,0.052,0.9225,0.1471,0.097,0.0073,0.0075,0.626,0.0,0.0031,,0.0215,0.0221,0.626,78947,11440,0.088,44780,5189,0.07,0.0724,0.0288,0.242,0.064,0.0442,0.42,0.6379,0.0544,0.052,0.2287,0.0552,0.147,1843,175,0.058,0.1319,0.0461,0.212,1967,5,0.002,0.8573,0.0445,0.032,0.0109,0.0104,0.581,0.0065,0.0096,0.894,0.013,0.017,0.793,0.1612,0.036,0.136,258,64,0.151,1342,158,0.072,0.1458,0.0361,0.151,826,242,0.178,194400,28092,0.088,0.0775,0.1055,0.827,0.0155,0.0229,0.899,0.1461,0.0478,0.199,0.7685,0.0392,0.031,0.0,0.0064,,0.0059,0.0069,0.713,0.0,0.0064,,0.1272,0.0512,0.245,0.0188,0.0165,0.534
15330,ZIP 15330,0.0,6023,695,0.07,2424,223,0.056,53.1,5.3,0.061,0.1494,0.0372,0.151,0.2808,0.0487,0.105,0.9228,0.0292,0.019,0.003,0.0043,0.875,0.0,0.0028,,0.0385,0.0399,0.63,111680,11308,0.062,51306,5270,0.062,0.0406,0.0238,0.356,0.0347,0.0183,0.32,0.5707,0.062,0.066,0.291,0.0616,0.129,2658,243,0.056,0.088,0.0448,0.309,1979,6,0.002,0.8962,0.0581,0.039,0.0098,0.015,0.929,0.0041,0.0088,1.289,0.0,0.009,,0.0784,0.0423,0.328,190,104,0.333,2234,218,0.059,0.0573,0.033,0.351,690,669,0.589,367600,29400,0.049,0.1632,0.1368,0.51,0.1053,0.0817,0.472,0.1893,0.0897,0.288,0.7214,0.0368,0.031,0.0275,0.0268,0.592,0.0102,0.0112,0.664,0.0,0.006,,0.1881,0.0499,0.161,0.0384,0.0295,0.467
15332,ZIP 15332,0.0,7678,703,0.056,3634,323,0.054,48.2,5.8,0.073,0.1503,0.0252,0.102,0.2781,0.0322,0.07,0.9506,0.0234,0.015,0.0056,0.004,0.435,0.0026,0.0043,1.001,0.0117,0.0105,0.544,66578,6083,0.056,41936,3734,0.054,0.1056,0.042,0.241,0.0413,0.0248,0.364,0.5846,0.061,0.063,0.2554,0.0491,0.117,3760,319,0.052,0.0335,0.0219,0.397,1967,5,0.002,0.7197,0.0295,0.025,0.0269,0.0188,0.425,0.0324,0.0148,0.277,0.0024,0.006,1.53,0.1591,0.0376,0.144,578,146,0.154,3056,304,0.06,0.1628,0.0468,0.175,928,99,0.065,197600,15251,0.047,0.4862,0.1467,0.183,0.2509,0.1012,0.245,0.2284,0.0798,0.213,0.7955,0.05,0.038,0.021,0.015,0.434,0.0075,0.0069,0.557,0.0,0.0046,,0.1238,0.0409,0.201,0.0275,0.0131,0.289
15340,ZIP 15340,0.0,1524,285,0.114,647,131,0.123,46.5,21.4,0.28,0.1824,0.0718,0.239,0.2605,0.1094,0.255,0.9528,0.0897,0.057,0.0,0.0079,,0.0,0.0079,,0.0,0.0079,,82431,49968,0.368,49617,13349,0.164,0.065,0.0539,0.504,0.0,0.0182,,0.5065,0.0742,0.089,0.4129,0.2188,0.322,647,131,0.123,0.0,0.0185,,1966,6,0.002,0.9243,0.0813,0.053,0.0665,0.0778,0.712,0.0,0.0262,,0.0,0.0262,,0.1978,0.1267,0.389,128,86,0.408,519,138,0.162,0.1542,0.1253,0.494,858,363,0.257,291000,51287,0.107,0.2031,0.2724,0.815,0.2031,0.2187,0.655,0.1927,0.1313,0.414,0.8398,0.1481,0.107,0.0,0.0187,,0.0,0.0187,,0.0,0.0187,,0.1058,0.0912,0.524,0.0278,0.0334,0.73
15342,ZIP 15342,0.0,5097,469,0.056,2261,234,0.063,42.9,2.9,0.041,0.1872,0.0323,0.105,0.2225,0.0408,0.111,0.8809,0.0388,0.027,0.029,0.0202,0.423,0.0018,0.002,0.673,0.0192,0.0225,0.711,92402,13196,0.087,47504,6609,0.085,0.0663,0.0264,0.242,0.0327,0.0271,0.503,0.6489,0.0667,0.062,0.3755,0.0692,0.112,2475,219,0.054,0.0865,0.045,0.316,1967,8,0.002,0.7717,0.0612,0.048,0.0525,0.0277,0.32,0.0554,0.0304,0.334,0.0263,0.0142,0.329,0.1659,0.0521,0.191,375,124,0.201,1886,214,0.069,0.1168,0.0351,0.183,1058,103,0.059,247300,29568,0.073,0.4667,0.14,0.182,0.1947,0.1228,0.384,0.166,0.0715,0.262,0.7424,0.0444,0.036,0.0046,0.0069,0.908,0.0142,0.0122,0.518,0.0,0.0065,,0.1633,0.1206,0.449,0.0464,0.0317,0.415
15347,ZIP 15347,0.0,350,180,0.313,178,83,0.283,42.0,48.7,0.705,0.2114,0.1621,0.466,0.24,0.1628,0.412,0.9971,0.0388,0.024,0.0029,0.0084,1.797,0.0,0.0343,,0.0,0.0343,,48839,35191,0.438,29748,10456,0.214,0.1457,0.1355,0.565,0.1124,0.1332,0.721,0.6034,0.2481,0.25,0.15,0.1613,0.654,178,83,0.283,0.0,0.0674,,1946,25,0.008,0.5618,0.2624,0.284,0.191,0.2345,0.746,0.0,0.0953,,0.0,0.0953,,0.3146,0.2263,0.437,56,48,0.521,122,77,0.384,0.4755,0.3515,0.449,1412,136,0.059,170300,23395,0.084,0.5,0.7374,0.896,0.5,0.6371,0.775,0.2131,0.3398,0.969,0.8924,0.2386,0.163,0.0,0.0759,,0.0063,0.0185,1.778,0.0,0.0759,,0.1013,0.1291,0.775,0.0,0.0953,
15350,ZIP 15350,0.0,373,182,0.297,187,88,0.286,71.3,20.2,0.172,0.1153,0.1077,0.568,0.5791,0.1992,0.209,0.874,0.1176,0.082,0.0,0.0322,,0.0,0.0322,,0.0,0.0322,,58117,22729,0.238,26618,7603,0.174,0.2493,0.163,0.397,0.0,0.0741,,0.4737,0.1807,0.232,0.0348,0.0852,1.488,187,88,0.286,0.0,0.0642,,1938,,,0.0,0.0642,,0.0588,0.1123,1.161,0.0,0.0908,,0.0,0.0908,,0.2995,0.1817,0.369,56,43,0.467,131,74,0.343,0.3271,0.1985,0.369,827,379,0.279,71400,36221,0.308,0.3393,0.6135,1.099,0.3393,0.4884,0.875,0.0,0.2591,,0.4383,0.2152,0.298,0.0,0.0741,,0.0,0.0741,,0.0,0.0741,,0.4444,0.4032,0.551,0.1604,0.1884,0.714
15361,ZIP 15361,0.0,107,54,0.307,69,47,0.414,61.6,3.9,0.038,0.0,0.3172,,0.243,0.4251,1.063,1.0,0.0,0.0,0.0,0.1121,,0.0,0.1121,,0.0,0.1121,,,,,32215,18219,0.344,0.2897,0.4291,0.9,0.3158,0.4466,0.86,0.3551,0.2523,0.432,0.0,0.2243,,99,69,0.424,0.303,0.4809,0.965,1938,,,1.0,0.0,0.0,0.0,0.1714,,0.0,0.1714,,0.0,0.1714,,0.0,0.1739,,0,12,,69,47,0.414,0.0,0.1121,,,,,161700,7462,0.028,,,,,,,0.0,0.4919,,1.0,0.0,0.0,0.0,0.4615,,0.0,0.4615,,0.0,0.4615,,0.0,0.4615,,0.0,0.246,
15363,ZIP 15363,0.0,605,264,0.265,285,98,0.209,33.6,23.1,0.418,0.1719,0.1192,0.422,0.2826,0.0688,0.148,0.962,0.0651,0.041,0.0,0.0198,,0.0,0.0198,,0.0,0.0198,,63281,22987,0.221,32620,5136,0.096,0.0198,0.0285,0.874,0.0,0.0343,,0.6986,0.2543,0.221,0.4081,0.2693,0.401,285,98,0.209,0.0,0.0421,,1952,15,0.005,0.9228,0.0593,0.039,0.0772,0.1102,0.868,0.0,0.0595,,0.0,0.0595,,0.1404,0.1129,0.489,40,35,0.532,245,93,0.231,0.098,0.0826,0.512,,,,170400,50597,0.181,0.25,0.6346,1.543,0.0,0.3,,0.0367,0.1463,2.422,0.6604,0.2144,0.197,0.0,0.0374,,0.0,0.0374,,0.0,0.0374,,0.2305,0.1514,0.399,0.1579,0.1622,0.625
15367,ZIP 15367,0.0,9906,747,0.046,3354,261,0.047,40.3,2.3,0.035,0.2851,0.039,0.083,0.1196,0.0239,0.121,0.9223,0.0253,0.017,0.0059,0.0099,1.026,0.0258,0.0198,0.466,0.0203,0.0154,0.46,135542,25966,0.116,72734,9122,0.076,0.0211,0.0215,0.619,0.0111,0.0092,0.507,0.6905,0.0426,0.038,0.6315,0.0623,0.06,3354,261,0.047,0.0,0.0051,,1995,4,0.001,0.8763,0.027,0.019,0.0364,0.0472,0.789,0.0066,0.008,0.745,0.0,0.0072,,0.099,0.0594,0.365,332,201,0.368,3022,273,0.055,0.086,0.0566,0.4,1313,524,0.243,544100,52285,0.058,0.2018,0.1509,0.454,0.0753,0.1083,0.874,0.187,0.056,0.182,0.6133,0.0772,0.077,0.0014,0.0059,2.518,0.0078,0.0089,0.701,0.0,0.0035,,0.3011,0.0688,0.139,0.0081,0.0129,0.977
15378,ZIP 15378,0.0,0,12,,0,12,,,,,,,,,,,,,,,,,,,,,,,,,,,,,,,,,,,,,,,,,9,13,0.878,1.0,0.0,0.0,,,,1.0,0.0,0.0,0.0,1.8856,,0.0,1.8856,,0.0,1.8856,,,,,0,12,,0,12,,,,,,,,,,,,,,,,,,,,,,,,,,,,,,,,,,,,,
15479,ZIP 15479,0.0,2010,381,0.115,827,139,0.102,38.2,12.7,0.202,0.2358,0.0611,0.158,0.1746,0.043,0.15,0.9592,0.0167,0.011,0.0224,0.0356,0.966,0.0,0.006,,0.0075,0.0134,1.088,63852,14256,0.136,80891,74798,0.562,0.149,0.0653,0.266,0.029,0.0226,0.475,0.5738,0.0604,0.064,0.1892,0.062,0.199,867,140,0.098,0.0461,0.0455,0.6,1965,12,0.004,0.8131,0.0979,0.073,0.0404,0.0324,0.488,0.0069,0.018,1.58,0.0,0.0196,,0.3023,0.0935,0.188,250,88,0.214,577,133,0.14,0.3886,0.1636,0.256,898,238,0.161,202700,77664,0.233,0.18,0.1111,0.375,0.14,0.0961,0.417,0.2045,0.1007,0.299,0.7897,0.1267,0.098,0.0023,0.0034,0.903,0.023,0.0365,0.965,0.0,0.0138,,0.077,0.0444,0.351,0.0423,0.0489,0.702
15613,ZIP 15613,0.0,12854,759,0.036,5368,313,0.035,51.2,2.4,0.028,0.1734,0.0206,0.072,0.2856,0.0238,0.051,0.9371,0.0087,0.006,0.0106,0.0066,0.378,0.0068,0.0033,0.298,0.018,0.0136,0.459,71988,7834,0.066,41684,3828,0.056,0.0914,0.0239,0.159,0.043,0.0232,0.328,0.5827,0.0387,0.04,0.2389,0.0365,0.093,5746,331,0.035,0.0658,0.0191,0.177,1970,4,0.001,0.7906,0.0292,0.022,0.0242,0.0105,0.264,0.0341,0.0166,0.296,0.0108,0.0047,0.265,0.1716,0.0283,0.1,921,161,0.106,4447,317,0.043,0.1415,0.0283,0.122,856,87,0.062,178800,17872,0.061,0.4224,0.1078,0.155,0.1542,0.0814,0.321,0.1383,0.0295,0.13,0.7697,0.0381,0.03,0.0,0.0032,,0.0107,0.0058,0.328,0.0007,0.001,0.91,0.1198,0.0288,0.146,0.0624,0.0187,0.182
15615,ZIP 15615,0.0,148,89,0.366,79,41,0.315,52.1,3.5,0.041,0.1081,0.2391,1.345,0.1892,0.2781,0.893,0.8581,0.0663,0.047,0.0,0.0811,,0.0676,0.0929,0.835,0.0,0.0811,,88750,24433,0.167,40916,5490,0.082,0.0,0.1147,,0.0,0.1154,,0.7879,0.3974,0.307,0.2727,0.2041,0.455,79,41,0.315,0.0,0.1519,,1944,18,0.006,1.0,0.0,0.0,0.0,0.2148,,0.0,0.2148,,0.0,0.2148,,0.0,0.1519,,0,12,,79,41,0.315,0.0,0.0811,,,,,139400,20212,0.088,,,,,,,0.0,0.4296,,0.7115,0.4683,0.4,0.0,0.1154,,0.0,0.1154,,0.0,0.1154,,0.0865,0.116,0.815,0.1013,0.2274,1.365
15625,ZIP 15625,0.0,58,72,0.755,29,36,0.755,,,,0.0,0.5852,,0.0,0.7167,,1.0,0.0,0.0,0.0,0.2069,,0.0,0.2069,,0.0,0.2069,,,,,,,,0.0,0.2926,,,,,0.0,0.2069,,0.0,0.4138,,29,36,0.755,0.0,0.4138,,,,,0.0,0.4138,,0.0,0.5852,,0.0,0.5852,,0.0,0.5852,,0.0,0.4138,,0,12,,29,36,0.755,0.0,0.2069,,,,,,,,,,,,,,0.0,1.1704,,,,,,,,,,,,,,,,,0.0,0.5852,
15632,ZIP 15632,0.0,8377,720,0.052,3588,284,0.048,49.7,3.6,0.044,0.1844,0.0262,0.086,0.2364,0.0229,0.059,0.8461,0.0478,0.034,0.039,0.0275,0.428,0.0543,0.0268,0.3,0.0177,0.0136,0.469,93664,5870,0.038,59834,5720,0.058,0.0696,0.0284,0.248,0.0388,0.0145,0.227,0.642,0.0454,0.043,0.4769,0.0382,0.049,3862,297,0.047,0.0709,0.0327,0.28,1977,2,0.001,0.7152,0.0316,0.027,0.0445,0.0194,0.265,0.0194,0.0124,0.387,0.058,0.0292,0.306,0.177,0.0415,0.142,635,157,0.15,2953,271,0.056,0.1453,0.0393,0.164,1205,273,0.138,291400,15976,0.033,0.3795,0.1151,0.184,0.1654,0.0834,0.307,0.1653,0.0399,0.147,0.7374,0.0335,0.028,0.0141,0.0149,0.646,0.0057,0.0042,0.451,0.0045,0.0055,0.733,0.1854,0.0461,0.151,0.029,0.016,0.336
15637,ZIP 15637,0.0,1821,449,0.15,749,182,0.148,44.2,8.2,0.113,0.1862,0.0665,0.217,0.2378,0.0958,0.245,0.9127,0.1135,0.076,0.0373,0.0446,0.727,0.0,0.0066,,0.0209,0.0331,0.964,70461,18700,0.161,35557,9051,0.155,0.1702,0.1878,0.67,0.0,0.0116,,0.6878,0.1025,0.091,0.3084,0.0768,0.151,807,168,0.127,0.0719,0.0791,0.669,1955,9,0.003,0.803,0.1261,0.096,0.119,0.0618,0.316,0.0,0.021,,0.0,0.021,,0.2443,0.1136,0.283,183,96,0.319,566,192,0.206,0.2548,0.1886,0.45,1155,106,0.056,220600,120827,0.333,0.4317,0.3623,0.51,0.306,0.3532,0.702,0.2049,0.2161,0.641,0.7657,0.0255,0.02,0.0029,0.0068,1.408,0.0216,0.0248,0.698,0.0,0.0118,,0.1304,0.0953,0.444,0.0294,0.0363,0.752
15640,ZIP 15640,0.0,355,215,0.368,130,63,0.295,56.5,4.3,0.046,0.2085,0.1557,0.454,0.1296,0.1015,0.476,1.0,0.0,0.0,0.0,0.0338,,0.0,0.0338,,0.0,0.0338,,83000,9137,0.067,26048,12144,0.283,0.4423,0.4028,0.554,0.0,0.0706,,0.605,0.1791,0.18,0.0623,0.1047,1.022,130,63,0.295,0.0,0.0923,,1938,,,0.8615,0.5677,0.401,0.0,0.1305,,0.0,0.1305,,0.0,0.1305,,0.2077,0.2246,0.657,27,32,0.72,103,49,0.289,0.3521,0.3971,0.686,,,,106100,24800,0.142,0.6667,1.0216,0.932,0.6667,0.6717,0.612,0.1068,0.3414,1.943,1.0,0.0,0.0,0.0,0.0732,,0.0,0.0732,,0.0,0.0732,,0.0,0.0732,,0.0,0.1305,
15642,ZIP 15642,0.0,46325,1526,0.02,19251,671,0.021,45.0,1.5,0.02,0.211,0.0162,0.047,0.208,0.0114,0.033,0.9342,0.0076,0.005,0.0059,0.0043,0.447,0.0087,0.0049,0.34,0.0154,0.006,0.237,97706,5065,0.032,49889,2163,0.026,0.0568,0.0178,0.191,0.0449,0.0096,0.13,0.6816,0.0223,0.02,0.4214,0.0269,0.039,20192,667,0.02,0.0466,0.0113,0.148,1968,1,0.0,0.8537,0.0197,0.014,0.0358,0.0112,0.19,0.026,0.0086,0.202,0.023,0.0082,0.217,0.1477,0.0164,0.067,2844,330,0.071,16407,696,0.026,0.1218,0.0221,0.11,1008,59,0.036,243800,7349,0.018,0.237,0.0636,0.163,0.1227,0.0533,0.264,0.1405,0.0195,0.084,0.7341,0.0251,0.021,0.0086,0.0042,0.299,0.0032,0.0017,0.322,0.0,0.001,,0.1783,0.0231,0.079,0.0334,0.0142,0.258
15647,ZIP 15647,0.0,49,75,0.93,12,19,0.963,39.0,29.1,0.454,0.4898,0.6542,0.812,0.0,0.8484,,1.0,0.0,0.0,0.0,0.2449,,0.0,0.2449,,0.0,0.2449,,,,,,,,0.0,0.3463,,0.0,0.48,,1.0,0.0,0.0,0.48,0.8582,1.087,12,19,0.963,0.0,1.0,,,,,0.0,1.0,,0.0,1.4142,,0.0,1.4142,,0.0,1.4142,,1.0,0.0,0.0,12,19,0.963,0,12,,1.0,0.0,0.0,,,,,,,0.0,2.0,,0.0,1.0,,,,,1.0,0.0,0.0,0.0,0.48,,0.0,0.48,,0.0,0.48,,0.0,0.48,,0.0,1.4142,
15656,ZIP 15656,0.0,9506,572,0.037,4160,254,0.037,48.4,2.8,0.035,0.1743,0.0239,0.083,0.23,0.0226,0.06,0.9401,0.0234,0.015,0.0183,0.0135,0.449,0.0,0.0018,,0.0002,0.0005,1.519,68311,5096,0.045,37449,2924,0.047,0.1069,0.0328,0.187,0.0321,0.0149,0.281,0.5811,0.0337,0.035,0.2131,0.0294,0.084,4650,240,0.031,0.1054,0.0316,0.182,1959,3,0.001,0.8269,0.0446,0.033,0.0699,0.0242,0.211,0.0103,0.0076,0.447,0.0142,0.0071,0.302,0.2029,0.0339,0.101,844,150,0.108,3316,266,0.049,0.1806,0.0341,0.115,808,124,0.093,162600,11332,0.042,0.3424,0.1048,0.186,0.2002,0.0993,0.301,0.1529,0.0376,0.15,0.7919,0.0398,0.031,0.0,0.0038,,0.021,0.0161,0.464,0.0,0.0038,,0.1244,0.0294,0.144,0.0584,0.0211,0.219
15660,ZIP 15660,0.0,299,226,0.459,102,54,0.322,48.8,11.4,0.142,0.2074,0.2377,0.697,0.1572,0.0734,0.284,1.0,0.0,0.0,0.0,0.0401,,0.0,0.0401,,0.0,0.0401,,,,,31476,3803,0.073,0.0,0.0568,,0.0,0.0719,,0.7046,0.3964,0.342,0.4317,0.2656,0.374,145,51,0.214,0.2966,0.3287,0.674,1938,,,0.869,0.1272,0.089,0.131,0.205,0.951,0.0,0.117,,0.0,0.117,,0.2647,0.3239,0.744,27,36,0.811,75,51,0.413,0.2174,0.2361,0.66,,,,168100,105113,0.38,0.7037,0.8875,0.767,0.0,0.4444,,0.0,0.4525,,0.8563,0.4306,0.306,0.0,0.0719,,0.0479,0.0662,0.84,0.0,0.0719,,0.0479,0.059,0.749,0.0,0.1664,
15663,ZIP 15663,0.0,377,175,0.282,166,71,0.26,44.6,12.4,0.169,0.2095,0.1073,0.311,0.313,0.1974,0.383,0.9814,0.074,0.046,0.0,0.0318,,0.0,0.0318,,0.0,0.0318,,76250,60988,0.486,36208,5346,0.09,0.0159,0.0361,1.379,0.0118,0.0165,0.847,0.5523,0.2248,0.247,0.1536,0.1219,0.483,174,72,0.252,0.046,0.0542,0.717,1955,13,0.004,0.9138,0.1195,0.079,0.0345,0.0786,1.385,0.0,0.0975,,0.0,0.0975,,0.0301,0.0272,0.549,5,5,0.608,161,70,0.264,0.0371,0.0299,0.489,,,,213800,80673,0.229,0.6,3.4467,3.492,0.0,2.4,,0.2609,0.2213,0.516,0.8827,0.2564,0.177,0.0,0.0741,,0.0,0.0741,,0.0,0.0741,,0.0247,0.0202,0.498,0.0361,0.0822,1.383
15668,ZIP 15668,0.0,14584,686,0.029,5711,331,0.035,49.9,5.4,0.066,0.2058,0.0314,0.093,0.3164,0.0417,0.08,0.9085,0.0257,0.017,0.0027,0.0017,0.389,0.0357,0.0137,0.233,0.0233,0.0111,0.288,124494,9974,0.049,61863,4783,0.047,0.0215,0.0127,0.36,0.0262,0.0147,0.342,0.5969,0.0392,0.04,0.5466,0.0491,0.055,6003,334,0.034,0.0486,0.0324,0.405,1977,3,0.001,0.8651,0.0349,0.025,0.0083,0.0077,0.565,0.011,0.0107,0.593,0.0052,0.0063,0.746,0.0672,0.0238,0.216,384,138,0.218,5327,326,0.037,0.0563,0.0204,0.22,1304,302,0.141,346700,16754,0.029,0.138,0.1181,0.52,0.0312,0.0482,0.937,0.123,0.0319,0.158,0.6275,0.0631,0.061,0.0032,0.0029,0.55,0.0,0.0027,,0.0,0.0027,,0.3429,0.087,0.154,0.0149,0.0112,0.456
15678,ZIP 15678,0.0,472,139,0.179,234,70,0.182,40.9,12.7,0.189,0.2076,0.0779,0.228,0.2076,0.1015,0.297,0.9661,0.0575,0.036,0.0,0.0254,,0.0,0.0254,,0.0339,0.052,0.933,66389,38413,0.352,35297,7071,0.122,0.1481,0.1321,0.542,0.0,0.0548,,0.5856,0.15,0.156,0.2166,0.1297,0.364,251,73,0.177,0.0677,0.1017,0.913,1962,26,0.008,0.8924,0.0906,0.062,0.0,0.0676,,0.0,0.0676,,0.0598,0.0948,0.964,0.1795,0.135,0.457,42,34,0.492,192,69,0.218,0.2013,0.1633,0.493,,,,160300,137978,0.523,0.6429,0.5891,0.557,0.2857,0.3888,0.827,0.1979,0.2637,0.81,0.7945,0.1804,0.138,0.0594,0.069,0.706,0.0,0.0548,,0.0,0.0548,,0.0,0.0548,,0.0,0.0725,
15679,ZIP 15679,0.0,2781,494,0.108,1445,305,0.128,57.5,3.3,0.035,0.077,0.0298,0.236,0.3272,0.0959,0.178,0.9015,0.2155,0.145,0.0,0.0043,,0.0223,0.0274,0.747,0.0,0.0043,,77099,18452,0.145,41479,5983,0.088,0.1118,0.0587,0.319,0.0718,0.0686,0.581,0.536,0.07,0.079,0.2167,0.0675,0.189,1589,299,0.114,0.0906,0.0606,0.406,1982,5,0.002,0.6816,0.1806,0.161,0.0289,0.0375,0.787,0.0,0.0107,,0.0,0.0107,,0.081,0.0438,0.329,117,68,0.353,1328,296,0.135,0.0814,0.0449,0.335,904,150,0.101,200000,68301,0.208,0.0,0.2051,,0.0,0.1026,,0.2922,0.1947,0.405,0.8751,0.0605,0.042,0.0,0.0094,,0.0172,0.02,0.708,0.0,0.0094,,0.096,0.0485,0.307,0.0194,0.0194,0.608
15691,ZIP 15691,0.0,302,385,0.775,78,93,0.725,17.5,11.3,0.393,0.6523,1.0657,0.993,0.0,0.1376,,0.9801,1.7592,1.091,0.0,0.0397,,0.0,0.0397,,0.0,0.0397,,168289,20100,0.073,26223,16772,0.389,0.0,0.0562,,0.0,0.067,,0.9275,0.4041,0.265,0.4571,0.1419,0.189,78,93,0.725,0.0,0.1538,,1983,14,0.004,1.0,0.0,0.0,0.0,0.2176,,0.0,0.2176,,0.0,0.2176,,0.0,0.1538,,0,12,,78,93,0.725,0.0,0.0397,,,,,227500,7422,0.02,,,,,,,0.0,0.4351,,0.5084,0.8851,1.058,0.0,0.067,,0.0,0.067,,0.0,0.067,,0.0,0.067,,0.0,0.2176,
15692,ZIP 15692,0.0,992,326,0.2,438,122,0.169,41.0,3.1,0.046,0.1804,0.1044,0.352,0.1472,0.0669,0.276,0.9839,0.0529,0.033,0.0,0.0121,,0.0,0.0121,,0.0161,0.0226,0.851,71574,24697,0.21,36342,9940,0.166,0.2284,0.2401,0.639,0.0533,0.1016,1.16,0.7159,0.1103,0.094,0.2982,0.1535,0.313,438,122,0.169,0.0,0.0274,,1938,,,0.8653,0.3367,0.237,0.1347,0.1577,0.712,0.0,0.0387,,0.0,0.0387,,0.1347,0.1554,0.701,59,70,0.721,379,103,0.165,0.0595,0.0678,0.693,,,,142500,23033,0.098,0.0,0.4068,,0.0,0.2034,,0.1346,0.1426,0.644,0.7757,0.0885,0.069,0.0,0.0228,,0.0,0.0228,,0.0,0.0228,,0.2243,0.1729,0.468,0.0365,0.0583,0.971
15695,ZIP 15695,0.0,181,104,0.349,72,38,0.321,45.9,20.5,0.272,0.2486,0.2367,0.579,0.1878,0.2181,0.706,1.0,0.0,0.0,0.0,0.0663,,0.0,0.0663,,0.0,0.0663,,44167,39771,0.547,30557,14214,0.283,0.1934,0.2847,0.895,0.3158,0.4276,0.823,0.5588,0.2684,0.292,0.2647,0.2022,0.464,72,38,0.321,0.0,0.1667,,1938,,,1.0,0.0,0.0,0.0,0.2357,,0.0,0.2357,,0.0,0.2357,,0.0,0.1667,,0,12,,72,38,0.321,0.0,0.0663,,,,,158300,68248,0.262,,,,,,,0.0,0.4714,,1.0,0.0,0.0,0.0,0.2308,,0.0,0.2308,,0.0,0.2308,,0.0,0.2308,,0.1667,0.2995,1.092
15698,ZIP 15698,0.0,789,365,0.281,359,175,0.296,29.2,24.6,0.512,0.2446,0.0888,0.221,0.109,0.1566,0.874,1.0,0.0,0.0,0.0,0.0152,,0.0,0.0152,,0.0,0.0152,,49375,41500,0.511,30218,12414,0.25,0.1138,0.1043,0.557,0.0,0.0282,,0.7148,0.5271,0.448,0.09,0.1274,0.861,439,173,0.24,0.1822,0.1109,0.37,1938,,,0.7494,0.3006,0.244,0.2301,0.1421,0.375,0.0,0.0387,,0.0,0.0387,,0.3092,0.1281,0.252,111,71,0.389,248,171,0.419,0.5196,0.1986,0.232,856,118,0.084,119300,70503,0.359,0.0,0.2162,,0.0,0.1081,,0.0766,0.1368,1.085,1.0,0.0,0.0,0.0,0.0282,,0.0,0.0282,,0.0,0.0282,,0.0,0.0282,,0.0,0.0473,
16046,ZIP 16046,0.0,19757,1033,0.032,7290,370,0.031,41.5,0.8,0.012,0.2671,0.0229,0.052,0.1491,0.0145,0.059,0.8611,0.0319,0.023,0.0048,0.0035,0.445,0.0879,0.0214,0.148,0.0138,0.0078,0.343,151560,8756,0.035,72260,4463,0.038,0.0283,0.0174,0.375,0.042,0.0229,0.332,0.6802,0.0253,0.023,0.6988,0.046,0.04,7532,386,0.031,0.0321,0.0162,0.307,2002,2,0.001,0.6397,0.0204,0.019,0.0341,0.0148,0.264,0.0612,0.0205,0.203,0.0316,0.0105,0.203,0.1528,0.025,0.1,1114,191,0.104,6176,362,0.036,0.1174,0.0255,0.132,1711,318,0.113,481300,17421,0.022,0.4578,0.113,0.15,0.1939,0.0785,0.246,0.1231,0.0267,0.132,0.6234,0.0335,0.033,0.0067,0.0073,0.663,0.015,0.0102,0.412,0.0,0.0019,,0.2951,0.0328,0.067,0.0247,0.0097,0.238
16055,ZIP 16055,0.0,8993,468,0.032,3535,214,0.037,50.1,2.4,0.029,0.2087,0.0273,0.08,0.272,0.0413,0.092,0.9421,0.0674,0.043,0.0001,0.0003,1.823,0.0106,0.0097,0.556,0.0073,0.0088,0.727,90950,12690,0.085,51272,4677,0.055,0.0523,0.0191,0.222,0.0176,0.0136,0.47,0.562,0.0494,0.053,0.3557,0.0432,0.074,3677,228,0.038,0.0386,0.0268,0.422,1981,5,0.002,0.8725,0.0355,0.025,0.0,0.0065,,0.0,0.0065,,0.0073,0.008,0.661,0.0789,0.0322,0.248,279,115,0.251,3256,211,0.039,0.0662,0.029,0.267,1123,178,0.096,315300,23116,0.045,0.1326,0.1247,0.572,0.0968,0.0762,0.479,0.1748,0.0452,0.157,0.7895,0.0664,0.051,0.0002,0.0007,1.823,0.0065,0.0084,0.792,0.0,0.0042,,0.1211,0.0408,0.205,0.0337,0.0211,0.381
16056,ZIP 16056,0.0,4232,481,0.069,1760,210,0.073,45.6,3.3,0.044,0.2403,0.0458,0.116,0.2443,0.0318,0.079,0.9641,0.0208,0.013,0.0,0.0028,,0.0019,0.0033,1.062,0.018,0.0136,0.459,75893,10978,0.088,42698,4554,0.065,0.0625,0.0185,0.18,0.0121,0.0087,0.436,0.6432,0.0609,0.058,0.3596,0.0805,0.136,1973,225,0.069,0.108,0.0439,0.247,1981,4,0.001,0.6776,0.0672,0.06,0.0421,0.0174,0.251,0.0542,0.0236,0.265,0.0182,0.0105,0.348,0.2182,0.0473,0.132,384,95,0.15,1376,211,0.093,0.1658,0.0442,0.162,869,140,0.098,302000,40314,0.081,0.276,0.079,0.174,0.125,0.0602,0.293,0.1054,0.0314,0.181,0.8062,0.0708,0.053,0.0,0.0058,,0.0068,0.0053,0.469,0.0044,0.0102,1.416,0.1136,0.0426,0.228,0.0466,0.0179,0.234
16059,ZIP 16059,0.0,10062,503,0.03,3971,235,0.036,45.5,3.8,0.051,0.2204,0.0353,0.097,0.2154,0.0295,0.083,0.9495,0.0343,0.022,0.0131,0.0169,0.782,0.0014,0.0016,0.694,0.0235,0.0164,0.424,110828,6247,0.034,55052,7375,0.081,0.0784,0.0385,0.299,0.0204,0.0125,0.373,0.6446,0.0462,0.044,0.4806,0.0534,0.068,4389,274,0.038,0.0952,0.0479,0.306,1984,10,0.003,0.7343,0.0434,0.036,0.0285,0.0166,0.355,0.0059,0.0068,0.696,0.0105,0.0089,0.513,0.1277,0.0316,0.15,507,129,0.155,3464,247,0.043,0.0835,0.0263,0.191,1279,652,0.31,408500,40416,0.06,0.6726,0.1593,0.144,0.3511,0.0314,0.054,0.157,0.0539,0.209,0.7469,0.0404,0.033,0.0,0.0039,,0.0061,0.0071,0.707,0.0,0.0039,,0.2037,0.0568,0.17,0.038,0.0146,0.234
16066,ZIP 16066,0.0,33873,184,0.003,14048,353,0.015,40.0,1.3,0.02,0.2259,0.0176,0.047,0.1703,0.0173,0.062,0.8883,0.0143,0.01,0.0156,0.0064,0.25,0.0371,0.0088,0.145,0.0213,0.0075,0.213,124189,7861,0.038,63103,2795,0.027,0.0447,0.013,0.176,0.0308,0.0103,0.204,0.7083,0.0214,0.018,0.651,0.0347,0.032,14833,353,0.014,0.0529,0.0171,0.196,1996,1,0.0,0.6014,0.0203,0.021,0.0144,0.0092,0.389,0.0988,0.0265,0.163,0.1127,0.0218,0.117,0.2481,0.0243,0.059,3486,352,0.061,10562,409,0.024,0.1854,0.0203,0.067,1708,57,0.02,420000,14683,0.021,0.3723,0.0868,0.142,0.1538,0.0519,0.205,0.1691,0.0333,0.12,0.6771,0.0273,0.024,0.0035,0.0029,0.495,0.0091,0.0047,0.311,0.0,0.0014,,0.2598,0.0288,0.067,0.0213,0.0074,0.212
16229,ZIP 16229,0.0,4798,419,0.053,2152,185,0.052,46.0,4.2,0.056,0.1749,0.0341,0.118,0.2093,0.0233,0.068,0.9519,0.0382,0.024,0.0035,0.0058,1.0,0.0,0.0025,,0.015,0.017,0.69,81731,13044,0.097,46408,4846,0.063,0.1174,0.0525,0.272,0.0423,0.0184,0.264,0.6472,0.0405,0.038,0.2902,0.0364,0.076,2282,185,0.049,0.057,0.0321,0.343,1963,6,0.002,0.7441,0.0422,0.034,0.0631,0.0284,0.274,0.057,0.0286,0.305,0.0245,0.013,0.323,0.1989,0.0387,0.118,428,91,0.129,1724,165,0.058,0.159,0.0545,0.208,786,94,0.073,206900,26884,0.079,0.2009,0.1151,0.348,0.0748,0.0538,0.437,0.1497,0.0443,0.18,0.7338,0.0604,0.05,0.0,0.0048,,0.0201,0.02,0.605,0.0,0.0048,,0.1689,0.0418,0.15,0.0297,0.0142,0.29
