GEOID,name,pgh_share,pop,pop_moe,pop_cv,households,households_moe,households_cv,median_age,median_age_moe,median_age_cv,under18_share,under18_share_moe,under18_share_cv,age65_share,age65_share_moe,age65_share_cv,white_nh_share,white_nh_share_moe,white_nh_share_cv,black_nh_share,black_nh_share_moe,black_nh_share_cv,asian_nh_share,asian_nh_share_moe,asian_nh_share_cv,hispanic_share,hispanic_share_moe,hispanic_share_cv,med_hh_income,med_hh_income_moe,med_hh_income_cv,per_capita_income,per_capita_income_moe,per_capita_income_cv,poverty_share,poverty_share_moe,poverty_share_cv,unemployment_rate,unemployment_rate_moe,unemployment_rate_cv,lfpr,lfpr_moe,lfpr_cv,bachelors_share,bachelors_share_moe,bachelors_share_cv,housing_units,housing_units_moe,housing_units_cv,vacancy_share,vacancy_share_moe,vacancy_share_cv,median_year_built,median_year_built_moe,median_year_built_cv,sfd_share,sfd_share_moe,sfd_share_cv,units_2_4_share,units_2_4_share_moe,units_2_4_share_cv,units_5_19_share,units_5_19_share_moe,units_5_19_share_cv,units_20plus_share,units_20plus_share_moe,units_20plus_share_cv,renter_share,renter_share_moe,renter_share_cv,renter_hh,renter_hh_moe,renter_hh_cv,owner_hh,owner_hh_moe,owner_hh_cv,pop_renter_share,pop_renter_share_moe,pop_renter_share_cv,med_gross_rent,med_gross_rent_moe,med_gross_rent_cv,med_home_value,med_home_value_moe,med_home_value_cv,rent_burden30_share,rent_burden30_share_moe,rent_burden30_share_cv,rent_burden50_share,rent_burden50_share_moe,rent_burden50_share_cv,owner_burden30_share,owner_burden30_share_moe,owner_burden30_share_cv,drive_alone_share,drive_alone_share_moe,drive_alone_share_cv,transit_share,transit_share_moe,transit_share_cv,walk_share,walk_share_moe,walk_share_cv,bike_share,bike_share_moe,bike_share_cv,wfh_share,wfh_share_moe,wfh_share_cv,no_vehicle_share,no_vehicle_share_moe,no_vehicle_share_cv
42003010301,Tract 103.01,1.0,1855,55,0.018,0,12,,33.8,2.5,0.045,0.0129,0.0211,0.993,0.0232,0.026,0.683,0.3515,0.0529,0.091,0.5547,0.088,0.096,0.0049,0.0092,1.148,0.035,0.028,0.486,,,,9792,3391,0.211,,,,,,,0.0,0.0065,,0.0292,0.0283,0.59,0,12,,,,,,,,,,,,,,,,,,,,,,,0,12,,0,12,,,,,,,,,,,,,,,,,,,,,,,,,,,,,,,,,,,,,
42003010302,Tract 103.02,1.0,4754,183,0.023,329,81,0.15,19.9,0.2,0.006,0.0349,0.0133,0.231,0.0168,0.0126,0.455,0.7533,0.0379,0.031,0.1111,0.0234,0.128,0.0362,0.0193,0.324,0.0648,0.0247,0.232,61035,9956,0.099,12206,4131,0.206,0.281,0.1261,0.273,0.0309,0.0221,0.435,0.4489,0.0455,0.062,0.5368,0.1056,0.12,471,95,0.123,0.3015,0.0947,0.191,1938,,,0.3185,0.0924,0.176,0.1062,0.0833,0.477,0.0892,0.083,0.566,0.2781,0.1445,0.316,0.6444,0.1843,0.174,212,80,0.229,117,29,0.151,0.5,0.1343,0.163,2042,419,0.125,173300,44961,0.158,0.5991,0.2928,0.297,0.1981,0.1031,0.316,0.1453,0.3043,1.273,0.2341,0.0672,0.174,0.0685,0.0345,0.306,0.482,0.0856,0.108,0.0,0.0064,,0.1385,0.0519,0.228,0.2401,0.0964,0.244
42003020100,Tract 201,1.0,4600,527,0.07,2484,369,0.09,28.0,1.7,0.037,0.0159,0.0106,0.407,0.1137,0.0405,0.217,0.6111,0.0603,0.06,0.1054,0.0347,0.2,0.128,0.0591,0.28,0.0878,0.0326,0.226,82409,18140,0.134,68245,14841,0.132,0.1962,0.0727,0.225,0.039,0.022,0.344,0.6677,0.0628,0.057,0.7236,0.0422,0.035,3546,264,0.045,0.2995,0.0866,0.176,1945,14,0.004,0.0127,0.0183,0.877,0.0116,0.0153,0.804,0.0262,0.0076,0.176,0.9439,0.0699,0.045,0.9151,0.0428,0.028,2273,354,0.095,211,112,0.323,0.8739,0.0421,0.029,1678,120,0.043,605100,227652,0.229,0.3194,0.0852,0.162,0.2538,0.0825,0.198,0.0,0.1609,,0.2409,0.0653,0.165,0.082,0.0374,0.277,0.4519,0.0677,0.091,0.0053,0.0107,1.212,0.1632,0.0476,0.177,0.4811,0.0916,0.116
42003020300,Tract 203,1.0,1928,287,0.09,1486,216,0.088,33.0,2.3,0.042,0.0285,0.0275,0.587,0.0685,0.0308,0.273,0.7832,0.0667,0.052,0.0265,0.0314,0.721,0.1094,0.0487,0.27,0.0451,0.0415,0.559,118375,13923,0.072,126696,23872,0.115,0.0752,0.0635,0.513,0.0563,0.0712,0.768,0.8992,0.059,0.04,0.8744,0.0695,0.048,1925,156,0.049,0.2281,0.0794,0.212,2012,2,0.001,0.0592,0.0642,0.659,0.0286,0.0398,0.847,0.0208,0.0182,0.531,0.8494,0.0868,0.062,0.9112,0.0691,0.046,1354,222,0.1,132,57,0.263,0.8619,0.0815,0.057,2312,93,0.024,,,,0.2393,0.068,0.173,0.0908,0.0417,0.279,0.1212,0.2724,1.366,0.4247,0.0912,0.131,0.0203,0.0193,0.58,0.138,0.0659,0.29,0.0108,0.0138,0.78,0.3968,0.0922,0.141,0.1023,0.0613,0.364
42003030500,Tract 305,1.0,2978,498,0.102,1583,248,0.095,33.2,3.5,0.064,0.1501,0.0625,0.253,0.18,0.0299,0.101,0.225,0.0628,0.17,0.5984,0.1488,0.151,0.0816,0.0386,0.288,0.0507,0.0486,0.583,36365,9731,0.163,33301,6312,0.115,0.3461,0.1379,0.242,0.2317,0.1247,0.327,0.6506,0.0871,0.081,0.4357,0.0894,0.125,1972,211,0.065,0.1973,0.1002,0.309,1982,8,0.002,0.0634,0.0307,0.294,0.1131,0.0671,0.361,0.1542,0.0573,0.226,0.5629,0.1047,0.113,0.7776,0.0768,0.06,1231,228,0.113,352,85,0.147,0.7594,0.0726,0.058,1230,268,0.132,232300,36194,0.095,0.5345,0.1304,0.148,0.2405,0.0931,0.235,0.2216,0.1435,0.394,0.4505,0.0874,0.118,0.1322,0.0886,0.408,0.1037,0.0689,0.404,0.0,0.0095,,0.2526,0.1018,0.245,0.3373,0.0867,0.156
42003040200,Tract 402,1.0,2102,259,0.075,451,72,0.097,20.7,0.3,0.009,0.0523,0.0138,0.161,0.0699,0.0303,0.263,0.5366,0.0842,0.095,0.2907,0.0634,0.133,0.1047,0.0378,0.22,0.0419,0.0237,0.344,31042,12399,0.243,14872,4060,0.166,0.633,0.0945,0.091,0.1586,0.0402,0.154,0.4749,0.0448,0.057,0.3454,0.0925,0.163,686,52,0.046,0.3426,0.1047,0.186,1972,17,0.005,0.2041,0.0652,0.194,0.156,0.0609,0.237,0.0569,0.057,0.61,0.2332,0.0711,0.185,0.7494,0.0989,0.08,338,70,0.126,113,40,0.215,0.8023,0.1187,0.09,1564,161,0.063,122300,51757,0.257,0.6805,0.1415,0.126,0.4852,0.1086,0.136,0.115,0.2572,1.359,0.2989,0.0934,0.19,0.125,0.0662,0.322,0.3319,0.1263,0.231,0.0,0.0172,,0.1997,0.0917,0.279,0.4701,0.1151,0.149
42003040400,Tract 404,1.0,1603,240,0.091,956,138,0.088,51.7,14.4,0.169,0.0025,0.0222,5.402,0.4535,0.0869,0.117,0.6513,0.1061,0.099,0.0318,0.0346,0.661,0.2358,0.0744,0.192,0.0549,0.0327,0.362,60192,20711,0.209,63612,12037,0.115,0.1937,0.0688,0.216,0.0267,0.0365,0.829,0.35,0.0965,0.168,0.8019,0.2495,0.189,1255,131,0.063,0.2382,0.1006,0.257,1956,3,0.001,0.0175,0.0158,0.549,0.0375,0.0346,0.561,0.0518,0.0548,0.643,0.8932,0.0932,0.063,0.3117,0.0815,0.159,298,89,0.182,658,132,0.122,0.297,0.0834,0.171,1238,108,0.053,270200,94678,0.213,0.443,0.1703,0.234,0.2987,0.1381,0.281,0.3207,0.1634,0.31,0.2309,0.1345,0.354,0.1145,0.0944,0.501,0.3313,0.1287,0.236,0.0,0.0241,,0.1767,0.0717,0.247,0.363,0.1108,0.186
42003040500,Tract 405,1.0,3081,553,0.109,924,191,0.126,21.2,0.3,0.009,0.0,0.011,,0.0286,0.0188,0.399,0.7735,0.0707,0.056,0.051,0.0229,0.273,0.0565,0.0332,0.358,0.0974,0.0702,0.439,16721,6009,0.218,10064,2125,0.128,0.7977,0.0508,0.039,0.0456,0.0372,0.495,0.4554,0.0937,0.125,0.1311,0.1021,0.473,1265,188,0.09,0.2696,0.0998,0.225,1954,15,0.005,0.1391,0.0714,0.312,0.2775,0.0962,0.211,0.3731,0.12,0.196,0.0901,0.0738,0.498,0.908,0.1011,0.068,839,197,0.143,85,47,0.336,0.9612,0.0828,0.052,1480,320,0.131,215800,115492,0.325,0.7461,0.1053,0.086,0.5721,0.0864,0.092,0.2706,0.475,1.067,0.246,0.1406,0.347,0.0581,0.0404,0.423,0.4492,0.0779,0.105,0.0032,0.0064,1.204,0.1274,0.0865,0.413,0.421,0.1485,0.214
42003040600,Tract 406,1.0,2337,456,0.119,767,104,0.082,21.3,0.3,0.009,0.0,0.0145,,0.0235,0.0272,0.702,0.9148,0.0849,0.056,0.0068,0.011,0.981,0.0411,0.0262,0.388,0.0116,0.0118,0.619,30392,11496,0.23,13783,3802,0.168,0.7822,0.0697,0.054,0.0719,0.0352,0.297,0.6607,0.1396,0.128,0.6455,0.5378,0.507,1068,105,0.06,0.2818,0.107,0.231,1941,15,0.005,0.132,0.0633,0.291,0.4185,0.1133,0.165,0.221,0.0847,0.233,0.1292,0.0602,0.283,0.9557,0.0551,0.035,733,108,0.09,34,40,0.715,0.9765,0.067,0.042,1788,271,0.092,,,,0.8322,0.1107,0.081,0.7258,0.1072,0.09,0.0,0.9983,,0.3535,0.1915,0.329,0.105,0.0559,0.324,0.3671,0.1429,0.237,0.0196,0.0219,0.677,0.0619,0.0284,0.279,0.3103,0.1023,0.2
42003040900,Tract 409,1.0,3280,502,0.093,1449,224,0.094,22.6,0.9,0.024,0.0229,0.0191,0.507,0.0747,0.0251,0.205,0.6308,0.0789,0.076,0.1866,0.0898,0.292,0.1259,0.0471,0.228,0.0088,0.0078,0.537,26866,7623,0.172,19943,3164,0.096,0.5593,0.0958,0.104,0.0884,0.0671,0.461,0.4405,0.0741,0.102,0.4643,0.0831,0.109,1810,240,0.081,0.1994,0.0826,0.252,1971,21,0.006,0.1541,0.0607,0.24,0.3486,0.1194,0.208,0.1442,0.0718,0.302,0.1597,0.0681,0.259,0.706,0.1237,0.106,1023,239,0.142,426,74,0.106,0.752,0.0996,0.081,1431,308,0.131,217400,17727,0.05,0.7674,0.1398,0.111,0.6315,0.1565,0.151,0.2136,0.1687,0.48,0.3333,0.0985,0.18,0.1161,0.0839,0.439,0.293,0.1323,0.274,0.0656,0.0468,0.434,0.109,0.0577,0.322,0.3057,0.148,0.294
42003050100,Tract 501,1.0,1746,434,0.151,887,150,0.103,37.4,14.2,0.231,0.3087,0.1426,0.281,0.2715,0.043,0.096,0.0355,0.026,0.446,0.921,0.0998,0.066,0.0,0.0069,,0.0006,0.0034,3.644,30436,10379,0.207,22079,4844,0.133,0.4216,0.1875,0.27,0.1743,0.1248,0.435,0.6121,0.1491,0.148,0.0896,0.0456,0.31,1100,125,0.069,0.1936,0.0712,0.224,1960,15,0.005,0.2236,0.0739,0.201,0.1364,0.0711,0.317,0.2609,0.1161,0.27,0.1309,0.0534,0.248,0.7892,0.1407,0.108,700,172,0.149,187,84,0.273,0.7436,0.1786,0.146,837,119,0.086,112500,18623,0.101,0.46,0.1485,0.196,0.2671,0.122,0.278,0.1497,0.2526,1.025,0.5207,0.1444,0.169,0.3388,0.1471,0.264,0.0893,0.0887,0.604,0.0,0.0198,,0.0413,0.0351,0.516,0.4589,0.1226,0.162
42003050600,Tract 506,1.0,1550,356,0.14,777,152,0.119,39.5,19.1,0.294,0.1826,0.0846,0.282,0.2677,0.063,0.143,0.2832,0.0834,0.179,0.5877,0.1937,0.2,0.0523,0.032,0.372,0.0,0.0077,,39976,17947,0.273,33631,6345,0.115,0.14,0.0572,0.248,0.0985,0.0517,0.319,0.6324,0.1322,0.127,0.5158,0.1219,0.144,1095,136,0.076,0.2904,0.0799,0.167,1942,9,0.003,0.4639,0.0867,0.114,0.1242,0.0819,0.401,0.0959,0.0721,0.457,0.2027,0.0794,0.238,0.4595,0.1606,0.212,357,143,0.244,420,73,0.106,0.4452,0.1977,0.27,895,152,0.103,170000,146393,0.523,0.5378,0.2551,0.288,0.0812,0.0805,0.602,0.2929,0.1618,0.336,0.5994,0.1197,0.121,0.119,0.0581,0.297,0.0958,0.0807,0.512,0.0,0.0174,,0.0856,0.0632,0.449,0.3861,0.1289,0.203
42003050900,Tract 509,1.0,1545,251,0.099,766,91,0.072,27.3,3.8,0.085,0.3767,0.1067,0.172,0.1366,0.0388,0.173,0.0343,0.0325,0.577,0.9126,0.1008,0.067,0.0,0.0078,,0.0388,0.0324,0.507,11986,2048,0.104,11228,3319,0.18,0.6278,0.1408,0.136,0.2056,0.1576,0.466,0.4066,0.0977,0.146,0.083,0.0771,0.565,813,96,0.072,0.0578,0.04,0.421,1960,18,0.006,0.064,0.0771,0.733,0.0221,0.0307,0.843,0.5449,0.0755,0.084,0.08,0.041,0.311,0.9582,0.0492,0.031,734,95,0.079,32,23,0.437,0.9722,0.0456,0.029,624,118,0.115,,,,0.5327,0.1469,0.168,0.3106,0.0925,0.181,0.2188,1.0283,2.858,0.3279,0.1669,0.309,0.3934,0.2086,0.322,0.0623,0.0765,0.746,0.0,0.0393,,0.0623,0.0663,0.647,0.6749,0.1369,0.123
42003051000,Tract 510,1.0,2382,281,0.072,752,227,0.184,20.5,1.0,0.03,0.029,0.0259,0.543,0.0579,0.0254,0.267,0.3568,0.0496,0.085,0.4408,0.1035,0.143,0.1318,0.0457,0.211,0.0315,0.0253,0.489,19446,3092,0.097,13121,2897,0.134,0.3093,0.1593,0.313,0.0463,0.0332,0.436,0.4859,0.0907,0.113,0.193,0.0543,0.171,913,240,0.16,0.1763,0.0756,0.261,2001,5,0.002,0.0624,0.0557,0.542,0.0438,0.0245,0.34,0.0526,0.0438,0.507,0.5728,0.253,0.269,0.9574,0.0959,0.061,720,229,0.193,32,27,0.513,0.8918,0.0765,0.052,691,361,0.318,,,,0.5833,0.2909,0.303,0.1472,0.0739,0.305,0.5625,0.9933,1.073,0.3192,0.2571,0.49,0.222,0.0841,0.23,0.2759,0.1089,0.24,0.0,0.0127,,0.0634,0.0388,0.372,0.5093,0.1924,0.23
42003051100,Tract 511,1.0,807,204,0.154,260,53,0.124,17.0,6.6,0.236,0.5626,0.1423,0.154,0.0446,0.0584,0.795,0.2156,0.1816,0.512,0.5948,0.2139,0.219,0.0,0.0149,,0.0,0.0149,,8889,8325,0.569,6800,5108,0.457,0.9083,0.2058,0.138,0.2189,0.2804,0.779,0.4427,0.1826,0.251,0.0964,0.1215,0.766,270,53,0.119,0.037,0.0625,1.027,2015,2,0.001,0.0519,0.0696,0.816,0.0926,0.1129,0.741,0.0,0.0629,,0.1222,0.1063,0.528,1.0,0.0,0.0,260,53,0.124,0,12,,1.0,0.0,0.0,1057,172,0.099,,,,0.6538,0.2233,0.208,0.45,0.182,0.246,,,,0.1529,0.1434,0.57,0.2994,0.2048,0.416,0.0,0.0764,,0.0,0.0764,,0.5478,0.251,0.279,0.4231,0.2472,0.355
42003060300,Tract 603,1.0,2724,329,0.073,1681,167,0.06,31.5,0.9,0.017,0.0367,0.032,0.531,0.105,0.0328,0.19,0.8025,0.0596,0.045,0.0393,0.0383,0.592,0.0709,0.0346,0.297,0.04,0.026,0.395,105128,23908,0.138,84490,15619,0.112,0.112,0.0432,0.235,0.0198,0.0211,0.645,0.8021,0.0628,0.048,0.8105,0.082,0.062,2008,141,0.043,0.1628,0.0723,0.27,1962,32,0.01,0.0847,0.0308,0.221,0.1409,0.0546,0.236,0.1653,0.069,0.254,0.2764,0.0577,0.127,0.6365,0.0751,0.072,1070,165,0.094,611,128,0.127,0.5794,0.0665,0.07,1789,173,0.059,341200,27222,0.049,0.3832,0.1342,0.213,0.1009,0.0616,0.371,0.1195,0.0995,0.506,0.3923,0.0902,0.14,0.0892,0.0615,0.419,0.1178,0.0674,0.348,0.0257,0.0308,0.728,0.3303,0.0865,0.159,0.0999,0.0549,0.334
42003060500,Tract 605,1.0,1115,195,0.106,665,107,0.098,40.3,4.0,0.06,0.0278,0.0262,0.574,0.2224,0.0738,0.202,0.9121,0.0248,0.017,0.0314,0.0327,0.634,0.0045,0.0062,0.844,0.0,0.0108,,54926,18722,0.207,59670,16008,0.163,0.1229,0.0574,0.284,0.006,0.0095,0.967,0.7677,0.0145,0.011,0.5143,0.0624,0.074,880,117,0.081,0.2443,0.0873,0.217,1938,,,0.317,0.0565,0.108,0.3534,0.099,0.17,0.0307,0.0292,0.578,0.1239,0.0758,0.372,0.5323,0.1199,0.137,354,98,0.168,311,67,0.131,0.4287,0.0893,0.127,1079,141,0.079,278400,61611,0.135,0.4972,0.1999,0.244,0.3079,0.1847,0.365,0.0868,0.095,0.665,0.4203,0.0711,0.103,0.1531,0.0798,0.317,0.0565,0.0425,0.457,0.0439,0.0379,0.525,0.1455,0.0486,0.203,0.2271,0.1042,0.279
42003070300,Tract 703,1.0,2077,326,0.095,1018,144,0.086,31.2,4.6,0.09,0.0602,0.0299,0.302,0.1921,0.0544,0.172,0.6375,0.0415,0.04,0.0843,0.0423,0.305,0.1584,0.0955,0.367,0.0857,0.0512,0.363,90625,21820,0.146,82320,19421,0.143,0.1497,0.0582,0.236,0.0068,0.0127,1.14,0.6793,0.1062,0.095,0.8078,0.1588,0.119,1282,114,0.054,0.2059,0.0894,0.264,1938,,,0.2363,0.0792,0.204,0.2566,0.0775,0.184,0.4197,0.1122,0.163,0.0281,0.0222,0.481,0.6198,0.1257,0.123,631,156,0.15,387,88,0.138,0.5746,0.1311,0.139,1325,120,0.055,629400,142122,0.137,0.3788,0.0714,0.115,0.2298,0.0702,0.186,0.2119,0.137,0.393,0.3357,0.0658,0.119,0.2811,0.1424,0.308,0.1227,0.0596,0.295,0.0261,0.0287,0.668,0.2241,0.0688,0.187,0.2456,0.11,0.272
42003070500,Tract 705,1.0,2989,375,0.076,1712,170,0.06,28.5,1.6,0.034,0.0619,0.0316,0.311,0.0689,0.0233,0.206,0.6725,0.0525,0.047,0.0408,0.0287,0.427,0.1435,0.0425,0.18,0.1305,0.0861,0.401,73526,3969,0.033,73342,13451,0.111,0.1565,0.0444,0.172,0.052,0.0289,0.338,0.7864,0.0585,0.045,0.8538,0.0636,0.045,1933,176,0.055,0.1143,0.0591,0.314,1946,10,0.003,0.1195,0.0458,0.233,0.1785,0.0601,0.205,0.3502,0.0885,0.154,0.2581,0.0666,0.157,0.7664,0.0784,0.062,1312,187,0.087,400,102,0.155,0.7523,0.0886,0.072,1420,87,0.037,468200,179958,0.234,0.436,0.1051,0.147,0.2721,0.0994,0.222,0.28,0.214,0.465,0.2662,0.0557,0.127,0.2307,0.1151,0.303,0.0849,0.0359,0.257,0.0595,0.0538,0.55,0.3204,0.0599,0.114,0.2243,0.0625,0.169
42003070600,Tract 706,1.0,2090,427,0.124,1239,241,0.118,31.3,0.9,0.017,0.0584,0.0234,0.244,0.1646,0.0391,0.145,0.8507,0.095,0.068,0.0081,0.0118,0.885,0.0435,0.0318,0.444,0.0574,0.0399,0.423,76865,19648,0.155,66822,9174,0.083,0.1416,0.0513,0.22,0.0347,0.034,0.596,0.7668,0.1348,0.107,0.8201,0.1834,0.136,1412,225,0.097,0.1225,0.0666,0.33,1938,,,0.1048,0.0391,0.227,0.165,0.0662,0.244,0.3846,0.0663,0.105,0.1919,0.0628,0.199,0.6094,0.1594,0.159,755,132,0.106,484,220,0.276,0.5582,0.1544,0.168,1536,131,0.052,530700,324060,0.371,0.4636,0.1254,0.164,0.2026,0.0842,0.253,0.4525,0.4078,0.548,0.3531,0.1459,0.251,0.1189,0.0342,0.175,0.0671,0.0343,0.31,0.0119,0.0157,0.802,0.4168,0.2323,0.339,0.1388,0.0584,0.256
42003070800,Tract 708,1.0,2618,370,0.086,1635,204,0.076,32.8,1.8,0.033,0.0924,0.0334,0.22,0.0668,0.0252,0.229,0.6173,0.0528,0.052,0.0172,0.0193,0.684,0.2296,0.07,0.185,0.0882,0.0641,0.442,103920,28006,0.164,105712,19890,0.114,0.1081,0.0302,0.17,0.0348,0.0227,0.396,0.7559,0.0125,0.01,0.9496,0.0729,0.047,1904,210,0.067,0.1413,0.074,0.318,1989,23,0.007,0.0326,0.0191,0.357,0.1197,0.0438,0.222,0.1612,0.0444,0.167,0.5614,0.0851,0.092,0.808,0.0442,0.033,1321,180,0.083,314,113,0.219,0.8004,0.077,0.058,2177,151,0.042,646300,42028,0.04,0.4406,0.1353,0.187,0.1893,0.0688,0.221,0.1688,0.1429,0.515,0.3478,0.0696,0.122,0.1456,0.0545,0.228,0.1075,0.0723,0.409,0.0058,0.0092,0.969,0.3616,0.0883,0.148,0.1609,0.0627,0.237
42003070900,Tract 709,1.0,4444,536,0.073,2335,301,0.078,30.0,3.3,0.067,0.1121,0.0426,0.231,0.1917,0.0494,0.157,0.5207,0.0803,0.094,0.0641,0.0263,0.25,0.3697,0.0861,0.142,0.0185,0.0151,0.499,47519,11912,0.152,51463,11103,0.131,0.2635,0.0928,0.214,0.0575,0.0457,0.483,0.525,0.0667,0.077,0.7775,0.1165,0.091,2736,324,0.072,0.1466,0.0808,0.335,1960,5,0.002,0.1005,0.0226,0.137,0.0577,0.0481,0.506,0.1246,0.077,0.375,0.6663,0.0541,0.049,0.7032,0.0223,0.019,1642,218,0.081,693,188,0.165,0.6461,0.0728,0.068,1380,62,0.027,441800,117696,0.162,0.6419,0.1222,0.116,0.3727,0.0804,0.131,0.2381,0.1419,0.362,0.25,0.0577,0.14,0.1788,0.0819,0.278,0.2727,0.1163,0.259,0.0,0.0061,,0.2399,0.0715,0.181,0.3006,0.0852,0.172
42003080200,Tract 802,1.0,1637,179,0.066,939,100,0.065,34.3,2.1,0.037,0.0617,0.038,0.375,0.1442,0.0443,0.187,0.8827,0.046,0.032,0.022,0.0176,0.485,0.0159,0.0139,0.534,0.0605,0.0385,0.387,68708,12003,0.106,51520,5642,0.067,0.077,0.0323,0.255,0.0402,0.0244,0.369,0.7692,0.0721,0.057,0.5392,0.0988,0.111,1076,78,0.044,0.1273,0.0541,0.258,1938,,,0.3095,0.066,0.13,0.2203,0.0604,0.167,0.0799,0.0549,0.418,0.0056,0.0139,1.519,0.5506,0.0876,0.097,517,99,0.116,422,72,0.104,0.5058,0.0872,0.105,1274,111,0.053,236400,26019,0.067,0.3907,0.1245,0.194,0.0967,0.055,0.346,0.173,0.1003,0.352,0.4384,0.0569,0.079,0.1371,0.0584,0.259,0.1197,0.0538,0.273,0.0201,0.0234,0.708,0.262,0.098,0.227,0.2119,0.0726,0.208
42003080400,Tract 804,1.0,1568,232,0.09,921,129,0.085,31.3,1.8,0.035,0.0453,0.0376,0.505,0.1435,0.0534,0.226,0.6505,0.0827,0.077,0.0319,0.0225,0.428,0.2162,0.084,0.236,0.0478,0.0531,0.675,65116,7723,0.072,48455,8277,0.104,0.1779,0.0805,0.275,0.013,0.0137,0.64,0.7208,0.1034,0.087,0.684,0.1214,0.108,1046,121,0.07,0.1195,0.0665,0.338,1951,18,0.006,0.1138,0.046,0.246,0.3547,0.0844,0.145,0.0918,0.0836,0.554,0.2983,0.0946,0.193,0.7438,0.1294,0.106,685,153,0.136,236,71,0.183,0.6907,0.1354,0.119,1494,294,0.12,190900,27736,0.088,0.4292,0.1075,0.152,0.2482,0.0995,0.244,0.1907,0.1804,0.575,0.4035,0.1186,0.179,0.1532,0.0866,0.344,0.1668,0.0587,0.214,0.0213,0.0258,0.736,0.1969,0.0459,0.142,0.2117,0.0785,0.225
42003080600,Tract 806,1.0,2054,314,0.093,1053,138,0.08,32.0,2.5,0.047,0.1334,0.0523,0.238,0.1154,0.043,0.226,0.835,0.0902,0.066,0.0248,0.0245,0.601,0.0609,0.0338,0.338,0.0321,0.0283,0.535,61135,12607,0.125,48809,6756,0.084,0.0618,0.033,0.324,0.0376,0.0235,0.38,0.7925,0.0516,0.04,0.7586,0.0911,0.073,1250,165,0.08,0.1576,0.1117,0.431,1938,,,0.3008,0.0704,0.142,0.3568,0.1183,0.202,0.2736,0.0918,0.204,0.0,0.0136,,0.6866,0.0859,0.076,723,131,0.11,330,78,0.144,0.5239,0.1062,0.123,1117,223,0.121,371600,37683,0.062,0.4343,0.132,0.185,0.1508,0.0635,0.256,0.2788,0.1776,0.387,0.3401,0.0862,0.154,0.1527,0.0569,0.227,0.1324,0.0806,0.37,0.042,0.0384,0.556,0.3046,0.0693,0.138,0.1956,0.0758,0.235
42003080700,Tract 807,1.0,1935,261,0.082,1235,184,0.091,29.7,2.5,0.051,0.0739,0.0402,0.33,0.0827,0.0412,0.303,0.6315,0.0374,0.036,0.0646,0.0483,0.455,0.1835,0.0832,0.276,0.0444,0.032,0.438,58750,16335,0.169,50747,8157,0.098,0.1076,0.0317,0.179,0.0257,0.0225,0.532,0.7709,0.0562,0.044,0.7436,0.1028,0.084,1376,176,0.078,0.1025,0.0752,0.446,1947,17,0.005,0.093,0.0265,0.173,0.2318,0.0761,0.2,0.4012,0.065,0.099,0.2471,0.1042,0.256,0.8785,0.0695,0.048,1085,183,0.103,150,39,0.158,0.8193,0.0509,0.038,1311,112,0.052,466700,101116,0.132,0.4793,0.1378,0.175,0.2765,0.1163,0.256,0.4533,0.2699,0.362,0.3475,0.0702,0.123,0.239,0.0932,0.237,0.1686,0.0653,0.235,0.0374,0.031,0.504,0.1679,0.0441,0.16,0.3352,0.1284,0.233
42003080900,Tract 809,1.0,1877,258,0.084,1120,158,0.086,33.5,2.0,0.036,0.0703,0.0359,0.31,0.1689,0.0668,0.24,0.7262,0.12,0.1,0.0639,0.0708,0.674,0.0719,0.0491,0.415,0.0794,0.0597,0.458,62317,11187,0.109,53705,14488,0.164,0.1653,0.0971,0.357,0.0402,0.0336,0.508,0.7965,0.1031,0.079,0.5473,0.0928,0.103,1204,142,0.072,0.0698,0.0601,0.523,1938,,,0.2434,0.098,0.245,0.186,0.0954,0.312,0.3696,0.0949,0.156,0.0324,0.0345,0.647,0.6964,0.1157,0.101,780,170,0.132,340,122,0.218,0.6515,0.1281,0.12,1158,44,0.023,274600,43320,0.096,0.4654,0.1793,0.234,0.1603,0.0964,0.366,0.2471,0.2371,0.583,0.3687,0.11,0.181,0.1436,0.0633,0.268,0.1376,0.0686,0.303,0.0539,0.0352,0.398,0.2506,0.0935,0.227,0.2321,0.1069,0.28
42003090100,Tract 901,1.0,2019,305,0.092,1260,156,0.075,34.1,4.4,0.078,0.0431,0.0253,0.357,0.1199,0.0483,0.245,0.7598,0.0743,0.059,0.0956,0.1045,0.665,0.051,0.0368,0.439,0.0485,0.0389,0.488,112885,30631,0.165,95151,18699,0.119,0.0881,0.0478,0.33,0.0231,0.0282,0.743,0.8475,0.0883,0.063,0.7473,0.0976,0.079,1388,150,0.066,0.0922,0.0633,0.418,1938,,,0.1888,0.0736,0.237,0.1138,0.0543,0.29,0.0159,0.0212,0.814,0.1931,0.0925,0.291,0.5913,0.1028,0.106,745,159,0.13,515,106,0.125,0.59,0.1371,0.141,1773,218,0.075,452700,127632,0.171,0.3128,0.1156,0.225,0.1879,0.0938,0.303,0.1806,0.1478,0.498,0.491,0.1017,0.126,0.1649,0.0698,0.257,0.1126,0.063,0.34,0.0,0.0075,,0.1829,0.0508,0.169,0.1405,0.0709,0.307
42003090200,Tract 902,1.0,2635,277,0.064,1322,181,0.083,36.4,3.2,0.053,0.074,0.0219,0.18,0.2486,0.063,0.154,0.877,0.0341,0.024,0.0239,0.0203,0.517,0.0049,0.006,0.745,0.0482,0.0345,0.436,88534,12187,0.084,61564,7385,0.073,0.1225,0.0719,0.357,0.0266,0.022,0.504,0.6759,0.062,0.056,0.6085,0.0768,0.077,1548,144,0.057,0.146,0.0684,0.285,1938,,,0.2332,0.0649,0.169,0.1699,0.0732,0.262,0.0775,0.0488,0.383,0.0898,0.0426,0.288,0.5144,0.1049,0.124,680,167,0.149,642,97,0.092,0.4385,0.0971,0.135,1210,165,0.083,382900,52636,0.084,0.3265,0.1801,0.335,0.1618,0.1674,0.629,0.1807,0.1011,0.34,0.4216,0.0661,0.095,0.0908,0.0473,0.317,0.1157,0.0428,0.225,0.0435,0.0336,0.469,0.283,0.0674,0.145,0.1831,0.0986,0.327
42003090300,Tract 903,1.0,1384,387,0.17,791,128,0.098,35.5,2.7,0.046,0.1236,0.1122,0.552,0.1611,0.0136,0.051,0.927,0.1049,0.069,0.0108,0.0178,0.999,0.0397,0.0374,0.572,0.0224,0.0192,0.522,77050,14361,0.113,49766,6908,0.084,0.0991,0.037,0.227,0.0257,0.0214,0.505,0.6995,0.0848,0.074,0.584,0.0747,0.078,986,103,0.064,0.1978,0.0711,0.219,1938,,,0.286,0.1159,0.246,0.2515,0.0785,0.19,0.0487,0.0384,0.479,0.0122,0.0219,1.094,0.5461,0.0696,0.078,432,89,0.125,359,119,0.202,0.4263,0.1483,0.211,1214,160,0.08,223600,21195,0.058,0.3449,0.1114,0.196,0.1829,0.0795,0.264,0.1198,0.0942,0.478,0.473,0.1951,0.251,0.1091,0.0431,0.24,0.0873,0.0489,0.341,0.031,0.0227,0.445,0.2032,0.0589,0.176,0.1593,0.0673,0.257
42003100500,Tract 1005,1.0,2016,223,0.067,919,82,0.054,38.9,3.1,0.048,0.1741,0.0417,0.145,0.2693,0.0561,0.127,0.3646,0.0607,0.101,0.5382,0.0743,0.084,0.0164,0.0138,0.511,0.0357,0.0255,0.434,72043,6081,0.051,42646,8121,0.116,0.1761,0.0605,0.209,0.0488,0.0373,0.465,0.6015,0.0649,0.066,0.4118,0.057,0.084,932,80,0.052,0.0139,0.0204,0.887,1956,1,0.0,0.5858,0.0812,0.084,0.0215,0.024,0.681,0.0751,0.0423,0.342,0.0762,0.0463,0.369,0.2884,0.0682,0.144,265,67,0.154,654,95,0.088,0.2954,0.0857,0.176,1516,378,0.152,209900,23173,0.067,0.634,0.199,0.191,0.283,0.1286,0.276,0.2477,0.1036,0.254,0.5513,0.0685,0.075,0.0804,0.0437,0.33,0.0021,0.0095,2.734,0.0074,0.0137,1.125,0.2519,0.0598,0.144,0.1578,0.0629,0.242
42003101100,Tract 1011,1.0,2549,425,0.101,1143,134,0.071,33.5,3.6,0.065,0.0694,0.0316,0.277,0.1087,0.0427,0.239,0.8933,0.0482,0.033,0.029,0.0393,0.823,0.0377,0.0263,0.425,0.0267,0.0215,0.49,101375,17217,0.103,58573,7828,0.081,0.1754,0.077,0.267,0.0305,0.0191,0.382,0.777,0.0796,0.062,0.6399,0.0563,0.053,1492,125,0.051,0.2339,0.0752,0.196,1938,,,0.4377,0.082,0.114,0.0824,0.0331,0.244,0.0248,0.041,1.004,0.0,0.0114,,0.3675,0.0986,0.163,420,123,0.178,723,109,0.092,0.3726,0.1453,0.237,1777,136,0.047,317300,36358,0.07,0.3143,0.1507,0.291,0.0738,0.0555,0.457,0.0415,0.048,0.703,0.4566,0.0397,0.053,0.0297,0.0198,0.406,0.0056,0.0072,0.78,0.0241,0.019,0.479,0.371,0.0887,0.145,0.0534,0.0347,0.395
42003101400,Tract 1014,1.0,3222,400,0.075,1460,204,0.085,40.5,4.2,0.063,0.1664,0.041,0.15,0.1667,0.0373,0.136,0.78,0.1136,0.089,0.0919,0.0717,0.475,0.023,0.0222,0.587,0.0376,0.0344,0.558,87813,11777,0.082,46465,5052,0.066,0.0658,0.0411,0.38,0.0332,0.0228,0.417,0.6883,0.1311,0.116,0.5591,0.0796,0.087,1665,210,0.077,0.1231,0.0524,0.259,1938,,,0.5664,0.0559,0.06,0.164,0.061,0.226,0.0625,0.0396,0.385,0.0204,0.0143,0.426,0.3199,0.064,0.122,467,114,0.148,993,218,0.133,0.2729,0.0661,0.147,1117,95,0.052,282600,48548,0.104,0.2591,0.1033,0.242,0.1113,0.0812,0.443,0.145,0.062,0.26,0.6265,0.1013,0.098,0.0467,0.0356,0.464,0.0207,0.0152,0.446,0.0,0.0071,,0.2606,0.0882,0.206,0.163,0.1172,0.437
42003101800,Tract 1018,1.0,2573,330,0.078,1324,156,0.072,42.4,2.8,0.04,0.1407,0.0525,0.227,0.2173,0.0397,0.111,0.7956,0.0771,0.059,0.1022,0.0596,0.354,0.0393,0.0487,0.754,0.0124,0.0143,0.699,85724,15198,0.108,49788,6705,0.082,0.0715,0.0637,0.542,0.0273,0.0277,0.618,0.63,0.0418,0.04,0.5739,0.064,0.068,1335,155,0.071,0.0082,0.0119,0.881,1945,5,0.002,0.8981,0.0663,0.045,0.0794,0.0443,0.339,0.0,0.0127,,0.0,0.0127,,0.1042,0.0592,0.345,138,80,0.352,1186,162,0.083,0.0952,0.0562,0.359,1509,274,0.11,243200,12609,0.032,0.2029,0.2502,0.75,0.0,0.087,,0.1358,0.0583,0.261,0.6049,0.1112,0.112,0.0486,0.0442,0.553,0.0,0.0091,,0.0076,0.0113,0.907,0.31,0.1076,0.211,0.0438,0.0326,0.452
42003101900,Tract 1019,1.0,2803,373,0.081,1133,171,0.092,33.2,3.0,0.055,0.2562,0.0824,0.196,0.1124,0.0535,0.289,0.2405,0.0536,0.136,0.5747,0.0928,0.098,0.0275,0.029,0.642,0.0838,0.0737,0.535,60625,17542,0.176,35714,6993,0.119,0.3143,0.1281,0.248,0.1591,0.0667,0.255,0.6916,0.0716,0.063,0.4866,0.0884,0.11,1331,144,0.066,0.1488,0.0734,0.3,1943,19,0.006,0.4853,0.1056,0.132,0.1525,0.0747,0.298,0.006,0.0075,0.757,0.0255,0.0207,0.491,0.5834,0.1081,0.113,661,158,0.145,472,129,0.166,0.5879,0.1467,0.152,1255,149,0.072,218100,50799,0.142,0.4085,0.1515,0.226,0.2859,0.1434,0.305,0.2161,0.1119,0.315,0.371,0.115,0.188,0.1595,0.1003,0.382,0.1432,0.0618,0.262,0.0301,0.0259,0.522,0.2425,0.1035,0.259,0.1959,0.0829,0.257
42003110200,Tract 1102,1.0,4241,734,0.105,2144,351,0.1,32.9,5.2,0.096,0.1344,0.0365,0.165,0.1254,0.0419,0.203,0.7126,0.0602,0.051,0.1287,0.0281,0.133,0.0384,0.028,0.443,0.0358,0.0249,0.423,98906,22242,0.137,63093,8592,0.083,0.0851,0.0456,0.326,0.0323,0.0198,0.373,0.7495,0.0406,0.033,0.7351,0.0449,0.037,2364,355,0.091,0.0931,0.0623,0.407,1938,,,0.3452,0.1046,0.184,0.2965,0.1112,0.228,0.1497,0.0403,0.163,0.132,0.0597,0.275,0.5513,0.0831,0.092,1182,263,0.135,962,285,0.18,0.4762,0.0882,0.113,1367,72,0.032,487500,64621,0.081,0.3951,0.1033,0.159,0.0541,0.0388,0.435,0.2225,0.2227,0.609,0.3629,0.0979,0.164,0.0983,0.0221,0.137,0.1057,0.108,0.621,0.0141,0.0092,0.397,0.3714,0.1615,0.264,0.1091,0.0403,0.224
42003110600,Tract 1106,1.0,2364,270,0.069,1062,116,0.066,41.6,4.5,0.066,0.2221,0.0466,0.128,0.2094,0.0485,0.141,0.816,0.0771,0.057,0.0838,0.0546,0.396,0.0296,0.0243,0.499,0.0309,0.0298,0.587,109444,33251,0.185,68588,9257,0.082,0.0715,0.056,0.476,0.0094,0.0144,0.931,0.7408,0.0677,0.056,0.8237,0.0812,0.06,1135,94,0.05,0.0643,0.0526,0.497,1938,,,0.6784,0.0454,0.041,0.2167,0.0827,0.232,0.0,0.015,,0.0,0.015,,0.2363,0.0748,0.192,251,84,0.203,811,100,0.075,0.2035,0.06,0.179,1253,265,0.129,442000,29317,0.04,0.4143,0.2103,0.309,0.3227,0.1907,0.359,0.1036,0.0647,0.38,0.4067,0.0826,0.123,0.1,0.0307,0.187,0.0326,0.0307,0.573,0.0474,0.0318,0.408,0.2867,0.0755,0.16,0.081,0.0443,0.333
42003111300,Tract 1113,1.0,2927,457,0.095,1204,166,0.084,32.8,2.8,0.052,0.1513,0.0479,0.193,0.0991,0.0325,0.199,0.5921,0.0916,0.094,0.2292,0.1062,0.282,0.0215,0.0181,0.512,0.0594,0.0389,0.398,76929,14751,0.117,53662,6978,0.079,0.093,0.051,0.334,0.0386,0.0391,0.615,0.7242,0.0882,0.074,0.4762,0.0739,0.094,1561,148,0.058,0.2287,0.0724,0.192,1938,,,0.3017,0.0651,0.131,0.3619,0.092,0.154,0.1813,0.0723,0.242,0.0391,0.0379,0.59,0.6346,0.084,0.08,764,146,0.116,440,98,0.135,0.5118,0.046,0.055,1096,86,0.048,385700,121398,0.191,0.3534,0.1521,0.262,0.1819,0.133,0.444,0.1341,0.1171,0.531,0.5254,0.075,0.087,0.2006,0.093,0.282,0.0572,0.0479,0.509,0.0266,0.0231,0.529,0.1855,0.0649,0.213,0.1678,0.1,0.362
42003111400,Tract 1114,1.0,1235,299,0.147,660,99,0.091,35.1,5.6,0.097,0.0599,0.0495,0.503,0.17,0.0533,0.19,0.3968,0.1206,0.185,0.5401,0.195,0.22,0.0073,0.0104,0.866,0.0308,0.0248,0.49,59605,19379,0.198,51996,17969,0.21,0.1741,0.0727,0.254,0.1303,0.0982,0.458,0.6039,0.1819,0.183,0.4103,0.0911,0.135,772,91,0.072,0.1451,0.0745,0.312,1957,7,0.002,0.3433,0.0586,0.104,0.2021,0.0886,0.266,0.1554,0.0793,0.31,0.1697,0.0677,0.242,0.6106,0.113,0.112,403,96,0.145,257,49,0.116,0.5503,0.1879,0.208,1052,280,0.162,264000,56731,0.131,0.3995,0.144,0.219,0.1638,0.094,0.349,0.214,0.1837,0.522,0.3405,0.1124,0.201,0.1262,0.0933,0.449,0.1445,0.0872,0.367,0.0,0.0199,,0.3654,0.1115,0.185,0.2712,0.1172,0.263
42003111500,Tract 1115,1.0,3718,614,0.1,2146,324,0.092,32.7,1.8,0.033,0.0952,0.0554,0.354,0.0777,0.0337,0.263,0.2663,0.0914,0.209,0.5457,0.1625,0.181,0.1014,0.0723,0.434,0.0054,0.0083,0.937,57176,11168,0.119,40237,8472,0.128,0.1829,0.1106,0.368,0.1519,0.1446,0.579,0.7981,0.0905,0.069,0.5564,0.1166,0.127,2679,310,0.07,0.199,0.0846,0.259,1986,25,0.008,0.0922,0.0595,0.392,0.0971,0.0582,0.364,0.2591,0.0982,0.23,0.4759,0.1246,0.159,0.9035,0.1,0.067,1939,363,0.114,207,116,0.341,0.7981,0.145,0.11,1283,262,0.124,210900,31953,0.092,0.5291,0.1321,0.152,0.229,0.1139,0.302,0.0628,0.1805,1.747,0.307,0.1567,0.31,0.357,0.1451,0.247,0.18,0.1148,0.388,0.0,0.0053,,0.156,0.066,0.257,0.4096,0.1209,0.179
42003120300,Tract 1203,1.0,1507,545,0.22,609,136,0.136,38.1,11.5,0.183,0.3165,0.0766,0.147,0.1825,0.0867,0.289,0.0206,0.017,0.503,0.8958,0.1001,0.068,0.0,0.008,,0.0664,0.1027,0.941,32188,10929,0.206,25505,9744,0.232,0.3995,0.1534,0.233,0.1061,0.0994,0.57,0.5082,0.1013,0.121,0.3531,0.1515,0.261,794,121,0.093,0.233,0.0862,0.225,1947,6,0.002,0.6436,0.1166,0.11,0.0113,0.0232,1.242,0.0428,0.0558,0.793,0.0126,0.0188,0.907,0.5764,0.1514,0.16,351,121,0.21,258,68,0.16,0.6954,0.2314,0.202,1133,152,0.082,85400,23151,0.165,0.5613,0.1812,0.196,0.302,0.1566,0.315,0.1047,0.1426,0.829,0.5191,0.125,0.146,0.1674,0.0958,0.348,0.0742,0.1049,0.86,0.0,0.0254,,0.1102,0.0895,0.494,0.2775,0.1183,0.259
42003120900,Tract 1209,1.0,1473,303,0.125,597,142,0.145,43.9,7.6,0.105,0.2145,0.0622,0.176,0.2661,0.0742,0.169,0.2016,0.0596,0.18,0.7298,0.1366,0.114,0.0,0.0081,,0.0238,0.0226,0.577,25727,8544,0.202,23991,4558,0.115,0.328,0.1056,0.196,0.0872,0.0678,0.472,0.4787,0.1003,0.127,0.1499,0.0586,0.238,861,129,0.091,0.3066,0.0874,0.173,1938,,,0.4286,0.0982,0.139,0.0534,0.0356,0.405,0.0383,0.037,0.586,0.216,0.1274,0.359,0.66,0.1674,0.154,394,137,0.211,203,62,0.186,0.6062,0.1775,0.178,1323,302,0.139,65300,25349,0.236,0.599,0.2419,0.245,0.5406,0.2492,0.28,0.2808,0.2131,0.461,0.4669,0.1526,0.199,0.2206,0.1087,0.3,0.0257,0.0265,0.626,0.0,0.0221,,0.1489,0.0869,0.355,0.3283,0.1696,0.314
42003130200,Tract 1302,1.0,1073,358,0.203,389,63,0.098,46.2,19.7,0.259,0.1454,0.0494,0.207,0.2637,0.026,0.06,0.069,0.0913,0.805,0.8155,0.1606,0.12,0.0,0.0112,,0.0876,0.1348,0.935,50605,5085,0.061,35816,10193,0.173,0.1569,0.111,0.43,0.0548,0.0397,0.44,0.6565,0.1589,0.147,0.1059,0.0389,0.223,627,73,0.071,0.3796,0.106,0.17,1938,,,0.7767,0.0655,0.051,0.1499,0.0851,0.345,0.0,0.0271,,0.0,0.0271,,0.3393,0.1469,0.263,132,61,0.281,257,63,0.149,0.2749,0.1116,0.247,1339,247,0.112,82900,31679,0.232,0.3939,0.2624,0.405,0.1591,0.1325,0.506,0.1518,0.155,0.621,0.5196,0.2297,0.269,0.169,0.1289,0.464,0.0552,0.0644,0.71,0.0,0.0214,,0.0445,0.0413,0.565,0.2468,0.1281,0.316
42003130600,Tract 1306,1.0,3994,559,0.085,1232,161,0.079,22.7,7.4,0.198,0.4214,0.1013,0.146,0.1084,0.0354,0.198,0.0401,0.046,0.698,0.9084,0.1791,0.12,0.0133,0.0656,3.004,0.0268,0.0265,0.602,32083,20094,0.381,15811,3603,0.139,0.5108,0.1551,0.185,0.1906,0.1168,0.372,0.5912,0.0356,0.037,0.1345,0.0708,0.32,1497,150,0.061,0.177,0.0782,0.268,1968,6,0.002,0.3761,0.0856,0.138,0.0735,0.0543,0.449,0.1824,0.109,0.363,0.0387,0.0375,0.588,0.6445,0.0989,0.093,794,160,0.122,438,141,0.196,0.729,0.1187,0.099,726,498,0.417,109100,38157,0.213,0.5428,0.2058,0.23,0.2305,0.1425,0.376,0.2215,0.1578,0.433,0.45,0.1744,0.236,0.1777,0.1681,0.575,0.0239,0.0386,0.982,0.0,0.0106,,0.099,0.0683,0.419,0.3222,0.1283,0.242
42003130700,Tract 1307,1.0,2334,409,0.107,1064,176,0.101,34.1,11.7,0.209,0.2755,0.0891,0.197,0.2035,0.0533,0.159,0.0647,0.0611,0.574,0.826,0.1126,0.083,0.0,0.0051,,0.0206,0.0319,0.944,31799,4246,0.081,22119,4888,0.134,0.5103,0.1998,0.238,0.1943,0.1272,0.398,0.5417,0.1253,0.141,0.1717,0.0666,0.236,1355,149,0.067,0.2148,0.0831,0.235,1938,,,0.4081,0.0931,0.139,0.0871,0.0626,0.437,0.0753,0.058,0.468,0.11,0.054,0.298,0.6015,0.1189,0.12,640,165,0.157,424,134,0.192,0.6248,0.1383,0.135,501,282,0.342,58000,21576,0.226,0.4344,0.1731,0.242,0.1609,0.1096,0.414,0.3491,0.1788,0.311,0.634,0.1899,0.182,0.1671,0.0893,0.325,0.0605,0.0662,0.665,0.0173,0.0282,0.993,0.0648,0.0627,0.588,0.3675,0.105,0.174
42003130800,Tract 1308,1.0,2186,458,0.127,938,214,0.139,27.0,9.0,0.203,0.3692,0.0812,0.134,0.1349,0.0592,0.266,0.1011,0.0904,0.544,0.7557,0.2146,0.173,0.0,0.0055,,0.0242,0.0293,0.735,27177,11112,0.249,15698,3607,0.14,0.3179,0.1101,0.21,0.1752,0.1058,0.367,0.5671,0.1252,0.134,0.2175,0.1094,0.306,1530,202,0.08,0.3869,0.0551,0.087,1938,,,0.3739,0.1075,0.175,0.1516,0.0895,0.359,0.0765,0.0543,0.431,0.0987,0.0564,0.348,0.6642,0.0851,0.078,623,163,0.159,315,134,0.259,0.7711,0.0991,0.078,756,269,0.216,92200,44151,0.291,0.6854,0.2686,0.238,0.3098,0.2113,0.415,0.219,0.1496,0.415,0.4872,0.2165,0.27,0.371,0.1521,0.249,0.0422,0.0691,0.995,0.0,0.0181,,0.0452,0.0642,0.863,0.3294,0.1227,0.226
42003140100,Tract 1401,1.0,6246,404,0.039,1048,123,0.071,19.9,0.2,0.006,0.1095,0.0311,0.172,0.0765,0.0172,0.136,0.5967,0.058,0.059,0.0492,0.0212,0.262,0.2309,0.0394,0.104,0.0703,0.0268,0.232,222778,66883,0.183,59010,11864,0.122,0.1389,0.1021,0.447,0.0336,0.0196,0.354,0.463,0.039,0.051,0.8434,0.0942,0.068,1145,121,0.064,0.0847,0.0516,0.37,1938,,,0.5869,0.0711,0.074,0.0,0.021,,0.0541,0.0308,0.346,0.1249,0.052,0.253,0.2395,0.1071,0.272,251,116,0.281,797,109,0.083,0.2258,0.1156,0.311,2131,244,0.07,776700,96691,0.076,0.741,0.3482,0.286,0.741,0.3279,0.269,0.0615,0.0735,0.727,0.2574,0.0591,0.14,0.0731,0.0364,0.302,0.3611,0.0673,0.113,0.0339,0.0222,0.398,0.2279,0.06,0.16,0.1231,0.104,0.514
42003140200,Tract 1402,1.0,2537,471,0.113,853,107,0.076,23.0,1.0,0.026,0.1604,0.0595,0.225,0.0836,0.0276,0.201,0.6929,0.154,0.135,0.0264,0.0211,0.486,0.1908,0.0343,0.109,0.054,0.0344,0.388,65378,17626,0.164,64197,13486,0.128,0.1963,0.0491,0.152,0.009,0.0103,0.696,0.6687,0.0599,0.054,0.8743,0.264,0.184,974,87,0.054,0.1242,0.0845,0.413,1960,8,0.002,0.347,0.1,0.175,0.0893,0.0534,0.364,0.2259,0.0927,0.25,0.2977,0.1028,0.21,0.5885,0.0358,0.037,502,70,0.085,351,109,0.189,0.4144,0.1303,0.191,1230,98,0.048,777500,162203,0.127,0.6713,0.16,0.145,0.4203,0.1287,0.186,0.1738,0.1133,0.396,0.3075,0.0979,0.194,0.1485,0.0554,0.227,0.2163,0.0478,0.134,0.0136,0.0127,0.567,0.2849,0.0928,0.198,0.3072,0.0712,0.141
42003140300,Tract 1403,1.0,3400,392,0.07,1335,148,0.067,35.0,1.4,0.024,0.1685,0.0357,0.129,0.1832,0.0293,0.097,0.7438,0.1185,0.097,0.03,0.0351,0.712,0.1015,0.0579,0.347,0.0456,0.0304,0.406,129464,45769,0.215,80029,10814,0.082,0.1115,0.0662,0.361,0.0315,0.0206,0.399,0.7065,0.0467,0.04,0.8553,0.0808,0.057,1540,104,0.041,0.1331,0.0584,0.267,1938,,,0.3896,0.0572,0.089,0.2864,0.0734,0.156,0.0545,0.0454,0.506,0.0773,0.0317,0.249,0.4697,0.0953,0.123,627,145,0.141,708,93,0.08,0.4364,0.1077,0.15,2054,169,0.05,621700,73466,0.072,0.3349,0.1241,0.225,0.236,0.1223,0.315,0.1525,0.0874,0.348,0.3966,0.0723,0.111,0.1181,0.0706,0.363,0.0484,0.0416,0.523,0.0214,0.0191,0.542,0.3473,0.102,0.179,0.0936,0.0455,0.296
42003140400,Tract 1404,1.0,2200,334,0.092,876,93,0.065,46.1,3.4,0.045,0.1823,0.014,0.047,0.2355,0.0228,0.059,0.8341,0.0933,0.068,0.0036,0.005,0.831,0.0645,0.0336,0.316,0.0505,0.0285,0.344,194688,43499,0.136,109277,16728,0.093,0.0582,0.0267,0.279,0.0178,0.014,0.476,0.643,0.0682,0.064,0.8753,0.0916,0.064,971,87,0.054,0.0978,0.0424,0.263,1938,,,0.7487,0.0874,0.071,0.1349,0.0506,0.228,0.0,0.0175,,0.0051,0.0143,1.688,0.1393,0.0468,0.204,122,43,0.214,754,92,0.074,0.125,0.0443,0.215,2156,715,0.202,688300,103170,0.091,0.4672,0.2622,0.341,0.3115,0.2108,0.411,0.1976,0.0954,0.293,0.4704,0.1398,0.181,0.027,0.0183,0.412,0.0652,0.053,0.494,0.0565,0.0289,0.311,0.3322,0.0724,0.133,0.0194,0.0162,0.508
42003140500,Tract 1405,1.0,2338,361,0.094,1133,263,0.141,32.9,2.4,0.044,0.0928,0.0333,0.218,0.1249,0.0368,0.179,0.5855,0.132,0.137,0.1373,0.056,0.248,0.0689,0.0767,0.677,0.047,0.033,0.426,95523,7140,0.045,60616,10957,0.11,0.1035,0.0649,0.381,0.0817,0.0463,0.345,0.746,0.0835,0.068,0.7635,0.1214,0.097,1229,274,0.136,0.0781,0.0593,0.462,1938,,,0.3377,0.1784,0.321,0.3442,0.0736,0.13,0.2116,0.0666,0.191,0.009,0.0126,0.854,0.5719,0.1755,0.187,648,130,0.122,485,244,0.306,0.5926,0.0936,0.096,1392,228,0.1,288700,244061,0.514,0.3056,0.1289,0.256,0.1049,0.0694,0.402,0.0804,0.0666,0.503,0.4418,0.083,0.114,0.1041,0.0595,0.347,0.0007,0.0021,1.819,0.0469,0.0507,0.658,0.2736,0.0602,0.134,0.1845,0.0668,0.22
42003140800,Tract 1408,1.0,4731,601,0.077,1873,232,0.075,35.4,4.5,0.077,0.2443,0.0379,0.094,0.1773,0.0283,0.097,0.7233,0.0889,0.075,0.0526,0.0456,0.527,0.1304,0.0528,0.246,0.026,0.0136,0.317,87538,16729,0.116,54432,7641,0.085,0.1098,0.0368,0.204,0.0209,0.0224,0.651,0.6516,0.0314,0.029,0.8407,0.0215,0.016,2017,193,0.058,0.0714,0.0466,0.397,1938,,,0.4274,0.053,0.075,0.1666,0.0421,0.154,0.1145,0.0733,0.389,0.1309,0.0499,0.232,0.5222,0.0809,0.094,978,194,0.121,895,132,0.09,0.4136,0.0568,0.084,1449,180,0.076,600200,61920,0.063,0.4049,0.118,0.177,0.1708,0.0789,0.281,0.1989,0.0995,0.304,0.3794,0.0795,0.127,0.1833,0.0665,0.221,0.1025,0.0533,0.316,0.0115,0.0127,0.67,0.2467,0.0593,0.146,0.2136,0.0878,0.25
42003141100,Tract 1411,1.0,1369,183,0.081,611,57,0.057,45.7,7.6,0.101,0.141,0.0466,0.201,0.271,0.046,0.103,0.9036,0.0698,0.047,0.0387,0.0413,0.649,0.0153,0.0115,0.456,0.0161,0.0189,0.714,103750,9434,0.055,52890,9134,0.105,0.0774,0.0421,0.331,0.0945,0.0762,0.49,0.6655,0.0885,0.081,0.5688,0.0783,0.084,626,53,0.051,0.024,0.0367,0.931,1946,9,0.003,0.9137,0.0538,0.036,0.0415,0.059,0.864,0.0,0.0271,,0.0,0.0271,,0.1489,0.0773,0.316,91,48,0.321,520,66,0.077,0.129,0.069,0.325,1371,307,0.136,252700,36936,0.089,0.4505,0.4013,0.541,0.4505,0.3299,0.445,0.1038,0.0644,0.377,0.6376,0.0824,0.079,0.0351,0.023,0.399,0.0,0.0169,,0.0,0.0169,,0.2402,0.0626,0.158,0.0,0.0278,
42003141200,Tract 1412,1.0,4197,401,0.058,1833,155,0.051,43.2,4.4,0.062,0.1766,0.0308,0.106,0.2235,0.0333,0.09,0.8113,0.0521,0.039,0.0572,0.0524,0.557,0.04,0.0218,0.331,0.0396,0.0242,0.373,126470,10860,0.052,71875,8326,0.07,0.0637,0.031,0.296,0.0179,0.0139,0.471,0.7359,0.0502,0.041,0.8002,0.0701,0.053,1959,143,0.044,0.0643,0.0442,0.417,1938,,,0.6529,0.0586,0.055,0.1322,0.0425,0.196,0.0459,0.0294,0.389,0.0189,0.0209,0.674,0.2635,0.061,0.141,483,119,0.15,1350,135,0.061,0.1765,0.0441,0.152,1236,188,0.092,437700,24767,0.034,0.354,0.1793,0.308,0.2112,0.1594,0.459,0.1896,0.0826,0.265,0.4554,0.0727,0.097,0.0543,0.0269,0.301,0.0154,0.0124,0.491,0.015,0.0112,0.455,0.4144,0.0739,0.108,0.0524,0.0282,0.327
42003141300,Tract 1413,1.0,4717,514,0.066,2299,234,0.062,32.8,4.5,0.083,0.0926,0.0397,0.261,0.2169,0.0445,0.125,0.6653,0.0765,0.07,0.0346,0.0194,0.34,0.2302,0.066,0.174,0.0333,0.0194,0.354,61354,21785,0.216,64769,13490,0.127,0.2531,0.0956,0.23,0.0292,0.02,0.417,0.6413,0.0835,0.079,0.7286,0.0992,0.083,2459,211,0.052,0.0651,0.0505,0.472,1949,10,0.003,0.2208,0.0502,0.138,0.1159,0.0821,0.431,0.2501,0.0622,0.151,0.3017,0.0733,0.148,0.6951,0.0877,0.077,1598,259,0.099,701,120,0.104,0.6482,0.0862,0.081,1335,104,0.047,372900,69838,0.114,0.525,0.1513,0.175,0.2778,0.1288,0.282,0.2126,0.1291,0.369,0.3603,0.0846,0.143,0.1923,0.0725,0.229,0.0356,0.0275,0.468,0.0455,0.0318,0.424,0.3375,0.0906,0.163,0.3067,0.1021,0.202
42003141400,Tract 1414,1.0,5362,656,0.074,2582,298,0.07,41.7,4.2,0.061,0.1949,0.0451,0.141,0.21,0.0311,0.09,0.6772,0.076,0.068,0.0451,0.0289,0.39,0.0804,0.024,0.181,0.0765,0.0489,0.389,113472,16301,0.087,73878,9766,0.08,0.062,0.03,0.295,0.0512,0.034,0.404,0.655,0.082,0.076,0.7804,0.0616,0.048,2935,302,0.063,0.1203,0.0684,0.346,1963,6,0.002,0.4184,0.0559,0.081,0.047,0.0275,0.355,0.1605,0.0673,0.255,0.2596,0.0761,0.178,0.4578,0.076,0.101,1182,239,0.123,1400,231,0.1,0.3181,0.0821,0.157,1148,236,0.125,462000,42858,0.056,0.4772,0.1335,0.17,0.165,0.0814,0.3,0.1221,0.0641,0.319,0.5263,0.1404,0.162,0.0618,0.0327,0.322,0.0417,0.0413,0.602,0.0102,0.016,0.948,0.258,0.109,0.257,0.1913,0.0562,0.179
42003151600,Tract 1516,1.0,2413,325,0.082,1253,206,0.1,43.3,3.2,0.045,0.1131,0.034,0.183,0.2441,0.0796,0.198,0.7882,0.0639,0.049,0.0551,0.0813,0.897,0.0601,0.06,0.607,0.0617,0.044,0.433,70069,24144,0.209,49999,6941,0.084,0.0746,0.0479,0.39,0.1001,0.0756,0.459,0.6588,0.0505,0.047,0.565,0.081,0.087,1415,244,0.105,0.1145,0.0876,0.465,1938,,,0.7618,0.1084,0.086,0.1583,0.0742,0.285,0.0099,0.0176,1.083,0.0184,0.0206,0.683,0.2642,0.096,0.221,331,132,0.242,922,206,0.136,0.1852,0.0637,0.209,1188,96,0.049,219300,15485,0.043,0.5438,0.283,0.316,0.3927,0.2965,0.459,0.1399,0.1068,0.464,0.4622,0.0962,0.126,0.1242,0.056,0.274,0.068,0.0715,0.64,0.0445,0.0295,0.404,0.1686,0.0662,0.239,0.1612,0.0929,0.35
42003151700,Tract 1517,1.0,4169,649,0.095,2330,396,0.103,42.4,5.2,0.075,0.1029,0.0278,0.164,0.2154,0.061,0.172,0.8323,0.0715,0.052,0.0293,0.0267,0.555,0.0278,0.0268,0.585,0.0892,0.0411,0.28,67456,25402,0.229,51492,7125,0.084,0.1219,0.0779,0.389,0.0167,0.0189,0.688,0.6534,0.0617,0.057,0.6224,0.0882,0.086,2582,371,0.087,0.0976,0.0659,0.411,1938,,,0.6193,0.1225,0.12,0.2359,0.0874,0.225,0.0108,0.0128,0.717,0.0194,0.0174,0.548,0.4124,0.1231,0.181,961,330,0.209,1369,246,0.109,0.3586,0.0941,0.159,1415,202,0.087,268200,17354,0.039,0.2643,0.0862,0.198,0.127,0.0805,0.386,0.282,0.1616,0.348,0.4947,0.0861,0.106,0.1163,0.0541,0.283,0.0372,0.0275,0.449,0.0,0.0051,,0.2428,0.0595,0.149,0.1489,0.0561,0.229
42003160800,Tract 1608,1.0,2384,553,0.141,1258,218,0.105,35.5,1.7,0.029,0.0994,0.0573,0.351,0.13,0.0315,0.147,0.8326,0.1424,0.104,0.0524,0.0357,0.414,0.0038,0.0062,1.003,0.0701,0.0677,0.588,55761,23695,0.258,42258,6600,0.095,0.1615,0.0565,0.213,0.0579,0.0324,0.34,0.7486,0.1248,0.101,0.3788,0.0447,0.072,1513,222,0.089,0.1685,0.1015,0.366,1938,,,0.6471,0.1213,0.114,0.2003,0.08,0.243,0.0,0.0112,,0.0145,0.0275,1.15,0.5024,0.0614,0.074,632,134,0.129,626,209,0.203,0.4738,0.0497,0.064,1394,306,0.133,201000,62490,0.189,0.5396,0.179,0.202,0.1741,0.1145,0.4,0.1981,0.1052,0.323,0.5357,0.0839,0.095,0.1915,0.1072,0.34,0.032,0.0231,0.438,0.0,0.008,,0.1388,0.0704,0.308,0.0723,0.0538,0.452
42003160900,Tract 1609,1.0,3603,482,0.081,2023,219,0.066,26.6,1.6,0.037,0.0375,0.0279,0.453,0.1601,0.0619,0.235,0.8687,0.0628,0.044,0.0483,0.0557,0.701,0.0333,0.0254,0.464,0.0308,0.0141,0.279,72953,14750,0.123,56431,12449,0.134,0.2362,0.0746,0.192,0.0086,0.0137,0.968,0.6701,0.0562,0.051,0.6287,0.118,0.114,2261,182,0.049,0.1053,0.0805,0.465,1977,19,0.006,0.1238,0.0607,0.298,0.1464,0.0792,0.329,0.1628,0.0934,0.349,0.3622,0.0915,0.154,0.7929,0.1028,0.079,1604,271,0.103,419,147,0.213,0.7605,0.1089,0.087,1672,203,0.074,233100,106183,0.277,0.457,0.1399,0.186,0.2693,0.1188,0.268,0.0119,0.0818,4.166,0.4773,0.102,0.13,0.0564,0.0379,0.408,0.0528,0.0394,0.454,0.0073,0.0114,0.945,0.3823,0.075,0.119,0.1794,0.0922,0.312
42003161000,Tract 1610,1.0,3200,782,0.149,1146,244,0.129,30.3,3.0,0.06,0.2825,0.0641,0.138,0.1131,0.0142,0.076,0.3947,0.112,0.172,0.4881,0.183,0.228,0.0116,0.0179,0.941,0.0259,0.0213,0.498,57372,33505,0.355,30995,12470,0.245,0.3881,0.2163,0.339,0.1647,0.128,0.473,0.6809,0.0484,0.043,0.1901,0.0673,0.215,1390,258,0.113,0.1755,0.0713,0.247,1942,5,0.002,0.805,0.2025,0.153,0.018,0.0175,0.59,0.1432,0.1497,0.636,0.0,0.0122,,0.3874,0.2142,0.336,444,263,0.36,702,122,0.106,0.4316,0.2187,0.308,1138,1069,0.571,69700,19554,0.171,0.7207,0.3235,0.273,0.6261,0.3713,0.36,0.1724,0.1193,0.421,0.5444,0.1266,0.141,0.0797,0.0599,0.456,0.0,0.0091,,0.0,0.0091,,0.2217,0.1109,0.304,0.1571,0.171,0.662
42003170200,Tract 1702,1.0,3732,606,0.099,2138,283,0.08,29.2,3.3,0.069,0.0804,0.0473,0.358,0.1168,0.0366,0.19,0.7655,0.1699,0.135,0.1897,0.1113,0.357,0.0198,0.0239,0.733,0.0024,0.0037,0.94,67348,18704,0.169,83228,40457,0.296,0.1498,0.0911,0.37,0.0137,0.0134,0.596,0.7762,0.0877,0.069,0.5786,0.121,0.127,2505,219,0.053,0.1465,0.0715,0.297,1938,,,0.1864,0.0642,0.209,0.3737,0.1139,0.185,0.0747,0.0494,0.402,0.0044,0.009,1.241,0.5444,0.1003,0.112,1164,264,0.138,974,210,0.131,0.5146,0.1004,0.119,1522,319,0.127,283300,59785,0.128,0.5713,0.1918,0.204,0.2285,0.1292,0.344,0.2659,0.1164,0.266,0.4,0.0863,0.131,0.1186,0.0604,0.309,0.1088,0.0619,0.346,0.0062,0.0098,0.958,0.2964,0.1291,0.265,0.1469,0.0945,0.391
42003170600,Tract 1706,1.0,1701,289,0.103,897,135,0.091,36.2,4.0,0.067,0.0253,0.0237,0.57,0.1599,0.0562,0.214,0.8013,0.0198,0.015,0.1123,0.1136,0.615,0.017,0.0257,0.917,0.0558,0.0503,0.547,59301,11314,0.116,43422,5316,0.074,0.1858,0.0755,0.247,0.0281,0.0276,0.597,0.7505,0.0715,0.058,0.4476,0.0732,0.099,1146,131,0.069,0.2173,0.0736,0.206,1938,,,0.5366,0.0772,0.087,0.2365,0.0827,0.213,0.0698,0.0695,0.606,0.034,0.0221,0.395,0.5418,0.1018,0.114,486,117,0.146,411,96,0.142,0.607,0.1072,0.107,1298,201,0.094,184700,110608,0.364,0.3663,0.1132,0.188,0.2695,0.0952,0.215,0.2165,0.1926,0.541,0.6627,0.084,0.077,0.0417,0.0322,0.469,0.0554,0.063,0.691,0.0077,0.0118,0.938,0.1848,0.0677,0.223,0.1394,0.0954,0.416
42003180300,Tract 1803,1.0,1837,339,0.112,984,207,0.128,42.6,0.7,0.01,0.1453,0.0615,0.257,0.1459,0.0563,0.235,0.5373,0.0436,0.049,0.3909,0.1318,0.205,0.0,0.0065,,0.0582,0.065,0.678,43125,15022,0.212,34696,9677,0.17,0.2466,0.0826,0.204,0.084,0.0586,0.425,0.6395,0.1185,0.113,0.2505,0.1388,0.337,1246,183,0.089,0.2103,0.0732,0.212,1938,,,0.6236,0.1289,0.126,0.11,0.0702,0.388,0.0634,0.0763,0.731,0.077,0.0586,0.462,0.5163,0.1237,0.146,508,162,0.194,476,178,0.227,0.5435,0.1658,0.185,1039,296,0.173,89700,65976,0.447,0.3268,0.1651,0.307,0.1496,0.1016,0.413,0.2227,0.1159,0.317,0.5416,0.1844,0.207,0.2413,0.1635,0.412,0.0263,0.0426,0.982,0.0,0.0126,,0.1349,0.0765,0.345,0.3018,0.1311,0.264
42003180700,Tract 1807,1.0,2396,414,0.105,1092,104,0.058,31.4,2.4,0.046,0.106,0.0459,0.263,0.091,0.0337,0.225,0.6945,0.0972,0.085,0.1816,0.103,0.345,0.0096,0.012,0.759,0.0743,0.1078,0.882,68889,13720,0.121,49672,14452,0.177,0.2442,0.1296,0.323,0.0329,0.0242,0.448,0.6917,0.0462,0.041,0.4876,0.1152,0.144,1152,94,0.05,0.0521,0.0449,0.525,1938,,,0.612,0.1212,0.12,0.1398,0.078,0.339,0.0,0.0147,,0.0877,0.0526,0.365,0.6685,0.1165,0.106,730,145,0.121,362,118,0.198,0.6636,0.1643,0.15,1647,176,0.065,152100,64313,0.257,0.3808,0.157,0.251,0.189,0.116,0.373,0.0525,0.1021,1.183,0.7288,0.1434,0.12,0.0088,0.0135,0.928,0.0252,0.0191,0.462,0.0,0.0082,,0.1815,0.079,0.264,0.0943,0.0522,0.336
42003190300,Tract 1903,1.0,2030,287,0.086,1231,173,0.085,46.4,13.8,0.181,0.1207,0.0653,0.329,0.2926,0.075,0.156,0.8626,0.0555,0.039,0.0527,0.077,0.888,0.0,0.0059,,0.0626,0.047,0.456,95885,26173,0.166,71277,11044,0.094,0.0246,0.0203,0.5,0.0746,0.0714,0.582,0.7671,0.0886,0.07,0.5757,0.0799,0.084,1275,139,0.066,0.0345,0.0524,0.923,1938,,,0.5341,0.0593,0.068,0.16,0.101,0.384,0.1122,0.0902,0.489,0.0612,0.0382,0.38,0.3883,0.1313,0.206,478,175,0.223,753,96,0.078,0.3621,0.1169,0.196,1198,140,0.071,249300,28548,0.07,0.318,0.2569,0.491,0.1318,0.1733,0.799,0.1793,0.0905,0.307,0.6395,0.1291,0.123,0.0415,0.029,0.425,0.0338,0.0356,0.64,0.0131,0.0198,0.923,0.1952,0.056,0.174,0.0447,0.0345,0.47
42003191100,Tract 1911,1.0,2346,298,0.077,1352,161,0.072,41.7,6.7,0.098,0.0678,0.027,0.242,0.2741,0.067,0.149,0.8802,0.0728,0.05,0.0111,0.014,0.768,0.0584,0.0493,0.513,0.0205,0.0207,0.616,104286,15674,0.091,74745,9636,0.078,0.104,0.0461,0.27,0.0287,0.0271,0.574,0.7005,0.0397,0.034,0.6259,0.0751,0.073,1493,165,0.067,0.0944,0.0553,0.356,1943,11,0.003,0.6283,0.0148,0.014,0.1072,0.0609,0.346,0.0087,0.0162,1.129,0.1989,0.0796,0.243,0.318,0.1082,0.207,430,155,0.219,922,109,0.072,0.3193,0.105,0.2,1492,383,0.156,239800,43985,0.112,0.2,0.0959,0.292,0.1047,0.0668,0.388,0.2787,0.0827,0.18,0.6122,0.0835,0.083,0.0208,0.0192,0.561,0.0,0.0081,,0.0,0.0081,,0.3273,0.1081,0.201,0.0237,0.0218,0.559
42003191400,Tract 1914,1.0,2486,339,0.083,1548,221,0.087,32.3,3.1,0.058,0.0833,0.0359,0.262,0.1862,0.0426,0.139,0.8427,0.0778,0.056,0.031,0.0201,0.394,0.0221,0.026,0.714,0.0237,0.019,0.488,66250,19966,0.183,51511,5494,0.065,0.1669,0.0604,0.22,0.0452,0.0263,0.353,0.7147,0.0821,0.07,0.6537,0.0867,0.081,1850,191,0.063,0.1632,0.0632,0.235,1938,,,0.3524,0.07,0.121,0.3022,0.0841,0.169,0.0714,0.044,0.375,0.1346,0.0541,0.245,0.7442,0.1093,0.089,1152,236,0.125,396,108,0.166,0.7017,0.1126,0.098,1452,227,0.095,221300,73826,0.203,0.3724,0.1772,0.289,0.0668,0.0403,0.366,0.2475,0.137,0.337,0.523,0.0788,0.092,0.0519,0.0378,0.443,0.0576,0.0368,0.389,0.0,0.0077,,0.347,0.1377,0.241,0.186,0.0563,0.184
42003191500,Tract 1915,1.0,1799,366,0.124,908,131,0.088,34.2,10.3,0.183,0.0117,0.0226,1.175,0.1573,0.054,0.209,0.8888,0.2221,0.152,0.0523,0.0765,0.89,0.0,0.0067,,0.0489,0.0519,0.644,75463,11012,0.089,47270,6596,0.085,0.1051,0.0814,0.471,0.1181,0.1017,0.523,0.8189,0.1162,0.086,0.4166,0.0974,0.142,1096,104,0.058,0.1715,0.0796,0.282,1938,,,0.5995,0.1062,0.108,0.1624,0.0924,0.346,0.1223,0.0639,0.318,0.073,0.059,0.491,0.5077,0.1419,0.17,461,145,0.191,447,138,0.188,0.5192,0.1799,0.211,1451,226,0.095,158800,69055,0.264,0.243,0.1848,0.463,0.0607,0.0645,0.645,0.1834,0.1626,0.539,0.7163,0.1394,0.118,0.1034,0.0557,0.328,0.0047,0.0204,2.631,0.0094,0.0156,1.006,0.098,0.0595,0.369,0.1432,0.11,0.467
42003191600,Tract 1916,1.0,3600,487,0.082,1779,208,0.071,42.9,4.2,0.06,0.1481,0.0392,0.161,0.2339,0.0674,0.175,0.7447,0.0707,0.058,0.1383,0.0789,0.347,0.0072,0.0102,0.861,0.0775,0.0585,0.459,70436,11488,0.099,47045,9175,0.119,0.0929,0.0454,0.297,0.0226,0.0229,0.616,0.6989,0.1302,0.113,0.265,0.0663,0.152,1970,187,0.058,0.097,0.054,0.339,1938,,,0.6822,0.0859,0.077,0.2025,0.0828,0.249,0.0,0.0086,,0.0,0.0086,,0.3648,0.0805,0.134,649,162,0.152,1130,217,0.117,0.3554,0.091,0.156,1184,327,0.168,148300,13828,0.057,0.2496,0.1522,0.371,0.0447,0.0543,0.739,0.1788,0.0773,0.263,0.5701,0.0678,0.072,0.1736,0.0832,0.291,0.0295,0.024,0.494,0.0,0.0057,,0.1712,0.0654,0.232,0.1551,0.0803,0.315
42003191700,Tract 1917,1.0,3193,690,0.131,1475,160,0.066,35.4,2.2,0.038,0.2054,0.0356,0.105,0.1848,0.0172,0.057,0.8371,0.0531,0.039,0.0238,0.0207,0.528,0.0777,0.1194,0.935,0.0498,0.0486,0.594,61625,17003,0.168,39473,9190,0.142,0.1357,0.1186,0.531,0.0175,0.0186,0.647,0.6033,0.1384,0.139,0.3993,0.1312,0.2,1664,158,0.058,0.1136,0.0616,0.329,1938,,,0.8582,0.1084,0.077,0.0781,0.0765,0.595,0.012,0.0166,0.841,0.0,0.0102,,0.3241,0.1498,0.281,478,227,0.289,997,240,0.146,0.3965,0.2147,0.329,1620,460,0.173,175300,13044,0.045,0.6192,0.2497,0.245,0.0941,0.0606,0.391,0.1555,0.1499,0.586,0.6437,0.1768,0.167,0.048,0.029,0.367,0.0,0.0078,,0.0,0.0078,,0.2369,0.1342,0.344,0.0583,0.0387,0.403
42003191800,Tract 1918,1.0,5737,752,0.08,2634,273,0.063,42.6,5.9,0.084,0.1206,0.0494,0.249,0.1806,0.0461,0.155,0.8839,0.0738,0.051,0.0495,0.0376,0.462,0.0241,0.0173,0.438,0.0213,0.0191,0.547,77689,13302,0.104,39511,5358,0.082,0.0432,0.0303,0.426,0.119,0.0683,0.349,0.7179,0.0532,0.045,0.3317,0.047,0.086,2704,270,0.061,0.0259,0.0261,0.614,1942,5,0.002,0.7714,0.0937,0.074,0.1354,0.08,0.359,0.0067,0.0131,1.192,0.0777,0.0518,0.406,0.3576,0.0935,0.159,942,265,0.171,1692,278,0.1,0.3196,0.1061,0.202,1306,328,0.153,176200,16482,0.057,0.1752,0.1346,0.467,0.1316,0.1296,0.599,0.1105,0.0676,0.372,0.5681,0.1016,0.109,0.0852,0.0605,0.432,0.0399,0.0477,0.727,0.0,0.0054,,0.251,0.0679,0.165,0.0968,0.0442,0.277
42003191900,Tract 1919,1.0,2320,265,0.069,1085,182,0.102,40.8,4.3,0.064,0.1319,0.0514,0.237,0.2276,0.0934,0.25,0.9086,0.0835,0.056,0.0237,0.0249,0.637,0.0069,0.0116,1.023,0.0379,0.0576,0.923,72466,17249,0.145,43405,7410,0.104,0.1474,0.1035,0.427,0.0952,0.0953,0.608,0.731,0.0713,0.059,0.4847,0.126,0.158,1119,182,0.099,0.0304,0.0309,0.618,1938,,,0.7676,0.1484,0.118,0.0956,0.0772,0.491,0.017,0.0287,1.029,0.0,0.0152,,0.3512,0.1639,0.284,381,189,0.302,704,134,0.116,0.2698,0.1019,0.23,1153,136,0.072,189900,12638,0.04,0.5564,0.3946,0.431,0.1024,0.1037,0.616,0.1903,0.1022,0.326,0.5943,0.0611,0.063,0.0985,0.061,0.376,0.0162,0.0229,0.86,0.0,0.0092,,0.1455,0.0608,0.254,0.1189,0.0691,0.353
42003192000,Tract 1920,1.0,3212,574,0.109,1456,175,0.073,41.7,4.6,0.067,0.142,0.0461,0.197,0.2014,0.0514,0.155,0.7089,0.171,0.147,0.1255,0.0713,0.345,0.042,0.036,0.52,0.0246,0.0217,0.535,70000,7419,0.064,37191,5981,0.098,0.1024,0.0408,0.242,0.0956,0.0602,0.383,0.6683,0.1254,0.114,0.3679,0.128,0.211,1739,127,0.044,0.1627,0.0651,0.243,1938,,,0.5704,0.0814,0.087,0.1357,0.07,0.314,0.073,0.0656,0.546,0.069,0.0377,0.332,0.3832,0.108,0.171,558,171,0.186,898,156,0.106,0.3923,0.1696,0.263,936,237,0.154,147300,18470,0.076,0.3029,0.1374,0.276,0.1183,0.07,0.36,0.118,0.0668,0.344,0.6989,0.1412,0.123,0.0847,0.0281,0.202,0.0048,0.0083,1.053,0.0,0.0072,,0.1205,0.0556,0.281,0.1518,0.0837,0.335
42003202200,Tract 2022,1.0,2527,569,0.137,1195,222,0.113,43.8,9.9,0.137,0.1436,0.0489,0.207,0.1448,0.0329,0.138,0.6126,0.1825,0.181,0.2038,0.0611,0.182,0.0321,0.023,0.437,0.0689,0.0634,0.56,56551,3773,0.041,31681,4493,0.086,0.2394,0.1023,0.26,0.0854,0.1143,0.813,0.5654,0.0903,0.097,0.2932,0.1031,0.214,1360,187,0.084,0.1213,0.0829,0.415,1950,10,0.003,0.5118,0.0741,0.088,0.1066,0.0639,0.364,0.0654,0.0645,0.599,0.036,0.0513,0.865,0.3397,0.1133,0.203,406,155,0.232,789,235,0.181,0.3352,0.1171,0.212,693,262,0.23,115700,39799,0.209,0.3276,0.1235,0.229,0.0764,0.0863,0.687,0.1584,0.0934,0.358,0.665,0.1455,0.133,0.1191,0.0423,0.216,0.0,0.0103,,0.0,0.0103,,0.1517,0.0668,0.268,0.2025,0.0913,0.274
42003202300,Tract 2023,1.0,3750,808,0.131,1902,268,0.086,36.1,6.3,0.106,0.1552,0.075,0.294,0.2141,0.0291,0.083,0.7901,0.2071,0.159,0.152,0.1767,0.707,0.0173,0.0145,0.507,0.0008,0.0045,3.442,75808,15942,0.128,40213,4127,0.062,0.0699,0.0362,0.315,0.0367,0.0389,0.644,0.6407,0.0993,0.094,0.4802,0.0822,0.104,2073,255,0.075,0.0825,0.0707,0.521,1961,4,0.001,0.6507,0.0863,0.081,0.042,0.0369,0.534,0.2065,0.0778,0.229,0.0897,0.0541,0.366,0.4422,0.0999,0.137,841,224,0.162,1061,248,0.142,0.3699,0.0754,0.124,1194,53,0.027,218500,22865,0.064,0.1891,0.105,0.338,0.0963,0.0589,0.372,0.1744,0.0994,0.346,0.6787,0.0826,0.074,0.0211,0.0227,0.654,0.0,0.0062,,0.0,0.0062,,0.2272,0.0995,0.266,0.0363,0.0291,0.488
42003241300,Tract 2413,1.0,3766,522,0.084,1888,234,0.075,36.0,2.1,0.035,0.1275,0.0504,0.24,0.1471,0.0407,0.168,0.7323,0.063,0.052,0.1479,0.1072,0.441,0.0228,0.0159,0.423,0.0348,0.0256,0.447,75338,9011,0.073,52777,10719,0.123,0.1442,0.067,0.282,0.0559,0.0347,0.377,0.7582,0.1387,0.111,0.3595,0.0624,0.105,2299,200,0.053,0.1788,0.0544,0.185,1938,,,0.331,0.0719,0.132,0.2549,0.1016,0.242,0.0117,0.019,0.982,0.2271,0.0688,0.184,0.5646,0.0844,0.091,1066,207,0.118,822,178,0.132,0.5429,0.1172,0.131,1539,307,0.121,117600,48019,0.248,0.4418,0.1301,0.179,0.1538,0.0678,0.268,0.0961,0.0616,0.39,0.5544,0.1042,0.114,0.0359,0.0277,0.468,0.113,0.0594,0.319,0.0372,0.0303,0.494,0.1624,0.0607,0.227,0.1547,0.0855,0.336
42003250900,Tract 2509,1.0,1255,316,0.153,608,117,0.117,32.3,1.4,0.026,0.2574,0.0641,0.151,0.1044,0.0436,0.254,0.3928,0.1306,0.202,0.4016,0.1585,0.24,0.0924,0.1326,0.872,0.0494,0.0336,0.414,49500,26230,0.322,33574,8920,0.162,0.3753,0.1421,0.23,0.1647,0.1062,0.392,0.7817,0.1252,0.097,0.2664,0.057,0.13,671,104,0.094,0.0939,0.0547,0.354,1952,9,0.003,0.4426,0.0766,0.105,0.079,0.0485,0.373,0.3621,0.1506,0.253,0.0328,0.0521,0.966,0.5707,0.1835,0.195,347,130,0.228,261,59,0.137,0.5873,0.2213,0.229,763,291,0.232,198900,55267,0.169,0.2565,0.1547,0.367,0.1614,0.134,0.505,0.0996,0.161,0.982,0.4869,0.1126,0.141,0.1803,0.113,0.381,0.0431,0.0621,0.875,0.0,0.0185,,0.1664,0.0623,0.227,0.2451,0.0889,0.221
42003260200,Tract 2602,1.0,2117,281,0.081,905,114,0.077,38.2,2.8,0.045,0.2149,0.0564,0.16,0.1318,0.0325,0.15,0.7459,0.106,0.086,0.145,0.0804,0.337,0.0,0.0057,,0.0383,0.0336,0.534,82981,14388,0.105,41307,6157,0.091,0.2,0.0804,0.244,0.0453,0.0378,0.508,0.7049,0.0622,0.054,0.4352,0.0642,0.09,1018,94,0.056,0.111,0.053,0.291,1938,,,0.7731,0.0278,0.022,0.1297,0.0635,0.298,0.0678,0.0569,0.51,0.0,0.0167,,0.3492,0.1109,0.193,316,108,0.208,589,91,0.094,0.4025,0.1423,0.215,1045,214,0.124,179200,17369,0.059,0.3323,0.1627,0.298,0.2468,0.1666,0.41,0.2071,0.0855,0.251,0.629,0.0977,0.094,0.0787,0.0525,0.406,0.0235,0.0241,0.622,0.0,0.0109,,0.133,0.0346,0.158,0.1039,0.0606,0.354
42003260700,Tract 2607,1.0,1674,403,0.146,639,129,0.123,41.1,5.1,0.075,0.1726,0.0315,0.111,0.1141,0.0155,0.083,0.5735,0.1906,0.202,0.2736,0.0814,0.181,0.0108,0.0123,0.694,0.0245,0.0194,0.482,90149,13706,0.092,36816,5281,0.087,0.1725,0.0799,0.282,0.0683,0.0232,0.206,0.7516,0.1816,0.147,0.3116,0.118,0.23,816,127,0.095,0.2169,0.0855,0.24,1938,,,0.5968,0.0498,0.051,0.1838,0.0773,0.256,0.0147,0.0225,0.929,0.0,0.0208,,0.3052,0.0925,0.184,195,71,0.221,444,132,0.181,0.3035,0.0773,0.155,1146,123,0.065,201900,57280,0.172,0.3436,0.192,0.34,0.1385,0.0834,0.366,0.1982,0.0793,0.243,0.5116,0.2032,0.241,0.0997,0.0555,0.339,0.0373,0.0417,0.68,0.0,0.0121,,0.1732,0.0847,0.297,0.1049,0.0467,0.271
42003261300,Tract 2613,1.0,2815,725,0.157,991,153,0.094,30.9,2.6,0.051,0.3297,0.0423,0.078,0.1123,0.0208,0.112,0.3229,0.1045,0.197,0.6256,0.1805,0.175,0.0,0.0043,,0.0167,0.0238,0.865,58427,24036,0.25,27542,6507,0.144,0.3089,0.1429,0.281,0.0392,0.0401,0.623,0.4974,0.0624,0.076,0.2591,0.0504,0.118,1114,120,0.065,0.1104,0.079,0.435,1957,3,0.001,0.4964,0.0606,0.074,0.0341,0.0382,0.68,0.1382,0.1231,0.541,0.0485,0.0578,0.725,0.5257,0.1465,0.169,521,166,0.194,470,90,0.116,0.6117,0.1524,0.151,1009,279,0.168,175300,18249,0.063,0.238,0.2429,0.62,0.0537,0.055,0.622,0.3213,0.1793,0.339,0.5998,0.0717,0.073,0.0697,0.0574,0.5,0.0,0.0144,,0.0,0.0144,,0.2188,0.1764,0.49,0.3502,0.1418,0.246
42003261400,Tract 2614,1.0,1870,486,0.158,986,157,0.097,51.3,8.4,0.1,0.1396,0.0841,0.366,0.2481,0.0195,0.048,0.3631,0.1769,0.296,0.5449,0.067,0.075,0.0262,0.0314,0.727,0.0246,0.0238,0.587,35766,11081,0.188,32268,14347,0.27,0.3044,0.1869,0.373,0.0738,0.0696,0.573,0.4717,0.094,0.121,0.3214,0.0833,0.157,1276,154,0.073,0.2273,0.094,0.252,1941,7,0.002,0.5995,0.0886,0.09,0.0705,0.0504,0.434,0.0596,0.0401,0.409,0.0933,0.0556,0.363,0.3864,0.0882,0.139,381,106,0.169,605,146,0.147,0.3584,0.0917,0.156,1052,799,0.462,109400,69573,0.387,0.5853,0.1371,0.142,0.5197,0.1336,0.156,0.2975,0.1565,0.32,0.5036,0.1432,0.173,0.0299,0.0327,0.665,0.0,0.0171,,0.0,0.0171,,0.2945,0.1568,0.324,0.1663,0.0709,0.259
42003261500,Tract 2615,1.0,1682,591,0.214,674,116,0.105,35.7,8.9,0.152,0.2105,0.0277,0.08,0.1825,0.079,0.263,0.3026,0.1376,0.276,0.5535,0.2883,0.317,0.0166,0.0206,0.752,0.0089,0.0127,0.866,48571,21024,0.263,23233,5298,0.139,0.2085,0.1009,0.294,0.0496,0.0334,0.409,0.4795,0.2123,0.269,0.2939,0.0686,0.142,782,121,0.094,0.1381,0.0869,0.383,1950,8,0.002,0.6777,0.1355,0.122,0.0946,0.0632,0.406,0.0959,0.0704,0.446,0.0946,0.0464,0.298,0.5564,0.1571,0.172,375,124,0.201,299,52,0.106,0.624,0.2804,0.273,1137,187,0.1,99700,31446,0.192,0.5307,0.2509,0.287,0.1307,0.0609,0.283,0.3043,0.197,0.394,0.5633,0.1132,0.122,0.1614,0.0754,0.284,0.0111,0.0171,0.939,0.0,0.019,,0.1155,0.0462,0.243,0.2834,0.0754,0.162
42003262000,Tract 2620,1.0,2643,504,0.116,1200,147,0.074,36.5,4.0,0.067,0.2425,0.0903,0.226,0.179,0.0457,0.155,0.5891,0.0518,0.053,0.2857,0.1569,0.334,0.0038,0.0083,1.332,0.0253,0.028,0.671,38561,13887,0.219,29425,6841,0.141,0.2969,0.1644,0.336,0.0201,0.0315,0.952,0.627,0.0674,0.065,0.2959,0.094,0.193,1314,118,0.055,0.0868,0.0703,0.493,1938,,,0.5426,0.0887,0.099,0.0472,0.0355,0.457,0.1826,0.0927,0.308,0.1081,0.0692,0.389,0.4642,0.0853,0.112,557,123,0.134,643,134,0.127,0.4558,0.1612,0.215,541,306,0.344,153600,32332,0.128,0.6517,0.2008,0.187,0.5332,0.1804,0.206,0.1042,0.0799,0.466,0.4772,0.0884,0.113,0.1495,0.0946,0.385,0.0136,0.0214,0.958,0.0184,0.0253,0.837,0.2022,0.0756,0.227,0.31,0.1006,0.197
42003270100,Tract 2701,1.0,2419,345,0.087,1181,183,0.094,41.4,5.2,0.076,0.124,0.0357,0.175,0.2522,0.079,0.19,0.8268,0.0562,0.041,0.141,0.0371,0.16,0.0,0.005,,0.0083,0.0099,0.724,75990,16286,0.13,53492,11876,0.135,0.0555,0.037,0.405,0.0538,0.0446,0.504,0.6126,0.0559,0.055,0.3952,0.0529,0.081,1281,161,0.076,0.0781,0.0743,0.579,1938,,,0.7002,0.0886,0.077,0.1343,0.0747,0.338,0.0617,0.0736,0.725,0.0,0.0132,,0.287,0.1172,0.248,339,148,0.265,842,164,0.118,0.2136,0.0815,0.232,1208,172,0.087,223100,35254,0.096,0.3776,0.2797,0.45,0.0,0.0354,,0.2114,0.109,0.313,0.6153,0.0965,0.095,0.099,0.0531,0.326,0.0263,0.0194,0.448,0.0,0.0096,,0.2051,0.0826,0.245,0.1609,0.0981,0.371
42003270300,Tract 2703,1.0,2107,459,0.132,945,182,0.117,35.2,1.8,0.031,0.1984,0.0382,0.117,0.1561,0.0415,0.161,0.411,0.1247,0.184,0.4589,0.1833,0.243,0.0,0.0057,,0.0047,0.0085,1.086,58315,24461,0.255,32800,4065,0.075,0.2292,0.0919,0.244,0.0601,0.0472,0.477,0.6604,0.1802,0.166,0.2232,0.0126,0.034,1026,176,0.104,0.0789,0.0529,0.407,1938,,,0.4064,0.025,0.037,0.2329,0.1587,0.414,0.0419,0.0288,0.418,0.1725,0.0694,0.245,0.564,0.1526,0.164,533,177,0.202,412,99,0.146,0.6533,0.1684,0.157,1041,146,0.085,166800,24039,0.088,0.3809,0.0663,0.106,0.1801,0.0541,0.183,0.1456,0.0911,0.38,0.4234,0.1973,0.283,0.3837,0.34,0.539,0.0274,0.0441,0.977,0.0066,0.0101,0.924,0.1276,0.0349,0.166,0.2815,0.1726,0.373
42003270800,Tract 2708,1.0,2497,379,0.092,1281,263,0.125,43.5,6.0,0.084,0.1542,0.0501,0.198,0.2022,0.0449,0.135,0.7481,0.0983,0.08,0.1834,0.07,0.232,0.0148,0.0118,0.484,0.0364,0.032,0.533,96383,22652,0.143,52960,8733,0.1,0.0674,0.042,0.379,0.0408,0.0398,0.592,0.6765,0.1059,0.095,0.4095,0.0497,0.074,1417,250,0.107,0.096,0.0553,0.35,1938,,,0.8433,0.1246,0.09,0.0353,0.0254,0.437,0.0,0.012,,0.0289,0.0209,0.439,0.1101,0.0401,0.222,141,59,0.254,1140,266,0.142,0.0788,0.0409,0.315,1032,370,0.218,202300,41939,0.126,0.5603,0.2706,0.294,0.3901,0.266,0.414,0.1658,0.0779,0.286,0.5902,0.1629,0.168,0.0296,0.0272,0.56,0.0,0.0087,,0.0101,0.0157,0.944,0.2886,0.0736,0.155,0.0656,0.0333,0.309
42003271600,Tract 2716,1.0,4472,511,0.069,2152,338,0.095,39.2,5.8,0.09,0.2319,0.0575,0.151,0.1225,0.0297,0.147,0.3585,0.0617,0.105,0.4835,0.0678,0.085,0.0,0.0027,,0.051,0.0457,0.545,40632,19704,0.295,26593,3581,0.082,0.3099,0.0996,0.195,0.0754,0.0307,0.247,0.6099,0.0746,0.074,0.1882,0.0584,0.189,2353,332,0.086,0.0854,0.039,0.277,1938,,,0.7106,0.0657,0.056,0.1649,0.1293,0.477,0.0319,0.0293,0.559,0.0119,0.0189,0.965,0.454,0.1394,0.187,977,337,0.21,1175,281,0.145,0.5351,0.0969,0.11,1091,52,0.029,93900,9308,0.06,0.7687,0.2335,0.185,0.347,0.0507,0.089,0.1506,0.0784,0.316,0.4987,0.0614,0.075,0.206,0.138,0.407,0.0196,0.0214,0.662,0.0,0.0062,,0.158,0.0673,0.259,0.3076,0.149,0.294
42003281400,Tract 2814,1.0,2542,376,0.09,1092,154,0.086,39.2,5.7,0.088,0.2349,0.0892,0.231,0.1361,0.0374,0.167,0.5008,0.0904,0.11,0.4138,0.0129,0.019,0.0,0.0047,,0.0,0.0047,,37750,20303,0.327,30208,5868,0.118,0.347,0.0729,0.128,0.075,0.0859,0.696,0.609,0.0969,0.097,0.2397,0.0583,0.148,1183,155,0.08,0.0769,0.0514,0.406,1952,4,0.001,0.6407,0.1039,0.099,0.0423,0.0415,0.596,0.0473,0.0837,1.075,0.1209,0.0777,0.391,0.3654,0.0724,0.12,399,97,0.148,693,139,0.122,0.4217,0.0511,0.074,965,365,0.23,157400,26542,0.103,0.5764,0.2631,0.278,0.5338,0.263,0.299,0.1501,0.122,0.494,0.7165,0.1469,0.125,0.0214,0.0315,0.896,0.0,0.0117,,0.0,0.0117,,0.1301,0.0567,0.265,0.1108,0.1127,0.618
42003281500,Tract 2815,1.0,1552,345,0.135,590,77,0.079,37.2,3.9,0.064,0.2951,0.0669,0.138,0.1289,0.0244,0.115,0.5522,0.1662,0.183,0.3164,0.2095,0.403,0.0,0.0077,,0.0097,0.0107,0.676,60476,16935,0.17,28065,4223,0.091,0.1501,0.0903,0.366,0.0477,0.0374,0.476,0.694,0.11,0.096,0.2429,0.069,0.173,676,53,0.048,0.1272,0.0793,0.379,1938,,,0.8077,0.0875,0.066,0.0828,0.0672,0.493,0.0607,0.0802,0.804,0.0,0.0251,,0.4017,0.1121,0.17,237,73,0.187,353,61,0.105,0.4964,0.1838,0.225,1375,588,0.26,126100,21703,0.105,0.4599,0.2508,0.332,0.3586,0.2371,0.402,0.2011,0.1281,0.387,0.5734,0.1981,0.21,0.1171,0.0896,0.465,0.1077,0.0704,0.398,0.0,0.0162,,0.1171,0.0531,0.276,0.222,0.1139,0.312
42003290100,Tract 2901,1.0,1764,420,0.145,770,134,0.106,42.1,8.6,0.124,0.2307,0.0651,0.171,0.1633,0.0259,0.096,0.6361,0.1174,0.112,0.2222,0.0983,0.269,0.0023,0.0039,1.054,0.0884,0.0812,0.558,47143,32274,0.416,27678,5574,0.122,0.1582,0.0753,0.289,0.1333,0.0916,0.418,0.615,0.0269,0.027,0.2048,0.0693,0.206,979,92,0.057,0.2135,0.0908,0.258,1938,,,0.6486,0.0794,0.074,0.2594,0.0994,0.233,0.0,0.0173,,0.0,0.0173,,0.4234,0.1359,0.195,326,119,0.222,444,95,0.13,0.4165,0.1408,0.206,957,92,0.058,96000,13683,0.087,0.5736,0.2114,0.224,0.3313,0.1921,0.352,0.1194,0.0718,0.365,0.4859,0.1834,0.229,0.1211,0.0611,0.307,0.0444,0.0423,0.579,0.0,0.0162,,0.1911,0.1047,0.333,0.3234,0.1097,0.206
42003290200,Tract 2902,1.0,3840,465,0.074,1865,250,0.081,45.0,5.5,0.074,0.1339,0.0423,0.192,0.2156,0.0452,0.127,0.6279,0.0746,0.072,0.1854,0.0664,0.218,0.0242,0.028,0.702,0.0776,0.0723,0.566,47904,14059,0.178,30921,4826,0.095,0.2216,0.0777,0.213,0.0603,0.0428,0.431,0.556,0.0958,0.105,0.2009,0.0542,0.164,2170,246,0.069,0.1406,0.0472,0.204,1941,13,0.004,0.6682,0.0748,0.068,0.0484,0.0321,0.404,0.047,0.0296,0.383,0.1935,0.0899,0.282,0.4601,0.0657,0.087,858,168,0.119,1007,226,0.136,0.4359,0.0856,0.119,816,155,0.115,95700,15674,0.1,0.4161,0.1919,0.28,0.3333,0.1858,0.339,0.1857,0.1051,0.344,0.4599,0.1107,0.146,0.1529,0.0825,0.328,0.106,0.0838,0.481,0.0,0.0069,,0.1031,0.0641,0.378,0.3357,0.0903,0.164
42003290400,Tract 2904,1.0,3552,534,0.091,1841,201,0.066,41.8,7.3,0.106,0.1236,0.0534,0.262,0.2114,0.0396,0.114,0.7128,0.1342,0.114,0.1892,0.1174,0.377,0.0017,0.0051,1.821,0.0588,0.0442,0.456,70478,18303,0.158,42946,5247,0.074,0.114,0.0649,0.346,0.0598,0.045,0.458,0.6826,0.0866,0.077,0.3208,0.1017,0.193,2254,180,0.049,0.1832,0.0544,0.181,1940,4,0.001,0.6584,0.0812,0.075,0.1872,0.0728,0.236,0.0235,0.0372,0.961,0.0333,0.0261,0.477,0.3737,0.1065,0.173,688,210,0.186,1153,189,0.1,0.4106,0.1473,0.218,1133,189,0.101,126600,14463,0.069,0.2965,0.1041,0.213,0.1206,0.061,0.307,0.1509,0.089,0.359,0.6438,0.1069,0.101,0.0938,0.0814,0.527,0.0161,0.0142,0.539,0.0,0.006,,0.2072,0.066,0.194,0.1564,0.0616,0.24
42003300100,Tract 3001,1.0,3513,872,0.151,1177,172,0.089,31.2,5.5,0.107,0.2368,0.0613,0.157,0.1383,0.0242,0.106,0.2881,0.128,0.27,0.396,0.1316,0.202,0.0242,0.0368,0.925,0.1958,0.1593,0.494,52099,16308,0.19,23180,7454,0.195,0.3743,0.235,0.382,0.035,0.0346,0.6,0.6049,0.0823,0.083,0.2073,0.0769,0.226,1748,183,0.064,0.3267,0.0737,0.137,1938,,,0.607,0.0924,0.093,0.246,0.0828,0.205,0.1007,0.0728,0.439,0.0,0.0097,,0.4469,0.1004,0.137,526,141,0.163,651,134,0.125,0.4609,0.1632,0.215,1059,262,0.15,73200,16500,0.137,0.5057,0.2306,0.277,0.1901,0.1473,0.471,0.2934,0.1547,0.32,0.4394,0.1296,0.179,0.2704,0.1322,0.297,0.0561,0.0484,0.524,0.0217,0.021,0.588,0.0619,0.0446,0.438,0.311,0.1055,0.206
42003310200,Tract 3102,1.0,3249,330,0.062,1402,141,0.061,45.5,5.2,0.069,0.1548,0.0487,0.191,0.2176,0.0398,0.111,0.8877,0.0561,0.038,0.0631,0.0448,0.432,0.02,0.0264,0.802,0.0083,0.0095,0.695,83500,13083,0.095,39307,4407,0.068,0.1397,0.0792,0.344,0.0896,0.0425,0.288,0.6416,0.045,0.043,0.2574,0.0589,0.139,1584,131,0.05,0.1149,0.0547,0.29,1950,4,0.001,0.9413,0.0432,0.028,0.0385,0.0291,0.459,0.0,0.0107,,0.0095,0.0158,1.014,0.0934,0.0461,0.3,131,66,0.306,1271,141,0.067,0.085,0.0485,0.347,1013,138,0.083,130400,18515,0.086,0.2214,0.2531,0.695,0.0992,0.1443,0.884,0.1448,0.0737,0.31,0.6606,0.0862,0.079,0.0307,0.0285,0.564,0.0,0.0078,,0.0,0.0078,,0.1799,0.058,0.196,0.0556,0.0485,0.53
42003320400,Tract 3204,1.0,1843,200,0.066,895,126,0.086,48.0,6.5,0.082,0.1601,0.0432,0.164,0.2453,0.0586,0.145,0.8546,0.0614,0.044,0.0456,0.0377,0.502,0.0532,0.0572,0.654,0.0228,0.0221,0.59,61563,12691,0.125,40124,7377,0.112,0.1313,0.0629,0.291,0.015,0.0159,0.642,0.6103,0.0454,0.045,0.2853,0.0677,0.144,966,124,0.078,0.0735,0.0519,0.43,1945,5,0.002,0.8571,0.0554,0.039,0.0694,0.0538,0.472,0.0,0.0176,,0.0,0.0176,,0.1363,0.0513,0.229,122,49,0.244,773,132,0.104,0.1301,0.059,0.276,1161,100,0.052,153500,26193,0.104,0.3361,0.2006,0.363,0.1885,0.1361,0.439,0.1488,0.1099,0.449,0.6674,0.0671,0.061,0.0343,0.0255,0.452,0.0,0.0125,,0.0,0.0125,,0.1892,0.0629,0.202,0.0648,0.0368,0.346
42003320600,Tract 3206,1.0,2263,371,0.1,1019,114,0.068,41.0,5.7,0.085,0.1772,0.0633,0.217,0.1701,0.039,0.139,0.8917,0.1982,0.135,0.0707,0.0715,0.615,0.0,0.0053,,0.0186,0.0277,0.906,82537,16500,0.122,38990,5353,0.083,0.1357,0.0776,0.348,0.1091,0.1044,0.582,0.6806,0.1027,0.092,0.3772,0.0766,0.123,1091,105,0.059,0.066,0.0463,0.427,1951,3,0.001,0.8488,0.0473,0.034,0.0431,0.0452,0.638,0.0,0.0156,,0.0,0.0156,,0.1541,0.0816,0.322,157,85,0.329,862,120,0.085,0.1445,0.0893,0.376,1421,204,0.087,205800,26855,0.079,0.4777,0.2827,0.36,0.2611,0.3065,0.714,0.1543,0.0859,0.338,0.7799,0.0619,0.048,0.0231,0.021,0.554,0.0338,0.0425,0.764,0.0,0.0099,,0.1113,0.0655,0.358,0.0716,0.0607,0.515
42003320700,Tract 3207,1.0,1754,300,0.104,701,105,0.091,34.8,5.1,0.089,0.207,0.0465,0.136,0.1545,0.0315,0.124,0.8483,0.0804,0.058,0.0177,0.0168,0.579,0.0,0.0068,,0.004,0.0062,0.95,77891,10002,0.078,36747,5289,0.087,0.0314,0.019,0.369,0.0256,0.0154,0.365,0.7692,0.1113,0.088,0.2746,0.059,0.131,824,105,0.077,0.1493,0.0753,0.307,1952,3,0.001,0.9745,0.0456,0.028,0.0255,0.0346,0.825,0.0,0.0206,,0.0,0.0206,,0.1655,0.0714,0.262,116,53,0.278,585,111,0.115,0.2109,0.1118,0.322,1565,189,0.073,153500,19729,0.078,0.2931,0.272,0.564,0.25,0.232,0.564,0.1556,0.0846,0.331,0.6507,0.2048,0.191,0.0629,0.0346,0.334,0.0,0.0113,,0.0,0.0113,,0.1192,0.0708,0.361,0.0656,0.0496,0.46
42003401100,Tract 4011,0.0,4488,463,0.063,2157,255,0.072,57.8,5.4,0.057,0.1092,0.03,0.167,0.3133,0.0615,0.119,0.9316,0.0484,0.032,0.0136,0.0131,0.585,0.0294,0.0268,0.554,0.0172,0.0273,0.969,69436,15554,0.136,45038,7769,0.105,0.0832,0.035,0.256,0.0207,0.0236,0.693,0.5392,0.082,0.092,0.3205,0.074,0.14,2295,255,0.068,0.0601,0.0492,0.498,1959,4,0.001,0.8527,0.0809,0.058,0.0078,0.0132,1.027,0.0497,0.0361,0.442,0.0275,0.0328,0.726,0.1966,0.0695,0.215,424,158,0.227,1733,259,0.091,0.1451,0.057,0.239,838,161,0.117,183900,24771,0.082,0.4269,0.2335,0.333,0.3255,0.224,0.418,0.0941,0.0638,0.412,0.7894,0.0784,0.06,0.0005,0.001,1.21,0.0,0.0057,,0.0091,0.0161,1.082,0.1581,0.0756,0.291,0.0584,0.0341,0.355
42003401200,Tract 4012,0.0,2573,390,0.092,1263,204,0.098,47.4,7.7,0.099,0.185,0.0698,0.229,0.1625,0.0485,0.181,0.8857,0.1115,0.077,0.0836,0.094,0.684,0.0159,0.0185,0.706,0.0051,0.0085,1.025,60259,12309,0.124,35347,6458,0.111,0.1718,0.1032,0.365,0.05,0.0445,0.541,0.672,0.1092,0.099,0.2252,0.0702,0.189,1774,209,0.072,0.288,0.0848,0.179,1952,8,0.002,0.5682,0.0976,0.104,0.2012,0.087,0.263,0.0716,0.0544,0.462,0.0507,0.0284,0.34,0.3452,0.0958,0.169,436,140,0.195,827,180,0.132,0.2969,0.1101,0.225,896,165,0.112,97500,41296,0.257,0.445,0.1866,0.255,0.1881,0.1438,0.465,0.127,0.0734,0.352,0.814,0.069,0.052,0.0103,0.0161,0.946,0.0849,0.0528,0.378,0.0,0.0089,,0.0583,0.04,0.417,0.1394,0.058,0.253
42003401300,Tract 4013,0.0,2888,415,0.087,1174,170,0.088,41.6,9.0,0.132,0.206,0.0684,0.202,0.1807,0.0332,0.112,0.9488,0.0554,0.035,0.0173,0.0168,0.589,0.0083,0.0079,0.576,0.0007,0.0014,1.213,67895,24638,0.221,37175,5550,0.091,0.0594,0.0441,0.452,0.0147,0.0121,0.499,0.7031,0.0753,0.065,0.2578,0.0541,0.128,1247,141,0.069,0.0585,0.0775,0.805,1950,4,0.001,0.9607,0.0392,0.025,0.0393,0.0293,0.454,0.0,0.0136,,0.0,0.0136,,0.1431,0.0667,0.283,168,82,0.297,1006,175,0.106,0.1627,0.1116,0.417,977,538,0.335,161100,7693,0.029,0.4345,0.3644,0.51,0.0,0.0714,,0.2217,0.1196,0.328,0.784,0.0856,0.066,0.0,0.0074,,0.0111,0.0141,0.77,0.0,0.0074,,0.1364,0.0537,0.239,0.0247,0.0253,0.623
42003402000,Tract 4020,0.0,3167,30,0.006,1533,166,0.066,46.7,3.4,0.044,0.1648,0.0511,0.188,0.1819,0.0442,0.148,0.8623,0.0728,0.051,0.0906,0.0622,0.417,0.0,0.0038,,0.0231,0.0246,0.65,50197,14075,0.17,31366,3418,0.066,0.1513,0.0735,0.295,0.0186,0.022,0.718,0.6372,0.0747,0.071,0.1456,0.0654,0.273,1701,198,0.071,0.0988,0.06,0.37,1938,,,0.7343,0.0963,0.08,0.1493,0.0762,0.31,0.0347,0.041,0.718,0.0617,0.0408,0.401,0.3307,0.0918,0.169,507,151,0.181,1026,183,0.108,0.3019,0.1023,0.206,778,216,0.169,94800,23714,0.152,0.215,0.1456,0.412,0.0927,0.1191,0.781,0.2222,0.1087,0.297,0.7728,0.1343,0.106,0.0272,0.0294,0.658,0.0093,0.0154,1.01,0.0383,0.0348,0.552,0.0784,0.0386,0.299,0.122,0.0672,0.335
42003403500,Tract 4035,0.0,4249,20,0.003,2020,244,0.073,42.3,9.0,0.129,0.1993,0.0664,0.202,0.1803,0.0643,0.217,0.8739,0.0329,0.023,0.0826,0.0308,0.227,0.0021,0.0042,1.216,0.0195,0.0179,0.557,45167,9824,0.132,29022,2706,0.057,0.1476,0.0633,0.261,0.0661,0.0407,0.374,0.6124,0.0629,0.062,0.2674,0.0936,0.213,2261,316,0.085,0.1066,0.08,0.456,1938,,,0.6661,0.0697,0.064,0.1477,0.0662,0.272,0.0548,0.0404,0.448,0.0703,0.0559,0.483,0.2812,0.0946,0.204,568,203,0.217,1452,248,0.104,0.2449,0.0888,0.22,803,167,0.126,84300,5654,0.041,0.382,0.1557,0.248,0.118,0.1121,0.577,0.2459,0.1521,0.376,0.8023,0.0812,0.062,0.0371,0.0413,0.677,0.0772,0.063,0.496,0.0127,0.0202,0.969,0.0523,0.0332,0.386,0.2208,0.1311,0.361
42003404000,Tract 4040,0.0,1389,148,0.065,639,83,0.079,47.1,2.6,0.034,0.2088,0.0318,0.092,0.1836,0.0423,0.14,0.923,0.041,0.027,0.0266,0.0214,0.489,0.0079,0.0064,0.493,0.0166,0.015,0.551,65625,12750,0.118,42176,8452,0.122,0.1284,0.0561,0.266,0.0476,0.0257,0.328,0.6687,0.0437,0.04,0.2708,0.1053,0.236,776,81,0.063,0.1765,0.0617,0.213,1954,4,0.001,0.6456,0.0693,0.065,0.1624,0.059,0.221,0.0064,0.0173,1.63,0.0322,0.0403,0.761,0.2817,0.0656,0.142,180,48,0.162,459,83,0.11,0.288,0.0661,0.14,840,149,0.108,106900,6801,0.039,0.4389,0.182,0.252,0.2722,0.0983,0.22,0.1242,0.0482,0.236,0.7795,0.0678,0.053,0.0309,0.022,0.433,0.0126,0.0125,0.602,0.007,0.0098,0.847,0.0787,0.0406,0.314,0.0454,0.0252,0.338
42003405000,Tract 4050,0.0,1040,149,0.087,475,65,0.083,54.0,4.5,0.051,0.1462,0.0312,0.13,0.2538,0.0382,0.092,0.9673,0.0433,0.027,0.0,0.0115,,0.0087,0.0066,0.465,0.0067,0.0115,1.038,77625,19501,0.153,44089,7696,0.106,0.0808,0.0342,0.257,0.0209,0.0151,0.439,0.6291,0.0827,0.08,0.2338,0.0329,0.086,523,60,0.07,0.0918,0.0525,0.348,1955,2,0.001,0.8738,0.0702,0.049,0.0306,0.0381,0.757,0.0,0.0324,,0.0,0.0324,,0.1389,0.095,0.415,66,46,0.424,409,57,0.085,0.125,0.1003,0.488,918,394,0.261,186300,27200,0.089,0.0,0.3636,,0.0,0.1818,,0.2176,0.0612,0.171,0.7148,0.0508,0.043,0.0107,0.0141,0.801,0.0071,0.0088,0.75,0.0,0.0214,,0.148,0.0645,0.265,0.0653,0.0442,0.411
42003406000,Tract 4060,0.0,2197,309,0.085,928,113,0.074,45.0,3.1,0.042,0.2089,0.0506,0.147,0.2412,0.029,0.073,0.9404,0.0301,0.019,0.0,0.0055,,0.0168,0.0208,0.751,0.0,0.0055,,87674,16672,0.116,49123,9818,0.121,0.1088,0.0662,0.37,0.0695,0.0634,0.554,0.6429,0.0743,0.07,0.3325,0.0833,0.152,1017,104,0.062,0.0875,0.0453,0.315,1963,7,0.002,0.8987,0.0321,0.022,0.0138,0.0237,1.048,0.0,0.0167,,0.0,0.0167,,0.0981,0.0514,0.319,91,49,0.327,837,102,0.074,0.0815,0.0455,0.339,982,515,0.319,221200,17928,0.049,0.2747,0.3631,0.803,0.2747,0.2823,0.625,0.1804,0.0913,0.308,0.7535,0.0839,0.068,0.0,0.0112,,0.0065,0.0084,0.777,0.0,0.0112,,0.1709,0.0786,0.279,0.0248,0.0231,0.567
42003407001,Tract 4070.01,0.0,5647,558,0.06,2487,242,0.059,54.5,5.1,0.057,0.1548,0.0363,0.143,0.3035,0.0541,0.108,0.9563,0.034,0.022,0.0007,0.0016,1.366,0.0007,0.0012,1.062,0.0037,0.0058,0.953,96853,7133,0.045,56298,10379,0.112,0.07,0.0479,0.416,0.0386,0.0303,0.478,0.5839,0.0552,0.057,0.293,0.0639,0.132,2671,248,0.056,0.0689,0.0607,0.536,1976,13,0.004,0.6226,0.0505,0.049,0.0741,0.0583,0.478,0.0378,0.0472,0.758,0.0064,0.0119,1.14,0.0949,0.0563,0.361,236,142,0.366,2251,257,0.069,0.0832,0.0491,0.359,757,147,0.118,242500,38485,0.096,0.1992,0.1759,0.537,0.0636,0.0942,0.901,0.1515,0.0749,0.3,0.7887,0.048,0.037,0.0,0.0062,,0.0146,0.0188,0.785,0.0,0.0062,,0.1478,0.0681,0.28,0.0181,0.0177,0.594
42003407002,Tract 4070.02,0.0,6581,556,0.051,2844,199,0.043,49.0,4.7,0.058,0.1842,0.0448,0.148,0.2679,0.0408,0.093,0.9568,0.0347,0.022,0.0011,0.0018,1.041,0.0009,0.0021,1.418,0.0021,0.0038,1.084,89667,21405,0.145,45135,5414,0.073,0.0926,0.0581,0.382,0.0165,0.0154,0.566,0.5898,0.0803,0.083,0.4331,0.1027,0.144,2869,197,0.042,0.0087,0.0143,0.996,1972,4,0.001,0.8299,0.0636,0.047,0.0195,0.019,0.592,0.0178,0.0207,0.708,0.0321,0.0223,0.423,0.1586,0.0634,0.243,451,183,0.247,2393,267,0.068,0.1364,0.0591,0.264,1355,344,0.154,244800,15195,0.038,0.235,0.201,0.52,0.1951,0.1904,0.593,0.1178,0.0455,0.235,0.6458,0.0863,0.081,0.0195,0.0189,0.588,0.0,0.0055,,0.0052,0.0091,1.059,0.2513,0.1337,0.323,0.0232,0.0201,0.527
42003408001,Tract 4080.01,0.0,5564,562,0.061,2117,169,0.049,45.5,2.4,0.032,0.2268,0.0411,0.11,0.2376,0.0576,0.147,0.9076,0.0652,0.044,0.0056,0.0072,0.782,0.0306,0.0242,0.482,0.0072,0.0115,0.971,136053,14702,0.066,61412,6850,0.068,0.0598,0.0353,0.359,0.0137,0.0144,0.64,0.6787,0.1034,0.093,0.6189,0.0671,0.066,2400,166,0.042,0.1179,0.0557,0.287,1980,8,0.002,0.7342,0.0871,0.072,0.0179,0.0173,0.587,0.015,0.0185,0.748,0.1104,0.0461,0.254,0.1974,0.0628,0.193,418,137,0.199,1699,176,0.063,0.1584,0.0553,0.212,2065,454,0.134,413100,60914,0.09,0.4354,0.1635,0.228,0.3158,0.1466,0.282,0.1089,0.0548,0.306,0.8469,0.089,0.064,0.0,0.0059,,0.0107,0.0126,0.719,0.0,0.0059,,0.1128,0.0445,0.24,0.0723,0.0423,0.356
42003408002,Tract 4080.02,0.0,6280,562,0.054,2621,309,0.072,50.0,5.2,0.063,0.2119,0.038,0.109,0.2737,0.0564,0.125,0.9255,0.0467,0.031,0.0,0.0027,,0.0237,0.0244,0.626,0.0154,0.0157,0.618,109875,21670,0.12,57147,9420,0.1,0.0342,0.0253,0.45,0.04,0.0308,0.467,0.5977,0.06,0.061,0.4794,0.064,0.081,2711,301,0.067,0.0332,0.0371,0.679,1985,7,0.002,0.8193,0.0847,0.063,0.0063,0.0114,1.109,0.0306,0.0248,0.493,0.0,0.0089,,0.0397,0.0278,0.427,104,74,0.433,2517,329,0.079,0.0203,0.0154,0.461,945,229,0.147,348700,24537,0.043,0.1827,0.3827,1.273,0.0,0.1635,,0.211,0.1051,0.303,0.7337,0.0897,0.074,0.0,0.0058,,0.0085,0.0129,0.92,0.0,0.0058,,0.2015,0.069,0.208,0.0076,0.0141,1.126
42003409001,Tract 4090.01,0.0,9530,700,0.045,3317,263,0.048,38.3,4.7,0.075,0.2629,0.0498,0.115,0.1253,0.026,0.126,0.7998,0.0703,0.053,0.057,0.076,0.81,0.0874,0.0397,0.276,0.0172,0.0144,0.51,182551,13111,0.044,72268,8477,0.071,0.0528,0.0404,0.466,0.0202,0.013,0.39,0.6794,0.0726,0.065,0.7654,0.0967,0.077,3516,302,0.052,0.0566,0.053,0.569,2002,4,0.001,0.6519,0.0246,0.023,0.1041,0.0767,0.448,0.0193,0.0188,0.59,0.0762,0.0375,0.299,0.1902,0.0705,0.225,631,239,0.23,2686,238,0.054,0.157,0.0726,0.281,2134,233,0.066,491700,40864,0.051,0.233,0.1138,0.297,0.1442,0.1002,0.422,0.1441,0.0657,0.277,0.6247,0.0754,0.073,0.0,0.0035,,0.0129,0.018,0.848,0.0,0.0035,,0.2898,0.0498,0.105,0.0109,0.0142,0.795
42003409002,Tract 4090.02,0.0,5694,703,0.075,1787,217,0.074,38.6,3.0,0.047,0.3384,0.0493,0.088,0.0836,0.0264,0.192,0.8923,0.058,0.04,0.0025,0.0039,0.952,0.0558,0.0197,0.215,0.0083,0.0077,0.564,200625,37112,0.112,88592,10665,0.073,0.0297,0.0403,0.826,0.0122,0.0117,0.584,0.6853,0.1475,0.131,0.7617,0.0263,0.021,1787,217,0.074,0.0,0.0095,,2002,5,0.002,0.8976,0.0278,0.019,0.0,0.0135,,0.0,0.0135,,0.0,0.0135,,0.0157,0.0172,0.669,28,31,0.673,1759,215,0.074,0.0155,0.0206,0.812,,,,694200,54244,0.048,0.0,1.2143,,0.0,0.6071,,0.162,0.0634,0.238,0.6541,0.1183,0.11,0.0,0.0062,,0.0,0.0062,,0.0,0.0062,,0.283,0.0758,0.163,0.0034,0.011,1.997
42003410000,Tract 4100,0.0,1194,221,0.113,483,68,0.086,48.3,8.1,0.102,0.2563,0.0488,0.116,0.2546,0.066,0.158,0.9045,0.0789,0.053,0.0092,0.0091,0.597,0.0017,0.0025,0.905,0.0268,0.0229,0.52,153125,26284,0.104,74640,9585,0.078,0.0193,0.0146,0.459,0.0143,0.0084,0.356,0.6002,0.1019,0.103,0.7282,0.1433,0.12,498,64,0.078,0.0301,0.0359,0.725,1964,9,0.003,0.8012,0.0927,0.07,0.0221,0.0312,0.86,0.0382,0.0323,0.515,0.0,0.0341,,0.0435,0.0262,0.366,21,13,0.376,462,67,0.088,0.0193,0.0112,0.353,556,140,0.153,508300,49479,0.059,0.4286,1.0454,1.483,0.0,0.5714,,0.1212,0.0449,0.225,0.6375,0.1445,0.138,0.0091,0.0107,0.716,0.0219,0.0175,0.488,0.0,0.0219,,0.3115,0.0488,0.095,0.0497,0.025,0.306
42003411001,Tract 4110.01,0.0,4133,389,0.057,1429,129,0.055,43.3,3.4,0.048,0.2475,0.0364,0.089,0.104,0.0269,0.157,0.8546,0.0671,0.048,0.0,0.0029,,0.1036,0.0387,0.227,0.0334,0.0362,0.658,242188,36216,0.091,103782,10850,0.064,0.022,0.02,0.553,0.0368,0.0261,0.431,0.6681,0.1092,0.099,0.8568,0.0886,0.063,1429,129,0.055,0.0,0.0084,,1996,4,0.001,0.9419,0.0501,0.032,0.0,0.0119,,0.0,0.0119,,0.0,0.0119,,0.0434,0.0397,0.556,62,57,0.559,1367,137,0.061,0.046,0.0402,0.531,2792,109,0.024,660900,66629,0.061,0.0,0.3871,,0.0,0.1935,,0.1324,0.0611,0.28,0.6783,0.0905,0.081,0.0,0.0057,,0.0167,0.0188,0.683,0.0,0.0057,,0.2567,0.0771,0.183,0.0,0.0119,
42003411002,Tract 4110.02,0.0,6093,388,0.039,2388,218,0.055,43.1,2.3,0.032,0.2582,0.054,0.127,0.1728,0.0321,0.113,0.6703,0.067,0.061,0.0016,0.0033,1.215,0.2715,0.0544,0.122,0.0194,0.0182,0.571,132313,31247,0.144,75997,11869,0.095,0.0433,0.0462,0.65,0.0202,0.016,0.481,0.6775,0.0425,0.038,0.7535,0.083,0.067,2557,216,0.051,0.0661,0.0505,0.465,2002,7,0.002,0.6038,0.0907,0.091,0.0125,0.0131,0.637,0.104,0.0532,0.311,0.0372,0.0257,0.421,0.1968,0.0478,0.148,470,122,0.158,1918,216,0.068,0.153,0.0484,0.192,2082,395,0.115,463700,16631,0.022,0.2362,0.1481,0.381,0.1213,0.1083,0.543,0.1882,0.1408,0.455,0.6717,0.091,0.082,0.028,0.0256,0.556,0.0042,0.0064,0.933,0.0,0.0055,,0.2655,0.065,0.149,0.0075,0.0137,1.105
42003412002,Tract 4120.02,0.0,4959,465,0.057,1782,261,0.089,38.7,3.3,0.052,0.2676,0.0313,0.071,0.1504,0.0235,0.095,0.7768,0.0622,0.049,0.0022,0.0034,0.938,0.1391,0.0508,0.222,0.0428,0.0375,0.533,186429,28134,0.092,82494,6964,0.051,0.004,0.0063,0.952,0.0623,0.085,0.829,0.7352,0.0386,0.032,0.8003,0.0756,0.057,1813,246,0.082,0.0171,0.028,0.997,1979,4,0.001,0.9785,0.0392,0.024,0.0,0.0094,,0.0072,0.0148,1.252,0.0,0.0094,,0.0354,0.0236,0.405,63,43,0.415,1719,267,0.094,0.0411,0.0284,0.419,1938,726,0.228,499500,62347,0.076,0.3016,0.4214,0.849,0.3016,0.2622,0.528,0.0908,0.0437,0.293,0.6655,0.0546,0.05,0.0,0.0047,,0.007,0.0081,0.706,0.0,0.0047,,0.2493,0.0542,0.132,0.0028,0.0088,1.897
42003412003,Tract 4120.03,0.0,6251,588,0.057,2132,182,0.052,41.6,2.3,0.034,0.2851,0.0454,0.097,0.163,0.0369,0.137,0.8367,0.0269,0.02,0.0344,0.0511,0.903,0.0737,0.0361,0.298,0.0307,0.0237,0.468,180583,24553,0.083,84713,12456,0.089,0.0018,0.0038,1.327,0.0112,0.012,0.653,0.7113,0.0501,0.043,0.7928,0.0666,0.051,2221,171,0.047,0.0401,0.0422,0.64,1986,2,0.001,0.792,0.065,0.05,0.0185,0.0289,0.952,0.0,0.0108,,0.0,0.0108,,0.0886,0.0643,0.441,189,138,0.444,1943,226,0.071,0.0837,0.0638,0.464,2779,582,0.127,482400,37254,0.047,0.8148,0.4284,0.32,0.2593,0.3488,0.818,0.0741,0.0396,0.325,0.7134,0.0442,0.038,0.0033,0.0051,0.937,0.0,0.0051,,0.0,0.0051,,0.2115,0.0695,0.2,0.0,0.0113,
42003412004,Tract 4120.04,0.0,4025,600,0.091,1485,170,0.07,43.3,2.2,0.031,0.2422,0.0473,0.119,0.1302,0.0281,0.131,0.7357,0.0995,0.082,0.0062,0.0094,0.92,0.2286,0.0705,0.187,0.0027,0.0042,0.935,159950,34452,0.131,75980,11696,0.094,0.0174,0.0086,0.3,0.0728,0.0688,0.574,0.7543,0.0993,0.08,0.7055,0.1498,0.129,1627,148,0.055,0.0873,0.0597,0.416,1999,6,0.002,0.6681,0.0887,0.081,0.0061,0.0118,1.166,0.0369,0.0281,0.462,0.0117,0.0139,0.723,0.1401,0.0535,0.232,208,83,0.243,1277,167,0.079,0.1093,0.0443,0.247,1807,232,0.078,463800,49686,0.065,0.1106,0.1578,0.867,0.1106,0.1221,0.671,0.1394,0.0657,0.287,0.6599,0.1282,0.118,0.0185,0.0224,0.735,0.0,0.0054,,0.0,0.0054,,0.2314,0.0553,0.145,0.0916,0.1082,0.718
42003413100,Tract 4131,0.0,6862,592,0.052,2671,207,0.047,42.3,2.4,0.034,0.2224,0.0429,0.117,0.1886,0.0343,0.111,0.7922,0.0595,0.046,0.0111,0.0163,0.894,0.0564,0.0183,0.197,0.0906,0.0545,0.366,125524,24510,0.119,79764,17388,0.133,0.0443,0.031,0.425,0.0217,0.0162,0.454,0.6453,0.0248,0.023,0.6278,0.0666,0.065,2823,173,0.037,0.0538,0.0381,0.43,1983,2,0.001,0.6504,0.0628,0.059,0.0028,0.0076,1.626,0.1998,0.0564,0.172,0.0195,0.02,0.625,0.3313,0.0533,0.098,885,158,0.109,1786,187,0.064,0.25,0.0594,0.144,1353,77,0.035,453100,34785,0.047,0.5243,0.1836,0.213,0.2294,0.1434,0.38,0.1568,0.0902,0.35,0.643,0.0765,0.072,0.0297,0.0231,0.473,0.0177,0.0182,0.625,0.0,0.0049,,0.2703,0.0493,0.111,0.0801,0.0506,0.384
42003413201,Tract 4132.01,0.0,3858,529,0.083,1550,116,0.045,40.2,6.5,0.098,0.2335,0.0588,0.153,0.2149,0.0355,0.1,0.8538,0.0689,0.049,0.006,0.0062,0.629,0.0785,0.0502,0.388,0.0342,0.0276,0.49,112857,26367,0.142,54040,5447,0.061,0.0376,0.0203,0.328,0.0378,0.0202,0.325,0.6454,0.0726,0.068,0.5754,0.0779,0.082,1623,131,0.049,0.045,0.043,0.581,1966,4,0.001,0.7043,0.0322,0.028,0.0209,0.0233,0.677,0.0727,0.0464,0.388,0.0173,0.0257,0.905,0.1968,0.0681,0.21,305,108,0.215,1245,113,0.055,0.1124,0.0413,0.224,1292,191,0.09,327800,15554,0.029,0.459,0.2147,0.284,0.2098,0.1997,0.579,0.0932,0.0497,0.324,0.712,0.0934,0.08,0.009,0.0099,0.674,0.0,0.0063,,0.0,0.0063,,0.2627,0.0467,0.108,0.0245,0.0162,0.401
42003413202,Tract 4132.02,0.0,2686,315,0.071,1240,151,0.074,46.6,6.4,0.083,0.1783,0.0401,0.137,0.2718,0.0711,0.159,0.8846,0.0738,0.051,0.0127,0.0133,0.64,0.0115,0.0152,0.801,0.0357,0.0284,0.482,98942,13864,0.085,63251,6840,0.066,0.0346,0.0277,0.487,0.0166,0.0186,0.681,0.6457,0.1072,0.101,0.6499,0.0449,0.042,1311,143,0.066,0.0542,0.0554,0.621,1971,4,0.001,0.656,0.0941,0.087,0.0664,0.0311,0.285,0.0809,0.0481,0.362,0.0633,0.0486,0.466,0.1387,0.0606,0.266,172,78,0.276,1068,147,0.084,0.0819,0.0344,0.256,1168,74,0.039,351700,56536,0.098,0.343,0.3427,0.607,0.0291,0.0506,1.059,0.1423,0.0611,0.261,0.6075,0.0798,0.08,0.0149,0.017,0.692,0.0092,0.0149,0.98,0.0,0.0085,,0.2541,0.0749,0.179,0.0073,0.0161,1.349
42003413300,Tract 4133,0.0,4491,395,0.053,1826,166,0.055,48.9,5.0,0.062,0.1873,0.031,0.101,0.3002,0.0395,0.08,0.9154,0.0343,0.023,0.0071,0.0084,0.72,0.0223,0.0132,0.361,0.0338,0.0198,0.356,116813,9362,0.049,55429,4593,0.05,0.0239,0.0159,0.405,0.0562,0.0373,0.403,0.5834,0.0304,0.032,0.5375,0.0568,0.064,1902,157,0.05,0.04,0.025,0.381,1966,2,0.001,0.8985,0.0283,0.019,0.0095,0.0122,0.786,0.0168,0.016,0.577,0.0315,0.0142,0.274,0.1106,0.0455,0.25,202,85,0.256,1624,164,0.061,0.1001,0.0492,0.299,1914,394,0.125,316400,20651,0.04,0.4653,0.2269,0.296,0.2079,0.1438,0.42,0.1435,0.0485,0.206,0.6789,0.0504,0.045,0.0108,0.0112,0.633,0.0,0.0059,,0.0,0.0059,,0.2368,0.0654,0.168,0.0312,0.0225,0.437
42003413400,Tract 4134,0.0,4486,539,0.073,1677,162,0.059,43.2,4.4,0.062,0.2512,0.0411,0.099,0.1988,0.0281,0.086,0.8471,0.0723,0.052,0.0074,0.0071,0.585,0.0415,0.0254,0.372,0.0597,0.0458,0.466,135313,25939,0.117,63926,5121,0.049,0.0078,0.007,0.547,0.0258,0.0178,0.419,0.6826,0.0488,0.043,0.7316,0.1051,0.087,1800,146,0.049,0.0683,0.0458,0.407,1969,3,0.001,0.8711,0.0452,0.032,0.0,0.0094,,0.0111,0.0129,0.708,0.0694,0.0404,0.354,0.1055,0.0355,0.205,177,62,0.213,1500,146,0.059,0.058,0.0231,0.243,2494,476,0.116,363400,20743,0.035,0.7514,0.2873,0.232,0.4237,0.1032,0.148,0.0707,0.0373,0.321,0.5664,0.0859,0.092,0.0316,0.0323,0.621,0.0049,0.0076,0.937,0.0053,0.008,0.909,0.3298,0.0614,0.113,0.1014,0.0498,0.299
42003413500,Tract 4135,0.0,6717,570,0.052,3222,359,0.068,38.4,3.7,0.059,0.1498,0.0355,0.144,0.2049,0.0374,0.111,0.8458,0.0633,0.046,0.0138,0.0099,0.435,0.1155,0.0739,0.389,0.0073,0.0074,0.618,80227,14388,0.109,53490,6045,0.069,0.071,0.0322,0.276,0.0294,0.0309,0.639,0.6834,0.0676,0.06,0.6101,0.0772,0.077,3415,339,0.06,0.0565,0.0465,0.5,1977,5,0.002,0.3868,0.0528,0.083,0.0059,0.0101,1.046,0.2949,0.1029,0.212,0.2302,0.076,0.201,0.5279,0.0975,0.112,1701,367,0.131,1521,225,0.09,0.4252,0.0838,0.12,1268,134,0.064,298700,32778,0.067,0.3539,0.092,0.158,0.1387,0.0665,0.291,0.1907,0.0833,0.266,0.6203,0.0998,0.098,0.0274,0.0222,0.492,0.0297,0.0268,0.549,0.0046,0.0093,1.213,0.223,0.0535,0.146,0.0261,0.0206,0.481
42003414101,Tract 4141.01,0.0,5517,625,0.069,2033,201,0.06,42.0,4.0,0.058,0.2155,0.0391,0.11,0.168,0.028,0.101,0.9674,0.0397,0.025,0.0054,0.0081,0.909,0.0141,0.0171,0.737,0.0,0.0031,,139694,37841,0.165,60313,6812,0.069,0.0435,0.0344,0.481,0.0276,0.0192,0.422,0.7091,0.0689,0.059,0.6582,0.1245,0.115,2057,199,0.059,0.0117,0.018,0.935,1983,3,0.001,0.8138,0.0528,0.039,0.0,0.0117,,0.0,0.0117,,0.054,0.0471,0.531,0.0708,0.0502,0.431,144,103,0.435,1889,189,0.061,0.0361,0.0232,0.391,1284,195,0.092,394200,34746,0.054,0.125,0.2676,1.302,0.125,0.1727,0.84,0.1964,0.1087,0.337,0.7723,0.0958,0.075,0.0007,0.0017,1.516,0.0,0.0056,,0.0,0.0056,,0.1821,0.0556,0.186,0.0113,0.0196,1.051
42003414102,Tract 4141.02,0.0,6775,797,0.072,2738,260,0.058,43.0,11.5,0.163,0.2477,0.0477,0.117,0.2275,0.0353,0.094,0.9035,0.0618,0.042,0.0,0.0025,,0.0469,0.0301,0.389,0.0201,0.0187,0.568,114375,32648,0.174,65858,11993,0.111,0.0415,0.022,0.322,0.037,0.0238,0.391,0.6674,0.0683,0.062,0.6778,0.0698,0.063,2923,252,0.052,0.0633,0.0486,0.467,1980,5,0.002,0.6699,0.0598,0.054,0.0,0.0082,,0.1652,0.0525,0.193,0.0434,0.0387,0.541,0.1958,0.0542,0.168,536,157,0.178,2202,237,0.065,0.1337,0.0348,0.158,1437,136,0.058,350400,18005,0.031,0.653,0.2102,0.196,0.278,0.1884,0.412,0.1735,0.0758,0.266,0.7499,0.0786,0.064,0.0175,0.0136,0.473,0.0,0.0051,,0.0,0.0051,,0.1994,0.0405,0.123,0.0687,0.046,0.407
42003414200,Tract 4142,0.0,5893,806,0.083,2038,201,0.06,40.9,2.9,0.043,0.2695,0.0661,0.149,0.2007,0.0294,0.089,0.8973,0.0688,0.047,0.0029,0.0047,0.998,0.0076,0.0123,0.983,0.0463,0.0378,0.496,147672,24250,0.1,71922,11940,0.101,0.0327,0.0381,0.709,0.0118,0.0129,0.663,0.7041,0.093,0.08,0.6197,0.071,0.07,2310,244,0.064,0.1177,0.0756,0.39,1971,6,0.002,0.871,0.129,0.09,0.0238,0.037,0.945,0.0359,0.0413,0.699,0.0316,0.0515,0.991,0.0559,0.0433,0.471,114,89,0.475,1924,208,0.066,0.0619,0.0573,0.563,,,,383200,41826,0.066,0.1579,0.3344,1.288,0.0,0.1491,,0.1232,0.0703,0.347,0.6559,0.035,0.032,0.0,0.0055,,0.0003,0.0016,3.038,0.0,0.0055,,0.2564,0.0921,0.218,0.0083,0.0152,1.109
42003415001,Tract 4150.01,0.0,4834,281,0.035,1654,152,0.056,42.6,2.6,0.037,0.2145,0.0372,0.105,0.1585,0.0292,0.112,0.8639,0.0597,0.042,0.0321,0.0368,0.697,0.0614,0.0493,0.488,0.0085,0.0093,0.666,130915,22350,0.104,64244,11471,0.109,0.0496,0.023,0.282,0.0306,0.0284,0.566,0.6562,0.058,0.054,0.5985,0.0864,0.088,1777,127,0.043,0.0692,0.043,0.378,1985,6,0.002,0.8565,0.0522,0.037,0.0551,0.0485,0.535,0.0,0.0096,,0.0,0.0096,,0.1675,0.0659,0.239,277,112,0.246,1377,170,0.075,0.1421,0.0645,0.276,1365,228,0.102,404600,39687,0.06,0.3285,0.2367,0.438,0.1805,0.1808,0.609,0.1736,0.0614,0.215,0.6464,0.0839,0.079,0.0044,0.0056,0.771,0.0113,0.0108,0.583,0.0,0.0048,,0.2302,0.0859,0.227,0.0218,0.021,0.586
42003415002,Tract 4150.02,0.0,2475,281,0.069,1058,109,0.063,49.5,5.9,0.072,0.1968,0.0452,0.14,0.2949,0.0521,0.107,0.8392,0.0794,0.058,0.0085,0.0084,0.604,0.0465,0.0368,0.481,0.0376,0.0259,0.419,101316,20146,0.121,71985,13459,0.114,0.0418,0.0237,0.345,0.0065,0.0112,1.039,0.5169,0.0418,0.049,0.5263,0.0802,0.093,1138,120,0.064,0.0703,0.0433,0.374,1963,6,0.002,0.8866,0.0468,0.032,0.036,0.0588,0.993,0.0105,0.019,1.094,0.0439,0.0484,0.669,0.1682,0.0736,0.266,178,80,0.273,880,109,0.075,0.1256,0.0737,0.356,1237,528,0.259,348900,32727,0.057,0.3258,0.3695,0.689,0.073,0.1133,0.943,0.225,0.0963,0.26,0.7802,0.0576,0.045,0.0,0.0113,,0.0217,0.0272,0.762,0.0,0.0113,,0.1208,0.046,0.231,0.0595,0.0521,0.532
42003416000,Tract 4160,0.0,1436,158,0.067,724,74,0.062,57.1,1.7,0.018,0.11,0.0212,0.117,0.2946,0.0217,0.045,0.929,0.0494,0.032,0.0,0.0084,,0.0132,0.0117,0.54,0.0167,0.018,0.655,62024,13452,0.132,41697,5420,0.079,0.1212,0.0599,0.301,0.0175,0.0186,0.649,0.5736,0.0491,0.052,0.2689,0.0435,0.098,805,66,0.05,0.1006,0.0414,0.25,1960,5,0.002,0.7106,0.0646,0.055,0.0534,0.037,0.421,0.005,0.0167,2.038,0.0,0.0211,,0.1395,0.0418,0.182,101,32,0.193,623,67,0.065,0.1428,0.0578,0.246,961,70,0.044,150800,17103,0.069,0.2871,0.1215,0.257,0.1683,0.1171,0.423,0.1862,0.0623,0.203,0.7988,0.0284,0.022,0.0103,0.0117,0.69,0.0117,0.0175,0.908,0.0,0.0176,,0.0954,0.0312,0.199,0.058,0.0227,0.238
42003417100,Tract 4171,0.0,2125,162,0.046,1075,86,0.049,53.9,5.0,0.056,0.1445,0.0346,0.146,0.2753,0.072,0.159,0.9671,0.0463,0.029,0.0,0.0056,,0.0,0.0056,,0.0207,0.0268,0.786,69432,21773,0.191,48854,6821,0.085,0.0122,0.0097,0.48,0.0355,0.0269,0.461,0.652,0.0482,0.045,0.3358,0.075,0.136,1106,86,0.047,0.028,0.027,0.586,1951,4,0.001,0.8816,0.0644,0.044,0.0479,0.0294,0.373,0.0217,0.0181,0.508,0.0,0.0153,,0.2028,0.0669,0.201,218,74,0.206,857,101,0.072,0.1355,0.0488,0.219,1145,151,0.08,163600,18010,0.067,0.4128,0.1981,0.292,0.1606,0.1313,0.497,0.0887,0.0441,0.302,0.7694,0.0736,0.058,0.038,0.0404,0.646,0.0,0.0104,,0.0,0.0104,,0.1123,0.0376,0.204,0.0763,0.048,0.382
42003417200,Tract 4172,0.0,1194,161,0.082,580,74,0.078,40.9,12.4,0.184,0.2027,0.0574,0.172,0.2814,0.065,0.14,0.9657,0.1815,0.114,0.0101,0.0116,0.704,0.0008,0.0025,1.822,0.0067,0.0134,1.213,53750,30675,0.347,34429,4013,0.071,0.0863,0.0441,0.31,0.0885,0.0731,0.502,0.5777,0.1048,0.11,0.2007,0.0805,0.244,697,78,0.068,0.1679,0.0928,0.336,1953,6,0.002,0.5366,0.0893,0.101,0.1062,0.0612,0.351,0.1277,0.0738,0.351,0.1492,0.0546,0.223,0.5017,0.1043,0.126,291,71,0.148,289,58,0.122,0.3263,0.0773,0.144,511,343,0.408,126500,31146,0.15,0.3608,0.1307,0.22,0.0481,0.0537,0.679,0.0484,0.1116,1.401,0.798,0.0913,0.07,0.0376,0.0324,0.524,0.0198,0.0213,0.653,0.0,0.0238,,0.0693,0.0487,0.427,0.219,0.0926,0.257
42003418000,Tract 4180,0.0,1661,220,0.081,780,83,0.065,46.9,4.8,0.062,0.1541,0.0354,0.14,0.2938,0.0363,0.075,0.9127,0.1572,0.105,0.0018,0.0024,0.807,0.0,0.0072,,0.0259,0.0257,0.603,75000,10482,0.085,40721,4626,0.069,0.068,0.0327,0.292,0.0891,0.0491,0.335,0.6411,0.0913,0.087,0.4227,0.0488,0.07,879,85,0.059,0.1126,0.0685,0.37,1955,2,0.001,0.8726,0.0235,0.016,0.0319,0.0217,0.413,0.0148,0.0265,1.089,0.0,0.0193,,0.2,0.0726,0.221,156,59,0.23,624,62,0.06,0.2024,0.1054,0.316,1148,161,0.085,196200,19354,0.06,0.2564,0.1707,0.405,0.1026,0.1018,0.604,0.117,0.061,0.317,0.7301,0.0353,0.029,0.0177,0.0212,0.728,0.0,0.0151,,0.0,0.0151,,0.1828,0.0592,0.197,0.0231,0.0188,0.494
42003419000,Tract 4190,0.0,3075,25,0.005,1597,115,0.044,59.8,2.7,0.027,0.1233,0.0379,0.187,0.3665,0.0643,0.107,0.9545,0.0231,0.015,0.0241,0.0166,0.419,0.0091,0.0114,0.76,0.0007,0.0013,1.216,65075,9937,0.093,50910,7873,0.094,0.1482,0.065,0.267,0.0265,0.0221,0.507,0.5276,0.0528,0.061,0.4611,0.0851,0.112,1663,126,0.046,0.0397,0.0341,0.523,1965,4,0.001,0.6266,0.0567,0.055,0.0409,0.0213,0.317,0.092,0.0476,0.315,0.0,0.0102,,0.2455,0.0529,0.131,392,89,0.138,1205,128,0.065,0.2058,0.0667,0.197,935,141,0.092,206200,30880,0.091,0.4286,0.1618,0.23,0.3342,0.1532,0.279,0.1942,0.0765,0.24,0.8118,0.0722,0.054,0.0159,0.0252,0.965,0.0303,0.0264,0.531,0.0,0.0087,,0.0995,0.0536,0.327,0.057,0.031,0.331
42003420000,Tract 4200,0.0,1439,191,0.081,910,144,0.096,53.8,6.5,0.073,0.1098,0.0481,0.266,0.3377,0.0958,0.173,0.8471,0.0445,0.032,0.0028,0.0042,0.908,0.1091,0.0779,0.434,0.0,0.0083,,60333,15555,0.157,47211,6690,0.086,0.1668,0.0805,0.293,0.025,0.0348,0.846,0.6116,0.0325,0.032,0.5086,0.1153,0.138,985,134,0.083,0.0761,0.0487,0.388,1953,8,0.002,0.2883,0.0653,0.138,0.135,0.0731,0.329,0.1716,0.0679,0.241,0.1949,0.0913,0.285,0.589,0.1279,0.132,536,144,0.163,374,74,0.12,0.517,0.1079,0.127,807,98,0.074,173000,23775,0.084,0.334,0.1479,0.269,0.1604,0.0827,0.313,0.0882,0.0795,0.548,0.691,0.0824,0.072,0.059,0.0673,0.694,0.0346,0.029,0.509,0.0,0.0154,,0.1449,0.0488,0.205,0.1989,0.1083,0.331
42003421100,Tract 4211,0.0,4978,340,0.042,2123,174,0.05,44.6,4.5,0.061,0.2465,0.0434,0.107,0.2525,0.0453,0.109,0.8479,0.0563,0.04,0.0271,0.0307,0.688,0.0802,0.0349,0.265,0.0183,0.0158,0.526,122321,17424,0.087,68446,9819,0.087,0.0672,0.0371,0.336,0.0171,0.0147,0.522,0.5568,0.0402,0.044,0.7797,0.0833,0.065,2250,180,0.049,0.0564,0.0388,0.418,1972,5,0.002,0.6547,0.042,0.039,0.02,0.0202,0.613,0.0444,0.0436,0.596,0.228,0.0805,0.214,0.2091,0.0845,0.246,444,183,0.251,1679,172,0.062,0.1526,0.0675,0.269,2162,99,0.028,449300,37195,0.05,0.4775,0.1711,0.218,0.4437,0.1737,0.238,0.1715,0.0807,0.286,0.7541,0.0921,0.074,0.0127,0.017,0.816,0.0,0.0059,,0.0,0.0059,,0.22,0.0641,0.177,0.0735,0.046,0.38
42003421200,Tract 4212,0.0,4131,340,0.05,1644,219,0.081,46.7,2.6,0.034,0.2169,0.0377,0.106,0.2619,0.0602,0.14,0.8603,0.0533,0.038,0.0133,0.0307,1.403,0.0496,0.0346,0.424,0.0109,0.013,0.728,114143,16848,0.09,64108,6653,0.063,0.0377,0.0342,0.55,0.062,0.0349,0.342,0.634,0.038,0.036,0.6493,0.1039,0.097,1798,216,0.073,0.0857,0.0541,0.384,1958,4,0.001,0.916,0.0408,0.027,0.0178,0.0199,0.681,0.0,0.0094,,0.0,0.0094,,0.0213,0.0186,0.532,35,31,0.538,1609,222,0.084,0.0167,0.0297,1.082,3501,,,364100,23675,0.04,0.2,0.7616,2.315,0.0286,0.5423,11.538,0.2474,0.1344,0.33,0.6709,0.0871,0.079,0.0131,0.0194,0.897,0.0262,0.0229,0.53,0.0,0.0063,,0.2241,0.0642,0.174,0.0304,0.03,0.6
42003422000,Tract 4220,0.0,5246,24,0.003,1725,130,0.046,43.5,3.0,0.042,0.2848,0.0452,0.096,0.1843,0.0344,0.113,0.8709,0.0375,0.026,0.0044,0.0067,0.925,0.0499,0.0213,0.26,0.036,0.0231,0.389,243625,39371,0.098,127023,15783,0.076,0.0322,0.0237,0.447,0.0562,0.0242,0.261,0.6029,0.0365,0.037,0.8589,0.0767,0.054,1804,149,0.05,0.0438,0.0409,0.567,1969,4,0.001,0.9174,0.0329,0.022,0.0493,0.0462,0.57,0.0127,0.0215,1.027,0.0,0.0133,,0.0893,0.0476,0.324,154,83,0.328,1571,143,0.055,0.0807,0.0511,0.385,,,,900600,79391,0.054,0.0,0.2208,,0.0,0.1104,,0.24,0.0615,0.156,0.7105,0.0737,0.063,0.0,0.0075,,0.0191,0.015,0.478,0.0173,0.0199,0.7,0.2154,0.0544,0.154,0.0325,0.0267,0.5
42003423000,Tract 4230,0.0,2843,31,0.007,1192,115,0.059,35.8,2.6,0.044,0.3025,0.0709,0.142,0.1273,0.0332,0.158,0.8597,0.0991,0.07,0.0106,0.0134,0.77,0.1231,0.0992,0.49,0.0021,0.0039,1.114,107000,32054,0.182,64125,9892,0.094,0.0328,0.0201,0.373,0.0266,0.0197,0.452,0.7372,0.0577,0.048,0.7559,0.1079,0.087,1374,140,0.062,0.1325,0.0745,0.342,1949,20,0.006,0.46,0.0754,0.1,0.262,0.0846,0.196,0.1492,0.0624,0.254,0.0036,0.0114,1.898,0.3784,0.0929,0.149,451,119,0.16,741,127,0.104,0.3408,0.109,0.194,1330,247,0.113,378800,57626,0.092,0.4412,0.1334,0.184,0.2572,0.1271,0.301,0.2254,0.129,0.348,0.4989,0.1023,0.125,0.0699,0.036,0.313,0.05,0.0304,0.37,0.0029,0.0066,1.366,0.2774,0.0624,0.137,0.125,0.0718,0.349
42003424000,Tract 4240,0.0,3119,20,0.004,1612,162,0.061,40.4,8.5,0.128,0.1757,0.0729,0.252,0.1988,0.0545,0.167,0.8163,0.0662,0.049,0.0802,0.06,0.455,0.0,0.0038,,0.0433,0.0349,0.491,59228,14835,0.152,42844,7105,0.101,0.1736,0.0743,0.26,0.0627,0.031,0.3,0.6257,0.0711,0.069,0.3352,0.0777,0.141,1803,197,0.066,0.1059,0.0684,0.392,1942,9,0.003,0.3134,0.0709,0.138,0.2146,0.0802,0.227,0.0571,0.0416,0.442,0.1342,0.0525,0.238,0.5242,0.1116,0.129,845,199,0.143,767,153,0.121,0.4737,0.1048,0.135,991,120,0.074,141400,54385,0.234,0.3799,0.1099,0.176,0.2296,0.0792,0.21,0.2777,0.1423,0.312,0.6303,0.0917,0.088,0.0928,0.0692,0.453,0.0625,0.0385,0.374,0.0,0.0079,,0.1579,0.0654,0.252,0.2184,0.083,0.231
42003425000,Tract 4250,0.0,3364,20,0.004,1628,168,0.063,42.6,4.3,0.061,0.1587,0.0498,0.191,0.1998,0.0576,0.175,0.8918,0.047,0.032,0.0181,0.03,1.007,0.0048,0.0077,0.988,0.0342,0.0226,0.402,53654,15089,0.171,33091,4722,0.087,0.1784,0.082,0.28,0.0853,0.0526,0.375,0.6287,0.0575,0.056,0.2624,0.0657,0.152,1754,185,0.064,0.0718,0.0536,0.454,1942,7,0.002,0.6477,0.0495,0.046,0.1904,0.0727,0.232,0.0804,0.0597,0.451,0.0365,0.036,0.6,0.5227,0.0887,0.103,851,169,0.121,777,147,0.115,0.4628,0.0851,0.112,931,69,0.045,135800,34615,0.155,0.4959,0.1759,0.216,0.2597,0.1525,0.357,0.1441,0.0767,0.324,0.6867,0.0797,0.071,0.0532,0.0317,0.363,0.05,0.0427,0.519,0.0,0.0076,,0.1418,0.0513,0.22,0.1818,0.0753,0.252
42003426300,Tract 4263,0.0,6068,803,0.08,2449,179,0.044,44.3,4.4,0.06,0.1978,0.0325,0.1,0.2619,0.0423,0.098,0.9161,0.0702,0.047,0.0234,0.0303,0.788,0.0129,0.0176,0.83,0.0,0.0028,,99457,10614,0.065,46535,5588,0.073,0.0458,0.0273,0.362,0.1007,0.0601,0.363,0.6475,0.0709,0.067,0.4751,0.042,0.054,2449,179,0.044,0.0,0.0069,,1959,3,0.001,0.9788,0.0243,0.015,0.0,0.0098,,0.0,0.0098,,0.0,0.0098,,0.0653,0.05,0.465,160,123,0.467,2289,154,0.041,0.0739,0.0741,0.609,1241,756,0.37,240900,11472,0.029,0.2312,0.2606,0.685,0.2312,0.1846,0.485,0.1459,0.0632,0.263,0.7298,0.0984,0.082,0.0004,0.0011,1.821,0.0087,0.0134,0.933,0.0,0.0062,,0.1684,0.052,0.188,0.0122,0.0162,0.806
42003426400,Tract 4264,0.0,4189,500,0.073,2034,244,0.073,46.9,7.9,0.102,0.169,0.0445,0.16,0.2323,0.0431,0.113,0.9164,0.0414,0.027,0.0184,0.0238,0.786,0.0,0.0029,,0.0053,0.0083,0.964,76094,16350,0.131,44747,6758,0.092,0.1466,0.0876,0.363,0.0542,0.0371,0.417,0.7116,0.0619,0.053,0.394,0.0593,0.092,2120,208,0.06,0.0406,0.0451,0.676,1954,3,0.001,0.7976,0.0386,0.029,0.0958,0.0698,0.443,0.0156,0.0196,0.767,0.0226,0.0173,0.465,0.2198,0.0814,0.225,447,174,0.237,1587,184,0.07,0.1807,0.091,0.306,1067,387,0.22,230100,16654,0.044,0.3043,0.2215,0.443,0.0962,0.0837,0.529,0.1928,0.0938,0.296,0.6776,0.0906,0.081,0.0111,0.0131,0.719,0.0,0.0051,,0.0,0.0051,,0.2094,0.0481,0.14,0.032,0.0318,0.605
42003426700,Tract 4267,0.0,2252,459,0.124,1133,180,0.097,45.6,8.2,0.109,0.1625,0.0644,0.241,0.2651,0.045,0.103,0.9107,0.0884,0.059,0.0195,0.0223,0.694,0.0138,0.0207,0.913,0.0178,0.0169,0.58,70393,10555,0.091,42410,4412,0.063,0.0617,0.0333,0.327,0.0,0.0102,,0.6182,0.1243,0.122,0.3856,0.0693,0.109,1231,175,0.086,0.0796,0.0524,0.4,1968,8,0.002,0.6084,0.1189,0.119,0.0447,0.0245,0.333,0.1121,0.0684,0.371,0.0934,0.0477,0.31,0.3195,0.0733,0.139,362,101,0.17,771,192,0.151,0.2457,0.0536,0.133,1107,72,0.04,235700,19341,0.05,0.4227,0.1904,0.274,0.1022,0.0866,0.515,0.1051,0.0696,0.403,0.6939,0.2776,0.243,0.0,0.0109,,0.0854,0.1255,0.894,0.0,0.0109,,0.1045,0.0469,0.273,0.0424,0.0414,0.594
42003426800,Tract 4268,0.0,5042,604,0.073,2050,236,0.07,51.0,3.9,0.046,0.1698,0.0462,0.165,0.288,0.0503,0.106,0.9419,0.0508,0.033,0.0182,0.0271,0.902,0.0014,0.0024,1.04,0.0202,0.0167,0.501,125559,14294,0.069,58734,7307,0.076,0.0236,0.0265,0.682,0.0229,0.0187,0.497,0.6498,0.0404,0.038,0.4119,0.0741,0.109,2097,222,0.064,0.0224,0.0314,0.851,1969,3,0.001,0.9351,0.0414,0.027,0.0224,0.0324,0.879,0.0,0.0115,,0.0,0.0115,,0.0156,0.018,0.699,32,37,0.703,2018,230,0.069,0.0145,0.0164,0.687,,,,283500,20425,0.044,0.0,1.0625,,0.0,0.5312,,0.1645,0.0737,0.272,0.6319,0.0514,0.049,0.0,0.0062,,0.0,0.0062,,0.0,0.0062,,0.2548,0.0782,0.187,0.0117,0.0135,0.701
42003427000,Tract 4270,0.0,3299,22,0.004,1646,145,0.054,40.5,5.2,0.078,0.1022,0.0456,0.271,0.1452,0.049,0.205,0.8657,0.0667,0.047,0.0849,0.0594,0.426,0.0164,0.0258,0.957,0.0185,0.0221,0.727,72778,8161,0.068,51393,18165,0.215,0.1719,0.0782,0.277,0.0553,0.037,0.407,0.7616,0.0581,0.046,0.2742,0.0765,0.17,2146,200,0.057,0.233,0.0625,0.163,1938,,,0.3448,0.0719,0.127,0.1659,0.0588,0.216,0.068,0.0464,0.415,0.1216,0.0765,0.382,0.582,0.1128,0.118,958,204,0.129,688,130,0.115,0.4941,0.1054,0.13,1029,93,0.055,124100,14548,0.071,0.3601,0.1212,0.205,0.1827,0.0774,0.258,0.1468,0.0927,0.384,0.5435,0.0898,0.1,0.0589,0.0427,0.441,0.0589,0.0545,0.562,0.0239,0.0327,0.833,0.1567,0.0741,0.287,0.2254,0.0971,0.262
42003427100,Tract 4271,0.0,5213,556,0.065,2234,268,0.073,46.7,8.1,0.105,0.17,0.0363,0.13,0.1974,0.0525,0.162,0.9582,0.0181,0.011,0.0058,0.0071,0.747,0.0113,0.0153,0.822,0.0127,0.0193,0.928,117705,14974,0.077,59664,8732,0.089,0.0314,0.0241,0.467,0.0231,0.0199,0.523,0.7568,0.0508,0.041,0.4409,0.0669,0.092,2339,246,0.064,0.0449,0.0472,0.639,1961,4,0.001,1.0,0.0,0.0,0.0,0.0103,,0.0,0.0103,,0.0,0.0103,,0.0577,0.0415,0.437,129,94,0.443,2105,294,0.085,0.0465,0.0294,0.384,1699,193,0.069,253500,17964,0.043,0.2481,0.278,0.681,0.1163,0.1656,0.866,0.0727,0.0438,0.366,0.7881,0.0294,0.023,0.0094,0.0109,0.705,0.0,0.0053,,0.0,0.0053,,0.1607,0.0417,0.158,0.0143,0.0173,0.736
42003427200,Tract 4272,0.0,4774,551,0.07,2414,251,0.063,40.2,8.7,0.132,0.1385,0.056,0.246,0.2398,0.0609,0.154,0.9093,0.0299,0.02,0.0153,0.0253,1.005,0.0,0.0025,,0.0448,0.0376,0.509,75179,22833,0.185,45529,6605,0.088,0.0928,0.0765,0.501,0.0317,0.0357,0.684,0.682,0.0584,0.052,0.3573,0.068,0.116,2493,226,0.055,0.0317,0.0352,0.675,1960,5,0.002,0.7244,0.0637,0.053,0.0349,0.0263,0.457,0.0056,0.0104,1.125,0.0072,0.0137,1.153,0.1964,0.0678,0.21,474,171,0.219,1940,256,0.08,0.213,0.0856,0.244,1345,259,0.117,212800,34463,0.098,0.4515,0.2404,0.324,0.3797,0.24,0.384,0.2041,0.0876,0.261,0.7338,0.091,0.075,0.025,0.0251,0.61,0.0127,0.0148,0.709,0.0,0.0045,,0.1214,0.0562,0.281,0.0493,0.0357,0.44
42003428100,Tract 4281,0.0,1105,161,0.089,575,89,0.094,51.0,12.1,0.144,0.1403,0.0575,0.249,0.2045,0.0621,0.185,0.9339,0.0439,0.029,0.0072,0.0108,0.908,0.0081,0.0135,1.009,0.0244,0.0214,0.533,78920,19231,0.148,53484,14008,0.159,0.0237,0.0245,0.63,0.0297,0.0354,0.724,0.7018,0.1541,0.133,0.3037,0.0673,0.135,598,88,0.089,0.0385,0.0599,0.947,1950,10,0.003,0.8411,0.1074,0.078,0.1338,0.065,0.295,0.0,0.0284,,0.0,0.0284,,0.1148,0.0655,0.347,66,39,0.359,509,93,0.111,0.1403,0.0807,0.35,1085,99,0.055,205800,23621,0.07,0.1667,0.35,1.277,0.0,0.1818,,0.2593,0.1814,0.425,0.524,0.1246,0.145,0.0603,0.0438,0.442,0.0,0.0185,,0.0,0.0185,,0.2813,0.1002,0.217,0.0122,0.0282,1.411
42003428200,Tract 4282,0.0,2075,158,0.046,959,80,0.051,42.5,3.8,0.054,0.1687,0.0505,0.182,0.227,0.0441,0.118,0.8636,0.0769,0.054,0.0771,0.0556,0.438,0.0159,0.0173,0.662,0.013,0.0149,0.696,83938,18536,0.134,45696,5875,0.078,0.0615,0.0828,0.819,0.0658,0.0663,0.612,0.6614,0.0424,0.039,0.3618,0.0774,0.13,993,78,0.048,0.0342,0.0301,0.534,1961,4,0.001,0.8197,0.0735,0.054,0.0473,0.0371,0.476,0.0131,0.0235,1.09,0.0,0.0171,,0.1251,0.0775,0.377,120,75,0.38,839,79,0.057,0.0949,0.0535,0.342,1044,213,0.124,212600,14480,0.041,0.325,0.5142,0.962,0.325,0.4841,0.906,0.1883,0.1057,0.341,0.7652,0.0574,0.046,0.0451,0.0559,0.753,0.0157,0.0155,0.603,0.0,0.011,,0.1225,0.0541,0.269,0.0605,0.0691,0.694
42003429100,Tract 4291,0.0,2485,375,0.092,1120,203,0.11,42.8,6.3,0.089,0.2089,0.0482,0.14,0.2326,0.0562,0.147,0.9022,0.0292,0.02,0.0423,0.0531,0.765,0.0024,0.004,1.009,0.0483,0.0375,0.472,83594,13009,0.095,51663,7918,0.093,0.0621,0.0306,0.3,0.0478,0.0395,0.503,0.5951,0.0556,0.057,0.4499,0.0907,0.123,1192,192,0.098,0.0604,0.0673,0.677,1955,6,0.002,0.5856,0.0158,0.016,0.0654,0.0453,0.421,0.1233,0.1141,0.563,0.0839,0.0572,0.414,0.3402,0.1367,0.244,381,168,0.268,739,136,0.112,0.2806,0.0907,0.196,1335,486,0.221,233000,45723,0.119,0.189,0.0967,0.311,0.021,0.0356,1.03,0.1773,0.0905,0.31,0.6623,0.1446,0.133,0.0399,0.0304,0.463,0.0,0.0104,,0.0,0.0104,,0.2127,0.0566,0.162,0.0062,0.0151,1.47
42003429201,Tract 4292.01,0.0,4801,436,0.055,2042,191,0.057,43.9,4.5,0.062,0.1983,0.0416,0.127,0.2027,0.0442,0.133,0.7857,0.0703,0.054,0.0398,0.0415,0.634,0.1358,0.0615,0.275,0.0231,0.0199,0.523,109813,22512,0.125,63285,8408,0.081,0.0495,0.0341,0.42,0.0183,0.0167,0.553,0.6781,0.0572,0.051,0.617,0.0798,0.079,2219,245,0.067,0.0798,0.0666,0.507,1980,7,0.002,0.5417,0.0613,0.069,0.0113,0.0183,0.99,0.2677,0.1161,0.264,0.1681,0.0653,0.236,0.3678,0.0699,0.115,751,159,0.129,1291,201,0.095,0.2486,0.0546,0.134,1476,127,0.052,325600,23792,0.044,0.3609,0.1935,0.326,0.1079,0.1379,0.777,0.1185,0.0551,0.283,0.5699,0.0693,0.074,0.0288,0.0345,0.728,0.0261,0.0282,0.658,0.0,0.0047,,0.2745,0.0774,0.171,0.0191,0.0166,0.53
42003429202,Tract 4292.02,0.0,4385,415,0.058,1801,139,0.047,45.6,2.9,0.039,0.2166,0.0346,0.097,0.2515,0.0434,0.105,0.9537,0.0433,0.028,0.0027,0.0039,0.859,0.0121,0.0141,0.709,0.018,0.0127,0.427,115592,14240,0.075,53064,4344,0.05,0.0427,0.0263,0.374,0.0389,0.0369,0.576,0.6468,0.0442,0.042,0.5884,0.0664,0.069,1887,130,0.042,0.0456,0.0306,0.408,1965,2,0.001,0.7795,0.0677,0.053,0.0132,0.0153,0.704,0.0551,0.0318,0.351,0.0191,0.0151,0.482,0.131,0.0455,0.211,236,84,0.216,1565,151,0.059,0.134,0.051,0.231,1654,190,0.07,297900,18045,0.037,0.1186,0.1244,0.637,0.089,0.0922,0.63,0.1738,0.0717,0.251,0.7278,0.1273,0.106,0.0102,0.0119,0.714,0.0,0.0055,,0.0,0.0055,,0.226,0.0851,0.229,0.0133,0.015,0.683
42003429300,Tract 4293,0.0,6761,751,0.068,2828,211,0.045,40.5,4.6,0.069,0.2251,0.052,0.14,0.2359,0.0384,0.099,0.8619,0.073,0.051,0.0149,0.0171,0.695,0.0547,0.0411,0.457,0.0362,0.0248,0.416,93705,8841,0.057,48834,6474,0.081,0.0707,0.0383,0.329,0.0271,0.0266,0.597,0.6467,0.0528,0.05,0.5052,0.0745,0.09,2828,211,0.045,0.0,0.006,,1969,4,0.001,0.7228,0.0714,0.06,0.0046,0.0098,1.299,0.0064,0.0122,1.164,0.1301,0.0529,0.247,0.2344,0.0493,0.128,663,148,0.136,2165,263,0.074,0.181,0.0516,0.173,1001,164,0.1,308400,31976,0.063,0.4872,0.2075,0.259,0.1961,0.1428,0.443,0.158,0.0591,0.228,0.55,0.0703,0.078,0.0,0.0051,,0.0048,0.0072,0.909,0.0,0.0051,,0.3496,0.1215,0.211,0.0608,0.0363,0.363
42003429400,Tract 4294,0.0,4389,549,0.076,1815,188,0.063,40.2,7.3,0.11,0.2101,0.0505,0.146,0.2089,0.0354,0.103,0.8688,0.069,0.048,0.0153,0.0161,0.64,0.0663,0.045,0.413,0.0298,0.0211,0.43,102917,22930,0.135,50139,4867,0.059,0.0948,0.0414,0.265,0.0285,0.0237,0.505,0.6839,0.0582,0.052,0.5175,0.082,0.096,1968,187,0.058,0.0777,0.0462,0.361,1955,2,0.001,0.8902,0.0563,0.038,0.0249,0.024,0.587,0.03,0.0181,0.367,0.0381,0.0239,0.381,0.1052,0.0341,0.197,191,65,0.207,1624,192,0.072,0.0801,0.0372,0.283,1056,178,0.102,265800,19347,0.044,0.4188,0.2299,0.334,0.3403,0.2171,0.388,0.17,0.0589,0.211,0.6016,0.0572,0.058,0.0271,0.0212,0.475,0.0043,0.0064,0.908,0.0,0.0052,,0.2566,0.1059,0.251,0.022,0.0218,0.602
42003429500,Tract 4295,0.0,4304,546,0.077,2314,243,0.064,42.6,4.3,0.061,0.1178,0.0391,0.202,0.2433,0.0624,0.156,0.9022,0.0638,0.043,0.0381,0.0289,0.461,0.0351,0.0282,0.489,0.0,0.0028,,60571,11026,0.111,49545,6292,0.077,0.0704,0.0349,0.301,0.0504,0.0483,0.582,0.61,0.1181,0.118,0.5075,0.0716,0.086,2513,240,0.058,0.0792,0.0644,0.495,1967,5,0.002,0.347,0.0631,0.11,0.0,0.0068,,0.0764,0.039,0.31,0.384,0.1022,0.162,0.4546,0.0926,0.124,1052,241,0.139,1262,147,0.071,0.3704,0.1201,0.197,1066,143,0.082,235400,32273,0.083,0.5504,0.2181,0.241,0.1293,0.0873,0.411,0.1315,0.076,0.351,0.7387,0.1001,0.082,0.0211,0.0284,0.816,0.0083,0.0147,1.07,0.0,0.0059,,0.2078,0.0741,0.217,0.0795,0.0428,0.327
42003429600,Tract 4296,0.0,3620,396,0.066,1663,141,0.052,36.0,4.6,0.078,0.184,0.046,0.152,0.2019,0.0406,0.122,0.8448,0.0888,0.064,0.029,0.023,0.482,0.016,0.0176,0.667,0.0959,0.0579,0.367,87125,7922,0.055,45269,3769,0.051,0.0576,0.0328,0.346,0.0205,0.0181,0.537,0.7382,0.0525,0.043,0.433,0.0662,0.093,1692,137,0.049,0.0171,0.0236,0.837,1969,9,0.003,0.4758,0.0651,0.083,0.0479,0.0345,0.438,0.1891,0.0582,0.187,0.0869,0.0497,0.348,0.3848,0.0541,0.085,640,105,0.1,1023,137,0.081,0.2996,0.0623,0.126,1318,68,0.031,223400,11920,0.032,0.3469,0.1411,0.247,0.0719,0.0693,0.586,0.0655,0.0598,0.555,0.7354,0.0827,0.068,0.0152,0.0137,0.545,0.0076,0.0171,1.365,0.0,0.0057,,0.2089,0.1006,0.293,0.0313,0.0314,0.61
42003429700,Tract 4297,0.0,2194,293,0.081,980,151,0.094,50.6,9.2,0.111,0.1623,0.047,0.176,0.3077,0.0765,0.151,0.9467,0.1742,0.112,0.0255,0.0386,0.919,0.0,0.0055,,0.0,0.0055,,63561,9705,0.093,35689,4861,0.083,0.1072,0.0886,0.502,0.0385,0.0402,0.634,0.5473,0.1101,0.122,0.3651,0.0697,0.116,1099,130,0.072,0.1083,0.0652,0.366,1964,2,0.001,0.8262,0.0817,0.06,0.0409,0.0429,0.637,0.0,0.0154,,0.0373,0.0282,0.46,0.1561,0.0596,0.232,153,63,0.25,827,151,0.111,0.1745,0.0907,0.316,1191,642,0.328,227400,22277,0.06,0.4902,0.2351,0.292,0.1111,0.1084,0.593,0.2987,0.1421,0.289,0.7594,0.1037,0.083,0.0125,0.0176,0.858,0.0,0.0125,,0.0,0.0125,,0.175,0.0781,0.271,0.051,0.052,0.62
42003430100,Tract 4301,0.0,1881,269,0.087,933,181,0.118,39.6,3.1,0.048,0.1797,0.0339,0.115,0.1499,0.0577,0.234,0.9011,0.0325,0.022,0.0409,0.0362,0.538,0.0,0.0064,,0.0085,0.0132,0.946,72853,15795,0.132,39354,4081,0.063,0.1536,0.1069,0.423,0.0486,0.034,0.425,0.8049,0.089,0.067,0.3331,0.08,0.146,955,180,0.115,0.023,0.0332,0.877,1954,6,0.002,0.6524,0.1736,0.162,0.3026,0.1613,0.324,0.0262,0.0237,0.55,0.0,0.0178,,0.3408,0.1629,0.29,318,164,0.314,615,112,0.111,0.2329,0.0965,0.252,1045,98,0.057,209900,16415,0.048,0.4465,0.3809,0.518,0.4057,0.3874,0.58,0.1447,0.0843,0.354,0.746,0.0581,0.047,0.0101,0.0141,0.852,0.0799,0.1132,0.861,0.0,0.0101,,0.1396,0.0505,0.22,0.1383,0.1479,0.65
42003430200,Tract 4302,0.0,4652,270,0.035,1861,166,0.054,38.4,4.7,0.074,0.1773,0.0482,0.165,0.1387,0.0364,0.16,0.8164,0.097,0.072,0.0314,0.0352,0.682,0.0062,0.0084,0.817,0.0712,0.0553,0.473,91495,14561,0.097,42616,6328,0.09,0.0621,0.0423,0.414,0.0526,0.0315,0.364,0.6931,0.0556,0.049,0.4878,0.1153,0.144,1861,166,0.054,0.0,0.0064,,1948,7,0.002,0.6566,0.0381,0.035,0.1483,0.0704,0.288,0.0183,0.0224,0.745,0.1402,0.0765,0.332,0.3133,0.0658,0.128,583,133,0.139,1278,157,0.075,0.2386,0.0558,0.142,1109,149,0.082,238900,21768,0.055,0.4563,0.243,0.324,0.0995,0.0916,0.56,0.1072,0.0755,0.428,0.8038,0.096,0.073,0.0,0.0048,,0.0,0.0048,,0.0,0.0048,,0.1279,0.0538,0.256,0.0467,0.0326,0.424
42003431100,Tract 4311,0.0,3193,360,0.069,1657,193,0.071,38.4,3.4,0.054,0.1459,0.0446,0.186,0.181,0.0519,0.174,0.814,0.0495,0.037,0.0977,0.0437,0.272,0.0088,0.009,0.626,0.0263,0.0217,0.502,67780,10487,0.094,48829,7622,0.095,0.1065,0.0416,0.237,0.054,0.0321,0.362,0.7131,0.0694,0.059,0.5128,0.0849,0.101,1756,198,0.069,0.0564,0.0451,0.486,1938,,,0.4038,0.0716,0.108,0.2773,0.0706,0.155,0.1321,0.0573,0.264,0.1065,0.0507,0.29,0.5383,0.0726,0.082,892,159,0.108,765,151,0.12,0.4228,0.0699,0.1,973,61,0.038,214900,20747,0.059,0.4103,0.1106,0.164,0.2029,0.0918,0.275,0.1882,0.0969,0.313,0.5786,0.0735,0.077,0.0263,0.0337,0.78,0.0274,0.0321,0.711,0.0,0.0066,,0.2926,0.0639,0.133,0.1485,0.0616,0.252
42003431400,Tract 4314,0.0,1845,256,0.084,874,101,0.07,35.6,3.5,0.06,0.2152,0.0523,0.148,0.1398,0.0524,0.228,0.8341,0.1047,0.076,0.078,0.0381,0.296,0.0043,0.0048,0.679,0.0098,0.0118,0.738,73135,8399,0.07,42993,6734,0.095,0.0282,0.0194,0.417,0.0171,0.0179,0.634,0.774,0.127,0.1,0.4363,0.0707,0.099,888,100,0.068,0.0158,0.0145,0.56,1942,7,0.002,0.5529,0.0911,0.1,0.1982,0.0592,0.182,0.0968,0.0388,0.243,0.0169,0.0207,0.744,0.3822,0.0627,0.1,334,67,0.122,540,103,0.116,0.3049,0.0524,0.104,1117,61,0.033,182400,34346,0.114,0.2814,0.0972,0.21,0.1108,0.0683,0.375,0.1556,0.0869,0.34,0.654,0.0746,0.069,0.0141,0.0131,0.566,0.0185,0.0157,0.516,0.0,0.0106,,0.2174,0.0742,0.207,0.024,0.0236,0.598
42003431500,Tract 4315,0.0,3090,413,0.081,1522,219,0.087,36.6,3.6,0.06,0.1841,0.0633,0.209,0.1673,0.0469,0.17,0.8408,0.1006,0.073,0.0926,0.0586,0.385,0.011,0.0096,0.53,0.0126,0.0092,0.445,68784,11273,0.1,44467,8303,0.114,0.1214,0.0929,0.465,0.058,0.0404,0.423,0.7356,0.1159,0.096,0.4875,0.082,0.102,1868,206,0.067,0.1852,0.0799,0.262,1938,,,0.2762,0.0566,0.124,0.2152,0.0688,0.194,0.2634,0.1196,0.276,0.2093,0.0757,0.22,0.6544,0.1265,0.117,996,240,0.146,526,108,0.125,0.4717,0.1281,0.165,900,88,0.059,250000,39292,0.096,0.3695,0.1376,0.226,0.1185,0.0675,0.346,0.3688,0.2135,0.352,0.7192,0.1906,0.161,0.0324,0.0222,0.417,0.0226,0.0154,0.413,0.0,0.0073,,0.149,0.052,0.212,0.1347,0.0558,0.252
42003432300,Tract 4323,0.0,2127,216,0.062,1365,206,0.092,51.9,11.5,0.135,0.1063,0.0682,0.39,0.2887,0.1027,0.216,0.8397,0.104,0.075,0.1114,0.0758,0.414,0.04,0.0435,0.662,0.0075,0.0117,0.948,55034,11242,0.124,44479,5567,0.076,0.142,0.0955,0.409,0.0242,0.0247,0.621,0.6312,0.0709,0.068,0.332,0.0893,0.163,1470,214,0.088,0.0714,0.0652,0.555,1953,10,0.003,0.4082,0.0787,0.117,0.0503,0.0429,0.518,0.0816,0.0687,0.512,0.4401,0.1436,0.198,0.5604,0.1268,0.137,765,208,0.165,600,118,0.12,0.4917,0.1269,0.157,870,319,0.223,173600,35715,0.125,0.2641,0.137,0.315,0.1739,0.133,0.465,0.29,0.1473,0.309,0.5507,0.1119,0.124,0.0365,0.0451,0.751,0.0749,0.105,0.852,0.0,0.011,,0.3123,0.087,0.169,0.2615,0.134,0.311
42003432400,Tract 4324,0.0,2547,219,0.052,1345,180,0.081,41.3,7.3,0.107,0.1205,0.0454,0.229,0.2104,0.0574,0.166,0.7389,0.0824,0.068,0.1932,0.0951,0.299,0.0161,0.016,0.606,0.0294,0.0282,0.581,48060,12106,0.153,48693,14047,0.175,0.1492,0.0631,0.257,0.0392,0.0291,0.451,0.6145,0.0798,0.079,0.3737,0.0802,0.13,1479,164,0.067,0.0906,0.0483,0.324,1946,13,0.004,0.3421,0.0518,0.092,0.2725,0.0837,0.187,0.1582,0.1039,0.399,0.1934,0.067,0.211,0.6112,0.1442,0.143,822,223,0.165,523,114,0.133,0.4587,0.12,0.159,949,162,0.104,167000,38118,0.139,0.5864,0.1796,0.186,0.3917,0.1674,0.26,0.2486,0.1154,0.282,0.6411,0.075,0.071,0.0884,0.091,0.626,0.0078,0.0131,1.028,0.0,0.0093,,0.1279,0.0539,0.256,0.1993,0.102,0.311
42003434000,Tract 4340,0.0,1919,194,0.061,797,102,0.078,39.1,4.1,0.064,0.2402,0.0272,0.069,0.1688,0.0498,0.179,0.8395,0.0587,0.042,0.0625,0.0359,0.349,0.0083,0.0078,0.567,0.0412,0.0215,0.317,102869,12290,0.073,55561,4317,0.047,0.0724,0.0228,0.191,0.0385,0.0228,0.36,0.7438,0.1295,0.106,0.6409,0.1172,0.111,856,116,0.082,0.0689,0.0482,0.425,1938,,,0.7371,0.0808,0.067,0.1998,0.0617,0.188,0.0152,0.0214,0.858,0.0,0.0198,,0.3099,0.0502,0.098,247,51,0.126,550,89,0.098,0.2049,0.0364,0.108,1393,166,0.072,344700,16514,0.029,0.3765,0.1319,0.213,0.2227,0.0947,0.259,0.1782,0.0578,0.197,0.6035,0.0671,0.068,0.0471,0.026,0.335,0.0029,0.0049,1.011,0.002,0.0039,1.214,0.3091,0.0639,0.126,0.0477,0.0257,0.327
42003435000,Tract 4350,0.0,2465,324,0.08,1112,106,0.058,41.5,5.3,0.078,0.2105,0.049,0.142,0.1688,0.0336,0.121,0.7858,0.078,0.06,0.0531,0.0342,0.391,0.002,0.004,1.213,0.1108,0.0695,0.381,64816,6692,0.063,35620,3588,0.061,0.1143,0.0584,0.31,0.032,0.0176,0.335,0.6034,0.0284,0.029,0.4164,0.0689,0.101,1176,94,0.049,0.0544,0.0389,0.434,1950,7,0.002,0.6429,0.0645,0.061,0.0748,0.0483,0.392,0.1675,0.0507,0.184,0.0782,0.0435,0.338,0.3579,0.0507,0.086,398,68,0.104,714,98,0.083,0.3265,0.071,0.132,1101,75,0.041,184200,24802,0.082,0.6131,0.1955,0.194,0.2161,0.1227,0.345,0.2255,0.0875,0.236,0.7466,0.0508,0.041,0.0111,0.0118,0.65,0.0043,0.0059,0.848,0.0,0.0102,,0.199,0.0644,0.197,0.0665,0.0356,0.325
42003437000,Tract 4370,0.0,7228,20,0.002,2622,159,0.037,40.6,3.5,0.052,0.241,0.044,0.111,0.2125,0.0411,0.118,0.9062,0.0359,0.024,0.0084,0.0068,0.488,0.0349,0.0249,0.434,0.0198,0.0155,0.476,153333,21047,0.083,63602,6563,0.063,0.036,0.0235,0.397,0.0434,0.0508,0.712,0.6812,0.0529,0.047,0.6495,0.073,0.068,2737,174,0.039,0.042,0.0405,0.585,2002,3,0.001,0.6814,0.0376,0.034,0.0106,0.0126,0.725,0.1202,0.0433,0.219,0.0307,0.0212,0.419,0.1232,0.0308,0.152,323,83,0.156,2299,154,0.041,0.0802,0.0316,0.239,1706,55,0.02,474600,26889,0.034,0.3189,0.199,0.379,0.1022,0.1368,0.814,0.1762,0.0652,0.225,0.6331,0.0865,0.083,0.0,0.0047,,0.0028,0.0044,0.972,0.0,0.0047,,0.2921,0.0649,0.135,0.0,0.0092,
42003439000,Tract 4390,0.0,1468,169,0.07,581,53,0.055,48.9,4.4,0.055,0.1873,0.0346,0.112,0.2459,0.0194,0.048,0.8583,0.1392,0.099,0.0204,0.0299,0.889,0.0177,0.0128,0.439,0.0129,0.0101,0.475,165987,21701,0.079,88417,9844,0.068,0.0497,0.0332,0.406,0.0185,0.0132,0.436,0.6588,0.0729,0.067,0.6503,0.0339,0.032,627,62,0.06,0.0734,0.0714,0.592,1962,4,0.001,0.9904,0.1369,0.084,0.0032,0.0197,3.759,0.0064,0.0207,1.975,0.0,0.0271,,0.0551,0.0323,0.357,32,19,0.361,549,57,0.063,0.0538,0.0349,0.394,1098,106,0.059,437500,66797,0.093,0.3125,0.7984,1.553,0.3125,0.4643,0.903,0.1694,0.0533,0.191,0.624,0.0214,0.021,0.0051,0.0063,0.753,0.0115,0.0139,0.736,0.0,0.0153,,0.312,0.0903,0.176,0.0361,0.0205,0.344
42003445500,Tract 4455,0.0,3823,21,0.003,1642,121,0.045,38.7,4.7,0.074,0.2218,0.0395,0.108,0.1821,0.0405,0.135,0.8543,0.0492,0.035,0.0254,0.0141,0.338,0.0,0.0031,,0.0275,0.0251,0.556,101053,7209,0.043,66366,10060,0.092,0.0808,0.0354,0.266,0.0697,0.0414,0.361,0.7038,0.0598,0.052,0.6447,0.088,0.083,1913,145,0.046,0.1417,0.0645,0.277,1938,,,0.6147,0.0571,0.056,0.0889,0.0547,0.374,0.149,0.048,0.196,0.1072,0.0473,0.268,0.3197,0.0724,0.138,525,125,0.145,1117,121,0.066,0.2484,0.0694,0.17,955,38,0.024,464300,83483,0.109,0.5048,0.1898,0.229,0.2895,0.1673,0.351,0.2659,0.1007,0.23,0.4985,0.0934,0.114,0.004,0.0059,0.91,0.1296,0.051,0.239,0.0045,0.0074,1.012,0.3358,0.0938,0.17,0.1127,0.057,0.307
42003446000,Tract 4460,0.0,1587,132,0.051,597,62,0.063,44.0,1.7,0.023,0.2659,0.0324,0.074,0.2136,0.0355,0.101,0.92,0.0357,0.024,0.0057,0.0069,0.741,0.0076,0.0082,0.657,0.0403,0.0256,0.386,202813,62253,0.187,122182,14527,0.072,0.0296,0.0151,0.309,0.0392,0.024,0.373,0.6151,0.0264,0.026,0.8119,0.0441,0.033,653,63,0.059,0.0858,0.0483,0.342,1943,5,0.002,0.9541,0.0337,0.021,0.0184,0.0229,0.758,0.0,0.026,,0.0138,0.0239,1.053,0.1039,0.0456,0.267,62,28,0.275,535,62,0.07,0.0683,0.0285,0.254,1438,650,0.275,820100,63621,0.047,0.0806,0.3519,2.652,0.0806,0.1069,0.806,0.1907,0.061,0.195,0.6243,0.0524,0.051,0.0057,0.0071,0.757,0.02,0.0127,0.385,0.0214,0.0242,0.686,0.3043,0.0589,0.118,0.0168,0.0134,0.486
42003447000,Tract 4470,0.0,1530,266,0.106,651,155,0.145,42.3,8.2,0.118,0.2157,0.0634,0.179,0.1954,0.0109,0.034,0.8797,0.084,0.058,0.0157,0.0094,0.365,0.0118,0.0089,0.461,0.0327,0.016,0.298,93083,41026,0.268,51187,8704,0.103,0.0629,0.023,0.223,0.0382,0.0185,0.294,0.5514,0.1006,0.111,0.3978,0.0796,0.122,672,154,0.139,0.0312,0.0304,0.592,1956,14,0.004,0.8155,0.1961,0.146,0.1696,0.2341,0.839,0.0,0.0253,,0.0,0.0253,,0.232,0.2411,0.632,151,161,0.648,500,46,0.056,0.1784,0.1711,0.583,1106,91,0.05,254700,39946,0.095,0.6954,0.7383,0.645,0.0,0.0795,,0.218,0.0649,0.181,0.7152,0.0615,0.052,0.0,0.0188,,0.0047,0.0062,0.807,0.0,0.0188,,0.2081,0.0426,0.124,0.0445,0.0413,0.563
42003448000,Tract 4480,0.0,1096,143,0.079,558,67,0.073,44.3,1.7,0.023,0.1989,0.0505,0.154,0.26,0.0438,0.102,0.8066,0.0945,0.071,0.0484,0.0248,0.311,0.0082,0.0063,0.466,0.0374,0.0408,0.662,66346,17925,0.164,41941,5319,0.077,0.0575,0.0218,0.23,0.0478,0.0491,0.625,0.6236,0.0432,0.042,0.3717,0.0576,0.094,629,61,0.059,0.1129,0.0513,0.276,1938,,,0.5548,0.0788,0.086,0.1669,0.0687,0.25,0.0,0.027,,0.1049,0.0466,0.27,0.4301,0.0984,0.139,240,62,0.157,318,50,0.096,0.333,0.1094,0.2,959,216,0.137,156000,23061,0.09,0.2833,0.1036,0.222,0.0542,0.0392,0.44,0.1887,0.1233,0.397,0.7042,0.0825,0.071,0.0573,0.0469,0.498,0.0,0.0229,,0.0,0.0229,,0.1908,0.0664,0.212,0.1326,0.0611,0.28
42003449000,Tract 4490,0.0,2141,295,0.084,975,128,0.08,53.7,6.1,0.069,0.1719,0.0387,0.137,0.2485,0.0404,0.099,0.8655,0.0477,0.034,0.0,0.0056,,0.028,0.0192,0.417,0.0514,0.0353,0.417,81992,8340,0.062,45843,5122,0.068,0.0481,0.0335,0.423,0.0663,0.0435,0.399,0.6351,0.0593,0.057,0.3109,0.071,0.139,1144,119,0.063,0.1477,0.0492,0.203,1963,4,0.001,0.9073,0.0515,0.035,0.0271,0.016,0.359,0.0044,0.0126,1.752,0.0,0.0148,,0.1241,0.0678,0.332,121,68,0.342,854,117,0.083,0.1133,0.0704,0.378,1215,204,0.102,195600,19272,0.06,0.4545,0.3384,0.453,0.2397,0.2082,0.528,0.2201,0.0902,0.249,0.688,0.062,0.055,0.0048,0.0076,0.968,0.0496,0.0587,0.719,0.0,0.0115,,0.2061,0.0554,0.163,0.0349,0.03,0.522
42003450700,Tract 4507,0.0,2852,386,0.082,1354,209,0.094,39.4,3.7,0.057,0.1771,0.0446,0.153,0.1848,0.0383,0.126,0.7686,0.0597,0.047,0.0452,0.0295,0.397,0.0,0.0042,,0.0663,0.04,0.367,64000,12679,0.12,43137,6311,0.089,0.1396,0.0844,0.367,0.0441,0.0388,0.535,0.6938,0.0571,0.05,0.3897,0.098,0.153,1584,209,0.08,0.1452,0.083,0.348,1938,,,0.6894,0.0811,0.071,0.0644,0.0383,0.362,0.0676,0.0512,0.461,0.149,0.0691,0.282,0.3493,0.0882,0.154,473,140,0.18,881,162,0.112,0.2604,0.0883,0.206,973,103,0.064,179400,18154,0.062,0.334,0.1608,0.293,0.2452,0.1338,0.332,0.1476,0.0853,0.351,0.6121,0.0257,0.026,0.0302,0.0222,0.447,0.0055,0.0092,1.008,0.0,0.0074,,0.2266,0.1135,0.304,0.1108,0.0552,0.303
42003450800,Tract 4508,0.0,2565,380,0.09,1235,137,0.067,51.3,7.8,0.092,0.1185,0.0769,0.394,0.3349,0.0649,0.118,0.6495,0.0586,0.055,0.292,0.162,0.337,0.0101,0.0112,0.672,0.0351,0.039,0.676,63737,8255,0.079,32704,4725,0.088,0.0873,0.038,0.264,0.0472,0.0302,0.39,0.5577,0.0748,0.082,0.2565,0.0981,0.233,1346,123,0.056,0.0825,0.0597,0.44,1945,5,0.002,0.5698,0.0943,0.101,0.1731,0.0865,0.304,0.0371,0.0276,0.452,0.1642,0.0673,0.249,0.5498,0.1022,0.113,679,147,0.132,556,130,0.142,0.4949,0.1739,0.214,867,74,0.052,114900,48020,0.254,0.4418,0.1339,0.184,0.2268,0.0956,0.256,0.3975,0.2003,0.306,0.6584,0.0899,0.083,0.0083,0.0139,1.027,0.0668,0.0656,0.597,0.0,0.0099,,0.1238,0.0826,0.406,0.1757,0.0861,0.298
42003451101,Tract 4511.01,0.0,3598,486,0.082,1548,177,0.07,48.3,5.0,0.063,0.199,0.0369,0.113,0.2896,0.0467,0.098,0.9188,0.034,0.022,0.0161,0.0134,0.507,0.0047,0.0044,0.566,0.0442,0.0427,0.587,133707,27137,0.123,65861,5429,0.05,0.0117,0.0096,0.498,0.0486,0.0535,0.67,0.5829,0.071,0.074,0.5214,0.0636,0.074,1602,174,0.066,0.0337,0.0366,0.661,1973,4,0.001,0.7566,0.0652,0.052,0.0231,0.0363,0.955,0.0674,0.0354,0.32,0.0137,0.0236,1.046,0.1143,0.0712,0.378,177,112,0.385,1371,161,0.071,0.0756,0.0457,0.367,1049,800,0.464,331400,30240,0.055,0.226,0.2087,0.561,0.1751,0.1904,0.661,0.078,0.0448,0.349,0.6935,0.1194,0.105,0.0,0.0073,,0.0031,0.0055,1.089,0.0,0.0073,,0.2729,0.0704,0.157,0.0226,0.0275,0.739
42003451102,Tract 4511.02,0.0,6431,679,0.064,2190,293,0.081,29.4,4.6,0.095,0.1525,0.0541,0.216,0.1765,0.0457,0.157,0.7509,0.0674,0.055,0.0547,0.0236,0.262,0.0694,0.0522,0.458,0.0505,0.0333,0.401,94035,12472,0.081,50859,20949,0.25,0.0509,0.0336,0.401,0.0209,0.0132,0.385,0.5845,0.0537,0.056,0.5374,0.0842,0.095,2298,289,0.076,0.047,0.0317,0.409,1970,4,0.001,0.557,0.0905,0.099,0.1097,0.0722,0.4,0.208,0.0849,0.248,0.0905,0.0471,0.317,0.3484,0.0885,0.154,763,219,0.174,1427,313,0.133,0.324,0.1177,0.221,1147,65,0.034,255200,22685,0.054,0.2176,0.1841,0.514,0.1717,0.1808,0.64,0.164,0.1242,0.46,0.6328,0.0589,0.057,0.0183,0.013,0.43,0.056,0.0206,0.223,0.0,0.0055,,0.2382,0.0939,0.24,0.0457,0.0577,0.769
42003451104,Tract 4511.04,0.0,3783,530,0.085,1320,189,0.087,39.8,3.7,0.057,0.2577,0.0492,0.116,0.166,0.0554,0.203,0.9321,0.059,0.038,0.028,0.0256,0.556,0.0106,0.0115,0.663,0.0021,0.0037,1.06,160213,32227,0.122,59942,5734,0.058,0.0079,0.0085,0.649,0.0151,0.0134,0.541,0.6852,0.1315,0.117,0.5624,0.0607,0.066,1360,197,0.088,0.0294,0.038,0.785,1990,8,0.002,0.9647,0.0458,0.029,0.0,0.0125,,0.0,0.0125,,0.0051,0.0125,1.471,0.0121,0.0143,0.717,16,19,0.722,1304,188,0.088,0.0042,0.005,0.717,,,,348500,29896,0.052,1.0,1.0753,0.654,0.4375,0.5409,0.752,0.1089,0.1093,0.61,0.5646,0.0591,0.064,0.0,0.0061,,0.0259,0.0426,0.998,0.0,0.0061,,0.3179,0.0576,0.11,0.0,0.0129,
42003451105,Tract 4511.05,0.0,6026,1349,0.136,2142,219,0.062,35.1,8.3,0.144,0.1359,0.0267,0.119,0.0981,0.0197,0.122,0.8251,0.1453,0.107,0.0473,0.0517,0.664,0.0636,0.0479,0.458,0.0191,0.0172,0.549,105974,19040,0.109,51538,7731,0.091,0.048,0.0256,0.325,0.0638,0.0581,0.553,0.7906,0.1021,0.078,0.5317,0.088,0.101,2311,224,0.059,0.0731,0.0654,0.544,1976,6,0.002,0.463,0.096,0.126,0.0788,0.053,0.409,0.2834,0.0911,0.195,0.1367,0.0742,0.33,0.4356,0.0651,0.091,933,169,0.11,1209,237,0.119,0.2871,0.0891,0.189,1376,254,0.112,278800,39547,0.086,0.4427,0.1619,0.222,0.2036,0.1221,0.364,0.1274,0.097,0.463,0.7926,0.1748,0.134,0.0,0.0045,,0.0003,0.0005,1.206,0.0,0.0045,,0.135,0.0649,0.292,0.0121,0.0216,1.079
42003451300,Tract 4513,0.0,7064,661,0.057,2965,355,0.073,49.9,4.1,0.05,0.2172,0.0348,0.097,0.2736,0.059,0.131,0.8542,0.0561,0.04,0.0134,0.0123,0.554,0.0464,0.0214,0.28,0.004,0.0062,0.954,120072,19795,0.1,70012,8687,0.075,0.0312,0.0171,0.333,0.0224,0.0153,0.414,0.6129,0.0349,0.035,0.5391,0.0769,0.087,3045,372,0.074,0.0263,0.0284,0.657,1978,5,0.002,0.8184,0.0696,0.052,0.047,0.035,0.453,0.0095,0.0121,0.775,0.0397,0.0354,0.542,0.1137,0.0323,0.173,337,104,0.188,2628,368,0.085,0.0816,0.0319,0.237,1228,197,0.098,295500,36282,0.075,0.5371,0.3103,0.351,0.181,0.1114,0.374,0.2032,0.1032,0.309,0.752,0.0686,0.055,0.0159,0.0148,0.569,0.0,0.0051,,0.0,0.0051,,0.1774,0.055,0.189,0.0175,0.0139,0.482
42003452000,Tract 4520,0.0,6698,24,0.002,2850,290,0.062,41.6,4.8,0.07,0.1948,0.0457,0.142,0.1627,0.0394,0.147,0.8606,0.0955,0.067,0.0133,0.0167,0.765,0.0782,0.1017,0.79,0.0205,0.0206,0.612,110625,18022,0.099,51449,4866,0.057,0.0211,0.0135,0.389,0.0382,0.0437,0.697,0.6792,0.058,0.052,0.375,0.0761,0.123,2950,289,0.06,0.0339,0.0361,0.648,1984,6,0.002,0.7641,0.0752,0.06,0.0556,0.0331,0.362,0.0173,0.0178,0.627,0.0,0.0081,,0.2014,0.0722,0.218,574,214,0.227,2276,332,0.089,0.1701,0.0771,0.276,1007,421,0.254,257800,41915,0.099,0.4233,0.215,0.309,0.216,0.1222,0.344,0.1059,0.0482,0.277,0.7609,0.0951,0.076,0.0168,0.0188,0.679,0.0,0.0049,,0.0006,0.0017,1.823,0.1106,0.048,0.264,0.0053,0.0103,1.19
42003453003,Tract 4530.03,0.0,1953,227,0.071,720,97,0.082,49.1,3.1,0.038,0.1429,0.0338,0.144,0.169,0.0337,0.121,0.9089,0.0472,0.032,0.0143,0.0101,0.428,0.023,0.0213,0.563,0.0246,0.0203,0.502,100100,18839,0.114,46987,6599,0.085,0.0586,0.0316,0.328,0.0435,0.042,0.588,0.6632,0.068,0.062,0.4324,0.1011,0.142,740,95,0.078,0.027,0.0254,0.572,1967,2,0.001,0.8865,0.0677,0.046,0.0135,0.0259,1.165,0.0,0.0229,,0.0,0.0229,,0.1375,0.0494,0.218,99,38,0.233,621,97,0.095,0.1466,0.0617,0.256,1354,237,0.106,235200,23784,0.061,0.1111,0.2257,1.235,0.101,0.1465,0.881,0.1385,0.0703,0.309,0.7127,0.1012,0.086,0.0302,0.0196,0.394,0.0339,0.0316,0.567,0.0,0.011,,0.1802,0.042,0.142,0.0208,0.0288,0.839
42003453004,Tract 4530.04,0.0,7139,776,0.066,3250,415,0.078,39.7,4.1,0.063,0.1887,0.0378,0.122,0.1584,0.0308,0.118,0.755,0.0649,0.052,0.0146,0.0122,0.51,0.0531,0.029,0.332,0.0566,0.036,0.387,96408,11519,0.073,49062,5612,0.07,0.055,0.0306,0.338,0.0109,0.0159,0.889,0.7513,0.0612,0.05,0.5146,0.0795,0.094,3671,392,0.065,0.1147,0.0595,0.315,1992,3,0.001,0.4364,0.1137,0.158,0.0112,0.0127,0.69,0.1866,0.0544,0.177,0.0872,0.042,0.293,0.3418,0.0626,0.111,1111,248,0.136,2139,457,0.13,0.3517,0.0722,0.125,1516,188,0.075,227900,11200,0.03,0.4959,0.1409,0.173,0.1512,0.0805,0.324,0.1618,0.0656,0.246,0.7126,0.0876,0.075,0.0002,0.0005,1.213,0.0106,0.0151,0.868,0.0,0.0039,,0.2526,0.0601,0.145,0.0351,0.0276,0.478
42003455000,Tract 4550,0.0,1489,142,0.058,689,88,0.078,44.6,2.5,0.034,0.1551,0.0243,0.095,0.2048,0.0232,0.069,0.8852,0.1117,0.077,0.0343,0.0462,0.82,0.0034,0.004,0.727,0.0047,0.008,1.041,93036,14297,0.093,48318,8591,0.108,0.0804,0.0516,0.39,0.0303,0.0193,0.389,0.6856,0.0624,0.055,0.2806,0.0629,0.136,705,88,0.076,0.0227,0.0254,0.68,1951,9,0.003,0.8142,0.0885,0.066,0.0312,0.0241,0.469,0.0851,0.0413,0.295,0.0,0.0241,,0.2061,0.0629,0.186,142,47,0.201,547,90,0.1,0.1847,0.0634,0.209,1096,276,0.153,190700,25052,0.08,0.2535,0.1522,0.365,0.1479,0.147,0.604,0.0859,0.0666,0.471,0.7597,0.0922,0.074,0.0071,0.007,0.602,0.033,0.0315,0.58,0.0,0.0141,,0.1143,0.0234,0.124,0.0479,0.0302,0.383
42003456001,Tract 4560.01,0.0,4653,486,0.063,1662,180,0.066,41.3,2.9,0.043,0.2678,0.0417,0.095,0.147,0.0401,0.166,0.8545,0.0669,0.048,0.0245,0.0246,0.61,0.0522,0.0263,0.306,0.0159,0.0167,0.638,132212,15400,0.071,57392,7730,0.082,0.0417,0.0382,0.557,0.008,0.0084,0.634,0.7058,0.0426,0.037,0.4596,0.0512,0.068,1705,159,0.057,0.0252,0.0304,0.733,1991,4,0.001,0.851,0.0642,0.046,0.0405,0.0348,0.523,0.0,0.01,,0.0,0.01,,0.1089,0.0602,0.336,181,102,0.343,1481,186,0.076,0.0903,0.0605,0.408,1299,272,0.127,372000,32248,0.053,0.4254,0.3441,0.492,0.3812,0.3413,0.544,0.1087,0.0604,0.338,0.7542,0.0434,0.035,0.0,0.0048,,0.0032,0.0048,0.909,0.0,0.0048,,0.193,0.0596,0.188,0.0289,0.0317,0.668
42003456003,Tract 4560.03,0.0,7513,522,0.042,2649,182,0.042,40.3,2.1,0.032,0.3089,0.0538,0.106,0.1266,0.0278,0.134,0.7124,0.0761,0.065,0.0225,0.0183,0.495,0.2221,0.0642,0.176,0.0166,0.0138,0.504,153250,21808,0.087,67674,7156,0.064,0.0334,0.0234,0.427,0.0036,0.0057,0.954,0.6986,0.0469,0.041,0.6609,0.0698,0.064,2853,156,0.033,0.0715,0.0482,0.41,1996,5,0.002,0.6761,0.0481,0.043,0.0333,0.029,0.529,0.0312,0.0317,0.618,0.0074,0.0136,1.126,0.0876,0.0479,0.333,232,128,0.335,2417,200,0.05,0.0635,0.0339,0.324,1230,214,0.106,346700,30270,0.053,0.306,0.1859,0.369,0.0948,0.1598,1.024,0.1204,0.0478,0.241,0.6909,0.0646,0.057,0.028,0.0163,0.354,0.0,0.0044,,0.0,0.0044,,0.2584,0.0833,0.196,0.0404,0.0278,0.418
42003456004,Tract 4560.04,0.0,6294,506,0.049,2572,200,0.047,43.7,4.7,0.065,0.1915,0.0432,0.137,0.2415,0.0449,0.113,0.8071,0.0866,0.065,0.0442,0.0232,0.32,0.027,0.025,0.563,0.0631,0.0544,0.524,87500,13588,0.094,47887,5033,0.064,0.0358,0.0256,0.436,0.0232,0.0157,0.411,0.6605,0.0609,0.056,0.5745,0.0754,0.08,2671,201,0.046,0.0371,0.0276,0.452,1986,7,0.002,0.337,0.0768,0.139,0.0,0.009,,0.1711,0.0666,0.237,0.1999,0.0626,0.19,0.3285,0.0689,0.127,845,189,0.136,1727,219,0.077,0.2237,0.0514,0.14,1190,57,0.029,308100,113351,0.224,0.4379,0.1741,0.242,0.2568,0.1453,0.344,0.1743,0.0796,0.278,0.6862,0.0989,0.088,0.0033,0.0072,1.324,0.0066,0.0096,0.88,0.0,0.0051,,0.2592,0.0643,0.151,0.0665,0.0491,0.449
42003457100,Tract 4571,0.0,1433,176,0.075,695,89,0.078,41.3,6.9,0.102,0.1556,0.0489,0.191,0.2177,0.0581,0.162,0.8842,0.046,0.032,0.0265,0.0263,0.603,0.0,0.0084,,0.0007,0.0014,1.214,68750,17301,0.153,39613,6159,0.095,0.1271,0.0574,0.275,0.121,0.101,0.507,0.6852,0.0871,0.077,0.2672,0.0705,0.16,767,78,0.062,0.0939,0.0632,0.409,1953,6,0.002,0.5632,0.0949,0.102,0.1082,0.059,0.331,0.1512,0.074,0.298,0.1017,0.0509,0.304,0.5597,0.0937,0.102,389,82,0.128,306,74,0.147,0.522,0.1252,0.146,842,199,0.144,189800,30511,0.098,0.3213,0.129,0.244,0.0977,0.0902,0.561,0.2451,0.1369,0.34,0.7147,0.1078,0.092,0.0188,0.0186,0.599,0.0081,0.012,0.906,0.0,0.0162,,0.1077,0.0507,0.286,0.1338,0.0633,0.288
42003457200,Tract 4572,0.0,3253,177,0.033,1808,151,0.051,44.2,2.3,0.032,0.174,0.0504,0.176,0.2339,0.0578,0.15,0.8675,0.0637,0.045,0.0541,0.034,0.382,0.0,0.0037,,0.0129,0.0132,0.621,58808,10854,0.112,41925,5057,0.073,0.1116,0.0483,0.263,0.0525,0.043,0.497,0.619,0.0539,0.053,0.3542,0.0612,0.105,2015,167,0.05,0.1027,0.0579,0.343,1953,2,0.001,0.7102,0.0787,0.067,0.1082,0.054,0.303,0.0764,0.0365,0.29,0.0883,0.0499,0.344,0.339,0.0774,0.139,613,149,0.148,1195,171,0.087,0.2815,0.0748,0.161,915,64,0.043,158200,24329,0.093,0.3883,0.1723,0.27,0.1746,0.106,0.369,0.1289,0.0626,0.295,0.7177,0.0838,0.071,0.013,0.0147,0.691,0.034,0.0306,0.547,0.0,0.0074,,0.2038,0.0523,0.156,0.1803,0.095,0.32
42003458001,Tract 4580.01,0.0,4340,367,0.051,1875,160,0.052,49.6,3.3,0.04,0.1839,0.0465,0.154,0.2645,0.0448,0.103,0.8512,0.0515,0.037,0.0523,0.0452,0.525,0.0599,0.0347,0.352,0.0032,0.0037,0.693,117344,32547,0.169,72557,11057,0.093,0.0327,0.0155,0.289,0.016,0.0167,0.635,0.6438,0.0558,0.053,0.5762,0.0651,0.069,1967,160,0.049,0.0468,0.0446,0.579,2003,2,0.001,0.5506,0.0685,0.076,0.0,0.0086,,0.1179,0.0505,0.26,0.0275,0.0192,0.426,0.2475,0.0478,0.117,464,98,0.128,1411,147,0.063,0.1985,0.0414,0.127,1957,241,0.075,433600,46631,0.065,0.4418,0.1686,0.232,0.1638,0.1111,0.412,0.2601,0.1026,0.24,0.672,0.0834,0.075,0.0069,0.0073,0.642,0.0,0.0052,,0.0,0.0052,,0.2678,0.06,0.136,0.0,0.0091,
42003458002,Tract 4580.02,0.0,4632,366,0.048,2053,211,0.062,50.0,6.2,0.075,0.1686,0.0396,0.143,0.2811,0.0624,0.135,0.9119,0.0619,0.041,0.0175,0.0267,0.929,0.006,0.0101,1.019,0.025,0.0232,0.564,100503,17096,0.103,57331,8725,0.093,0.0292,0.0235,0.489,0.0266,0.0187,0.427,0.6294,0.0114,0.011,0.4071,0.0645,0.096,2148,240,0.068,0.0442,0.0472,0.649,1981,14,0.004,0.6983,0.0826,0.072,0.0065,0.0129,1.202,0.0,0.0079,,0.0065,0.0116,1.086,0.1203,0.0725,0.366,247,151,0.372,1806,226,0.076,0.1064,0.0626,0.358,1398,687,0.299,309900,25929,0.051,0.6113,0.185,0.184,0.251,0.1441,0.349,0.2087,0.0853,0.248,0.6775,0.0923,0.083,0.0131,0.016,0.743,0.0,0.0051,,0.0,0.0051,,0.2286,0.0684,0.182,0.0502,0.0472,0.572
42003459101,Tract 4591.01,0.0,1760,232,0.08,683,76,0.068,35.8,6.5,0.11,0.2352,0.0638,0.165,0.175,0.0453,0.157,0.8835,0.0593,0.041,0.0943,0.0958,0.617,0.0068,0.0108,0.959,0.0,0.0068,,87821,12641,0.088,43580,6076,0.085,0.1119,0.0774,0.42,0.0171,0.0265,0.944,0.6797,0.0701,0.063,0.4258,0.077,0.11,713,84,0.072,0.0421,0.0474,0.685,1962,5,0.002,0.892,0.0724,0.049,0.0266,0.0452,1.031,0.0,0.0238,,0.0,0.0238,,0.2138,0.0891,0.253,146,63,0.262,537,96,0.109,0.2382,0.1054,0.269,1153,139,0.073,257000,24314,0.058,0.9658,0.1382,0.087,0.3493,0.1591,0.277,0.1713,0.114,0.405,0.6638,0.0649,0.059,0.0,0.013,,0.0,0.013,,0.0,0.013,,0.2375,0.0879,0.225,0.0439,0.0471,0.651
42003459102,Tract 4591.02,0.0,6526,588,0.055,2514,207,0.05,45.7,1.9,0.025,0.1937,0.0449,0.141,0.2416,0.041,0.103,0.9044,0.0331,0.022,0.0208,0.0211,0.614,0.0257,0.0192,0.453,0.0348,0.0325,0.568,122026,9843,0.049,58957,5891,0.061,0.049,0.0252,0.312,0.0299,0.026,0.527,0.6262,0.0444,0.043,0.4507,0.0724,0.098,2593,191,0.045,0.0305,0.0373,0.745,1984,5,0.002,0.7034,0.0715,0.062,0.0212,0.0195,0.559,0.1269,0.0573,0.274,0.0201,0.0192,0.581,0.2403,0.0812,0.205,604,210,0.211,1910,221,0.07,0.2104,0.0732,0.211,1768,105,0.036,336600,43880,0.079,0.2185,0.19,0.528,0.0695,0.0687,0.601,0.0728,0.0421,0.351,0.7234,0.0934,0.079,0.0067,0.0103,0.937,0.0,0.0052,,0.0,0.0052,,0.172,0.0579,0.204,0.0278,0.0226,0.493
42003459201,Tract 4592.01,0.0,7248,604,0.051,3543,281,0.048,38.2,3.0,0.048,0.1629,0.0412,0.154,0.2003,0.0354,0.108,0.8171,0.0341,0.025,0.0295,0.0215,0.443,0.0568,0.0363,0.388,0.0356,0.0388,0.663,84141,18352,0.133,55015,6823,0.075,0.0466,0.0331,0.432,0.0043,0.0065,0.926,0.7104,0.047,0.04,0.4847,0.0657,0.082,3749,284,0.046,0.0549,0.0457,0.505,1992,4,0.001,0.4388,0.0493,0.068,0.0627,0.0403,0.39,0.1232,0.0607,0.299,0.2603,0.0667,0.156,0.4338,0.061,0.085,1537,248,0.098,2006,250,0.076,0.3446,0.0577,0.102,1680,81,0.029,264400,52991,0.122,0.4203,0.1403,0.203,0.1392,0.0842,0.368,0.1765,0.1133,0.39,0.7184,0.0525,0.044,0.0076,0.0055,0.439,0.025,0.0385,0.935,0.0,0.0039,,0.1623,0.0589,0.221,0.0358,0.0302,0.512
42003459202,Tract 4592.02,0.0,655,87,0.081,474,61,0.078,45.0,8.4,0.113,0.0321,0.0524,0.993,0.2702,0.0646,0.145,0.9221,0.0171,0.011,0.0198,0.0166,0.508,0.0183,0.0212,0.705,0.0183,0.0166,0.551,69167,8488,0.075,60878,8084,0.081,0.1252,0.0925,0.449,0.0293,0.0268,0.557,0.7539,0.0688,0.055,0.6032,0.1,0.101,500,54,0.066,0.052,0.0416,0.487,1974,2,0.001,0.054,0.0557,0.627,0.016,0.0288,1.094,0.172,0.0524,0.185,0.0,0.0339,,0.289,0.1298,0.273,137,64,0.284,337,29,0.052,0.287,0.116,0.246,1496,256,0.104,157100,4910,0.019,0.4891,0.3726,0.463,0.438,0.3623,0.503,0.181,0.0931,0.313,0.6767,0.0751,0.067,0.0345,0.034,0.6,0.0086,0.0107,0.754,0.0,0.0259,,0.2414,0.0771,0.194,0.0253,0.0179,0.429
42003460001,Tract 4600.01,0.0,4842,381,0.048,2141,182,0.052,50.8,6.0,0.072,0.1607,0.0441,0.167,0.2402,0.0508,0.129,0.9029,0.0667,0.045,0.0551,0.0531,0.585,0.0039,0.0062,0.959,0.006,0.0058,0.585,85184,12059,0.086,43277,4120,0.058,0.0673,0.0383,0.346,0.0101,0.0108,0.647,0.6275,0.0762,0.074,0.4029,0.0665,0.1,2188,192,0.053,0.0215,0.0342,0.969,1961,4,0.001,0.8551,0.0591,0.042,0.0064,0.0123,1.164,0.0411,0.0217,0.32,0.0,0.0078,,0.1284,0.0984,0.466,275,212,0.469,1866,156,0.051,0.0879,0.0876,0.606,1224,532,0.264,235600,17819,0.046,0.4582,0.0873,0.116,0.3273,0.2141,0.398,0.1892,0.0814,0.262,0.7069,0.0495,0.043,0.0193,0.023,0.725,0.0,0.0047,,0.0,0.0047,,0.2423,0.083,0.208,0.1102,0.0609,0.336
42003460002,Tract 4600.02,0.0,3707,378,0.062,1581,156,0.06,44.1,5.8,0.08,0.1883,0.0511,0.165,0.2735,0.0493,0.109,0.8781,0.0712,0.049,0.058,0.0777,0.815,0.0162,0.0199,0.747,0.0316,0.0306,0.589,95964,13059,0.083,55503,9639,0.106,0.113,0.0772,0.415,0.037,0.035,0.575,0.5955,0.052,0.053,0.4794,0.0788,0.1,1679,173,0.063,0.0584,0.0521,0.542,1983,7,0.002,0.6063,0.0605,0.061,0.0476,0.0438,0.559,0.0536,0.0309,0.351,0.1328,0.0676,0.31,0.2764,0.0695,0.153,437,118,0.164,1144,163,0.087,0.2579,0.0864,0.204,1793,185,0.063,269000,17908,0.04,0.2883,0.1412,0.298,0.1648,0.1029,0.38,0.1442,0.0689,0.29,0.5954,0.1255,0.128,0.0,0.0069,,0.0,0.0069,,0.0086,0.0149,1.051,0.3393,0.121,0.217,0.0392,0.0298,0.462
42003461000,Tract 4610,0.0,1085,160,0.09,594,47,0.048,43.4,5.1,0.071,0.1327,0.043,0.197,0.2276,0.0186,0.05,0.8968,0.0857,0.058,0.0276,0.0208,0.457,0.0,0.0111,,0.0424,0.0345,0.494,61094,9017,0.09,42042,4526,0.065,0.1336,0.043,0.196,0.0427,0.0305,0.434,0.7058,0.1259,0.108,0.3054,0.057,0.113,614,42,0.042,0.0326,0.0325,0.606,1949,5,0.002,0.6368,0.0764,0.073,0.3062,0.0736,0.146,0.0228,0.0312,0.833,0.0,0.0276,,0.4714,0.0847,0.109,280,55,0.119,314,49,0.095,0.435,0.1429,0.2,941,75,0.048,170900,16132,0.057,0.2857,0.0992,0.211,0.1214,0.048,0.24,0.1624,0.0907,0.339,0.7653,0.0681,0.054,0.0129,0.0111,0.526,0.0241,0.0239,0.602,0.0,0.0193,,0.1334,0.0634,0.289,0.0438,0.0224,0.311
42003462100,Tract 4621,0.0,2504,405,0.098,1158,184,0.097,36.6,13.5,0.224,0.2576,0.0824,0.194,0.1773,0.0406,0.139,0.6789,0.1093,0.098,0.3071,0.1926,0.381,0.0068,0.0119,1.068,0.0,0.0048,,38969,15219,0.237,28423,7074,0.151,0.3191,0.1944,0.37,0.0,0.0136,,0.4407,0.0694,0.096,0.2021,0.0742,0.223,1295,199,0.093,0.1058,0.0818,0.47,1963,4,0.001,0.6039,0.0982,0.099,0.1004,0.0611,0.37,0.044,0.0537,0.741,0.01,0.02,1.21,0.3782,0.1206,0.194,438,156,0.217,720,160,0.135,0.4538,0.1467,0.196,1298,97,0.045,132300,16711,0.077,0.4201,0.181,0.262,0.1826,0.1257,0.418,0.1264,0.094,0.452,0.5735,0.1121,0.119,0.0102,0.0168,1.004,0.0758,0.1003,0.805,0.0,0.0136,,0.1369,0.0616,0.274,0.133,0.0893,0.408
42003462600,Tract 4626,0.0,3790,406,0.065,1689,231,0.083,38.6,7.2,0.113,0.2367,0.0803,0.206,0.1412,0.0397,0.171,0.5939,0.0768,0.079,0.3045,0.1188,0.237,0.0,0.0032,,0.0211,0.0135,0.39,57878,5163,0.054,29723,3559,0.073,0.1734,0.0673,0.236,0.1954,0.0901,0.28,0.7302,0.0601,0.05,0.198,0.0827,0.254,1950,250,0.078,0.1338,0.066,0.3,1941,5,0.002,0.6133,0.1026,0.102,0.1974,0.0739,0.228,0.0626,0.0509,0.495,0.0,0.0087,,0.5536,0.1016,0.112,935,214,0.139,754,172,0.139,0.5569,0.1153,0.126,1082,98,0.055,96600,26487,0.167,0.2952,0.1077,0.222,0.184,0.0948,0.313,0.2281,0.1091,0.291,0.7371,0.0595,0.049,0.1045,0.0473,0.275,0.0122,0.0205,1.017,0.0,0.0067,,0.0534,0.0384,0.437,0.222,0.12,0.329
42003463900,Tract 4639,0.0,3053,434,0.086,1439,274,0.116,43.2,9.6,0.135,0.1965,0.0518,0.16,0.1575,0.0547,0.211,0.5182,0.0995,0.117,0.2391,0.1146,0.291,0.0036,0.0088,1.49,0.0996,0.1391,0.849,49696,15818,0.193,26067,4926,0.115,0.2639,0.0975,0.225,0.0671,0.0591,0.535,0.5892,0.148,0.153,0.0793,0.0342,0.262,1711,262,0.093,0.159,0.0781,0.299,1946,13,0.004,0.6242,0.0798,0.078,0.0672,0.0672,0.607,0.0397,0.0498,0.762,0.0871,0.0666,0.465,0.4962,0.1491,0.183,714,254,0.216,725,201,0.169,0.4491,0.1678,0.227,1177,141,0.073,71400,13288,0.113,0.4482,0.1616,0.219,0.1961,0.0804,0.249,0.2124,0.116,0.332,0.5893,0.123,0.127,0.0783,0.0448,0.348,0.0456,0.0376,0.501,0.0,0.0085,,0.0349,0.0298,0.519,0.2745,0.1105,0.245
42003464300,Tract 4643,0.0,3299,44,0.008,1534,177,0.07,40.2,3.8,0.057,0.2261,0.0707,0.19,0.1704,0.0444,0.159,0.8036,0.0854,0.065,0.1055,0.0682,0.393,0.0136,0.0252,1.121,0.0124,0.0139,0.682,71154,22202,0.19,38349,5406,0.086,0.1345,0.0897,0.406,0.0369,0.0363,0.597,0.76,0.047,0.038,0.2589,0.0778,0.183,1534,177,0.07,0.0,0.0078,,1938,,,0.6721,0.0585,0.053,0.1134,0.0637,0.341,0.0776,0.0528,0.414,0.1037,0.0738,0.433,0.3957,0.1137,0.175,607,188,0.188,927,161,0.106,0.3065,0.1142,0.227,909,152,0.102,156800,14309,0.055,0.4415,0.1936,0.267,0.3114,0.1763,0.344,0.1607,0.0867,0.328,0.7093,0.0882,0.076,0.0396,0.0352,0.54,0.0122,0.0174,0.87,0.0,0.0063,,0.1453,0.0541,0.226,0.1499,0.0667,0.271
42003464400,Tract 4644,0.0,2733,437,0.097,1274,201,0.096,39.1,7.7,0.12,0.187,0.073,0.237,0.2283,0.0864,0.23,0.5704,0.1449,0.154,0.2001,0.0666,0.202,0.0121,0.0134,0.675,0.0,0.0044,,26000,12173,0.285,20713,4461,0.131,0.3831,0.1913,0.304,0.1487,0.1154,0.472,0.5029,0.082,0.099,0.1041,0.117,0.683,1617,206,0.077,0.2121,0.081,0.232,1952,16,0.005,0.4694,0.1208,0.156,0.1874,0.0963,0.312,0.0421,0.0415,0.599,0.0618,0.0426,0.418,0.6884,0.1067,0.094,877,194,0.134,397,180,0.276,0.651,0.11,0.103,1002,162,0.098,82200,22878,0.169,0.455,0.2028,0.271,0.3352,0.1729,0.314,0.3879,0.4394,0.689,0.4339,0.1045,0.146,0.0171,0.0304,1.084,0.1002,0.1544,0.937,0.0,0.0128,,0.1951,0.1064,0.332,0.2363,0.1141,0.293
42003465600,Tract 4656,0.0,2370,348,0.089,1319,170,0.078,46.8,8.6,0.112,0.1418,0.0605,0.259,0.2907,0.0739,0.155,0.7759,0.1193,0.093,0.1224,0.1146,0.57,0.0224,0.0306,0.833,0.0519,0.0436,0.511,42352,13222,0.19,43987,9789,0.135,0.1127,0.0573,0.309,0.1342,0.0778,0.353,0.6608,0.0446,0.041,0.391,0.1212,0.188,1432,194,0.082,0.0789,0.0676,0.521,1945,7,0.002,0.3045,0.097,0.194,0.2263,0.0782,0.21,0.1746,0.0845,0.294,0.1795,0.077,0.261,0.6065,0.0625,0.063,800,132,0.1,519,138,0.162,0.5301,0.0655,0.075,965,67,0.042,200400,15850,0.048,0.6512,0.1508,0.141,0.4338,0.129,0.181,0.104,0.0819,0.478,0.6542,0.1135,0.105,0.1158,0.0852,0.447,0.0256,0.0296,0.704,0.0,0.0102,,0.1968,0.0856,0.265,0.2578,0.0872,0.206
42003465800,Tract 4658,0.0,3591,350,0.059,1700,199,0.071,42.3,7.5,0.108,0.1963,0.0475,0.147,0.139,0.0322,0.141,0.8003,0.0665,0.05,0.088,0.0516,0.357,0.0337,0.0461,0.832,0.0434,0.0331,0.464,83500,21170,0.154,47991,6933,0.088,0.085,0.0417,0.298,0.0372,0.0262,0.428,0.7204,0.1021,0.086,0.364,0.0589,0.098,1876,189,0.061,0.0938,0.0427,0.277,1938,,,0.5943,0.1039,0.106,0.2937,0.0739,0.153,0.0613,0.041,0.407,0.0,0.009,,0.3176,0.0787,0.151,540,148,0.167,1160,224,0.117,0.2206,0.0601,0.166,1130,100,0.054,201400,29843,0.09,0.4426,0.1607,0.221,0.137,0.0887,0.393,0.1259,0.0531,0.257,0.7102,0.1638,0.14,0.0267,0.0302,0.688,0.0005,0.0015,1.82,0.0,0.0059,,0.2067,0.053,0.156,0.0612,0.0358,0.356
42003468700,Tract 4687,0.0,1895,261,0.084,843,88,0.063,34.3,3.9,0.069,0.1557,0.048,0.188,0.21,0.0353,0.102,0.8512,0.0828,0.059,0.0449,0.0327,0.443,0.0127,0.0189,0.908,0.0037,0.0053,0.864,84135,22304,0.161,43801,7670,0.106,0.1774,0.1096,0.376,0.0341,0.0336,0.599,0.7289,0.0624,0.052,0.3561,0.0648,0.111,911,84,0.056,0.0746,0.0545,0.443,1938,,,0.6432,0.0858,0.081,0.236,0.0782,0.201,0.0,0.0186,,0.0505,0.0281,0.338,0.395,0.0855,0.132,333,80,0.146,510,98,0.117,0.4041,0.0975,0.147,867,122,0.086,173500,40532,0.142,0.2462,0.1245,0.307,0.1351,0.1156,0.52,0.1373,0.0676,0.299,0.7161,0.1185,0.101,0.0443,0.0361,0.495,0.0407,0.0307,0.458,0.0,0.0108,,0.1203,0.0325,0.164,0.0261,0.02,0.465
42003468800,Tract 4688,0.0,2500,291,0.071,1423,153,0.065,40.9,2.8,0.042,0.124,0.0328,0.161,0.2132,0.0747,0.213,0.858,0.1009,0.072,0.0616,0.0491,0.484,0.0404,0.0425,0.64,0.0068,0.0104,0.927,64479,14256,0.134,47731,9221,0.117,0.0889,0.0477,0.326,0.0049,0.0079,0.982,0.7446,0.0807,0.066,0.3366,0.0576,0.104,1477,155,0.064,0.0366,0.035,0.582,1960,6,0.002,0.4272,0.0757,0.108,0.1578,0.0608,0.234,0.0074,0.0135,1.103,0.1598,0.0735,0.28,0.4097,0.0888,0.132,583,141,0.147,840,168,0.122,0.33,0.071,0.131,694,266,0.233,161100,52628,0.199,0.4168,0.1948,0.284,0.1664,0.1473,0.538,0.2012,0.0984,0.297,0.6531,0.0523,0.049,0.0031,0.005,0.967,0.0238,0.0285,0.728,0.0094,0.0143,0.926,0.2148,0.1219,0.345,0.1251,0.0726,0.353
42003468900,Tract 4689,0.0,3583,357,0.061,1951,201,0.063,43.6,6.7,0.093,0.1996,0.0734,0.224,0.2169,0.0641,0.18,0.7248,0.0695,0.058,0.1602,0.1068,0.405,0.026,0.0182,0.427,0.0419,0.04,0.58,61708,28879,0.284,42610,6454,0.092,0.1038,0.0887,0.52,0.0596,0.034,0.347,0.7386,0.0628,0.052,0.3939,0.0721,0.111,2139,204,0.058,0.0879,0.0512,0.354,1951,5,0.002,0.5451,0.0963,0.107,0.065,0.0347,0.325,0.0865,0.0454,0.319,0.244,0.0683,0.17,0.5356,0.0661,0.075,1045,168,0.098,906,150,0.101,0.5073,0.0851,0.102,1072,103,0.058,176000,22560,0.078,0.2392,0.1064,0.27,0.1062,0.0628,0.359,0.2715,0.1336,0.299,0.6073,0.1022,0.102,0.0825,0.0402,0.296,0.0075,0.0125,1.009,0.0,0.006,,0.2671,0.095,0.216,0.1389,0.073,0.32
42003469000,Tract 4690,0.0,4833,17,0.002,2432,169,0.042,42.8,5.6,0.08,0.1504,0.0369,0.149,0.2464,0.0602,0.149,0.8545,0.0564,0.04,0.0269,0.0211,0.477,0.0695,0.0397,0.347,0.0,0.0025,,92422,16920,0.111,52880,5015,0.058,0.0637,0.0352,0.336,0.0032,0.0053,1.012,0.684,0.0568,0.05,0.514,0.0772,0.091,2545,210,0.05,0.0444,0.0383,0.525,1962,4,0.001,0.8141,0.0754,0.056,0.0067,0.0123,1.121,0.042,0.0362,0.523,0.1371,0.0776,0.344,0.2488,0.0762,0.186,605,190,0.191,1827,275,0.092,0.227,0.0855,0.229,1729,273,0.096,251900,15312,0.037,0.2793,0.1525,0.332,0.1223,0.1334,0.663,0.191,0.0786,0.25,0.6767,0.0978,0.088,0.0343,0.0356,0.631,0.0039,0.0074,1.159,0.0,0.0042,,0.2592,0.0705,0.165,0.0761,0.0502,0.401
42003470300,Tract 4703,0.0,3874,416,0.065,1783,177,0.06,56.4,3.9,0.042,0.1213,0.0312,0.156,0.3704,0.0412,0.068,0.912,0.0629,0.042,0.0323,0.0256,0.482,0.0147,0.018,0.744,0.0026,0.0036,0.849,77043,13804,0.109,51431,6905,0.082,0.0262,0.0194,0.45,0.0143,0.0154,0.656,0.4635,0.03,0.039,0.487,0.0627,0.078,1946,173,0.054,0.0838,0.0467,0.339,1965,6,0.002,0.7169,0.0299,0.025,0.0041,0.0087,1.288,0.0,0.0087,,0.2528,0.0702,0.169,0.2535,0.0779,0.187,452,146,0.196,1331,158,0.072,0.1739,0.0726,0.254,1258,179,0.086,245300,19935,0.049,0.4336,0.0672,0.094,0.2522,0.0843,0.203,0.2051,0.074,0.219,0.7124,0.0914,0.078,0.0,0.0076,,0.0082,0.0151,1.119,0.0044,0.0075,1.039,0.2366,0.0869,0.223,0.078,0.038,0.296
42003470400,Tract 4704,0.0,3071,372,0.074,1375,185,0.082,46.8,6.6,0.086,0.1814,0.0422,0.141,0.2107,0.0336,0.097,0.8645,0.1353,0.095,0.0,0.0039,,0.016,0.0224,0.853,0.0948,0.1088,0.698,118299,18889,0.097,54328,8475,0.095,0.0348,0.0207,0.362,0.0309,0.0256,0.503,0.6079,0.1121,0.112,0.4582,0.0743,0.099,1437,178,0.075,0.0431,0.0386,0.544,1955,2,0.001,0.8998,0.063,0.043,0.0077,0.0123,0.975,0.0,0.0118,,0.0926,0.0403,0.265,0.0887,0.0465,0.319,122,66,0.329,1253,186,0.09,0.0522,0.026,0.303,2108,611,0.176,247600,14716,0.036,0.7377,0.3296,0.272,0.6967,0.3159,0.276,0.0615,0.0412,0.408,0.6913,0.067,0.059,0.0071,0.011,0.936,0.0,0.0078,,0.0,0.0078,,0.2259,0.0757,0.204,0.0909,0.0563,0.376
42003470501,Tract 4705.01,0.0,4719,620,0.08,2272,349,0.093,32.4,1.7,0.032,0.2261,0.0653,0.176,0.1274,0.0385,0.184,0.5024,0.1216,0.147,0.0144,0.0188,0.792,0.4037,0.1234,0.186,0.0049,0.0114,1.425,89394,13616,0.093,46216,8512,0.112,0.1424,0.1183,0.505,0.038,0.0283,0.453,0.6998,0.0897,0.078,0.6936,0.161,0.141,2377,338,0.086,0.0442,0.0497,0.684,1976,4,0.001,0.1203,0.059,0.298,0.048,0.0414,0.525,0.4203,0.1354,0.196,0.2339,0.1016,0.264,0.7038,0.1028,0.089,1599,339,0.129,673,188,0.17,0.751,0.1339,0.108,1287,83,0.039,171600,42272,0.15,0.0675,0.0498,0.449,0.0394,0.0372,0.574,0.2125,0.1177,0.337,0.3884,0.1165,0.182,0.0407,0.0313,0.468,0.006,0.0159,1.617,0.0,0.0048,,0.4687,0.194,0.252,0.0739,0.047,0.386
42003470502,Tract 4705.02,0.0,2812,338,0.073,1144,149,0.079,48.7,8.6,0.107,0.1522,0.0477,0.19,0.2909,0.0389,0.081,0.8869,0.0915,0.063,0.0288,0.0174,0.368,0.0199,0.0276,0.844,0.0142,0.0191,0.817,115028,14464,0.076,49616,5967,0.073,0.0275,0.0205,0.452,0.035,0.0279,0.484,0.6333,0.0798,0.077,0.5505,0.0817,0.09,1331,129,0.059,0.1405,0.0747,0.323,1961,3,0.001,0.7498,0.0718,0.058,0.0225,0.0277,0.747,0.0045,0.0117,1.582,0.1811,0.0575,0.193,0.0848,0.0548,0.393,97,64,0.401,1047,167,0.097,0.0615,0.0396,0.391,1509,698,0.281,269400,15448,0.035,0.5876,0.4454,0.461,0.1856,0.1785,0.585,0.1433,0.056,0.238,0.7184,0.059,0.05,0.0161,0.0179,0.675,0.0249,0.034,0.831,0.0,0.0081,,0.2016,0.07,0.211,0.0367,0.028,0.463
42003470600,Tract 4706,0.0,2794,356,0.077,1396,134,0.058,45.6,12.9,0.172,0.1031,0.0585,0.345,0.2248,0.0458,0.124,0.8457,0.0232,0.017,0.0637,0.0923,0.881,0.0358,0.0286,0.486,0.0107,0.016,0.909,62357,7097,0.069,40213,5723,0.087,0.1088,0.1014,0.566,0.059,0.0447,0.461,0.7442,0.0749,0.061,0.2915,0.0861,0.179,1560,122,0.048,0.1051,0.0565,0.326,1949,5,0.002,0.5141,0.0852,0.101,0.1314,0.0637,0.295,0.2199,0.0788,0.218,0.0,0.0109,,0.3954,0.1051,0.162,552,156,0.172,844,162,0.117,0.3537,0.1137,0.195,1003,274,0.166,155100,16335,0.064,0.2101,0.1267,0.366,0.1377,0.1131,0.499,0.2571,0.1206,0.285,0.7515,0.0673,0.054,0.041,0.0311,0.461,0.0076,0.0123,0.978,0.007,0.0129,1.111,0.1266,0.0545,0.262,0.063,0.0443,0.427
42003471000,Tract 4710,0.0,1234,130,0.064,675,97,0.087,48.4,5.3,0.067,0.1272,0.026,0.124,0.2196,0.0365,0.101,0.9182,0.0475,0.031,0.0235,0.0193,0.499,0.0065,0.0064,0.605,0.0032,0.0032,0.605,67829,6303,0.056,50688,9127,0.109,0.081,0.036,0.27,0.0656,0.0412,0.382,0.6817,0.0624,0.056,0.2453,0.0547,0.135,761,81,0.065,0.113,0.0444,0.239,1948,7,0.002,0.6991,0.0563,0.049,0.1537,0.0832,0.329,0.0867,0.0444,0.311,0.0158,0.0112,0.431,0.3111,0.0514,0.1,210,46,0.133,465,94,0.123,0.2796,0.0587,0.128,954,54,0.034,150200,19985,0.081,0.219,0.1296,0.36,0.0905,0.0883,0.593,0.1333,0.0601,0.274,0.6594,0.0731,0.067,0.0673,0.0441,0.398,0.019,0.0158,0.505,0.0,0.0175,,0.1374,0.0574,0.254,0.0978,0.0336,0.209
42003472100,Tract 4721,0.0,2260,274,0.074,1186,133,0.068,37.9,4.5,0.072,0.1602,0.0679,0.258,0.1381,0.0334,0.147,0.785,0.1294,0.1,0.1018,0.0742,0.443,0.0,0.0053,,0.0487,0.0568,0.709,77809,8121,0.063,47766,7150,0.091,0.0942,0.0853,0.55,0.0246,0.017,0.421,0.8091,0.0267,0.02,0.4847,0.0896,0.112,1294,125,0.059,0.0835,0.0543,0.395,1938,,,0.5603,0.0781,0.085,0.2002,0.0732,0.222,0.1646,0.0737,0.272,0.0433,0.0327,0.46,0.4772,0.1014,0.129,566,136,0.146,620,99,0.097,0.4005,0.0847,0.129,1240,137,0.067,206300,30730,0.091,0.4435,0.0982,0.135,0.2332,0.0794,0.207,0.1177,0.0866,0.447,0.4674,0.072,0.094,0.1551,0.0731,0.286,0.0601,0.0376,0.38,0.0,0.0078,,0.2366,0.076,0.195,0.1155,0.0567,0.298
42003472200,Tract 4722,0.0,2196,275,0.076,1188,203,0.104,43.7,3.0,0.042,0.1439,0.0512,0.216,0.1548,0.0472,0.185,0.8661,0.0737,0.052,0.0729,0.0585,0.488,0.0036,0.0054,0.909,0.0164,0.024,0.892,78056,14750,0.115,44727,5100,0.069,0.0947,0.0767,0.492,0.121,0.1073,0.539,0.7783,0.0828,0.065,0.4725,0.1168,0.15,1237,202,0.099,0.0396,0.0358,0.549,1938,,,0.4559,0.1052,0.14,0.211,0.0749,0.216,0.1423,0.1116,0.477,0.0081,0.0174,1.311,0.4478,0.1612,0.219,532,212,0.242,656,107,0.099,0.3251,0.1119,0.209,1043,208,0.121,231500,28237,0.074,0.5376,0.3272,0.37,0.2632,0.2658,0.614,0.2073,0.1465,0.43,0.5264,0.117,0.135,0.092,0.0439,0.29,0.0222,0.0243,0.665,0.0,0.0092,,0.2383,0.0696,0.177,0.0783,0.0466,0.362
42003472300,Tract 4723,0.0,1799,235,0.079,943,145,0.093,37.1,2.6,0.043,0.1056,0.0429,0.247,0.1568,0.0623,0.242,0.9038,0.0546,0.037,0.0322,0.0308,0.582,0.0061,0.0077,0.77,0.045,0.0407,0.55,85784,5158,0.037,52610,7698,0.089,0.0556,0.0275,0.3,0.0466,0.0268,0.35,0.8206,0.0633,0.047,0.5153,0.0379,0.045,1089,140,0.078,0.1341,0.0686,0.311,1938,,,0.5344,0.1043,0.119,0.2755,0.07,0.155,0.1249,0.0564,0.274,0.0,0.0156,,0.4411,0.0883,0.122,416,105,0.153,527,122,0.141,0.3606,0.0835,0.141,1074,54,0.031,212700,18942,0.054,0.4615,0.1645,0.217,0.1394,0.1023,0.446,0.2372,0.1739,0.446,0.6202,0.0732,0.072,0.0749,0.0434,0.352,0.0331,0.0239,0.439,0.0,0.0095,,0.2459,0.0407,0.101,0.1622,0.0836,0.313
42003472400,Tract 4724,0.0,1808,259,0.087,796,116,0.089,37.9,2.0,0.032,0.2146,0.0597,0.169,0.1792,0.0568,0.193,0.9237,0.0563,0.037,0.0028,0.0039,0.847,0.0028,0.005,1.091,0.0537,0.0564,0.64,88684,14516,0.1,47184,5230,0.067,0.0664,0.0413,0.378,0.0453,0.0321,0.43,0.7463,0.0617,0.05,0.5857,0.0985,0.102,831,117,0.086,0.0421,0.0356,0.514,1938,,,0.8652,0.0453,0.032,0.065,0.0401,0.375,0.0205,0.022,0.654,0.0,0.0204,,0.0879,0.0314,0.217,70,27,0.234,726,117,0.098,0.0559,0.0224,0.244,983,352,0.218,230900,19239,0.051,0.3429,0.3243,0.575,0.1286,0.179,0.846,0.1322,0.0473,0.217,0.4862,0.046,0.058,0.0735,0.031,0.256,0.0392,0.034,0.528,0.0,0.0115,,0.3534,0.1283,0.221,0.0364,0.0225,0.376
42003473100,Tract 4731,0.0,4591,670,0.089,1936,224,0.07,42.0,3.3,0.048,0.2914,0.0634,0.132,0.1747,0.0371,0.129,0.8617,0.0254,0.018,0.0013,0.002,0.908,0.0288,0.0254,0.536,0.0057,0.0071,0.766,121111,26426,0.133,70773,12993,0.112,0.0222,0.015,0.411,0.0059,0.0078,0.804,0.737,0.0767,0.063,0.7551,0.0994,0.08,2123,194,0.056,0.0881,0.0602,0.416,1940,6,0.002,0.6161,0.0876,0.086,0.0669,0.0456,0.415,0.1154,0.0599,0.316,0.1342,0.0595,0.27,0.3492,0.0917,0.16,676,194,0.174,1260,201,0.097,0.191,0.0524,0.167,1058,192,0.11,411100,46662,0.069,0.3343,0.1622,0.295,0.1346,0.1008,0.455,0.1786,0.1125,0.383,0.6105,0.0822,0.082,0.0486,0.054,0.674,0.0502,0.0419,0.507,0.0111,0.0173,0.95,0.2657,0.0572,0.131,0.1162,0.0588,0.307
42003473200,Tract 4732,0.0,3228,329,0.062,1589,147,0.056,42.0,3.0,0.043,0.1949,0.0375,0.117,0.25,0.0467,0.113,0.8293,0.0379,0.028,0.0211,0.0157,0.452,0.0325,0.0348,0.651,0.0616,0.0495,0.488,82629,12929,0.095,66085,9678,0.089,0.0676,0.0294,0.265,0.0167,0.0166,0.601,0.6569,0.0601,0.056,0.6263,0.0694,0.067,1674,133,0.048,0.0508,0.0446,0.534,1947,8,0.002,0.3925,0.0827,0.128,0.1278,0.0655,0.312,0.1959,0.0583,0.181,0.2622,0.0542,0.126,0.4833,0.0685,0.086,768,130,0.103,821,135,0.1,0.3836,0.0905,0.143,1189,97,0.05,299000,24783,0.05,0.375,0.1023,0.166,0.1979,0.082,0.252,0.2034,0.0801,0.239,0.5167,0.0916,0.108,0.0345,0.0218,0.384,0.0368,0.0235,0.388,0.0,0.0069,,0.3521,0.0959,0.166,0.1296,0.058,0.272
42003473300,Tract 4733,0.0,5809,569,0.06,2411,270,0.068,39.9,4.7,0.072,0.2405,0.0502,0.127,0.2073,0.0449,0.132,0.9246,0.0475,0.031,0.0117,0.0198,1.026,0.0272,0.0295,0.659,0.027,0.0217,0.488,135131,16228,0.073,57258,6083,0.065,0.0715,0.0536,0.456,0.0229,0.0187,0.496,0.7504,0.0692,0.056,0.645,0.0707,0.067,2611,255,0.059,0.0766,0.0573,0.455,1954,6,0.002,0.7342,0.0674,0.056,0.0555,0.0419,0.459,0.0119,0.0094,0.483,0.1417,0.0546,0.234,0.2742,0.1099,0.244,661,275,0.253,1750,247,0.086,0.2006,0.0924,0.28,1570,674,0.261,338100,16570,0.03,0.4281,0.0774,0.11,0.3011,0.1163,0.235,0.1011,0.054,0.324,0.5355,0.1043,0.118,0.0293,0.021,0.435,0.0051,0.0078,0.925,0.0,0.0051,,0.3264,0.0736,0.137,0.0734,0.0404,0.335
42003473401,Tract 4734.01,0.0,3935,490,0.076,1534,149,0.059,39.6,2.4,0.037,0.2897,0.0398,0.084,0.1222,0.0247,0.123,0.8874,0.0447,0.031,0.0091,0.0088,0.586,0.0247,0.0222,0.546,0.0074,0.0096,0.793,123716,27208,0.134,81782,12698,0.094,0.0407,0.0251,0.375,0.013,0.0153,0.717,0.7018,0.0479,0.041,0.6429,0.0708,0.067,1625,129,0.048,0.056,0.0385,0.418,1947,6,0.002,0.6203,0.0729,0.071,0.0652,0.041,0.382,0.2142,0.0701,0.199,0.0455,0.034,0.454,0.3892,0.1014,0.158,597,166,0.169,937,113,0.073,0.2813,0.1032,0.223,894,111,0.075,521000,69206,0.081,0.2647,0.1429,0.328,0.1189,0.0769,0.393,0.1121,0.0623,0.338,0.5573,0.087,0.095,0.0775,0.0327,0.256,0.0612,0.0357,0.355,0.0059,0.0084,0.858,0.2517,0.0988,0.239,0.1643,0.0675,0.25
42003473402,Tract 4734.02,0.0,3794,639,0.102,1490,166,0.068,43.2,1.4,0.02,0.2609,0.0567,0.132,0.1921,0.0213,0.067,0.942,0.0565,0.036,0.0,0.0032,,0.0174,0.012,0.421,0.0134,0.0167,0.756,138561,28500,0.125,71573,10703,0.091,0.0314,0.031,0.6,0.0568,0.0343,0.367,0.6794,0.0847,0.076,0.6779,0.0403,0.036,1596,201,0.077,0.0664,0.0589,0.539,1958,3,0.001,0.6924,0.0783,0.069,0.0307,0.0217,0.429,0.0182,0.0211,0.705,0.1372,0.0784,0.347,0.2336,0.0719,0.187,348,114,0.199,1142,182,0.097,0.1264,0.0419,0.201,1135,480,0.257,405500,46091,0.069,0.6983,0.2674,0.233,0.4224,0.2778,0.4,0.0989,0.0533,0.327,0.5559,0.1451,0.159,0.0281,0.0168,0.363,0.0352,0.0204,0.351,0.0,0.0066,,0.2416,0.0529,0.133,0.0463,0.0354,0.465
42003473500,Tract 4735,0.0,3647,470,0.078,1205,131,0.066,42.8,5.6,0.08,0.2964,0.0612,0.125,0.1574,0.0273,0.105,0.8371,0.073,0.053,0.0088,0.0095,0.66,0.0236,0.0164,0.424,0.0639,0.0423,0.402,166641,25345,0.092,73308,11366,0.094,0.019,0.0243,0.779,0.0127,0.0113,0.543,0.6461,0.0835,0.079,0.754,0.0716,0.058,1334,137,0.062,0.0967,0.0924,0.581,1946,6,0.002,0.9085,0.0586,0.039,0.0172,0.0291,1.026,0.0457,0.0339,0.45,0.0157,0.0221,0.853,0.0714,0.0433,0.369,86,53,0.375,1119,124,0.067,0.0815,0.0475,0.354,1371,170,0.075,470500,49793,0.064,0.4651,0.3462,0.452,0.1977,0.2639,0.812,0.1555,0.073,0.286,0.5954,0.0907,0.093,0.0411,0.0279,0.412,0.0188,0.0185,0.599,0.0,0.007,,0.2895,0.0712,0.15,0.0075,0.0159,1.296
42003473601,Tract 4736.01,0.0,4005,344,0.052,1604,165,0.063,46.8,2.5,0.032,0.2452,0.043,0.107,0.2587,0.0466,0.11,0.8537,0.0376,0.027,0.0262,0.0216,0.501,0.0212,0.0189,0.541,0.02,0.0149,0.453,152833,25747,0.102,80473,9316,0.07,0.0743,0.0588,0.481,0.021,0.0198,0.574,0.6358,0.0522,0.05,0.7673,0.0717,0.057,1713,152,0.054,0.0636,0.0387,0.37,1952,3,0.001,0.8091,0.0642,0.048,0.0082,0.0146,1.087,0.0479,0.029,0.369,0.0841,0.0402,0.291,0.1228,0.0482,0.239,197,80,0.247,1407,164,0.071,0.0706,0.0305,0.263,1375,406,0.179,442500,32003,0.044,0.5431,0.1961,0.219,0.2792,0.1745,0.38,0.1158,0.0434,0.228,0.6495,0.0961,0.09,0.0334,0.023,0.419,0.0016,0.0037,1.417,0.0,0.0064,,0.2937,0.0532,0.11,0.0561,0.0352,0.382
42003473602,Tract 4736.02,0.0,4361,539,0.075,1877,150,0.049,53.7,6.1,0.069,0.1839,0.0482,0.159,0.3609,0.0541,0.091,0.7721,0.0274,0.022,0.0206,0.0135,0.398,0.1296,0.0737,0.346,0.0,0.0028,,111208,16135,0.088,58197,6573,0.069,0.0518,0.0295,0.346,0.0056,0.0091,0.992,0.5351,0.0318,0.036,0.5934,0.0697,0.071,1964,136,0.042,0.0443,0.0406,0.557,1958,2,0.001,0.6986,0.0724,0.063,0.0041,0.0086,1.289,0.0158,0.0188,0.724,0.2673,0.0626,0.142,0.2376,0.0699,0.179,446,136,0.185,1431,175,0.074,0.1993,0.0618,0.189,1451,306,0.128,290000,43293,0.091,0.4103,0.1648,0.244,0.2197,0.0871,0.241,0.1985,0.0696,0.213,0.6082,0.0582,0.058,0.0088,0.0145,0.999,0.0036,0.0072,1.214,0.0,0.0062,,0.2909,0.0737,0.154,0.1145,0.0523,0.277
42003474101,Tract 4741.01,0.0,4342,513,0.072,1498,158,0.064,42.0,2.2,0.032,0.2994,0.0406,0.082,0.1308,0.0254,0.118,0.8277,0.0608,0.045,0.0035,0.0053,0.929,0.0783,0.0243,0.189,0.0269,0.0228,0.515,157857,15045,0.058,74944,13343,0.108,0.0527,0.0383,0.441,0.033,0.0217,0.4,0.7077,0.0938,0.081,0.7653,0.0566,0.045,1521,157,0.063,0.0151,0.0236,0.949,1968,4,0.001,0.9448,0.0338,0.022,0.0138,0.0218,0.96,0.025,0.0174,0.422,0.0092,0.0164,1.086,0.0968,0.0463,0.291,145,71,0.298,1353,142,0.064,0.0781,0.0374,0.291,1731,500,0.176,390200,32300,0.05,0.5931,0.3727,0.382,0.4759,0.391,0.5,0.2062,0.0725,0.214,0.54,0.0346,0.039,0.0262,0.0295,0.685,0.0056,0.0065,0.699,0.0,0.0056,,0.3761,0.1026,0.166,0.004,0.01,1.518
42003474102,Tract 4741.02,0.0,3647,388,0.065,1343,135,0.061,41.5,3.1,0.045,0.2857,0.0471,0.1,0.2111,0.0298,0.086,0.8681,0.1299,0.091,0.0406,0.0618,0.926,0.0491,0.0314,0.389,0.0,0.0033,,201332,18125,0.055,78232,7035,0.055,0.0293,0.0206,0.426,0.0259,0.0205,0.481,0.6347,0.0468,0.045,0.7884,0.0687,0.053,1482,126,0.052,0.0938,0.0493,0.319,1968,3,0.001,0.8259,0.0442,0.033,0.0,0.0115,,0.0074,0.0157,1.288,0.1329,0.053,0.242,0.1415,0.0525,0.225,190,73,0.234,1153,119,0.063,0.0696,0.0287,0.251,1250,270,0.131,494000,33350,0.041,0.6737,0.2365,0.213,0.5,0.2372,0.288,0.1136,0.0515,0.275,0.6033,0.1004,0.101,0.003,0.0054,1.092,0.0227,0.0243,0.652,0.0,0.0072,,0.3405,0.0672,0.12,0.1415,0.0558,0.24
42003474201,Tract 4742.01,0.0,2650,305,0.07,933,127,0.083,49.0,4.7,0.058,0.1857,0.0333,0.109,0.226,0.0447,0.12,0.8109,0.0693,0.052,0.0143,0.0161,0.684,0.1445,0.0798,0.336,0.0072,0.0109,0.925,166926,11826,0.043,71762,8677,0.074,0.0211,0.0142,0.41,0.0733,0.0666,0.552,0.7003,0.0625,0.054,0.7472,0.1454,0.118,965,121,0.076,0.0332,0.0298,0.546,1970,3,0.001,0.9171,0.0573,0.038,0.0073,0.0155,1.3,0.0104,0.0191,1.118,0.0,0.0176,,0.0493,0.0303,0.374,46,29,0.383,887,123,0.084,0.0336,0.0223,0.404,1786,556,0.189,432400,33913,0.048,0.3478,0.4679,0.818,0.2174,0.2717,0.76,0.1488,0.0525,0.215,0.6273,0.1062,0.103,0.0245,0.0164,0.409,0.0,0.0084,,0.0,0.0084,,0.2874,0.0399,0.084,0.0107,0.0174,0.986
42003474202,Tract 4742.02,0.0,5581,551,0.06,2084,176,0.051,45.0,5.2,0.07,0.2204,0.042,0.116,0.2197,0.0407,0.113,0.8563,0.0756,0.054,0.0111,0.0125,0.684,0.0969,0.0536,0.336,0.0194,0.0171,0.537,154861,47933,0.188,76401,8754,0.07,0.0142,0.0127,0.545,0.034,0.0223,0.398,0.5577,0.0471,0.051,0.7344,0.0936,0.077,2147,160,0.045,0.0293,0.0316,0.655,1977,3,0.001,0.6968,0.0711,0.062,0.0,0.0112,,0.0238,0.0235,0.601,0.2292,0.072,0.191,0.249,0.0577,0.141,519,128,0.15,1565,187,0.073,0.1554,0.0364,0.142,2216,123,0.034,461900,31332,0.041,0.5145,0.1513,0.179,0.2505,0.1089,0.264,0.1482,0.1001,0.411,0.6371,0.0826,0.079,0.0534,0.033,0.376,0.0,0.007,,0.0,0.007,,0.2659,0.0512,0.117,0.0341,0.0256,0.457
42003474203,Tract 4742.03,0.0,4643,491,0.064,1692,211,0.076,43.0,4.5,0.064,0.2634,0.0495,0.114,0.2057,0.0285,0.084,0.8992,0.0321,0.022,0.0002,0.0006,1.823,0.0543,0.0153,0.172,0.0252,0.0231,0.557,148281,31722,0.13,69598,8066,0.07,0.0114,0.0114,0.606,0.0185,0.0129,0.426,0.6723,0.01,0.009,0.7373,0.0739,0.061,1721,205,0.072,0.0169,0.0214,0.772,1971,4,0.001,1.0,0.0,0.0,0.0,0.0099,,0.0,0.0099,,0.0,0.0099,,0.0083,0.0124,0.909,14,21,0.912,1678,212,0.077,0.0114,0.0181,0.961,,,,380200,26235,0.042,0.0,1.7143,,0.0,0.8571,,0.1347,0.0452,0.204,0.6162,0.0916,0.09,0.0365,0.0235,0.391,0.0,0.005,,0.0,0.005,,0.2924,0.0449,0.093,0.0059,0.0118,1.213
42003475101,Tract 4751.01,0.0,4564,500,0.067,2417,253,0.064,54.5,3.4,0.038,0.1275,0.0377,0.18,0.3528,0.0634,0.109,0.961,0.0303,0.019,0.0107,0.0153,0.866,0.0066,0.0127,1.173,0.0024,0.005,1.269,81302,30168,0.226,57665,6354,0.067,0.063,0.0607,0.586,0.0366,0.0315,0.523,0.5935,0.0767,0.079,0.4398,0.0377,0.052,2652,238,0.055,0.0886,0.0522,0.358,1961,4,0.001,0.5388,0.0702,0.079,0.0,0.0064,,0.0743,0.0322,0.264,0.3684,0.0829,0.137,0.4861,0.0905,0.113,1175,251,0.13,1242,167,0.082,0.3439,0.0807,0.143,1495,146,0.059,245900,26565,0.066,0.4834,0.1475,0.185,0.2536,0.1332,0.319,0.1449,0.1124,0.471,0.7139,0.1674,0.143,0.0249,0.0202,0.494,0.0181,0.0298,0.998,0.0,0.0051,,0.2207,0.087,0.24,0.1088,0.066,0.368
42003475102,Tract 4751.02,0.0,1735,228,0.08,679,56,0.05,45.4,3.7,0.05,0.2144,0.0569,0.161,0.2755,0.0477,0.105,0.9014,0.0703,0.047,0.0052,0.0075,0.874,0.0219,0.0269,0.748,0.0,0.0069,,113036,15591,0.084,48192,5324,0.067,0.0127,0.0164,0.787,0.088,0.0829,0.573,0.5833,0.0764,0.08,0.4138,0.0646,0.095,703,62,0.054,0.0341,0.0397,0.707,1955,2,0.001,0.9602,0.0371,0.024,0.0142,0.0213,0.91,0.0,0.0241,,0.0,0.0241,,0.0604,0.0335,0.337,41,23,0.341,638,60,0.057,0.0507,0.0375,0.449,1526,299,0.119,242500,14392,0.036,0.5366,0.4347,0.493,0.1951,0.1903,0.593,0.0972,0.0571,0.357,0.6535,0.0941,0.088,0.0382,0.0238,0.379,0.0109,0.0204,1.136,0.0,0.0164,,0.1951,0.0548,0.171,0.0177,0.0182,0.625
42003475200,Tract 4752,0.0,5246,565,0.065,2288,207,0.055,48.5,3.1,0.039,0.1723,0.0417,0.147,0.1815,0.0327,0.11,0.9207,0.0643,0.042,0.0034,0.0049,0.876,0.0362,0.0412,0.691,0.0179,0.0172,0.585,117431,18115,0.094,57305,6168,0.065,0.0294,0.0223,0.462,0.0153,0.0124,0.493,0.7415,0.0626,0.051,0.5805,0.0619,0.065,2409,196,0.049,0.0502,0.0388,0.47,1958,2,0.001,0.8294,0.067,0.049,0.0033,0.0089,1.625,0.0104,0.0119,0.7,0.1299,0.0422,0.197,0.1866,0.0574,0.187,427,137,0.195,1861,245,0.08,0.134,0.056,0.254,1669,126,0.046,282500,23135,0.05,0.3232,0.1234,0.232,0.0749,0.0374,0.304,0.1241,0.0573,0.281,0.6657,0.0741,0.068,0.0985,0.0396,0.244,0.0181,0.0156,0.525,0.0,0.0056,,0.1714,0.0566,0.201,0.0551,0.0249,0.274
42003475301,Tract 4753.01,0.0,4668,577,0.075,2150,408,0.115,45.4,7.3,0.098,0.1889,0.0543,0.175,0.2326,0.0591,0.155,0.8513,0.1032,0.074,0.0323,0.0455,0.854,0.0518,0.0519,0.608,0.0,0.0026,,65917,23318,0.215,41455,6016,0.088,0.0366,0.0321,0.533,0.0226,0.0217,0.584,0.6217,0.0932,0.091,0.5019,0.1387,0.168,2306,406,0.107,0.0676,0.0529,0.475,1962,8,0.002,0.6483,0.126,0.118,0.0932,0.0579,0.378,0.0681,0.0456,0.407,0.1071,0.0484,0.275,0.2572,0.0531,0.125,553,155,0.17,1597,375,0.143,0.2335,0.0743,0.193,1141,90,0.048,233200,22147,0.058,0.3635,0.1684,0.282,0.1447,0.0948,0.398,0.2536,0.1515,0.363,0.6241,0.0454,0.044,0.0367,0.0267,0.444,0.0,0.0051,,0.0,0.0051,,0.2288,0.1103,0.293,0.0395,0.0373,0.574
42003475303,Tract 4753.03,0.0,4219,506,0.073,1726,191,0.067,42.9,6.3,0.089,0.2242,0.0445,0.121,0.2489,0.0197,0.048,0.9464,0.0492,0.032,0.0017,0.0028,1.04,0.004,0.0042,0.64,0.0043,0.009,1.281,129662,18343,0.086,55581,4357,0.048,0.0299,0.0184,0.374,0.0414,0.0289,0.424,0.6183,0.08,0.079,0.5509,0.0584,0.064,1753,188,0.065,0.0154,0.0228,0.898,1967,2,0.001,0.8642,0.0635,0.045,0.0,0.0097,,0.0,0.0097,,0.0411,0.0166,0.245,0.0742,0.0296,0.243,128,53,0.252,1598,206,0.078,0.0466,0.0287,0.375,1473,1375,0.567,301100,19634,0.04,0.6016,0.1856,0.188,0.3906,0.1586,0.247,0.1095,0.0504,0.28,0.5903,0.1438,0.148,0.0475,0.0176,0.225,0.0,0.0062,,0.0,0.0062,,0.2879,0.175,0.369,0.0498,0.0231,0.282
42003475304,Tract 4753.04,0.0,5358,446,0.051,2381,223,0.057,49.1,3.8,0.047,0.1825,0.0419,0.139,0.2277,0.0565,0.151,0.9356,0.0352,0.023,0.0047,0.0052,0.679,0.0215,0.019,0.537,0.0168,0.0169,0.613,124987,20993,0.102,59242,6323,0.065,0.0505,0.0302,0.364,0.0168,0.0163,0.59,0.6833,0.0762,0.068,0.6296,0.0777,0.075,2381,223,0.057,0.0,0.0071,,1980,3,0.001,0.6938,0.0532,0.047,0.0,0.0101,,0.147,0.0699,0.289,0.0218,0.0202,0.561,0.1936,0.0651,0.205,461,161,0.212,1920,211,0.067,0.1171,0.0394,0.204,1316,66,0.03,303300,38842,0.078,0.6009,0.2709,0.274,0.321,0.2752,0.521,0.0755,0.0421,0.339,0.6722,0.0689,0.062,0.0366,0.0264,0.439,0.0,0.0057,,0.0,0.0057,,0.2373,0.0642,0.164,0.0256,0.021,0.497
42003475401,Tract 4754.01,0.0,3872,381,0.06,1827,258,0.086,55.1,3.7,0.041,0.1521,0.0341,0.136,0.3342,0.0695,0.126,0.8926,0.0701,0.048,0.0212,0.0294,0.843,0.0669,0.0806,0.732,0.0139,0.0115,0.503,112313,31122,0.168,64347,11690,0.11,0.0351,0.0198,0.343,0.0072,0.0086,0.723,0.6087,0.0741,0.074,0.5635,0.0806,0.087,2016,264,0.08,0.0938,0.0496,0.322,1963,5,0.002,0.7411,0.0664,0.054,0.0124,0.0207,1.012,0.0957,0.0648,0.411,0.1121,0.0439,0.238,0.2622,0.1329,0.308,479,252,0.32,1348,144,0.065,0.157,0.0693,0.268,1100,46,0.025,283300,16238,0.035,0.2129,0.0425,0.121,0.1441,0.0656,0.277,0.1269,0.0553,0.265,0.6172,0.0701,0.069,0.0245,0.0217,0.538,0.0181,0.0134,0.449,0.0,0.0059,,0.2751,0.1061,0.234,0.0673,0.0403,0.364
42003475402,Tract 4754.02,0.0,3219,409,0.077,1361,308,0.138,44.5,8.1,0.111,0.1948,0.0333,0.104,0.214,0.044,0.125,0.9394,0.1685,0.109,0.0193,0.021,0.662,0.0376,0.042,0.679,0.0022,0.0031,0.865,124205,35317,0.173,60058,15506,0.157,0.0438,0.0254,0.353,0.0421,0.0425,0.615,0.7153,0.0752,0.064,0.5019,0.0304,0.037,1452,297,0.124,0.0627,0.0356,0.346,1962,5,0.002,0.8223,0.0203,0.015,0.0,0.0117,,0.1481,0.1038,0.426,0.0262,0.0247,0.573,0.1727,0.107,0.377,235,155,0.401,1126,247,0.133,0.087,0.0497,0.348,951,74,0.047,285700,15859,0.034,0.217,0.2821,0.79,0.0383,0.054,0.856,0.1385,0.0607,0.266,0.5857,0.1208,0.125,0.0216,0.0184,0.519,0.0088,0.0132,0.905,0.0,0.0066,,0.3219,0.0925,0.175,0.0191,0.0247,0.787
42003476100,Tract 4761,0.0,4870,427,0.053,2261,192,0.052,40.6,6.4,0.096,0.1632,0.049,0.182,0.1768,0.0472,0.162,0.8355,0.0237,0.017,0.0216,0.0213,0.6,0.046,0.0433,0.573,0.0634,0.0459,0.439,59291,8466,0.087,38209,4105,0.065,0.1041,0.0678,0.396,0.0062,0.0099,0.976,0.6967,0.0632,0.055,0.3973,0.0861,0.132,2481,204,0.05,0.0887,0.056,0.384,1955,3,0.001,0.3958,0.0561,0.086,0.1975,0.0708,0.218,0.1612,0.0728,0.275,0.1882,0.0724,0.234,0.5365,0.086,0.097,1213,220,0.11,1048,160,0.093,0.3969,0.0723,0.111,1016,105,0.063,207400,18479,0.054,0.3223,0.1541,0.291,0.1443,0.0963,0.406,0.1202,0.0734,0.371,0.6446,0.1112,0.105,0.1554,0.0683,0.267,0.0307,0.0311,0.616,0.0,0.0042,,0.1265,0.038,0.183,0.1654,0.0921,0.338
42003476200,Tract 4762,0.0,3339,423,0.077,1527,187,0.074,39.5,3.3,0.051,0.1057,0.0311,0.179,0.1809,0.0342,0.115,0.906,0.1564,0.105,0.0413,0.0428,0.63,0.0063,0.0071,0.69,0.0108,0.0131,0.739,83682,22172,0.161,44418,4880,0.067,0.1061,0.042,0.24,0.0,0.0057,,0.6934,0.0472,0.041,0.3344,0.0708,0.129,1606,186,0.07,0.0492,0.035,0.433,1955,2,0.001,0.8257,0.0608,0.045,0.0193,0.0179,0.564,0.0062,0.0124,1.214,0.0554,0.0328,0.36,0.22,0.0731,0.202,336,119,0.215,1191,156,0.08,0.1953,0.0761,0.237,1580,202,0.078,180500,11957,0.04,0.4851,0.2334,0.293,0.3304,0.1866,0.343,0.1612,0.0811,0.306,0.664,0.1127,0.103,0.0974,0.0442,0.276,0.0048,0.0076,0.968,0.0,0.0057,,0.1188,0.0425,0.217,0.0936,0.0545,0.354
42003477100,Tract 4771,0.0,4047,356,0.053,1817,162,0.054,48.7,7.1,0.089,0.1806,0.0396,0.133,0.298,0.0423,0.086,0.9246,0.0454,0.03,0.0,0.003,,0.0437,0.0403,0.561,0.0215,0.0145,0.409,96089,11148,0.071,53333,6125,0.07,0.0984,0.0629,0.388,0.0219,0.019,0.526,0.5564,0.0614,0.067,0.4603,0.069,0.091,1928,152,0.048,0.0576,0.0397,0.419,1961,4,0.001,0.6763,0.0438,0.039,0.0166,0.0213,0.779,0.0,0.0088,,0.0726,0.0395,0.331,0.0429,0.0289,0.409,78,53,0.413,1739,162,0.057,0.023,0.0155,0.411,,,,241800,14310,0.036,0.641,0.3623,0.344,0.641,0.2455,0.233,0.2099,0.0679,0.197,0.6696,0.097,0.088,0.0293,0.0239,0.496,0.0276,0.0211,0.465,0.0,0.0066,,0.179,0.0418,0.142,0.0495,0.0304,0.373
42003477200,Tract 4772,0.0,4588,495,0.066,2054,196,0.058,46.8,5.8,0.075,0.1683,0.0366,0.132,0.3003,0.0469,0.095,0.8158,0.0775,0.058,0.0026,0.0072,1.67,0.1144,0.1203,0.639,0.0268,0.0297,0.674,99286,30669,0.188,50405,5508,0.066,0.0531,0.0344,0.394,0.085,0.0651,0.465,0.656,0.0718,0.067,0.4385,0.0935,0.13,2121,179,0.051,0.0316,0.0419,0.806,1957,2,0.001,0.7327,0.0517,0.043,0.0255,0.0265,0.632,0.0,0.008,,0.199,0.0568,0.174,0.295,0.0653,0.134,606,146,0.146,1448,189,0.079,0.1844,0.0555,0.183,1404,60,0.026,224600,16447,0.045,0.5512,0.203,0.224,0.3086,0.1547,0.305,0.1506,0.0929,0.375,0.7203,0.0643,0.054,0.0285,0.0231,0.492,0.0276,0.0313,0.691,0.0,0.0054,,0.1663,0.0498,0.182,0.0628,0.0465,0.45
42003477300,Tract 4773,0.0,6176,514,0.051,2856,229,0.049,36.8,2.0,0.033,0.1815,0.0579,0.194,0.1922,0.0432,0.137,0.6512,0.0936,0.087,0.1023,0.0449,0.266,0.2312,0.1105,0.291,0.0084,0.0095,0.688,68295,35225,0.314,51354,9365,0.111,0.0573,0.045,0.477,0.0691,0.0532,0.468,0.6785,0.0716,0.064,0.4037,0.0984,0.148,3081,239,0.047,0.073,0.0578,0.481,1956,3,0.001,0.5735,0.0811,0.086,0.1074,0.0806,0.456,0.1097,0.0721,0.4,0.1775,0.0729,0.25,0.3459,0.0893,0.157,988,267,0.164,1868,300,0.098,0.2864,0.0982,0.208,775,93,0.073,240500,17538,0.044,0.6012,0.2452,0.248,0.2399,0.1703,0.431,0.1178,0.0692,0.357,0.6721,0.0707,0.064,0.0606,0.0488,0.489,0.0,0.0054,,0.0,0.0054,,0.155,0.07,0.274,0.1569,0.0662,0.257
42003478100,Tract 4781,0.0,4275,528,0.075,1958,227,0.07,37.4,4.2,0.068,0.2264,0.0619,0.166,0.1677,0.0394,0.143,0.7623,0.1063,0.085,0.1287,0.0772,0.365,0.0449,0.0406,0.549,0.0023,0.0051,1.335,67596,18770,0.169,36274,7254,0.122,0.2299,0.139,0.368,0.0296,0.0299,0.615,0.6609,0.0908,0.084,0.4203,0.0937,0.136,2125,211,0.06,0.0786,0.0569,0.44,1947,3,0.001,0.5026,0.0923,0.112,0.2056,0.0838,0.248,0.0424,0.0435,0.624,0.1214,0.073,0.366,0.4918,0.0896,0.111,963,208,0.131,995,216,0.132,0.4305,0.0945,0.133,783,35,0.027,141100,12843,0.055,0.4496,0.1992,0.269,0.2752,0.1728,0.382,0.2854,0.1178,0.251,0.6217,0.168,0.164,0.0865,0.0622,0.437,0.0108,0.0173,0.971,0.0,0.0056,,0.2157,0.0997,0.281,0.192,0.0816,0.258
42003478200,Tract 4782,0.0,5591,530,0.058,2604,366,0.085,40.3,5.4,0.081,0.2502,0.0732,0.178,0.1717,0.0541,0.191,0.8084,0.0972,0.073,0.1109,0.0751,0.412,0.0021,0.0034,0.961,0.0,0.003,,71364,19288,0.164,32764,4146,0.077,0.1615,0.0859,0.323,0.0656,0.0628,0.582,0.6628,0.0701,0.064,0.3336,0.0853,0.155,2703,346,0.078,0.0366,0.0434,0.72,1953,5,0.002,0.6141,0.0987,0.098,0.1295,0.0642,0.301,0.0792,0.0517,0.397,0.0714,0.11,0.937,0.3667,0.1245,0.206,955,351,0.223,1649,376,0.139,0.3554,0.1468,0.251,946,186,0.12,156100,24588,0.096,0.4859,0.2984,0.373,0.1864,0.1053,0.344,0.1837,0.1031,0.341,0.6463,0.0694,0.065,0.0947,0.0648,0.416,0.024,0.026,0.659,0.0,0.0065,,0.1738,0.068,0.238,0.1767,0.1268,0.436
42003479000,Tract 4790,0.0,1987,355,0.109,849,98,0.07,39.8,6.4,0.098,0.226,0.0764,0.206,0.2033,0.0508,0.152,0.9884,0.0302,0.019,0.0,0.006,,0.0,0.006,,0.0,0.006,,89931,16740,0.113,42854,4946,0.07,0.0201,0.015,0.452,0.0313,0.0212,0.411,0.6558,0.0158,0.015,0.4118,0.0692,0.102,878,97,0.067,0.033,0.0282,0.52,1953,2,0.001,0.9533,0.0463,0.03,0.0159,0.0285,1.086,0.0,0.0193,,0.0,0.0193,,0.0448,0.0326,0.442,38,28,0.448,811,101,0.076,0.0242,0.016,0.404,950,694,0.444,199500,15619,0.048,0.3684,0.3575,0.59,0.1316,0.1566,0.724,0.2306,0.0985,0.26,0.6769,0.0888,0.08,0.0245,0.0191,0.475,0.0,0.0122,,0.0173,0.0151,0.531,0.2324,0.0639,0.167,0.0165,0.0143,0.525
42003480101,Tract 4801.01,0.0,5707,798,0.085,2400,249,0.063,35.7,3.5,0.06,0.2169,0.0562,0.158,0.1752,0.0442,0.153,0.7181,0.1079,0.091,0.0396,0.0369,0.567,0.1791,0.0748,0.254,0.0526,0.046,0.532,55128,12971,0.143,32938,5096,0.094,0.1511,0.0839,0.338,0.0,0.0057,,0.6523,0.0574,0.053,0.3276,0.0672,0.125,2622,224,0.052,0.0847,0.0591,0.424,1962,4,0.001,0.4901,0.0758,0.094,0.0214,0.023,0.654,0.2311,0.0852,0.224,0.2075,0.0793,0.232,0.4779,0.0864,0.11,1147,239,0.127,1253,227,0.11,0.4056,0.0905,0.136,1137,80,0.043,225900,12881,0.035,0.4228,0.1532,0.22,0.2223,0.111,0.304,0.162,0.0865,0.325,0.6427,0.058,0.055,0.017,0.0192,0.688,0.0173,0.0223,0.782,0.0,0.0058,,0.1603,0.0814,0.309,0.1233,0.0697,0.343
42003480102,Tract 4801.02,0.0,3129,382,0.074,1216,121,0.06,44.3,5.9,0.081,0.1818,0.0399,0.133,0.2608,0.0682,0.159,0.7862,0.0581,0.045,0.0374,0.0313,0.509,0.0674,0.066,0.595,0.0169,0.0268,0.961,96875,20748,0.13,42759,6153,0.087,0.078,0.0459,0.358,0.0071,0.0088,0.752,0.6215,0.0693,0.068,0.3679,0.0617,0.102,1255,101,0.049,0.0311,0.043,0.84,1955,2,0.001,0.8502,0.0656,0.047,0.0311,0.033,0.645,0.0295,0.0264,0.545,0.0,0.0135,,0.1151,0.0505,0.267,140,63,0.274,1076,121,0.068,0.0942,0.046,0.297,961,323,0.204,201000,14682,0.044,0.5357,0.3389,0.385,0.3,0.2996,0.607,0.1561,0.0725,0.282,0.6544,0.071,0.066,0.0373,0.025,0.407,0.0,0.0072,,0.0,0.0072,,0.1593,0.0563,0.215,0.0206,0.0209,0.617
42003480200,Tract 4802,0.0,3673,426,0.071,1460,193,0.08,43.5,3.0,0.042,0.1587,0.0351,0.135,0.2453,0.033,0.082,0.8143,0.0553,0.041,0.0553,0.0434,0.477,0.0741,0.0197,0.162,0.0201,0.0208,0.629,82039,9756,0.072,42046,5019,0.073,0.0385,0.0228,0.36,0.03,0.02,0.406,0.6257,0.0926,0.09,0.3224,0.1006,0.19,1626,182,0.068,0.1021,0.0673,0.401,1957,2,0.001,0.8524,0.0767,0.055,0.048,0.0488,0.619,0.0,0.0104,,0.0756,0.0466,0.374,0.1075,0.0494,0.279,157,75,0.29,1303,184,0.086,0.0576,0.0243,0.257,976,46,0.029,220800,10750,0.03,0.3758,0.2884,0.467,0.1401,0.2126,0.922,0.2264,0.0817,0.219,0.6087,0.1704,0.17,0.0431,0.0335,0.473,0.0154,0.0216,0.851,0.0,0.0064,,0.2116,0.1355,0.389,0.0247,0.0311,0.766
42003480300,Tract 4803,0.0,3598,406,0.069,1570,164,0.064,44.3,4.3,0.059,0.1732,0.0475,0.167,0.2757,0.0472,0.104,0.843,0.0617,0.045,0.0256,0.0288,0.684,0.072,0.0491,0.414,0.0139,0.013,0.567,83448,17473,0.127,47184,5892,0.076,0.0525,0.0393,0.455,0.0565,0.0488,0.525,0.6803,0.0872,0.078,0.3001,0.0562,0.114,1648,166,0.061,0.0473,0.0514,0.66,1959,3,0.001,0.8792,0.0351,0.024,0.0,0.0103,,0.0316,0.04,0.77,0.0127,0.0218,1.042,0.1236,0.063,0.31,194,101,0.316,1376,160,0.071,0.1313,0.0671,0.311,1073,333,0.189,203100,16735,0.05,0.1134,0.1967,1.055,0.0,0.0619,,0.2071,0.0965,0.283,0.7437,0.0768,0.063,0.0,0.0062,,0.0119,0.0132,0.679,0.0,0.0062,,0.148,0.0351,0.144,0.0229,0.0216,0.572
42003480400,Tract 4804,0.0,4950,523,0.064,2209,245,0.067,46.2,4.2,0.055,0.1762,0.051,0.176,0.2121,0.0372,0.107,0.882,0.0778,0.054,0.0145,0.0187,0.783,0.0018,0.003,1.011,0.0,0.0024,,92065,22024,0.145,46314,4920,0.065,0.1143,0.0706,0.376,0.0122,0.015,0.744,0.6546,0.086,0.08,0.3486,0.0966,0.168,2419,243,0.061,0.0868,0.037,0.259,1960,3,0.001,0.8198,0.0722,0.054,0.0165,0.0196,0.72,0.0223,0.0211,0.573,0.0955,0.0635,0.404,0.1467,0.0617,0.256,324,141,0.265,1885,250,0.081,0.1114,0.055,0.3,889,119,0.081,189600,11937,0.038,0.4198,0.235,0.34,0.3025,0.2234,0.449,0.1369,0.0717,0.319,0.822,0.0644,0.048,0.0,0.0044,,0.0062,0.0102,0.996,0.0,0.0044,,0.1311,0.0513,0.238,0.0466,0.043,0.561
42003481000,Tract 4810,0.0,3319,24,0.004,1199,204,0.103,36.1,5.5,0.093,0.3245,0.1005,0.188,0.0838,0.0328,0.238,0.4809,0.1238,0.156,0.3884,0.122,0.191,0.0069,0.0108,0.951,0.0383,0.0392,0.622,52297,11850,0.138,24721,4868,0.12,0.1507,0.0846,0.341,0.0545,0.0496,0.554,0.6807,0.1391,0.124,0.1754,0.0542,0.188,1489,262,0.107,0.1948,0.0976,0.305,1938,,,0.6595,0.0859,0.079,0.176,0.0947,0.327,0.047,0.0504,0.652,0.0,0.0114,,0.5947,0.0791,0.081,713,154,0.131,486,181,0.226,0.6951,0.1201,0.105,1302,372,0.174,96900,19677,0.123,0.5708,0.1922,0.205,0.2104,0.146,0.422,0.1399,0.1316,0.572,0.4426,0.1222,0.168,0.1714,0.125,0.443,0.0059,0.0097,1.009,0.0,0.0078,,0.0554,0.0725,0.795,0.3503,0.0954,0.166
42003482500,Tract 4825,0.0,1905,294,0.094,838,118,0.086,38.9,2.2,0.034,0.1669,0.0351,0.128,0.2089,0.0307,0.089,0.7181,0.0466,0.039,0.1139,0.0681,0.363,0.0,0.0063,,0.0961,0.0992,0.628,77250,30388,0.239,44052,5896,0.081,0.0693,0.0402,0.353,0.084,0.0759,0.549,0.6459,0.0473,0.044,0.3464,0.071,0.125,959,98,0.062,0.1262,0.0623,0.3,1957,2,0.001,0.8227,0.0734,0.054,0.0709,0.0456,0.391,0.0615,0.0492,0.486,0.0219,0.0336,0.933,0.2458,0.0991,0.245,206,88,0.26,632,95,0.091,0.2018,0.113,0.34,1247,315,0.154,167400,14199,0.052,0.6456,0.2828,0.266,0.2476,0.2452,0.602,0.0823,0.0597,0.441,0.6416,0.0636,0.06,0.0603,0.0704,0.71,0.0258,0.0428,1.008,0.0,0.0129,,0.2142,0.0857,0.243,0.0847,0.0528,0.379
42003483800,Tract 4838,0.0,2874,17,0.004,1416,257,0.11,49.2,13.7,0.169,0.1942,0.0764,0.239,0.2502,0.0691,0.168,0.3177,0.0852,0.163,0.5463,0.0967,0.108,0.0063,0.0087,0.844,0.0191,0.0261,0.829,39052,7332,0.114,29649,5439,0.112,0.1862,0.0706,0.23,0.0554,0.0537,0.59,0.5667,0.0876,0.094,0.1955,0.0632,0.197,1736,277,0.097,0.1843,0.0763,0.252,1952,12,0.004,0.4124,0.067,0.099,0.2022,0.0796,0.239,0.0714,0.0437,0.372,0.1745,0.0596,0.208,0.6589,0.0828,0.076,933,206,0.134,483,132,0.166,0.5568,0.1241,0.135,929,103,0.067,83900,17344,0.126,0.4587,0.128,0.17,0.1447,0.0738,0.31,0.0952,0.0778,0.497,0.5472,0.0938,0.104,0.1557,0.0678,0.265,0.0149,0.0202,0.823,0.0228,0.0271,0.723,0.1643,0.0652,0.241,0.2373,0.0869,0.223
42003484300,Tract 4843,0.0,3191,500,0.095,1435,177,0.075,33.2,4.3,0.079,0.2805,0.0924,0.2,0.1307,0.0386,0.18,0.6252,0.1255,0.122,0.3253,0.0675,0.126,0.0,0.0038,,0.0019,0.0028,0.907,57448,23833,0.252,33379,6256,0.114,0.1955,0.1338,0.416,0.0395,0.0364,0.56,0.598,0.0979,0.1,0.3849,0.1581,0.25,1724,144,0.051,0.1676,0.0841,0.305,1938,,,0.6282,0.1125,0.109,0.2123,0.1194,0.342,0.0215,0.0255,0.721,0.0365,0.0274,0.456,0.4836,0.1064,0.134,694,175,0.153,741,140,0.115,0.4209,0.1026,0.148,1108,76,0.042,117000,28234,0.147,0.4669,0.2717,0.354,0.3746,0.2738,0.444,0.1255,0.0979,0.474,0.6216,0.0126,0.012,0.0495,0.0468,0.574,0.0728,0.0702,0.586,0.0,0.009,,0.1907,0.0903,0.288,0.2223,0.1528,0.418
42003484500,Tract 4845,0.0,5457,505,0.056,2728,284,0.063,49.5,4.6,0.056,0.1343,0.0401,0.181,0.2395,0.0546,0.139,0.9507,0.0457,0.029,0.017,0.0133,0.474,0.006,0.0091,0.919,0.0053,0.0071,0.816,54008,8446,0.095,41431,7190,0.105,0.0896,0.0555,0.376,0.0867,0.0485,0.34,0.6702,0.0825,0.075,0.2819,0.0653,0.141,2933,270,0.056,0.0699,0.048,0.417,1949,5,0.002,0.7617,0.0849,0.068,0.0801,0.0517,0.392,0.0852,0.0376,0.268,0.032,0.0297,0.564,0.1998,0.0599,0.182,545,173,0.193,2183,328,0.091,0.1695,0.0544,0.195,562,24,0.026,138100,16596,0.073,0.1615,0.1406,0.529,0.0257,0.0395,0.936,0.1452,0.0701,0.294,0.8366,0.1016,0.074,0.0034,0.0054,0.966,0.0145,0.0181,0.755,0.0,0.0058,,0.068,0.0379,0.339,0.1023,0.0781,0.464
42003484600,Tract 4846,0.0,1900,297,0.095,991,189,0.116,46.9,8.6,0.111,0.1511,0.046,0.185,0.2663,0.0857,0.196,0.8047,0.0258,0.02,0.1495,0.1016,0.413,0.0,0.0063,,0.0132,0.0146,0.674,43003,6676,0.094,32781,4086,0.076,0.186,0.0927,0.303,0.1098,0.1255,0.695,0.5852,0.0607,0.063,0.2857,0.0588,0.125,1121,211,0.114,0.116,0.0698,0.366,1955,7,0.002,0.5522,0.0404,0.044,0.1855,0.0669,0.219,0.025,0.019,0.462,0.1534,0.1293,0.512,0.4793,0.1181,0.15,475,148,0.189,516,119,0.14,0.4344,0.1075,0.15,777,140,0.11,112200,30540,0.165,0.5537,0.2917,0.32,0.3221,0.295,0.557,0.314,0.1694,0.328,0.6979,0.0539,0.047,0.0269,0.0396,0.894,0.0785,0.0693,0.537,0.0,0.0141,,0.1194,0.0473,0.241,0.2119,0.1495,0.429
42003485000,Tract 4850,0.0,1140,214,0.114,549,103,0.114,41.8,6.7,0.097,0.1561,0.0464,0.181,0.1763,0.0187,0.065,0.6544,0.0254,0.024,0.1974,0.0929,0.286,0.0,0.0105,,0.093,0.0743,0.486,63194,4816,0.046,32867,4684,0.087,0.2586,0.1285,0.302,0.149,0.1125,0.459,0.6656,0.138,0.126,0.1407,0.0467,0.202,638,102,0.097,0.1395,0.0636,0.277,1952,2,0.001,0.8699,0.088,0.061,0.0376,0.0374,0.605,0.0502,0.0269,0.326,0.0,0.0266,,0.4299,0.1279,0.181,236,83,0.214,313,58,0.113,0.4991,0.1473,0.179,1075,199,0.113,98500,9850,0.061,0.3051,0.0971,0.193,0.2373,0.1014,0.26,0.1278,0.0742,0.353,0.697,0.0337,0.029,0.0279,0.029,0.633,0.0,0.0223,,0.0,0.0223,,0.1152,0.0773,0.408,0.1403,0.0441,0.191
42003486700,Tract 4867,0.0,2147,429,0.121,980,152,0.094,30.0,4.8,0.097,0.2739,0.0914,0.203,0.163,0.0632,0.236,0.428,0.1707,0.242,0.449,0.0778,0.105,0.0,0.0056,,0.0009,0.0019,1.21,43016,8261,0.117,21956,4800,0.133,0.259,0.1131,0.266,0.1394,0.0589,0.257,0.6539,0.155,0.144,0.0538,0.0372,0.42,1360,135,0.06,0.2794,0.0861,0.187,1949,5,0.002,0.5051,0.0941,0.113,0.0684,0.0579,0.514,0.2853,0.1296,0.276,0.0882,0.0607,0.418,0.6388,0.1298,0.123,626,160,0.155,354,103,0.177,0.6881,0.1981,0.175,649,197,0.185,80600,22847,0.172,0.4073,0.2065,0.308,0.1821,0.1259,0.42,0.1667,0.1881,0.686,0.2186,0.0969,0.269,0.3601,0.1631,0.275,0.0204,0.0309,0.921,0.0,0.0136,,0.3194,0.3697,0.704,0.5582,0.1337,0.146
42003486800,Tract 4868,0.0,1610,337,0.127,572,108,0.115,37.7,12.7,0.205,0.2093,0.0752,0.218,0.1478,0.0388,0.159,0.3901,0.0903,0.141,0.3472,0.1157,0.203,0.0,0.0075,,0.0932,0.1132,0.739,43000,8567,0.121,26953,7229,0.163,0.1863,0.077,0.251,0.0161,0.0268,1.01,0.5818,0.1554,0.162,0.1377,0.0737,0.325,857,107,0.076,0.3326,0.099,0.181,1938,,,0.5986,0.1044,0.106,0.1027,0.0765,0.453,0.0723,0.0592,0.498,0.028,0.0252,0.548,0.4178,0.1382,0.201,239,91,0.231,333,89,0.162,0.4228,0.2046,0.294,646,140,0.132,46400,16205,0.212,0.3724,0.156,0.255,0.2218,0.1445,0.396,0.039,0.0989,1.54,0.4661,0.0379,0.049,0.0417,0.0433,0.631,0.181,0.2139,0.718,0.0,0.0156,,0.0833,0.0355,0.259,0.3042,0.1475,0.295
42003486900,Tract 4869,0.0,1392,321,0.14,669,170,0.154,51.2,7.4,0.088,0.1588,0.065,0.249,0.2062,0.0474,0.14,0.3434,0.0823,0.146,0.5776,0.1194,0.126,0.0,0.0086,,0.0,0.0086,,46908,22914,0.297,30178,7711,0.155,0.2313,0.1087,0.286,0.1082,0.0644,0.362,0.5387,0.0825,0.093,0.1646,0.0818,0.302,850,156,0.112,0.2129,0.0711,0.203,1947,6,0.002,0.8435,0.0871,0.063,0.04,0.0407,0.618,0.02,0.0346,1.051,0.0,0.02,,0.4694,0.0798,0.103,314,96,0.186,355,126,0.216,0.5201,0.1105,0.129,888,148,0.101,61100,15360,0.153,0.4777,0.1508,0.192,0.379,0.1559,0.25,0.0535,0.1001,1.137,0.4679,0.1569,0.204,0.2253,0.0726,0.196,0.0069,0.012,1.05,0.0,0.0208,,0.2062,0.1444,0.426,0.284,0.0782,0.167
42003487000,Tract 4870,0.0,1643,244,0.09,871,133,0.093,47.0,4.5,0.058,0.0949,0.0344,0.22,0.2532,0.0636,0.153,0.927,0.1933,0.127,0.0621,0.0583,0.571,0.0,0.0073,,0.0067,0.0103,0.935,51715,9374,0.11,35228,5154,0.089,0.1234,0.1044,0.515,0.0443,0.0271,0.372,0.6204,0.0316,0.031,0.1603,0.0556,0.211,983,124,0.077,0.1139,0.0614,0.328,1948,3,0.001,0.589,0.1008,0.104,0.1333,0.0908,0.414,0.1658,0.0479,0.176,0.0071,0.0165,1.412,0.4501,0.1415,0.191,392,137,0.212,479,59,0.075,0.3914,0.1274,0.198,634,95,0.091,93500,6187,0.04,0.3163,0.1832,0.352,0.2168,0.1895,0.531,0.1795,0.0915,0.31,0.5803,0.0149,0.016,0.1179,0.0843,0.434,0.0289,0.0331,0.697,0.0,0.0139,,0.1572,0.0932,0.36,0.1332,0.0893,0.408
42003488100,Tract 4881,0.0,2137,358,0.102,951,142,0.091,43.4,2.8,0.039,0.1792,0.056,0.19,0.1923,0.0189,0.06,0.927,0.0653,0.043,0.0515,0.034,0.402,0.0,0.0056,,0.0,0.0056,,67964,7067,0.063,42852,4443,0.063,0.066,0.039,0.359,0.0551,0.0299,0.329,0.6663,0.0841,0.077,0.2385,0.0609,0.155,972,148,0.093,0.0216,0.0328,0.922,1952,3,0.001,0.9568,0.2027,0.129,0.035,0.0587,1.02,0.0,0.0175,,0.0,0.0175,,0.1756,0.0688,0.238,167,70,0.255,784,129,0.1,0.1382,0.0604,0.265,900,632,0.427,147200,30103,0.124,0.3293,0.3358,0.62,0.1018,0.1055,0.63,0.1288,0.0532,0.251,0.7393,0.0951,0.078,0.0277,0.0322,0.706,0.0,0.0115,,0.0,0.0115,,0.1977,0.0759,0.233,0.0715,0.0447,0.38
42003488200,Tract 4882,0.0,3590,556,0.094,1326,195,0.089,34.0,4.3,0.077,0.2554,0.0597,0.142,0.1663,0.0254,0.093,0.7195,0.1499,0.127,0.1279,0.0766,0.364,0.0,0.0033,,0.0816,0.0972,0.724,61447,17127,0.169,28753,4564,0.096,0.3081,0.1258,0.248,0.122,0.1147,0.572,0.6373,0.0627,0.06,0.1583,0.0502,0.193,1475,191,0.079,0.101,0.0644,0.388,1954,2,0.001,0.8454,0.0729,0.052,0.0047,0.0115,1.472,0.0664,0.0542,0.496,0.0332,0.0419,0.767,0.2828,0.1011,0.217,375,145,0.235,951,152,0.097,0.4041,0.1805,0.272,1061,175,0.1,117100,13909,0.072,0.4533,0.1556,0.209,0.24,0.1368,0.347,0.1325,0.0876,0.402,0.6284,0.0795,0.077,0.078,0.0642,0.501,0.0,0.0079,,0.0,0.0079,,0.1645,0.0848,0.313,0.1176,0.069,0.357
42003488300,Tract 4883,0.0,1925,317,0.1,844,107,0.077,53.1,4.3,0.049,0.1345,0.0385,0.174,0.2743,0.0219,0.049,0.9304,0.0424,0.028,0.0151,0.0159,0.642,0.0021,0.0031,0.906,0.0384,0.0295,0.466,81071,10801,0.081,39675,3346,0.051,0.0442,0.0204,0.281,0.0677,0.0365,0.328,0.6101,0.0691,0.069,0.2332,0.0425,0.111,974,107,0.067,0.1335,0.0839,0.382,1960,3,0.001,0.8296,0.0649,0.048,0.0,0.0174,,0.0175,0.0196,0.684,0.0,0.0174,,0.1493,0.0648,0.264,126,57,0.275,718,110,0.093,0.1668,0.0941,0.343,1208,177,0.089,166300,6859,0.025,0.246,0.1932,0.477,0.119,0.1493,0.762,0.1992,0.0797,0.243,0.7548,0.0396,0.032,0.0302,0.0244,0.492,0.003,0.005,1.006,0.0,0.0121,,0.0894,0.048,0.326,0.0462,0.0321,0.422
42003488400,Tract 4884,0.0,4361,632,0.088,2049,235,0.07,47.5,7.2,0.092,0.1903,0.0727,0.232,0.2229,0.0455,0.124,0.8796,0.1161,0.08,0.0282,0.0272,0.586,0.0071,0.0087,0.74,0.0376,0.0488,0.788,57257,5368,0.057,36160,4352,0.073,0.0823,0.0331,0.245,0.0746,0.052,0.423,0.6301,0.1161,0.112,0.1722,0.0609,0.215,2140,222,0.063,0.0425,0.0409,0.584,1954,3,0.001,0.7089,0.0745,0.064,0.028,0.0237,0.513,0.0243,0.0239,0.598,0.0958,0.0536,0.34,0.3045,0.0632,0.126,624,148,0.144,1425,222,0.095,0.2751,0.0757,0.167,548,283,0.314,116400,19362,0.101,0.4231,0.2126,0.306,0.1811,0.1394,0.468,0.1523,0.0875,0.349,0.7013,0.0414,0.036,0.0214,0.0336,0.955,0.0078,0.0115,0.899,0.0,0.0058,,0.1447,0.0798,0.335,0.1698,0.07,0.251
42003488500,Tract 4885,0.0,2604,464,0.108,1197,217,0.11,43.9,4.5,0.062,0.2066,0.0686,0.202,0.1647,0.0421,0.155,0.8449,0.0982,0.071,0.0415,0.0338,0.495,0.0541,0.0603,0.677,0.0223,0.0239,0.651,80847,20515,0.154,38242,4707,0.075,0.0235,0.0141,0.366,0.0311,0.0298,0.583,0.6413,0.0833,0.079,0.3104,0.0674,0.132,1318,177,0.082,0.0918,0.0679,0.45,1957,2,0.001,0.8422,0.1599,0.115,0.0106,0.021,1.201,0.0197,0.0244,0.751,0.107,0.0751,0.426,0.1738,0.0845,0.296,208,108,0.316,989,189,0.116,0.1379,0.0752,0.332,766,46,0.037,163600,12977,0.048,0.1538,0.1336,0.528,0.0481,0.0829,1.048,0.182,0.0884,0.295,0.5535,0.0896,0.098,0.0298,0.0324,0.661,0.0168,0.0189,0.682,0.0,0.0092,,0.2026,0.0658,0.197,0.0952,0.0722,0.461
42003488600,Tract 4886,0.0,4573,973,0.129,1919,175,0.055,44.4,10.1,0.138,0.2497,0.112,0.273,0.1929,0.0531,0.167,0.8076,0.1483,0.112,0.1257,0.062,0.3,0.0,0.0026,,0.0031,0.005,0.99,96902,8340,0.052,42336,7642,0.11,0.0879,0.0721,0.499,0.1058,0.0896,0.515,0.7297,0.125,0.104,0.3523,0.0696,0.12,2093,216,0.063,0.0831,0.0779,0.57,1962,5,0.002,0.8538,0.0288,0.02,0.0,0.0081,,0.0683,0.0755,0.672,0.0397,0.057,0.874,0.0865,0.0694,0.488,166,134,0.491,1753,192,0.067,0.0745,0.0676,0.552,,,,183600,17350,0.057,0.5843,0.5666,0.589,0.0843,0.1207,0.87,0.1358,0.0634,0.284,0.7613,0.1488,0.119,0.0334,0.0289,0.526,0.0073,0.0115,0.959,0.0,0.0051,,0.1333,0.0539,0.246,0.0657,0.0608,0.563
42003489001,Tract 4890.01,0.0,4897,422,0.052,1936,148,0.046,41.9,4.5,0.065,0.2003,0.0624,0.189,0.2109,0.0436,0.126,0.8599,0.0836,0.059,0.0647,0.0561,0.527,0.0357,0.0344,0.585,0.0,0.0025,,108415,28274,0.159,45971,5161,0.068,0.0531,0.0324,0.371,0.0795,0.0791,0.605,0.6854,0.1099,0.097,0.4314,0.0974,0.137,2162,118,0.033,0.1045,0.0506,0.294,1959,4,0.001,0.7438,0.0753,0.062,0.013,0.0211,0.99,0.0153,0.0151,0.601,0.1799,0.0622,0.21,0.2107,0.079,0.228,408,156,0.232,1528,185,0.074,0.1702,0.1277,0.456,1333,560,0.255,232700,16374,0.043,0.4485,0.1129,0.153,0.3554,0.1238,0.212,0.1525,0.0677,0.27,0.6554,0.0806,0.075,0.0292,0.0237,0.495,0.0171,0.0189,0.671,0.0,0.0047,,0.2408,0.0853,0.215,0.0176,0.0186,0.643
42003489002,Tract 4890.02,0.0,3502,424,0.074,1509,192,0.077,45.6,4.2,0.056,0.2022,0.0427,0.128,0.2213,0.0463,0.127,0.9072,0.0523,0.035,0.0557,0.0292,0.319,0.0166,0.0159,0.582,0.006,0.006,0.603,100121,20287,0.123,50055,5034,0.061,0.0417,0.0255,0.372,0.0047,0.0064,0.832,0.5987,0.04,0.041,0.5075,0.0575,0.069,1616,189,0.071,0.0662,0.0483,0.443,1956,2,0.001,0.87,0.0333,0.023,0.0947,0.04,0.257,0.0198,0.0299,0.919,0.0155,0.0252,0.99,0.1418,0.0499,0.214,214,80,0.227,1295,179,0.084,0.1172,0.0435,0.226,1023,104,0.062,259000,14501,0.034,0.1262,0.1481,0.713,0.0794,0.1033,0.79,0.1181,0.06,0.309,0.5846,0.0794,0.083,0.0438,0.0273,0.38,0.0041,0.007,1.039,0.0,0.007,,0.2083,0.0513,0.15,0.0888,0.0765,0.523
42003490002,Tract 4900.02,0.0,4873,433,0.054,2340,251,0.065,41.9,7.2,0.104,0.1666,0.0435,0.159,0.2171,0.0515,0.144,0.9386,0.0341,0.022,0.0133,0.0129,0.587,0.0096,0.0148,0.93,0.0176,0.0151,0.52,74840,12324,0.1,44043,4330,0.06,0.0382,0.024,0.382,0.0447,0.0336,0.457,0.6462,0.0556,0.052,0.3669,0.0723,0.12,2546,227,0.054,0.0809,0.0565,0.424,1973,3,0.001,0.6661,0.094,0.086,0.0856,0.0429,0.305,0.0636,0.0373,0.356,0.0829,0.0419,0.307,0.3372,0.0741,0.134,789,193,0.149,1551,228,0.089,0.2927,0.0778,0.162,1455,154,0.064,234900,22026,0.057,0.455,0.1458,0.195,0.2586,0.1156,0.272,0.1425,0.0817,0.348,0.7152,0.0953,0.081,0.049,0.0323,0.402,0.0,0.0047,,0.0,0.0047,,0.2012,0.0626,0.189,0.0128,0.0166,0.785
42003490003,Tract 4900.03,0.0,3735,405,0.066,1437,129,0.055,44.8,6.3,0.085,0.1871,0.0396,0.129,0.2056,0.0278,0.082,0.778,0.0664,0.052,0.0011,0.0019,1.062,0.204,0.0908,0.271,0.0078,0.0088,0.689,113606,13778,0.074,54352,8761,0.098,0.0436,0.0257,0.359,0.0337,0.0235,0.424,0.6588,0.0322,0.03,0.4068,0.0624,0.093,1532,129,0.051,0.062,0.0454,0.445,1972,2,0.001,0.8825,0.041,0.028,0.0189,0.0208,0.669,0.0561,0.0362,0.392,0.0326,0.0244,0.454,0.1566,0.0437,0.17,225,66,0.178,1212,127,0.064,0.1118,0.0411,0.224,1425,124,0.053,243900,22562,0.056,0.2844,0.1625,0.347,0.1956,0.1253,0.389,0.1262,0.0668,0.322,0.6876,0.0838,0.074,0.0372,0.0306,0.5,0.0,0.0063,,0.0,0.0063,,0.2128,0.0623,0.178,0.0466,0.0351,0.457
42003490004,Tract 4900.04,0.0,5098,476,0.057,1928,142,0.045,42.3,3.7,0.053,0.2454,0.0579,0.143,0.2034,0.0268,0.08,0.9172,0.0449,0.03,0.0145,0.0145,0.605,0.0218,0.0185,0.517,0.0,0.0033,,124850,11680,0.057,51875,4609,0.054,0.033,0.0244,0.451,0.018,0.0153,0.514,0.6573,0.0431,0.04,0.4565,0.0494,0.066,1937,139,0.044,0.0046,0.0072,0.945,1978,2,0.001,0.8673,0.0265,0.019,0.0,0.0124,,0.078,0.0387,0.302,0.0093,0.0139,0.911,0.0534,0.0272,0.31,103,53,0.313,1825,138,0.046,0.0485,0.0283,0.355,1327,816,0.374,261700,16668,0.039,0.4272,0.3121,0.444,0.2816,0.2414,0.521,0.0882,0.048,0.33,0.7102,0.0611,0.052,0.0308,0.0152,0.301,0.0,0.0068,,0.0,0.0068,,0.2154,0.0857,0.242,0.0073,0.0082,0.685
42003491101,Tract 4911.01,0.0,7698,554,0.044,2644,217,0.05,42.7,2.4,0.034,0.2544,0.0418,0.1,0.2398,0.0456,0.116,0.9074,0.0493,0.033,0.0107,0.0102,0.584,0.0548,0.0125,0.139,0.0061,0.0082,0.814,151167,23937,0.096,66045,9444,0.087,0.0192,0.0121,0.383,0.0784,0.0422,0.327,0.7083,0.0581,0.05,0.5421,0.0782,0.088,2866,235,0.05,0.0775,0.0442,0.347,1991,5,0.002,0.8283,0.0638,0.047,0.0038,0.0089,1.408,0.0391,0.0288,0.448,0.0038,0.0089,1.408,0.0666,0.0359,0.328,176,96,0.332,2468,231,0.057,0.0598,0.0467,0.475,1464,195,0.081,375400,23888,0.039,0.2898,0.2395,0.502,0.2102,0.1829,0.529,0.1807,0.0709,0.239,0.7108,0.081,0.069,0.0,0.0044,,0.0,0.0044,,0.0,0.0044,,0.2347,0.0528,0.137,0.0465,0.047,0.614
42003491200,Tract 4912,0.0,2131,222,0.063,955,107,0.068,47.2,3.0,0.039,0.145,0.031,0.13,0.2426,0.0469,0.117,0.8193,0.0676,0.05,0.0718,0.0534,0.453,0.0361,0.0241,0.406,0.0094,0.0098,0.635,95096,15403,0.098,57351,10654,0.113,0.0462,0.0222,0.292,0.0362,0.0214,0.359,0.6168,0.0639,0.063,0.4048,0.07,0.105,1046,127,0.074,0.087,0.0622,0.435,1970,5,0.002,0.7208,0.0727,0.061,0.0736,0.0432,0.356,0.1205,0.087,0.439,0.0574,0.0407,0.431,0.3372,0.092,0.166,322,95,0.179,633,90,0.086,0.213,0.0537,0.153,1398,294,0.128,196200,17436,0.054,0.3323,0.1233,0.226,0.2081,0.1008,0.294,0.1311,0.0662,0.307,0.8196,0.1001,0.074,0.0103,0.0111,0.655,0.0112,0.013,0.702,0.0,0.0112,,0.1028,0.0465,0.275,0.0764,0.0459,0.365
42003492700,Tract 4927,0.0,1875,358,0.116,850,164,0.117,45.4,7.1,0.095,0.2027,0.0661,0.198,0.1883,0.0383,0.124,0.6917,0.065,0.057,0.2069,0.0881,0.259,0.0,0.0064,,0.016,0.0206,0.782,37912,4416,0.071,24707,4957,0.122,0.3317,0.1305,0.239,0.1077,0.0653,0.369,0.5247,0.09,0.104,0.2432,0.0816,0.204,1098,152,0.084,0.2259,0.0748,0.201,1938,,,0.5993,0.0739,0.075,0.1129,0.0629,0.339,0.1157,0.0749,0.394,0.0,0.0155,,0.3447,0.1325,0.234,293,126,0.261,557,109,0.119,0.336,0.1319,0.239,1097,336,0.186,53100,5789,0.066,0.6826,0.2732,0.243,0.4061,0.3207,0.48,0.2172,0.1007,0.282,0.75,0.0915,0.074,0.0202,0.0209,0.629,0.0,0.0173,,0.0,0.0173,,0.1647,0.1248,0.46,0.2059,0.0943,0.279
42003492800,Tract 4928,0.0,2648,463,0.106,1015,144,0.086,35.4,9.2,0.158,0.3644,0.0829,0.138,0.2659,0.0683,0.156,0.1968,0.0573,0.177,0.6756,0.1867,0.168,0.0,0.0045,,0.0378,0.0433,0.697,31554,9414,0.181,23579,7282,0.188,0.3569,0.1744,0.297,0.0653,0.0427,0.397,0.5057,0.0833,0.1,0.2288,0.1136,0.302,1246,176,0.086,0.1854,0.0784,0.257,1947,12,0.004,0.6188,0.124,0.122,0.1517,0.0865,0.347,0.0498,0.0459,0.561,0.0385,0.037,0.584,0.3892,0.1539,0.24,395,166,0.255,620,126,0.124,0.4925,0.2085,0.257,1046,990,0.575,92000,40516,0.268,0.5949,0.2106,0.215,0.3696,0.1869,0.307,0.2597,0.154,0.36,0.6473,0.1608,0.151,0.0867,0.0701,0.491,0.0048,0.0082,1.052,0.0,0.0143,,0.1152,0.0877,0.463,0.2099,0.1307,0.379
42003492900,Tract 4929,0.0,1521,277,0.111,850,174,0.124,54.5,11.5,0.128,0.0973,0.0458,0.286,0.2755,0.0874,0.193,0.6062,0.0541,0.054,0.3143,0.1456,0.282,0.0,0.0079,,0.0717,0.0489,0.415,43854,13015,0.18,32254,6104,0.115,0.2827,0.1087,0.234,0.0757,0.0521,0.419,0.5483,0.0764,0.085,0.1599,0.0582,0.221,1248,174,0.085,0.3189,0.0906,0.173,1948,3,0.001,0.5649,0.0776,0.084,0.0897,0.0577,0.391,0.0136,0.014,0.627,0.0962,0.1069,0.676,0.4341,0.1752,0.245,369,167,0.275,481,106,0.134,0.4181,0.156,0.227,929,255,0.167,77300,14365,0.113,0.7615,0.2519,0.201,0.5501,0.3144,0.347,0.1726,0.0905,0.319,0.6894,0.0956,0.084,0.0567,0.0521,0.558,0.0,0.017,,0.0,0.017,,0.2184,0.0952,0.265,0.1788,0.1533,0.521
42003494000,Tract 4940,0.0,1371,242,0.107,577,58,0.061,38.5,4.4,0.069,0.1911,0.0404,0.128,0.1648,0.0279,0.103,0.8249,0.1808,0.133,0.0467,0.0295,0.384,0.0022,0.0029,0.803,0.0759,0.065,0.521,51174,6192,0.074,31991,5054,0.096,0.1298,0.0358,0.168,0.0395,0.0227,0.349,0.6696,0.1665,0.151,0.2481,0.0658,0.161,652,60,0.056,0.115,0.0682,0.36,1938,,,0.6488,0.0639,0.06,0.1442,0.0575,0.243,0.0675,0.0349,0.314,0.0844,0.0621,0.448,0.3969,0.0808,0.124,229,52,0.138,348,45,0.079,0.2465,0.0452,0.111,758,44,0.035,108300,11707,0.066,0.179,0.0837,0.284,0.1397,0.0573,0.249,0.2184,0.0694,0.193,0.708,0.076,0.065,0.0741,0.0499,0.41,0.0228,0.0167,0.446,0.0,0.0171,,0.0855,0.036,0.256,0.1525,0.0665,0.265
42003495000,Tract 4950,0.0,3009,37,0.007,1368,109,0.048,51.9,3.7,0.043,0.1087,0.038,0.213,0.2722,0.0622,0.139,0.8857,0.0608,0.042,0.0007,0.0013,1.216,0.0,0.004,,0.0648,0.0532,0.499,67171,16918,0.153,40100,8964,0.136,0.0871,0.0513,0.358,0.0303,0.0295,0.591,0.4994,0.0369,0.045,0.144,0.0555,0.234,1440,108,0.046,0.05,0.0464,0.564,1949,7,0.002,0.8458,0.069,0.05,0.0194,0.0161,0.505,0.0,0.0118,,0.0,0.0118,,0.152,0.0676,0.27,208,94,0.275,1160,130,0.068,0.1719,0.0813,0.287,1120,57,0.031,166000,15513,0.057,0.1587,0.1498,0.574,0.024,0.0369,0.933,0.1741,0.0929,0.324,0.7931,0.1125,0.086,0.0,0.0092,,0.0,0.0092,,0.0,0.0092,,0.0674,0.0418,0.377,0.0387,0.034,0.533
42003496101,Tract 4961.01,0.0,2921,336,0.07,1178,186,0.096,44.4,4.5,0.062,0.2198,0.0568,0.157,0.2725,0.062,0.138,0.9377,0.0696,0.045,0.0051,0.0133,1.579,0.0,0.0041,,0.0229,0.03,0.795,104444,30991,0.18,47188,5535,0.071,0.0668,0.0305,0.278,0.0457,0.0326,0.434,0.5599,0.061,0.066,0.3706,0.0665,0.109,1264,172,0.083,0.068,0.0546,0.488,1965,8,0.002,0.9565,0.0578,0.037,0.0,0.0134,,0.0,0.0134,,0.0,0.0134,,0.0161,0.0168,0.633,19,20,0.64,1159,184,0.097,0.0123,0.0144,0.709,,,,169900,12553,0.045,0.6842,1.0065,0.894,0.3158,0.474,0.912,0.107,0.0492,0.279,0.8563,0.0615,0.044,0.0,0.0101,,0.0,0.0101,,0.0,0.0101,,0.0854,0.0599,0.427,0.0076,0.015,1.191
42003496102,Tract 4961.02,0.0,4258,550,0.079,1779,200,0.068,49.1,3.7,0.046,0.1822,0.044,0.147,0.263,0.0378,0.087,0.9281,0.0771,0.051,0.0035,0.0075,1.294,0.0423,0.0601,0.864,0.0,0.0028,,66984,16869,0.153,41311,6472,0.095,0.0787,0.0599,0.463,0.0359,0.0261,0.442,0.5392,0.0616,0.069,0.2684,0.0848,0.192,1879,201,0.065,0.0532,0.0486,0.555,1967,5,0.002,0.9297,0.0364,0.024,0.0176,0.0156,0.54,0.0043,0.0094,1.343,0.0,0.009,,0.1164,0.0512,0.267,207,94,0.276,1572,218,0.084,0.1084,0.0611,0.343,,,,165700,5440,0.02,0.4251,0.3256,0.466,0.2367,0.3257,0.836,0.2545,0.1178,0.281,0.8437,0.1224,0.088,0.0,0.0068,,0.0057,0.009,0.964,0.0,0.0068,,0.1296,0.0318,0.149,0.0691,0.0835,0.734
42003496200,Tract 4962,0.0,5511,517,0.057,2296,158,0.042,50.1,8.8,0.107,0.1784,0.0517,0.176,0.1807,0.04,0.134,0.9011,0.0407,0.027,0.055,0.0626,0.692,0.0327,0.0391,0.727,0.0002,0.0005,1.823,70957,29115,0.249,42838,7393,0.105,0.0338,0.0195,0.351,0.0208,0.0195,0.571,0.6206,0.0627,0.061,0.2974,0.0632,0.129,2626,208,0.048,0.1257,0.0597,0.289,1957,3,0.001,0.8069,0.0593,0.045,0.0061,0.0115,1.148,0.0887,0.0519,0.356,0.0057,0.0109,1.158,0.1633,0.067,0.249,375,156,0.253,1921,198,0.063,0.1403,0.0773,0.335,1090,45,0.025,166300,24331,0.089,0.5067,0.3197,0.384,0.04,0.059,0.897,0.1541,0.0829,0.327,0.7621,0.0928,0.074,0.0,0.0061,,0.0218,0.0331,0.923,0.0,0.0061,,0.1342,0.0677,0.307,0.0414,0.041,0.603
42003497000,Tract 4970,0.0,922,217,0.143,443,82,0.113,54.5,7.8,0.087,0.1258,0.064,0.309,0.2538,0.0779,0.187,0.9371,0.0911,0.059,0.0087,0.0107,0.746,0.0,0.013,,0.0347,0.0304,0.532,73750,14793,0.122,45183,14071,0.189,0.0564,0.0216,0.232,0.0265,0.0188,0.431,0.5545,0.0779,0.085,0.1784,0.0571,0.194,455,84,0.112,0.0264,0.037,0.854,1952,4,0.001,0.9429,0.0248,0.016,0.0066,0.0278,2.561,0.0,0.0373,,0.0,0.0373,,0.158,0.1576,0.606,70,71,0.617,373,38,0.062,0.0965,0.0778,0.49,941,34,0.022,135200,42103,0.189,0.0429,0.2992,4.244,0.0,0.1714,,0.1314,0.0626,0.29,0.8311,0.1257,0.092,0.0183,0.027,0.899,0.0068,0.009,0.796,0.0,0.0274,,0.0502,0.0244,0.295,0.0722,0.0487,0.41
42003498000,Tract 4980,0.0,2320,329,0.086,1060,140,0.08,47.6,4.7,0.06,0.2052,0.0576,0.171,0.2172,0.0222,0.062,0.9078,0.0342,0.023,0.0082,0.0111,0.827,0.0,0.0052,,0.0138,0.0197,0.87,73786,12877,0.106,39152,6499,0.101,0.1331,0.0805,0.368,0.0885,0.0884,0.607,0.6526,0.0965,0.09,0.2373,0.0831,0.213,1156,133,0.07,0.083,0.0404,0.296,1954,1,0.0,0.9256,0.0539,0.035,0.051,0.0322,0.383,0.0087,0.0166,1.166,0.0,0.0147,,0.2,0.1236,0.376,212,134,0.384,848,98,0.07,0.1561,0.1064,0.414,813,75,0.056,115600,10175,0.054,0.2123,0.1328,0.38,0.1651,0.1155,0.425,0.0743,0.0441,0.361,0.7801,0.0789,0.062,0.0182,0.018,0.6,0.0,0.0109,,0.0,0.0109,,0.1478,0.0644,0.265,0.0085,0.0093,0.664
42003499300,Tract 4993,0.0,1555,232,0.091,701,98,0.085,47.5,2.8,0.036,0.1807,0.0514,0.173,0.245,0.0406,0.101,0.9363,0.0625,0.041,0.0161,0.025,0.944,0.0141,0.0224,0.963,0.0,0.0077,,49813,10655,0.13,31230,4080,0.079,0.0997,0.0545,0.332,0.1276,0.1007,0.48,0.6264,0.0517,0.05,0.1413,0.05,0.215,762,104,0.083,0.0801,0.0674,0.512,1949,3,0.001,0.7612,0.0689,0.055,0.0958,0.0634,0.402,0.0381,0.052,0.831,0.0827,0.046,0.339,0.3823,0.112,0.178,268,87,0.197,433,80,0.112,0.3441,0.1009,0.178,826,175,0.129,96200,16410,0.104,0.2239,0.1588,0.431,0.0784,0.0936,0.726,0.194,0.0818,0.256,0.7737,0.0811,0.064,0.0467,0.0532,0.692,0.0248,0.0273,0.669,0.0,0.0175,,0.0599,0.0482,0.489,0.1384,0.0866,0.38
42003499400,Tract 4994,0.0,2813,229,0.049,1128,174,0.094,36.0,3.2,0.054,0.246,0.0711,0.176,0.1418,0.0455,0.195,0.8375,0.0955,0.069,0.0512,0.0425,0.504,0.0,0.0043,,0.0718,0.0516,0.437,43389,12740,0.178,21764,4254,0.119,0.1937,0.1018,0.32,0.1621,0.0822,0.308,0.665,0.0738,0.067,0.0921,0.0641,0.423,1305,179,0.083,0.1356,0.0846,0.379,1945,9,0.003,0.8061,0.1016,0.077,0.0797,0.0521,0.398,0.0245,0.0227,0.564,0.0,0.013,,0.352,0.1301,0.225,397,159,0.243,731,129,0.107,0.3186,0.1081,0.206,863,165,0.116,69800,29948,0.261,0.398,0.194,0.296,0.2217,0.2059,0.565,0.249,0.1462,0.357,0.6065,0.1914,0.192,0.0376,0.06,0.971,0.049,0.0555,0.689,0.0,0.0098,,0.071,0.0513,0.439,0.0505,0.044,0.53
42003500300,Tract 5003,0.0,3620,19,0.003,1664,134,0.049,39.6,5.0,0.077,0.1517,0.0405,0.162,0.1997,0.0487,0.148,0.7729,0.0786,0.062,0.0641,0.0605,0.574,0.0,0.0033,,0.0337,0.0293,0.528,58194,14889,0.156,30747,3217,0.064,0.1011,0.0624,0.375,0.1113,0.0584,0.319,0.6608,0.0747,0.069,0.1393,0.0483,0.211,1817,157,0.053,0.0842,0.0579,0.418,1951,3,0.001,0.913,0.045,0.03,0.0154,0.0143,0.564,0.0517,0.0344,0.404,0.0,0.0093,,0.2212,0.068,0.187,368,117,0.193,1296,182,0.085,0.2591,0.0958,0.225,963,144,0.091,82500,9950,0.073,0.2418,0.1832,0.46,0.1603,0.172,0.652,0.2415,0.1278,0.322,0.802,0.1159,0.088,0.0042,0.0063,0.907,0.0,0.0064,,0.0,0.0064,,0.087,0.0409,0.285,0.0325,0.0206,0.386
42003501000,Tract 5010,0.0,1533,233,0.092,808,97,0.073,43.5,5.5,0.077,0.1429,0.0438,0.186,0.2335,0.0241,0.063,0.893,0.0698,0.048,0.0502,0.025,0.302,0.0,0.0078,,0.013,0.0142,0.662,42500,13295,0.19,30138,3237,0.065,0.2014,0.0508,0.153,0.0831,0.0396,0.289,0.5851,0.0765,0.079,0.1162,0.0307,0.161,865,94,0.066,0.0659,0.0363,0.335,1953,5,0.002,0.615,0.0496,0.049,0.0486,0.0285,0.357,0.2751,0.0867,0.192,0.0474,0.0236,0.302,0.4876,0.0889,0.111,394,86,0.133,414,71,0.104,0.407,0.0959,0.143,822,50,0.037,97100,20187,0.126,0.5609,0.1523,0.165,0.203,0.0942,0.282,0.2343,0.0924,0.24,0.6518,0.0639,0.06,0.0265,0.0201,0.463,0.0237,0.0217,0.558,0.0084,0.011,0.801,0.0961,0.0334,0.211,0.1621,0.0517,0.194
42003503002,Tract 5030.02,0.0,5670,324,0.035,3019,272,0.055,54.2,4.6,0.052,0.1674,0.0448,0.163,0.3328,0.0583,0.106,0.8631,0.0835,0.059,0.1028,0.0638,0.377,0.0014,0.0039,1.671,0.0074,0.0106,0.868,58075,13575,0.142,38694,3973,0.062,0.1109,0.0511,0.28,0.0712,0.0548,0.468,0.5385,0.0601,0.068,0.2849,0.0812,0.173,3089,273,0.054,0.0227,0.0274,0.736,1952,3,0.001,0.685,0.0477,0.042,0.0728,0.0527,0.44,0.122,0.0858,0.428,0.0683,0.0333,0.296,0.373,0.1005,0.164,1126,320,0.173,1893,239,0.077,0.2968,0.0811,0.166,952,183,0.117,160000,20827,0.079,0.5204,0.1379,0.161,0.2425,0.1403,0.352,0.1453,0.0616,0.258,0.6749,0.1409,0.127,0.0119,0.0183,0.938,0.0074,0.0131,1.076,0.0,0.007,,0.2194,0.1178,0.326,0.0401,0.0313,0.475
42003504100,Tract 5041,0.0,5173,568,0.067,2231,261,0.071,40.1,8.5,0.129,0.2552,0.0775,0.185,0.1456,0.0442,0.185,0.5807,0.0872,0.091,0.3978,0.1012,0.155,0.0,0.0033,,0.0,0.0033,,42681,6115,0.087,33499,13697,0.249,0.2683,0.1355,0.307,0.0223,0.037,1.006,0.58,0.0874,0.092,0.2004,0.0693,0.21,2557,265,0.063,0.1275,0.0695,0.332,1959,5,0.002,0.5401,0.0886,0.1,0.086,0.0699,0.494,0.0915,0.058,0.386,0.2206,0.1068,0.294,0.4608,0.0931,0.123,1028,240,0.142,1203,242,0.122,0.4389,0.117,0.162,874,128,0.089,88700,22688,0.155,0.536,0.2161,0.245,0.3268,0.1863,0.347,0.1929,0.0937,0.295,0.7025,0.0317,0.027,0.031,0.0356,0.697,0.0143,0.0183,0.775,0.0,0.0079,,0.0944,0.0693,0.446,0.2483,0.0946,0.232
42003507000,Tract 5070,0.0,2002,236,0.072,1033,100,0.059,47.7,2.8,0.036,0.1049,0.0356,0.207,0.2582,0.0525,0.124,0.7767,0.0997,0.078,0.1583,0.0705,0.271,0.002,0.003,0.909,0.0055,0.0085,0.937,65907,9917,0.091,41119,6638,0.098,0.0949,0.0392,0.251,0.0795,0.0524,0.4,0.6179,0.0671,0.066,0.2193,0.0664,0.184,1137,91,0.049,0.0915,0.0416,0.276,1955,3,0.001,0.6236,0.0659,0.064,0.0985,0.0573,0.354,0.1117,0.0488,0.266,0.0387,0.0299,0.47,0.3417,0.0668,0.119,353,77,0.133,680,105,0.094,0.2662,0.0551,0.126,780,26,0.02,101100,13759,0.083,0.3513,0.1223,0.212,0.2295,0.0985,0.261,0.1338,0.0678,0.308,0.6089,0.0857,0.086,0.0559,0.0493,0.536,0.0,0.0116,,0.0,0.0116,,0.2351,0.0669,0.173,0.1239,0.0603,0.296
42003508000,Tract 5080,0.0,1761,492,0.17,909,150,0.1,38.4,7.6,0.12,0.1687,0.0545,0.196,0.1414,0.0047,0.02,0.7172,0.1219,0.103,0.2521,0.1153,0.278,0.0,0.0068,,0.0216,0.0237,0.667,36467,6173,0.103,24955,4274,0.104,0.2976,0.1098,0.224,0.1271,0.0875,0.419,0.6032,0.1125,0.113,0.1641,0.0637,0.236,1147,128,0.068,0.2075,0.0704,0.206,1961,19,0.006,0.2842,0.0689,0.147,0.2302,0.0835,0.22,0.1761,0.0791,0.273,0.0976,0.0489,0.304,0.6601,0.1026,0.094,600,136,0.138,309,83,0.163,0.633,0.161,0.155,778,59,0.046,61200,11099,0.11,0.4283,0.1377,0.195,0.2533,0.1185,0.284,0.1197,0.1569,0.797,0.5492,0.1618,0.179,0.1831,0.0857,0.285,0.0541,0.0705,0.792,0.0,0.0166,,0.1054,0.091,0.525,0.3014,0.0862,0.174
42003509400,Tract 5094,0.0,5007,13,0.002,2429,218,0.055,47.4,5.1,0.065,0.1426,0.0554,0.236,0.299,0.0776,0.158,0.5842,0.0959,0.1,0.3303,0.0939,0.173,0.0152,0.0172,0.688,0.012,0.0182,0.922,45997,9871,0.13,26912,4296,0.097,0.1765,0.0804,0.277,0.1607,0.0634,0.24,0.5547,0.081,0.089,0.109,0.0457,0.255,2745,240,0.053,0.1151,0.0585,0.309,1944,3,0.001,0.404,0.0695,0.105,0.2419,0.0872,0.219,0.0823,0.0505,0.373,0.1027,0.0639,0.378,0.7205,0.0858,0.072,1750,261,0.091,679,171,0.153,0.6956,0.0859,0.075,682,61,0.054,84900,19576,0.14,0.3023,0.1182,0.238,0.1806,0.1064,0.358,0.2077,0.1252,0.367,0.5715,0.0609,0.065,0.2385,0.1482,0.378,0.0514,0.0512,0.605,0.0,0.0083,,0.0666,0.0385,0.351,0.2598,0.0916,0.214
42003510000,Tract 5100,0.0,2121,443,0.127,806,116,0.087,32.3,7.6,0.143,0.3781,0.0983,0.158,0.0957,0.029,0.184,0.2254,0.0806,0.217,0.7303,0.1052,0.088,0.0,0.0057,,0.0,0.0057,,38561,13344,0.21,18670,3598,0.117,0.4537,0.1413,0.189,0.0285,0.0303,0.646,0.4662,0.1086,0.142,0.1978,0.0866,0.266,1005,100,0.06,0.198,0.0709,0.218,1944,5,0.002,0.4328,0.1114,0.156,0.2428,0.101,0.253,0.1015,0.0571,0.342,0.0597,0.0362,0.369,0.5868,0.1588,0.165,473,145,0.186,333,138,0.252,0.5021,0.1857,0.225,821,246,0.182,59600,30537,0.311,0.3573,0.1905,0.324,0.2622,0.1771,0.411,0.4745,0.2044,0.262,0.6286,0.2081,0.201,0.0746,0.0596,0.486,0.0365,0.0427,0.71,0.0,0.0183,,0.1689,0.084,0.302,0.3561,0.1136,0.194
42003512000,Tract 5120,0.0,2236,288,0.078,1077,172,0.097,41.7,8.8,0.128,0.1968,0.0607,0.188,0.2294,0.0743,0.197,0.5344,0.1025,0.117,0.288,0.1224,0.258,0.0081,0.0102,0.773,0.013,0.0129,0.603,48125,20523,0.259,34186,12134,0.216,0.2527,0.1197,0.288,0.1564,0.1302,0.506,0.6172,0.0944,0.093,0.1254,0.0446,0.216,1221,156,0.078,0.1179,0.0713,0.368,1954,2,0.001,0.4873,0.1264,0.158,0.2269,0.0916,0.245,0.1466,0.0745,0.309,0.0,0.0139,,0.5367,0.0977,0.111,578,140,0.147,499,179,0.218,0.5626,0.1311,0.142,612,110,0.109,70100,12901,0.112,0.4256,0.165,0.236,0.173,0.1118,0.393,0.1784,0.0896,0.305,0.6151,0.1128,0.111,0.0886,0.0498,0.341,0.0,0.0122,,0.0,0.0122,,0.1762,0.0941,0.325,0.2145,0.0921,0.261
42003513000,Tract 5130,0.0,1983,289,0.089,1065,191,0.109,43.5,13.4,0.187,0.0812,0.0604,0.452,0.2073,0.0788,0.231,0.2446,0.0997,0.248,0.6884,0.1403,0.124,0.0,0.0061,,0.0,0.0061,,28125,18400,0.398,30012,4981,0.101,0.3278,0.1272,0.236,0.17,0.0932,0.333,0.691,0.0746,0.066,0.1567,0.0843,0.327,1431,164,0.07,0.2558,0.0778,0.185,1938,,,0.6897,0.054,0.048,0.086,0.0472,0.334,0.0056,0.0157,1.706,0.1153,0.0808,0.426,0.5174,0.1611,0.189,551,198,0.218,514,128,0.151,0.4589,0.1134,0.15,1118,538,0.293,48600,26257,0.328,0.5445,0.1374,0.153,0.3793,0.1628,0.261,0.2432,0.1747,0.437,0.5105,0.2181,0.26,0.2153,0.1603,0.453,0.0,0.0126,,0.0,0.0126,,0.1555,0.105,0.411,0.5671,0.1679,0.18
42003513800,Tract 5138,0.0,2039,661,0.197,710,146,0.125,31.5,10.9,0.21,0.3031,0.0545,0.109,0.1393,0.0634,0.277,0.0765,0.0383,0.304,0.7224,0.2156,0.181,0.0,0.0059,,0.0201,0.0297,0.898,37813,16598,0.267,15500,4555,0.179,0.2746,0.1203,0.266,0.3362,0.2331,0.422,0.6267,0.1704,0.165,0.0652,0.037,0.345,1017,127,0.076,0.3019,0.0855,0.172,1938,,,0.5624,0.1275,0.138,0.1711,0.0608,0.216,0.0737,0.0516,0.426,0.0442,0.0259,0.356,0.6507,0.176,0.164,462,157,0.207,248,66,0.162,0.5862,0.2765,0.287,689,242,0.214,50000,32274,0.392,0.632,0.2219,0.213,0.3074,0.1037,0.205,0.0605,0.1305,1.312,0.7054,0.1779,0.153,0.2201,0.0953,0.263,0.0191,0.0236,0.752,0.0,0.0208,,0.0087,0.0171,1.202,0.2873,0.0771,0.163
42003514000,Tract 5140,0.0,1793,250,0.085,770,128,0.101,35.4,14.5,0.249,0.28,0.1036,0.225,0.169,0.0639,0.23,0.2281,0.111,0.296,0.5867,0.1421,0.147,0.0,0.0067,,0.1299,0.0708,0.331,48145,16598,0.21,27047,6027,0.135,0.2487,0.1482,0.362,0.1041,0.07,0.408,0.6697,0.081,0.073,0.1721,0.1,0.353,923,132,0.087,0.1658,0.0629,0.23,1949,5,0.002,0.4085,0.0989,0.147,0.104,0.0653,0.381,0.2308,0.1442,0.38,0.039,0.0428,0.667,0.5922,0.1419,0.146,456,133,0.177,314,92,0.178,0.5759,0.157,0.166,599,244,0.248,95000,42022,0.269,0.1952,0.0971,0.302,0.1404,0.0849,0.368,0.0414,0.1041,1.528,0.4161,0.2133,0.312,0.2683,0.0944,0.214,0.0213,0.0326,0.933,0.0,0.0142,,0.0804,0.0554,0.419,0.4286,0.1748,0.248
42003515100,Tract 5151,0.0,2819,384,0.083,1472,261,0.108,36.1,4.1,0.069,0.1972,0.062,0.191,0.1795,0.0798,0.27,0.436,0.076,0.106,0.4221,0.1297,0.187,0.0724,0.0835,0.701,0.0475,0.0628,0.803,63211,7556,0.073,50803,18558,0.222,0.1721,0.0955,0.337,0.0669,0.0549,0.499,0.7563,0.082,0.066,0.3495,0.1305,0.227,1625,254,0.095,0.0942,0.0508,0.328,1957,6,0.002,0.488,0.0734,0.091,0.1735,0.0645,0.226,0.2074,0.1357,0.398,0.0,0.0104,,0.4973,0.1156,0.141,732,214,0.178,740,183,0.15,0.5493,0.0967,0.107,1113,134,0.073,130300,7924,0.037,0.459,0.2448,0.324,0.1967,0.0848,0.262,0.0986,0.0673,0.415,0.3602,0.0739,0.125,0.1228,0.061,0.302,0.0307,0.0357,0.706,0.0,0.0082,,0.3022,0.1032,0.208,0.3118,0.1511,0.294
42003515200,Tract 5152,0.0,1962,305,0.095,986,144,0.089,40.9,9.7,0.144,0.1269,0.0671,0.321,0.2207,0.0618,0.17,0.607,0.0762,0.076,0.2115,0.0467,0.134,0.0046,0.0081,1.077,0.0168,0.0223,0.805,60455,10656,0.107,43527,6861,0.096,0.129,0.0699,0.329,0.123,0.148,0.732,0.6638,0.09,0.082,0.3952,0.0811,0.125,1085,136,0.076,0.0912,0.0775,0.516,1951,9,0.003,0.4793,0.1015,0.129,0.0931,0.0681,0.445,0.2323,0.0947,0.248,0.1115,0.0739,0.403,0.3722,0.0997,0.163,367,112,0.186,619,140,0.137,0.3741,0.1225,0.199,1142,46,0.024,151400,34536,0.139,0.3515,0.1874,0.324,0.0436,0.0668,0.932,0.3069,0.1539,0.305,0.5874,0.1272,0.132,0.1061,0.0567,0.325,0.0629,0.0581,0.562,0.002,0.0088,2.732,0.1611,0.0586,0.221,0.0122,0.0236,1.178
42003515300,Tract 5153,0.0,1507,237,0.096,963,189,0.119,47.3,3.9,0.05,0.0975,0.0497,0.309,0.2515,0.1199,0.29,0.5309,0.1082,0.124,0.363,0.1011,0.169,0.0299,0.0442,0.9,0.0126,0.0205,0.987,38781,11095,0.174,32511,5866,0.11,0.3159,0.1322,0.254,0.0648,0.0269,0.252,0.6648,0.1249,0.114,0.3027,0.0609,0.122,1128,201,0.108,0.1463,0.0782,0.325,1938,,,0.3156,0.0731,0.141,0.2039,0.0647,0.193,0.0346,0.0246,0.433,0.0922,0.0462,0.305,0.6906,0.1434,0.126,665,190,0.174,298,73,0.149,0.6519,0.1097,0.102,1192,216,0.11,182100,22675,0.076,0.6556,0.2499,0.232,0.3429,0.2539,0.45,0.1376,0.1253,0.553,0.4156,0.1497,0.219,0.0934,0.0422,0.274,0.0659,0.0622,0.574,0.0012,0.0024,1.205,0.3868,0.2183,0.343,0.2243,0.0618,0.168
42003515401,Tract 5154.01,0.0,2130,337,0.096,931,102,0.067,36.6,4.1,0.068,0.2028,0.0739,0.222,0.1099,0.0357,0.197,0.7263,0.1148,0.096,0.123,0.0967,0.478,0.015,0.0144,0.581,0.0972,0.0716,0.448,71382,15813,0.135,43268,9164,0.129,0.1033,0.0559,0.329,0.0705,0.0553,0.477,0.7929,0.0431,0.033,0.6158,0.1007,0.099,1053,79,0.046,0.1159,0.0783,0.411,1938,,,0.5831,0.1073,0.112,0.2298,0.0724,0.192,0.0446,0.0478,0.651,0.0,0.0161,,0.4952,0.0939,0.115,461,101,0.133,470,97,0.125,0.3812,0.0592,0.094,1123,97,0.053,244300,31399,0.078,0.3688,0.197,0.325,0.2148,0.1693,0.479,0.1894,0.132,0.424,0.5823,0.1259,0.131,0.0349,0.0322,0.56,0.111,0.0742,0.406,0.0078,0.0116,0.907,0.2042,0.067,0.199,0.0806,0.0843,0.636
42003516100,Tract 5161,0.0,1410,172,0.074,697,95,0.083,36.0,5.2,0.088,0.1433,0.0346,0.147,0.1674,0.0345,0.125,0.9078,0.0621,0.042,0.0319,0.0317,0.603,0.0,0.0085,,0.0369,0.0309,0.509,103523,27464,0.161,66633,9186,0.084,0.0688,0.0427,0.378,0.0521,0.0325,0.379,0.7895,0.0854,0.066,0.8054,0.1685,0.127,754,94,0.076,0.0756,0.0603,0.485,1938,,,0.622,0.0231,0.023,0.1963,0.1532,0.475,0.1008,0.0384,0.232,0.0,0.0225,,0.3859,0.1564,0.246,269,115,0.26,428,66,0.094,0.3191,0.1482,0.282,1260,153,0.074,350000,29984,0.052,0.1784,0.085,0.29,0.0743,0.0503,0.411,0.1332,0.0863,0.394,0.5618,0.0321,0.035,0.0287,0.0191,0.404,0.0309,0.0269,0.53,0.0,0.0132,,0.3598,0.1012,0.171,0.0373,0.0266,0.433
42003516200,Tract 5162,0.0,1667,173,0.063,807,78,0.059,38.2,3.4,0.054,0.1896,0.0576,0.185,0.1416,0.0345,0.148,0.7594,0.0913,0.073,0.1146,0.0661,0.351,0.054,0.038,0.428,0.0162,0.0143,0.537,103036,33953,0.2,62461,9270,0.09,0.0402,0.0292,0.441,0.0376,0.0214,0.346,0.8355,0.0548,0.04,0.7029,0.0794,0.069,864,81,0.057,0.066,0.0587,0.541,1938,,,0.6505,0.0816,0.076,0.0868,0.0482,0.337,0.2049,0.0692,0.205,0.0255,0.0263,0.628,0.3668,0.0832,0.138,296,73,0.15,511,73,0.087,0.2693,0.0728,0.164,1044,111,0.065,313300,24771,0.048,0.4595,0.1545,0.204,0.152,0.105,0.42,0.2016,0.0998,0.301,0.518,0.0689,0.081,0.1405,0.0512,0.222,0.0,0.0108,,0.0063,0.009,0.865,0.3027,0.0576,0.116,0.0694,0.0388,0.34
42003517000,Tract 5170,0.0,1629,306,0.114,923,107,0.07,43.8,14.4,0.2,0.1639,0.0773,0.287,0.2437,0.0418,0.104,0.5887,0.0964,0.1,0.3272,0.1453,0.27,0.0153,0.0281,1.113,0.0061,0.0079,0.782,39981,10405,0.158,31633,4965,0.095,0.1418,0.0521,0.223,0.0125,0.0186,0.9,0.566,0.1158,0.124,0.2336,0.0598,0.156,999,92,0.056,0.0761,0.0465,0.372,1959,4,0.001,0.5846,0.0903,0.094,0.1471,0.0724,0.299,0.035,0.0277,0.481,0.2012,0.0551,0.166,0.4789,0.0854,0.108,442,94,0.129,481,79,0.1,0.4386,0.1244,0.172,477,337,0.429,129800,18226,0.085,0.3122,0.1432,0.279,0.138,0.1186,0.522,0.2599,0.1152,0.269,0.7234,0.0628,0.053,0.0318,0.035,0.669,0.0069,0.0095,0.837,0.0,0.0166,,0.2241,0.1181,0.32,0.2676,0.082,0.186
42003518001,Tract 5180.01,0.0,3146,344,0.066,1571,192,0.074,52.9,5.0,0.057,0.1173,0.0299,0.155,0.3169,0.0611,0.117,0.8735,0.0492,0.034,0.0435,0.0289,0.403,0.0105,0.0159,0.919,0.0312,0.0181,0.354,93819,15570,0.101,59103,7020,0.072,0.0373,0.0225,0.367,0.0429,0.0269,0.381,0.6526,0.0713,0.066,0.5942,0.0374,0.038,1677,181,0.066,0.0632,0.0484,0.466,1952,5,0.002,0.8557,0.1265,0.09,0.0,0.0101,,0.0,0.0101,,0.1395,0.1008,0.439,0.1343,0.1044,0.472,211,166,0.478,1360,149,0.067,0.0887,0.0586,0.402,730,160,0.133,242000,20634,0.052,0.5829,0.5693,0.594,0.0616,0.0815,0.804,0.1544,0.0609,0.24,0.5515,0.0584,0.064,0.0707,0.047,0.404,0.0,0.0069,,0.0,0.0069,,0.2772,0.0501,0.11,0.0586,0.0381,0.395
42003519000,Tract 5190,0.0,3087,16,0.003,1357,148,0.066,46.4,15.0,0.197,0.2057,0.0692,0.204,0.2834,0.0541,0.116,0.7217,0.0754,0.063,0.126,0.0321,0.155,0.0298,0.0282,0.575,0.0528,0.035,0.403,106964,15200,0.086,62479,10076,0.098,0.0188,0.0132,0.428,0.0155,0.0143,0.559,0.67,0.0797,0.072,0.6109,0.1016,0.101,1376,149,0.066,0.0138,0.0159,0.701,1959,4,0.001,0.9746,0.035,0.022,0.0073,0.0139,1.166,0.0058,0.0128,1.343,0.0058,0.0134,1.4,0.0133,0.0154,0.706,18,21,0.709,1339,150,0.068,0.0172,0.0214,0.757,,,,234800,13845,0.036,0.0,1.3333,,0.0,0.6667,,0.1643,0.0722,0.267,0.5009,0.1326,0.161,0.0185,0.0178,0.586,0.0,0.0074,,0.0,0.0074,,0.4597,0.1052,0.139,0.0111,0.0159,0.874
42003520001,Tract 5200.01,0.0,2948,221,0.046,1563,160,0.062,53.7,6.9,0.078,0.1248,0.0373,0.181,0.3426,0.0737,0.131,0.709,0.0514,0.044,0.2256,0.0583,0.157,0.002,0.0034,1.012,0.0051,0.0085,1.012,65890,9121,0.084,50344,8335,0.101,0.113,0.0536,0.289,0.0754,0.0393,0.317,0.492,0.0489,0.06,0.4828,0.0826,0.104,1599,160,0.061,0.0225,0.0293,0.791,1962,4,0.001,0.6673,0.0547,0.05,0.0,0.0106,,0.0,0.0106,,0.3033,0.104,0.208,0.3589,0.1071,0.181,561,177,0.192,1002,114,0.069,0.2544,0.0704,0.168,1187,60,0.031,188400,14715,0.047,0.5971,0.2398,0.244,0.3779,0.2413,0.388,0.1707,0.0782,0.278,0.619,0.0914,0.09,0.0311,0.0232,0.453,0.0,0.0101,,0.0,0.0101,,0.3078,0.0837,0.165,0.0742,0.0631,0.517
42003520002,Tract 5200.02,0.0,3264,223,0.042,1586,137,0.053,36.9,7.0,0.115,0.212,0.0661,0.19,0.2328,0.0505,0.132,0.6213,0.0717,0.07,0.2966,0.1153,0.236,0.0025,0.0037,0.911,0.0211,0.0146,0.421,64630,20713,0.195,38248,4712,0.075,0.1011,0.0633,0.38,0.0355,0.031,0.531,0.7029,0.0521,0.045,0.3954,0.0785,0.121,1658,139,0.051,0.0434,0.0396,0.555,1960,6,0.002,0.6846,0.0489,0.043,0.0265,0.0234,0.536,0.1176,0.0613,0.317,0.1653,0.0862,0.317,0.389,0.0924,0.144,617,156,0.154,969,102,0.064,0.2763,0.0707,0.156,975,89,0.055,165700,10337,0.038,0.4019,0.1207,0.183,0.1232,0.0713,0.352,0.1207,0.0628,0.316,0.6033,0.11,0.111,0.0175,0.0175,0.605,0.0062,0.0102,0.993,0.0,0.0068,,0.2716,0.1003,0.225,0.0492,0.0319,0.395
42003521100,Tract 5211,0.0,4443,451,0.062,1833,176,0.058,43.7,2.1,0.029,0.1663,0.0364,0.133,0.2462,0.0347,0.086,0.6446,0.0482,0.045,0.2134,0.0478,0.136,0.0272,0.0246,0.549,0.0403,0.0322,0.485,85114,11228,0.08,42527,4667,0.067,0.1067,0.0524,0.299,0.0251,0.0186,0.45,0.683,0.0404,0.036,0.3805,0.0572,0.091,2038,155,0.046,0.1006,0.0604,0.365,1960,2,0.001,0.9789,0.0216,0.013,0.0,0.0083,,0.0,0.0083,,0.0211,0.0121,0.348,0.0998,0.0392,0.239,183,74,0.246,1650,184,0.068,0.1242,0.051,0.25,1536,636,0.252,192800,13305,0.042,0.5902,0.2585,0.266,0.4372,0.2631,0.366,0.1552,0.0557,0.218,0.7447,0.0633,0.052,0.0282,0.0222,0.478,0.0033,0.005,0.91,0.0,0.005,,0.1698,0.0513,0.184,0.0202,0.0175,0.528
42003521200,Tract 5212,0.0,5051,849,0.102,2301,313,0.083,40.2,5.5,0.083,0.2273,0.0715,0.191,0.198,0.042,0.129,0.5759,0.0625,0.066,0.1885,0.1522,0.491,0.02,0.0215,0.654,0.1309,0.1143,0.531,72295,9501,0.08,39541,9559,0.147,0.174,0.1692,0.591,0.0,0.0074,,0.5677,0.1088,0.117,0.4431,0.1252,0.172,2492,303,0.074,0.0766,0.0647,0.513,1975,3,0.001,0.3351,0.047,0.085,0.0169,0.0288,1.04,0.0678,0.041,0.367,0.4021,0.0635,0.096,0.5198,0.0719,0.084,1196,232,0.118,1105,274,0.151,0.5313,0.1523,0.174,1333,165,0.075,177300,13107,0.045,0.3662,0.1545,0.257,0.2115,0.1273,0.366,0.0733,0.0664,0.55,0.636,0.2039,0.195,0.0066,0.0121,1.126,0.0,0.0074,,0.0,0.0074,,0.2839,0.1704,0.365,0.1026,0.0761,0.451
42003521301,Tract 5213.01,0.0,3926,626,0.097,2048,256,0.076,44.5,5.1,0.07,0.1564,0.0662,0.257,0.2295,0.0368,0.097,0.7644,0.1102,0.088,0.1337,0.067,0.305,0.0382,0.0503,0.801,0.0237,0.0242,0.62,65690,20579,0.19,48917,8962,0.111,0.1502,0.1113,0.45,0.0602,0.0632,0.639,0.6114,0.0495,0.049,0.4651,0.0903,0.118,2195,244,0.068,0.067,0.0519,0.471,1968,4,0.001,0.4387,0.0963,0.133,0.0,0.0077,,0.1854,0.0967,0.317,0.2866,0.0742,0.157,0.4644,0.0785,0.103,951,200,0.128,1097,226,0.125,0.3259,0.0609,0.114,1037,87,0.051,221000,14022,0.039,0.4732,0.1933,0.248,0.1083,0.07,0.393,0.2534,0.1516,0.364,0.6382,0.1215,0.116,0.0162,0.0263,0.987,0.034,0.0307,0.549,0.0,0.0065,,0.2408,0.1011,0.255,0.125,0.0628,0.305
42003521302,Tract 5213.02,0.0,3654,720,0.12,1781,271,0.092,43.6,3.5,0.049,0.1538,0.0769,0.304,0.2343,0.0422,0.109,0.6615,0.1336,0.123,0.1735,0.0761,0.267,0.0665,0.0677,0.619,0.0665,0.0727,0.665,58860,18772,0.194,38632,9639,0.152,0.135,0.0908,0.409,0.0874,0.0708,0.492,0.6079,0.0835,0.083,0.4053,0.0808,0.121,2321,239,0.063,0.2327,0.1032,0.27,1969,5,0.002,0.533,0.0917,0.105,0.0422,0.0273,0.393,0.2171,0.0854,0.239,0.1736,0.065,0.228,0.5738,0.0688,0.073,1022,198,0.118,759,233,0.187,0.4805,0.0894,0.113,1113,36,0.02,202200,56107,0.169,0.5431,0.1968,0.22,0.2877,0.1567,0.331,0.1673,0.1266,0.46,0.748,0.0211,0.017,0.018,0.0304,1.029,0.0,0.007,,0.0,0.007,,0.1147,0.078,0.413,0.0786,0.0706,0.546
42003521401,Tract 5214.01,0.0,3000,450,0.091,1258,146,0.071,50.1,1.7,0.021,0.1373,0.042,0.186,0.2533,0.0258,0.062,0.7577,0.1365,0.11,0.02,0.0116,0.353,0.1607,0.1457,0.551,0.0333,0.0214,0.391,101618,30807,0.184,52909,6846,0.079,0.0409,0.0195,0.29,0.0716,0.0386,0.328,0.602,0.0379,0.038,0.4564,0.0825,0.11,1312,138,0.064,0.0412,0.0425,0.627,1963,8,0.002,0.6707,0.0989,0.09,0.0,0.0129,,0.1029,0.0409,0.241,0.0633,0.0421,0.405,0.2321,0.0611,0.16,292,84,0.175,966,145,0.091,0.1583,0.0474,0.182,1232,84,0.041,202000,25597,0.077,0.387,0.1674,0.263,0.1781,0.1084,0.37,0.2805,0.1443,0.313,0.553,0.141,0.155,0.0,0.0082,,0.0055,0.0116,1.287,0.0,0.0082,,0.3388,0.1609,0.289,0.066,0.0505,0.465
42003521402,Tract 5214.02,0.0,4046,620,0.093,1520,169,0.068,42.8,3.5,0.05,0.2499,0.0531,0.129,0.2086,0.0147,0.043,0.6876,0.074,0.065,0.2341,0.0801,0.208,0.0269,0.0148,0.333,0.0,0.003,,115526,8058,0.042,55360,8346,0.092,0.0462,0.0315,0.415,0.0436,0.0218,0.304,0.6609,0.0637,0.059,0.6418,0.0853,0.081,1547,168,0.066,0.0175,0.0245,0.853,1971,2,0.001,0.9729,0.0325,0.02,0.0,0.011,,0.0,0.011,,0.0,0.011,,0.0349,0.026,0.454,53,40,0.459,1467,164,0.068,0.0274,0.0196,0.434,1386,836,0.367,279200,16652,0.036,0.3962,0.481,0.738,0.2075,0.2799,0.82,0.2127,0.1088,0.311,0.569,0.1321,0.141,0.0262,0.021,0.488,0.0,0.0063,,0.0,0.0063,,0.2877,0.1002,0.212,0.0026,0.0091,2.11
42003521500,Tract 5215,0.0,4188,487,0.071,1906,191,0.061,47.3,6.3,0.081,0.1734,0.0447,0.157,0.266,0.0369,0.084,0.7992,0.0633,0.048,0.0657,0.0505,0.468,0.0666,0.0534,0.487,0.0141,0.0125,0.541,79857,5303,0.04,49502,7672,0.094,0.0654,0.0526,0.489,0.0642,0.0393,0.372,0.6216,0.0657,0.064,0.472,0.0659,0.085,2010,206,0.062,0.0517,0.05,0.587,1965,3,0.001,0.795,0.0334,0.026,0.0139,0.0142,0.619,0.0,0.0084,,0.0562,0.0254,0.275,0.1333,0.0497,0.226,254,98,0.235,1652,195,0.072,0.1264,0.0553,0.266,1539,907,0.358,207500,17206,0.05,0.4055,0.167,0.25,0.3346,0.1639,0.298,0.1501,0.0571,0.231,0.6393,0.0951,0.09,0.0141,0.0169,0.731,0.0,0.006,,0.0,0.006,,0.3229,0.0806,0.152,0.0467,0.0225,0.293
42003522000,Tract 5220,0.0,3032,17,0.003,1412,149,0.064,41.2,4.6,0.068,0.2084,0.0554,0.162,0.1761,0.0575,0.198,0.5983,0.0811,0.082,0.3097,0.0732,0.144,0.0,0.004,,0.0402,0.0561,0.847,36419,7006,0.117,24790,3847,0.094,0.1539,0.0656,0.259,0.1136,0.0627,0.335,0.5724,0.0754,0.08,0.1705,0.0522,0.186,1734,182,0.064,0.1857,0.0884,0.289,1957,18,0.006,0.4533,0.0579,0.078,0.1655,0.0876,0.322,0.1413,0.077,0.331,0.1303,0.0863,0.402,0.6084,0.1142,0.114,859,185,0.131,553,104,0.114,0.5389,0.0963,0.109,772,98,0.077,59300,24629,0.252,0.4761,0.1932,0.247,0.2282,0.1419,0.378,0.2405,0.1382,0.349,0.577,0.156,0.164,0.0588,0.0648,0.67,0.0,0.0099,,0.0,0.0099,,0.1399,0.0809,0.351,0.1268,0.0722,0.346
42003523100,Tract 5231,0.0,3668,776,0.129,1481,207,0.085,41.5,9.7,0.142,0.19,0.0754,0.241,0.2282,0.0658,0.175,0.1355,0.0477,0.214,0.7814,0.1452,0.113,0.0087,0.0082,0.575,0.0131,0.0337,1.565,58118,11326,0.118,28645,4744,0.101,0.0764,0.043,0.342,0.0693,0.0404,0.354,0.5365,0.0657,0.074,0.2143,0.0617,0.175,1765,196,0.068,0.1609,0.0556,0.21,1955,2,0.001,0.9615,0.0362,0.023,0.0068,0.0122,1.094,0.0,0.0096,,0.0,0.0096,,0.1918,0.0779,0.247,284,122,0.261,1197,188,0.095,0.2276,0.1031,0.275,1311,126,0.058,109600,16908,0.094,0.6831,0.346,0.308,0.3627,0.3079,0.516,0.3308,0.1234,0.227,0.6322,0.045,0.043,0.1141,0.1297,0.691,0.0,0.0076,,0.0,0.0076,,0.1135,0.0699,0.374,0.0716,0.0488,0.414
42003523200,Tract 5232,0.0,3915,488,0.076,1834,235,0.078,42.2,3.0,0.043,0.1969,0.0589,0.182,0.2204,0.057,0.157,0.3716,0.0692,0.113,0.5346,0.0684,0.078,0.0015,0.0046,1.822,0.0064,0.0081,0.774,53103,21450,0.246,34784,5478,0.096,0.2853,0.1142,0.243,0.0695,0.0546,0.477,0.68,0.0577,0.052,0.2867,0.066,0.14,2029,224,0.067,0.0961,0.0471,0.298,1952,3,0.001,0.9019,0.0454,0.031,0.0365,0.0348,0.58,0.0232,0.0267,0.7,0.0,0.0084,,0.193,0.0653,0.206,354,128,0.22,1480,229,0.094,0.2221,0.0774,0.212,1405,278,0.12,122400,15246,0.076,0.726,0.2003,0.168,0.6215,0.2146,0.21,0.2527,0.1114,0.268,0.6222,0.0529,0.052,0.086,0.0689,0.487,0.01,0.0169,1.028,0.0,0.006,,0.1194,0.0498,0.254,0.0971,0.0515,0.323
42003523300,Tract 5233,0.0,3998,625,0.095,1693,238,0.085,47.7,3.0,0.038,0.1703,0.0553,0.197,0.1798,0.0281,0.095,0.499,0.1196,0.146,0.409,0.069,0.103,0.0,0.003,,0.024,0.0207,0.523,92261,18949,0.125,41573,5005,0.073,0.024,0.0154,0.389,0.0912,0.0467,0.311,0.763,0.1741,0.139,0.3941,0.1266,0.195,1917,254,0.081,0.1168,0.0724,0.377,1956,2,0.001,0.9051,0.0815,0.055,0.0136,0.0212,0.951,0.0063,0.014,1.357,0.0396,0.0284,0.435,0.1477,0.0496,0.204,250,91,0.221,1443,240,0.101,0.1655,0.073,0.268,1200,140,0.071,148000,23397,0.096,0.56,0.2682,0.291,0.088,0.1363,0.941,0.1435,0.0469,0.199,0.5775,0.1412,0.149,0.0309,0.0215,0.423,0.0261,0.0181,0.422,0.007,0.0108,0.944,0.2189,0.0432,0.12,0.0508,0.0365,0.437
42003523400,Tract 5234,0.0,5055,941,0.113,2358,375,0.097,37.9,7.8,0.125,0.2022,0.0785,0.236,0.2473,0.0429,0.105,0.6313,0.1322,0.127,0.2855,0.0269,0.057,0.0,0.0034,,0.0,0.0034,,61214,22940,0.228,33542,5562,0.101,0.1901,0.0748,0.239,0.097,0.0578,0.362,0.6568,0.0801,0.074,0.2953,0.0607,0.125,2515,351,0.085,0.0624,0.0445,0.433,1955,1,0.0,0.7085,0.1078,0.093,0.0083,0.0161,1.176,0.0306,0.0354,0.702,0.1292,0.0584,0.275,0.43,0.1672,0.236,1014,426,0.255,1344,203,0.092,0.3974,0.1956,0.299,1049,259,0.15,123200,27843,0.137,0.4813,0.2964,0.374,0.1075,0.103,0.582,0.3356,0.1372,0.249,0.7603,0.1191,0.095,0.0249,0.0211,0.516,0.0295,0.0295,0.609,0.0,0.0072,,0.1483,0.0538,0.221,0.1582,0.0752,0.289
42003523501,Tract 5235.01,0.0,3967,564,0.086,1677,198,0.072,46.2,5.4,0.071,0.2027,0.063,0.189,0.2221,0.0271,0.074,0.4185,0.0824,0.12,0.4265,0.0929,0.132,0.0116,0.0115,0.602,0.093,0.1081,0.706,70206,13601,0.118,38031,5810,0.093,0.0973,0.0546,0.341,0.0919,0.0636,0.42,0.6753,0.0814,0.073,0.3258,0.071,0.133,2036,149,0.044,0.1763,0.059,0.203,1964,2,0.001,0.8811,0.0466,0.032,0.0413,0.0371,0.546,0.0373,0.0303,0.493,0.0,0.0083,,0.2141,0.0846,0.24,359,148,0.251,1318,177,0.082,0.1581,0.0676,0.26,1179,125,0.064,144300,16937,0.071,0.4457,0.1824,0.249,0.2061,0.1374,0.405,0.2458,0.0865,0.214,0.7619,0.0581,0.046,0.0807,0.0734,0.553,0.002,0.005,1.516,0.0,0.0061,,0.114,0.0558,0.297,0.0572,0.047,0.499
42003523502,Tract 5235.02,0.0,1238,219,0.108,688,155,0.137,56.8,6.2,0.066,0.0977,0.0562,0.349,0.3498,0.112,0.195,0.6268,0.0739,0.072,0.29,0.0504,0.106,0.0,0.0097,,0.0113,0.0201,1.08,82188,24710,0.183,49313,7476,0.092,0.0242,0.016,0.402,0.0477,0.0556,0.709,0.6065,0.0543,0.054,0.3238,0.1301,0.244,775,156,0.122,0.1123,0.0604,0.327,1955,3,0.001,0.8568,0.1038,0.074,0.0697,0.0549,0.479,0.0387,0.0431,0.677,0.0,0.0219,,0.1366,0.0577,0.257,94,45,0.291,594,150,0.154,0.1353,0.074,0.332,914,288,0.192,151500,28239,0.113,0.5106,0.4154,0.495,0.2447,0.2506,0.623,0.1936,0.1039,0.326,0.5812,0.1365,0.143,0.0182,0.0226,0.754,0.0288,0.0468,0.987,0.0,0.0182,,0.214,0.076,0.216,0.1483,0.0833,0.342
42003523600,Tract 5236,0.0,4860,695,0.087,2121,261,0.075,43.3,13.3,0.187,0.193,0.0567,0.179,0.2572,0.0687,0.162,0.5856,0.0686,0.071,0.2811,0.0772,0.167,0.0136,0.0143,0.639,0.0,0.0025,,65516,24012,0.223,53172,26143,0.299,0.1169,0.08,0.416,0.0487,0.0504,0.629,0.709,0.0854,0.073,0.2571,0.0733,0.173,2283,252,0.067,0.071,0.0586,0.502,1961,3,0.001,0.8292,0.0287,0.021,0.0118,0.0195,1.003,0.0442,0.0469,0.645,0.1073,0.099,0.561,0.2065,0.1185,0.349,438,257,0.357,1683,217,0.078,0.1909,0.1001,0.319,1099,472,0.261,124800,43946,0.214,0.4384,0.3798,0.527,0.3196,0.3937,0.749,0.243,0.087,0.218,0.7546,0.1076,0.087,0.0082,0.0126,0.93,0.0101,0.0144,0.868,0.0,0.0045,,0.1171,0.0601,0.312,0.0151,0.0182,0.735
42003523701,Tract 5237.01,0.0,3716,438,0.072,1669,178,0.065,43.5,6.6,0.092,0.1714,0.0466,0.165,0.268,0.0344,0.078,0.7774,0.0638,0.05,0.1058,0.0468,0.269,0.01,0.0096,0.587,0.0191,0.0133,0.422,70614,8415,0.072,39581,4452,0.068,0.1499,0.0669,0.271,0.087,0.0498,0.348,0.6275,0.0766,0.074,0.3293,0.0662,0.122,1790,167,0.057,0.0676,0.0448,0.403,1962,4,0.001,0.8816,0.0452,0.031,0.0117,0.0165,0.853,0.0123,0.0191,0.943,0.0145,0.0249,1.042,0.2181,0.0636,0.177,364,113,0.189,1305,181,0.084,0.2255,0.0819,0.221,1254,293,0.142,142400,18298,0.078,0.3022,0.2006,0.404,0.1429,0.1329,0.566,0.1525,0.0655,0.261,0.7149,0.1676,0.143,0.0034,0.0057,1.007,0.0,0.0068,,0.0,0.0068,,0.1477,0.0651,0.268,0.0551,0.0429,0.473
42003523702,Tract 5237.02,0.0,5368,763,0.086,2404,347,0.088,44.4,10.1,0.138,0.1814,0.0656,0.22,0.2099,0.0516,0.149,0.5917,0.1178,0.121,0.3513,0.1124,0.194,0.0,0.0032,,0.0086,0.0085,0.602,56371,18566,0.2,31386,4306,0.083,0.1228,0.0512,0.253,0.0313,0.0304,0.59,0.6164,0.0489,0.048,0.2905,0.0776,0.162,2714,322,0.072,0.1142,0.0702,0.374,1965,3,0.001,0.6739,0.095,0.086,0.073,0.0465,0.387,0.112,0.0802,0.435,0.1168,0.0535,0.279,0.4122,0.0817,0.12,991,243,0.149,1413,337,0.145,0.3651,0.0862,0.143,930,99,0.065,151900,34899,0.14,0.3915,0.1581,0.245,0.1998,0.1107,0.337,0.2456,0.1261,0.312,0.7144,0.085,0.072,0.0307,0.029,0.574,0.0,0.0065,,0.0,0.0065,,0.1179,0.0664,0.342,0.1797,0.0841,0.285
42003523800,Tract 5238,0.0,4457,651,0.089,2039,228,0.068,52.5,7.8,0.09,0.1903,0.0594,0.19,0.3229,0.0491,0.092,0.7054,0.0471,0.041,0.1299,0.1217,0.57,0.007,0.006,0.522,0.1066,0.0717,0.409,72188,12516,0.105,39523,5770,0.089,0.1542,0.1161,0.458,0.0065,0.0103,0.967,0.6264,0.083,0.081,0.3174,0.0689,0.132,2437,203,0.051,0.1633,0.0797,0.297,1956,2,0.001,0.8076,0.0702,0.053,0.0213,0.0315,0.898,0.0217,0.0368,1.029,0.128,0.058,0.275,0.1991,0.0844,0.258,406,178,0.267,1633,209,0.078,0.1462,0.0708,0.294,1803,1129,0.381,135900,13724,0.061,0.4631,0.2721,0.357,0.3645,0.2831,0.472,0.2235,0.1105,0.3,0.7788,0.0911,0.071,0.008,0.0119,0.905,0.0116,0.019,0.999,0.0,0.0053,,0.0854,0.0399,0.284,0.1447,0.0798,0.335
42003524000,Tract 5240,0.0,2524,416,0.1,1127,157,0.085,42.1,6.6,0.095,0.1965,0.0472,0.146,0.2068,0.0356,0.105,0.813,0.1831,0.137,0.1284,0.0947,0.449,0.0063,0.0095,0.906,0.0309,0.0216,0.425,48733,17421,0.217,33168,6799,0.125,0.1384,0.0695,0.305,0.082,0.0486,0.36,0.6857,0.0505,0.045,0.2156,0.0445,0.125,1306,154,0.072,0.1371,0.0535,0.237,1938,,,0.5758,0.0759,0.08,0.1738,0.0538,0.188,0.0865,0.0687,0.483,0.0697,0.0482,0.421,0.5439,0.1029,0.115,613,144,0.143,514,110,0.13,0.4832,0.115,0.145,919,229,0.151,145200,16432,0.069,0.4551,0.1383,0.185,0.217,0.0985,0.276,0.1848,0.1135,0.373,0.5796,0.0651,0.068,0.0549,0.0646,0.715,0.082,0.0751,0.557,0.0119,0.0174,0.885,0.1529,0.0445,0.177,0.1801,0.0793,0.268
42003525100,Tract 5251,0.0,1930,225,0.071,941,118,0.076,42.9,3.1,0.044,0.213,0.0486,0.139,0.244,0.0574,0.143,0.9078,0.0592,0.04,0.015,0.018,0.73,0.0021,0.0031,0.909,0.0332,0.0261,0.479,87938,16779,0.116,55598,6500,0.071,0.0239,0.0143,0.363,0.0486,0.0367,0.46,0.6543,0.087,0.081,0.5437,0.0734,0.082,957,114,0.072,0.0167,0.0281,1.023,1957,3,0.001,0.6886,0.0921,0.081,0.0742,0.0327,0.268,0.0,0.0177,,0.0,0.0177,,0.2125,0.0591,0.169,200,61,0.185,741,115,0.094,0.1684,0.0524,0.189,1240,459,0.225,292600,36176,0.075,0.5,0.2332,0.283,0.275,0.2034,0.45,0.2146,0.1396,0.396,0.6573,0.1631,0.151,0.0,0.0125,,0.0052,0.0072,0.844,0.0094,0.0145,0.939,0.2625,0.0872,0.202,0.0553,0.0417,0.459
42003525200,Tract 5252,0.0,2548,240,0.057,1298,141,0.066,45.4,3.8,0.051,0.1919,0.0467,0.148,0.2771,0.0589,0.129,0.9517,0.0418,0.027,0.0102,0.0121,0.723,0.0027,0.0047,1.041,0.0181,0.0203,0.685,65714,8692,0.08,56008,8616,0.094,0.0886,0.0614,0.421,0.0448,0.0422,0.573,0.6655,0.0608,0.056,0.6128,0.0784,0.078,1452,153,0.064,0.1061,0.0714,0.409,1973,4,0.001,0.2775,0.0817,0.179,0.1439,0.07,0.296,0.2514,0.0882,0.213,0.1598,0.062,0.236,0.6371,0.0797,0.076,827,137,0.101,471,100,0.129,0.5453,0.0974,0.109,1211,117,0.059,387900,86727,0.136,0.4716,0.1388,0.179,0.1753,0.0782,0.271,0.1401,0.0926,0.402,0.6285,0.0727,0.07,0.0115,0.0184,0.97,0.0269,0.0321,0.725,0.0,0.0092,,0.2164,0.0783,0.22,0.0855,0.0483,0.343
42003525300,Tract 5253,0.0,2224,225,0.062,980,145,0.09,42.7,5.8,0.083,0.2055,0.0568,0.168,0.2073,0.034,0.1,0.9326,0.1297,0.085,0.0,0.0054,,0.0,0.0054,,0.0211,0.0206,0.592,121609,10857,0.054,80074,12728,0.097,0.0421,0.0204,0.295,0.0747,0.0715,0.581,0.6734,0.0735,0.066,0.5932,0.0897,0.092,1078,146,0.082,0.0909,0.0647,0.433,1955,16,0.005,0.6243,0.0308,0.03,0.2171,0.1334,0.374,0.0492,0.0295,0.364,0.0529,0.0354,0.407,0.4031,0.141,0.213,395,150,0.231,585,81,0.084,0.2869,0.0897,0.19,1116,217,0.118,404500,66884,0.101,0.1671,0.074,0.269,0.1215,0.0696,0.348,0.1538,0.0954,0.377,0.6814,0.132,0.118,0.0,0.0106,,0.0265,0.0342,0.785,0.0,0.0106,,0.263,0.0593,0.137,0.0347,0.0318,0.557
42003526101,Tract 5261.01,0.0,7622,832,0.066,3010,290,0.059,43.6,1.6,0.022,0.2536,0.0494,0.118,0.2057,0.0339,0.1,0.9425,0.0593,0.038,0.0129,0.0108,0.511,0.0157,0.0179,0.691,0.005,0.0084,1.022,109345,15386,0.086,50066,4270,0.052,0.0258,0.0191,0.451,0.0441,0.0452,0.623,0.6721,0.0804,0.073,0.5255,0.0687,0.079,3184,263,0.05,0.0546,0.0399,0.444,1992,3,0.001,0.7531,0.0749,0.06,0.0336,0.0272,0.492,0.0512,0.0466,0.553,0.0936,0.0356,0.231,0.2047,0.0655,0.195,616,206,0.203,2394,322,0.082,0.1236,0.0401,0.197,1029,516,0.305,296500,33317,0.068,0.5763,0.1411,0.149,0.1347,0.09,0.406,0.1337,0.0728,0.331,0.7329,0.1023,0.085,0.0044,0.0074,1.031,0.0,0.0044,,0.0,0.0044,,0.2132,0.0471,0.134,0.0485,0.034,0.426
42003526102,Tract 5261.02,0.0,2254,291,0.078,854,107,0.076,42.6,8.8,0.126,0.2227,0.0491,0.134,0.2156,0.0312,0.088,0.9397,0.0454,0.029,0.0209,0.0225,0.655,0.0,0.0053,,0.0151,0.0105,0.422,101029,20063,0.121,46855,4436,0.058,0.0439,0.0192,0.266,0.0306,0.0235,0.468,0.681,0.0654,0.058,0.3657,0.0498,0.083,987,84,0.052,0.1348,0.0669,0.302,1966,4,0.001,0.77,0.0705,0.056,0.0152,0.0154,0.615,0.0142,0.0236,1.011,0.0061,0.0165,1.649,0.1909,0.0784,0.25,163,70,0.261,691,90,0.079,0.1579,0.0722,0.278,1141,51,0.027,237500,19844,0.051,0.2822,0.145,0.312,0.1227,0.097,0.481,0.1809,0.0808,0.272,0.8193,0.0753,0.056,0.0158,0.0139,0.534,0.0123,0.0139,0.69,0.0,0.0105,,0.0982,0.0361,0.223,0.0211,0.0197,0.569
42003526201,Tract 5262.01,0.0,3445,484,0.085,1360,167,0.075,50.6,7.2,0.086,0.1991,0.0484,0.148,0.243,0.041,0.103,0.9547,0.0633,0.04,0.0023,0.0032,0.831,0.0,0.0035,,0.0113,0.0156,0.837,84286,13688,0.099,40940,4406,0.065,0.034,0.0209,0.374,0.0129,0.0104,0.491,0.6314,0.0534,0.051,0.3217,0.0567,0.107,1491,144,0.059,0.0879,0.0509,0.352,1966,4,0.001,0.8571,0.0813,0.058,0.063,0.0499,0.481,0.0,0.0114,,0.0087,0.0134,0.933,0.1051,0.0468,0.27,143,66,0.281,1217,169,0.084,0.0709,0.0346,0.297,1069,196,0.111,206200,16880,0.05,0.5664,0.3598,0.386,0.3497,0.318,0.553,0.1224,0.0629,0.312,0.6999,0.1168,0.101,0.0064,0.0105,0.989,0.0181,0.0255,0.857,0.0,0.007,,0.223,0.0525,0.143,0.0243,0.0236,0.591
42003526202,Tract 5262.02,0.0,4489,661,0.09,1812,175,0.059,43.3,4.2,0.059,0.2317,0.0632,0.166,0.1749,0.0326,0.113,0.8095,0.0826,0.062,0.08,0.054,0.41,0.0483,0.041,0.516,0.0165,0.015,0.551,101061,14615,0.088,59922,9676,0.098,0.0545,0.0358,0.4,0.0342,0.0323,0.573,0.7365,0.065,0.054,0.4949,0.1001,0.123,1916,165,0.052,0.0543,0.0446,0.5,1969,3,0.001,0.7834,0.0755,0.059,0.0428,0.0324,0.46,0.0532,0.0346,0.395,0.0188,0.0268,0.867,0.186,0.0539,0.176,337,103,0.186,1475,184,0.076,0.1338,0.0481,0.219,1031,112,0.066,246100,15694,0.039,0.184,0.1574,0.52,0.1246,0.1403,0.684,0.0841,0.0464,0.335,0.6782,0.1199,0.107,0.0064,0.01,0.946,0.0,0.0048,,0.0,0.0048,,0.2861,0.0782,0.166,0.0331,0.0302,0.554
42003526301,Tract 5263.01,0.0,3792,421,0.067,1605,187,0.071,55.8,4.6,0.05,0.139,0.0374,0.164,0.3534,0.0464,0.08,0.9349,0.0457,0.03,0.0082,0.0097,0.722,0.0,0.0032,,0.0156,0.0168,0.656,85733,13808,0.098,42142,3811,0.055,0.053,0.0287,0.33,0.0241,0.02,0.505,0.5424,0.0412,0.046,0.3593,0.0648,0.11,1661,188,0.069,0.0337,0.0359,0.648,1970,2,0.001,0.9452,0.031,0.02,0.0,0.0102,,0.0066,0.0125,1.148,0.0,0.0102,,0.0399,0.02,0.305,64,33,0.313,1541,187,0.074,0.0812,0.0447,0.335,,,,193000,8997,0.028,0.625,0.4728,0.46,0.0,0.1875,,0.1882,0.0655,0.211,0.6857,0.0608,0.054,0.0058,0.0086,0.908,0.0,0.0069,,0.0,0.0069,,0.2263,0.0812,0.218,0.0125,0.0155,0.758
42003526302,Tract 5263.02,0.0,5121,617,0.073,2244,235,0.064,40.0,3.5,0.053,0.1882,0.0502,0.162,0.2087,0.0448,0.13,0.8826,0.0923,0.064,0.0959,0.0727,0.461,0.0043,0.0064,0.909,0.0076,0.0132,1.057,100025,8818,0.054,47245,4229,0.054,0.0186,0.0149,0.489,0.0116,0.0134,0.698,0.7592,0.0619,0.05,0.5038,0.1029,0.124,2294,227,0.06,0.0218,0.0339,0.946,1968,2,0.001,0.6656,0.0807,0.074,0.0305,0.027,0.538,0.1072,0.0433,0.246,0.0,0.0105,,0.3458,0.053,0.093,776,144,0.113,1468,228,0.094,0.2686,0.0441,0.1,1285,152,0.072,219300,9963,0.028,0.2513,0.1609,0.389,0.0451,0.0509,0.686,0.1144,0.0776,0.412,0.5935,0.1264,0.13,0.0526,0.0465,0.537,0.0048,0.0236,2.957,0.0,0.0055,,0.2922,0.0945,0.197,0.0276,0.0385,0.848
42003550900,Tract 5509,0.0,1613,290,0.109,679,166,0.149,53.6,8.9,0.101,0.1339,0.0435,0.197,0.2387,0.0795,0.203,0.4272,0.1245,0.177,0.4507,0.082,0.111,0.0,0.0074,,0.0589,0.0674,0.695,30018,7138,0.145,24775,4511,0.111,0.2712,0.1184,0.265,0.0319,0.0342,0.651,0.4845,0.0396,0.05,0.0795,0.0336,0.257,918,174,0.115,0.2603,0.0538,0.126,1938,,,0.6155,0.1619,0.16,0.1623,0.1168,0.438,0.012,0.0226,1.144,0.1612,0.1121,0.423,0.6127,0.1563,0.155,416,147,0.215,263,74,0.171,0.6104,0.1608,0.16,953,73,0.047,66100,22054,0.203,0.6538,0.2834,0.264,0.4471,0.2779,0.378,0.1293,0.1585,0.745,0.6141,0.1219,0.121,0.1445,0.097,0.408,0.023,0.0308,0.815,0.0181,0.0359,1.209,0.1067,0.0651,0.371,0.3608,0.1953,0.329
42003551200,Tract 5512,0.0,3422,552,0.098,1618,339,0.127,40.3,6.8,0.103,0.2122,0.0684,0.196,0.1718,0.0369,0.13,0.4427,0.0595,0.082,0.3729,0.1173,0.191,0.0,0.0035,,0.1014,0.0625,0.375,30853,4196,0.083,22727,4137,0.111,0.3348,0.1019,0.185,0.0991,0.0757,0.464,0.592,0.1426,0.146,0.1381,0.0489,0.215,1840,328,0.108,0.1207,0.0662,0.333,1951,7,0.002,0.5967,0.1478,0.151,0.0641,0.0392,0.372,0.1,0.0536,0.326,0.1451,0.0685,0.287,0.6409,0.1851,0.176,1037,370,0.217,581,146,0.153,0.5088,0.1421,0.17,723,254,0.214,78300,9056,0.07,0.6451,0.2689,0.253,0.2951,0.0525,0.108,0.3201,0.174,0.33,0.6017,0.2142,0.216,0.0597,0.0445,0.452,0.0804,0.0762,0.577,0.0,0.0085,,0.1024,0.0725,0.43,0.3418,0.073,0.13
42003551300,Tract 5513,0.0,2083,383,0.112,966,105,0.066,46.1,7.6,0.1,0.1988,0.0828,0.253,0.254,0.0338,0.081,0.8137,0.1401,0.105,0.1771,0.069,0.237,0.0029,0.0057,1.211,0.0024,0.0033,0.844,56750,17487,0.187,32778,4797,0.089,0.1383,0.07,0.308,0.0702,0.0691,0.599,0.5763,0.1162,0.123,0.2242,0.0917,0.249,1129,104,0.056,0.1444,0.0786,0.331,1953,4,0.001,0.8397,0.0817,0.059,0.0,0.015,,0.0576,0.0618,0.653,0.008,0.0163,1.244,0.1594,0.081,0.309,154,80,0.316,812,126,0.094,0.1492,0.076,0.31,989,101,0.062,103600,18247,0.107,0.5844,0.3803,0.396,0.5844,0.3556,0.37,0.1515,0.0952,0.382,0.7011,0.052,0.045,0.0885,0.0696,0.478,0.0,0.0138,,0.0,0.0138,,0.1862,0.1228,0.401,0.1159,0.0664,0.348
42003551900,Tract 5519,0.0,1561,453,0.176,779,175,0.137,30.5,11.1,0.221,0.3389,0.1185,0.213,0.18,0.0427,0.144,0.3613,0.078,0.131,0.4247,0.1513,0.217,0.0,0.0077,,0.0621,0.0601,0.588,17194,15455,0.546,15933,4399,0.168,0.4857,0.268,0.335,0.2072,0.1579,0.463,0.399,0.0869,0.132,0.0255,0.0258,0.614,906,169,0.113,0.1402,0.062,0.269,1958,5,0.002,0.2583,0.0369,0.087,0.0,0.0187,,0.1987,0.0478,0.146,0.4294,0.0691,0.098,0.8537,0.1094,0.078,665,172,0.157,114,48,0.256,0.8752,0.1442,0.1,629,303,0.293,55000,24349,0.269,0.4105,0.2327,0.345,0.2496,0.2365,0.576,0.0965,0.3053,1.924,0.769,0.2724,0.215,0.1216,0.1482,0.741,0.0,0.0365,,0.0,0.0365,,0.0365,0.0445,0.741,0.5019,0.1893,0.229
42003552000,Tract 5520,0.0,1667,406,0.148,781,173,0.135,45.9,15.6,0.207,0.1938,0.08,0.251,0.2519,0.0859,0.207,0.5201,0.137,0.16,0.3911,0.1722,0.268,0.0,0.0072,,0.0,0.0072,,46531,12153,0.159,22804,5275,0.141,0.2402,0.1622,0.411,0.0687,0.093,0.823,0.475,0.1335,0.171,0.1311,0.0578,0.268,1147,168,0.089,0.3191,0.0746,0.142,1938,,,0.7899,0.0571,0.044,0.1508,0.1216,0.49,0.0087,0.0181,1.262,0.0,0.0148,,0.4238,0.1864,0.267,331,163,0.299,450,150,0.203,0.3959,0.1966,0.302,966,177,0.111,45900,9333,0.124,0.5106,0.1975,0.235,0.2236,0.2049,0.557,0.2378,0.1363,0.349,0.7676,0.05,0.04,0.0953,0.1203,0.767,0.0,0.0201,,0.0,0.0201,,0.0,0.0201,,0.2433,0.1494,0.373
42003552100,Tract 5521,0.0,1250,227,0.11,348,105,0.183,53.3,6.7,0.076,0.2224,0.0672,0.184,0.332,0.0699,0.128,0.3448,0.0862,0.152,0.5128,0.1262,0.15,0.0,0.0096,,0.0104,0.0159,0.929,17262,9053,0.319,12400,2555,0.125,0.7899,0.1944,0.15,0.2462,0.1417,0.35,0.3333,0.1481,0.27,0.0729,0.0397,0.331,482,95,0.12,0.278,0.0651,0.142,1966,7,0.002,0.305,0.0871,0.174,0.1432,0.078,0.331,0.1784,0.1322,0.45,0.1618,0.0796,0.299,0.7874,0.1906,0.147,274,106,0.235,74,37,0.304,0.7072,0.2079,0.179,625,122,0.119,31900,1586,0.03,0.5876,0.2648,0.274,0.2847,0.1407,0.3,0.5811,0.5687,0.595,0.7062,0.5039,0.434,0.0625,0.0496,0.482,0.0,0.075,,0.0,0.075,,0.0062,0.0686,6.671,0.7011,0.2075,0.18
42003552200,Tract 5522,0.0,855,162,0.115,415,94,0.138,44.9,16.2,0.219,0.1088,0.0628,0.351,0.2246,0.0682,0.185,0.648,0.0917,0.086,0.1544,0.1023,0.403,0.1146,0.1161,0.616,0.0,0.014,,49063,12095,0.15,32850,7102,0.131,0.1771,0.1073,0.368,0.19,0.1017,0.325,0.4974,0.0545,0.067,0.2015,0.103,0.311,521,83,0.097,0.2035,0.0801,0.239,1938,,,0.739,0.162,0.133,0.0211,0.0256,0.737,0.0441,0.058,0.799,0.0,0.0326,,0.3904,0.1631,0.254,162,77,0.289,253,77,0.185,0.4409,0.1582,0.218,1300,207,0.097,58900,29052,0.3,0.6358,0.277,0.265,0.4074,0.2863,0.427,0.1818,0.1493,0.499,0.7166,0.2965,0.252,0.0195,0.0287,0.893,0.0,0.0391,,0.0,0.0391,,0.1857,0.1563,0.512,0.1229,0.0865,0.428
42003552300,Tract 5523,0.0,1597,355,0.135,737,152,0.125,42.4,10.0,0.143,0.221,0.0696,0.191,0.1534,0.0378,0.15,0.2486,0.1047,0.256,0.6619,0.1075,0.099,0.0,0.0075,,0.0,0.0075,,28954,9072,0.19,20724,4690,0.138,0.4296,0.1121,0.159,0.1223,0.0886,0.44,0.4392,0.129,0.179,0.0495,0.0426,0.523,1009,176,0.106,0.2696,0.0906,0.204,1938,,,0.8662,0.0676,0.047,0.0614,0.0436,0.432,0.0297,0.0354,0.723,0.0,0.0168,,0.2904,0.0889,0.186,214,79,0.224,523,135,0.157,0.3492,0.097,0.169,1158,129,0.068,34400,20752,0.367,0.5,0.279,0.339,0.3318,0.2522,0.462,0.2294,0.1168,0.31,0.6354,0.2004,0.192,0.0917,0.1002,0.664,0.081,0.0744,0.558,0.0,0.0256,,0.1386,0.0863,0.379,0.3582,0.1657,0.281
42003552400,Tract 5524,0.0,3332,580,0.106,1345,231,0.104,32.8,3.6,0.067,0.3301,0.0806,0.148,0.172,0.0352,0.124,0.5579,0.1237,0.135,0.2044,0.0761,0.226,0.0033,0.0051,0.934,0.0678,0.072,0.645,43351,9664,0.136,23286,4403,0.115,0.2784,0.172,0.376,0.1436,0.0866,0.367,0.6678,0.0923,0.084,0.0603,0.03,0.302,1558,190,0.074,0.1367,0.0693,0.308,1949,13,0.004,0.8119,0.0961,0.072,0.1374,0.0938,0.415,0.0,0.0109,,0.0,0.0109,,0.3807,0.1491,0.238,512,219,0.26,833,188,0.137,0.4253,0.1924,0.275,1117,74,0.04,83800,14281,0.104,0.459,0.3001,0.397,0.2383,0.148,0.378,0.2773,0.1272,0.279,0.7411,0.1638,0.134,0.0,0.0091,,0.0151,0.0193,0.776,0.0,0.0091,,0.1328,0.0867,0.397,0.09,0.0925,0.625
42003560400,Tract 5604,0.0,1489,231,0.094,818,118,0.088,34.4,5.6,0.099,0.0826,0.0455,0.335,0.178,0.0546,0.187,0.4164,0.0655,0.096,0.3653,0.1106,0.184,0.0309,0.0161,0.317,0.1122,0.0876,0.475,47344,10281,0.132,32321,5377,0.101,0.2678,0.1291,0.293,0.0458,0.0297,0.394,0.6236,0.0693,0.068,0.5428,0.1087,0.122,934,118,0.077,0.1242,0.0777,0.38,1951,9,0.003,0.0857,0.0579,0.411,0.454,0.1117,0.15,0.3137,0.0915,0.177,0.0675,0.0394,0.355,0.9132,0.1848,0.123,747,106,0.086,71,48,0.411,0.8957,0.0397,0.027,1156,95,0.05,202800,150018,0.45,0.498,0.1563,0.191,0.2209,0.1122,0.309,0.0,0.478,,0.4103,0.1229,0.182,0.2506,0.0839,0.204,0.0393,0.0335,0.517,0.016,0.0194,0.738,0.2125,0.0909,0.26,0.3191,0.0989,0.188
42003560500,Tract 5605,0.0,2307,307,0.081,1390,263,0.115,35.7,3.8,0.065,0.0928,0.0362,0.237,0.1517,0.0382,0.153,0.7772,0.0643,0.05,0.0663,0.057,0.522,0.0958,0.0695,0.441,0.0407,0.0378,0.563,92875,20783,0.136,62000,11643,0.114,0.091,0.0629,0.42,0.0669,0.0488,0.443,0.7523,0.0939,0.076,0.7025,0.1386,0.12,1514,257,0.103,0.0819,0.0523,0.389,1938,,,0.3639,0.0567,0.095,0.2721,0.1677,0.375,0.2635,0.1056,0.244,0.0172,0.0175,0.619,0.582,0.1814,0.189,809,295,0.222,581,146,0.153,0.505,0.1379,0.166,1218,169,0.084,240900,37847,0.096,0.3251,0.1416,0.265,0.1916,0.1556,0.494,0.1325,0.1005,0.461,0.4224,0.1542,0.222,0.1229,0.0537,0.266,0.0618,0.0592,0.582,0.0069,0.0116,1.026,0.3695,0.1134,0.187,0.1165,0.0524,0.274
42003561400,Tract 5614,0.0,3524,458,0.079,2200,309,0.085,49.4,5.1,0.063,0.1654,0.0817,0.3,0.2281,0.078,0.208,0.2534,0.0698,0.167,0.5775,0.0697,0.073,0.0045,0.0076,1.023,0.0533,0.0472,0.537,42255,8432,0.121,38169,6754,0.108,0.1949,0.0976,0.304,0.0786,0.0815,0.631,0.6239,0.1044,0.102,0.2557,0.0801,0.19,2564,296,0.07,0.142,0.0779,0.333,1959,5,0.002,0.3717,0.088,0.144,0.0269,0.0302,0.682,0.172,0.076,0.269,0.3027,0.1019,0.205,0.6791,0.1181,0.106,1494,334,0.136,706,217,0.187,0.6655,0.1182,0.108,821,174,0.129,182700,48702,0.162,0.5422,0.1622,0.182,0.324,0.1568,0.294,0.2408,0.2117,0.535,0.4879,0.125,0.156,0.1925,0.1161,0.367,0.0197,0.0321,0.993,0.0,0.0069,,0.2896,0.0923,0.194,0.31,0.0972,0.191
42003561500,Tract 5615,0.0,2648,418,0.096,1431,194,0.082,50.3,11.6,0.14,0.1012,0.0526,0.316,0.3338,0.0504,0.092,0.4347,0.0897,0.125,0.4721,0.1191,0.153,0.0144,0.0233,0.987,0.048,0.0554,0.702,47825,11948,0.152,43076,12542,0.177,0.2085,0.142,0.414,0.1311,0.0899,0.417,0.5416,0.0808,0.091,0.3332,0.0682,0.124,1785,229,0.078,0.1983,0.0953,0.292,1949,9,0.003,0.3143,0.0807,0.156,0.1496,0.0784,0.318,0.0852,0.0354,0.253,0.195,0.0688,0.214,0.6066,0.1274,0.128,868,217,0.152,563,138,0.149,0.6269,0.1451,0.141,1168,111,0.058,109100,20531,0.114,0.6025,0.1712,0.173,0.3836,0.1681,0.266,0.1989,0.1117,0.341,0.5071,0.1452,0.174,0.1464,0.1184,0.491,0.0036,0.0071,1.207,0.0,0.0107,,0.2375,0.0978,0.25,0.1908,0.0952,0.303
42003561900,Tract 5619,1.0,1832,453,0.15,904,174,0.117,46.5,24.3,0.318,0.1992,0.1589,0.485,0.2309,0.0605,0.159,0.024,0.0233,0.589,0.9334,0.1205,0.078,0.0,0.0066,,0.0055,0.0103,1.145,35152,25999,0.45,21187,4727,0.136,0.4023,0.2029,0.307,0.1437,0.0983,0.416,0.5359,0.0879,0.1,0.1966,0.0911,0.282,1125,158,0.085,0.1964,0.0694,0.215,1956,2,0.001,0.832,0.1144,0.084,0.0,0.0151,,0.0,0.0151,,0.0604,0.052,0.523,0.2732,0.0871,0.194,247,92,0.226,657,156,0.144,0.2326,0.0699,0.183,,,,73700,28715,0.237,0.7854,0.2461,0.19,0.0607,0.0903,0.904,0.2268,0.1216,0.326,0.7032,0.3223,0.279,0.0898,0.0619,0.419,0.0,0.0183,,0.0,0.0183,,0.0304,0.0477,0.952,0.1394,0.0922,0.402
42003562000,Tract 5620,1.0,2465,347,0.086,1762,259,0.089,27.9,4.4,0.096,0.058,0.0383,0.401,0.1538,0.0436,0.172,0.4868,0.0791,0.099,0.0941,0.0477,0.308,0.3501,0.1267,0.22,0.0568,0.0398,0.426,28472,7531,0.161,42011,10879,0.157,0.3368,0.1071,0.193,0.0542,0.0351,0.394,0.6723,0.084,0.076,0.7782,0.1381,0.108,2111,228,0.066,0.1653,0.1027,0.378,1958,10,0.003,0.0625,0.0358,0.348,0.0313,0.0301,0.586,0.1649,0.0762,0.281,0.7262,0.1276,0.107,0.8258,0.0888,0.065,1455,265,0.111,307,80,0.158,0.7641,0.099,0.079,1225,88,0.044,,,,0.6763,0.1277,0.115,0.3608,0.104,0.175,0.342,0.2477,0.44,0.1991,0.0684,0.209,0.1406,0.1109,0.479,0.2898,0.1091,0.229,0.0228,0.0281,0.749,0.252,0.1022,0.247,0.4285,0.0978,0.139
42003562300,Tract 5623,1.0,3374,398,0.072,1383,197,0.087,46.9,8.8,0.114,0.2235,0.0786,0.214,0.2576,0.0608,0.143,0.353,0.0711,0.122,0.4686,0.073,0.095,0.0068,0.0112,1.002,0.0694,0.0575,0.504,40302,21056,0.318,23804,4204,0.107,0.2641,0.1069,0.246,0.0683,0.0576,0.512,0.4923,0.0599,0.074,0.1837,0.0671,0.222,1668,204,0.074,0.1709,0.0782,0.278,1938,,,0.6145,0.0957,0.095,0.0606,0.0406,0.408,0.0779,0.0674,0.526,0.1391,0.0636,0.278,0.4888,0.1406,0.175,676,217,0.195,707,173,0.149,0.4637,0.147,0.193,644,271,0.256,89100,31265,0.213,0.4349,0.1925,0.269,0.3609,0.191,0.322,0.2376,0.1226,0.314,0.3397,0.1135,0.203,0.2946,0.1826,0.377,0.0442,0.0549,0.755,0.0,0.0104,,0.2478,0.1668,0.409,0.2769,0.1114,0.245
42003562400,Tract 5624,1.0,2770,567,0.124,1098,175,0.097,35.4,6.3,0.108,0.3014,0.0758,0.153,0.1422,0.0315,0.135,0.3119,0.057,0.111,0.4733,0.1646,0.211,0.0,0.0043,,0.1574,0.1267,0.489,41098,7705,0.114,22350,5039,0.137,0.4477,0.2416,0.328,0.1018,0.0598,0.357,0.6184,0.1454,0.143,0.2534,0.1075,0.258,1315,147,0.068,0.165,0.062,0.228,1938,,,0.8951,0.0732,0.05,0.0601,0.0513,0.519,0.0198,0.028,0.862,0.0,0.0129,,0.4053,0.1556,0.233,445,185,0.253,653,119,0.111,0.4917,0.2144,0.265,1183,156,0.08,87700,17244,0.12,0.4899,0.197,0.244,0.2944,0.1911,0.395,0.147,0.1048,0.433,0.4431,0.1253,0.172,0.2578,0.1246,0.294,0.049,0.0501,0.621,0.0,0.0118,,0.099,0.0566,0.348,0.1585,0.0928,0.356
42003562500,Tract 5625,1.0,2987,533,0.108,1124,169,0.091,31.1,1.4,0.027,0.3184,0.0658,0.126,0.0803,0.0367,0.278,0.2149,0.043,0.121,0.6672,0.1822,0.166,0.0,0.004,,0.0,0.004,,61938,17899,0.176,26477,4141,0.095,0.1815,0.133,0.446,0.0316,0.0403,0.775,0.6713,0.0969,0.088,0.3116,0.1113,0.217,1277,148,0.07,0.1198,0.0739,0.375,1938,,,0.6194,0.1158,0.114,0.13,0.1164,0.544,0.0783,0.0885,0.687,0.0995,0.0817,0.499,0.4137,0.1743,0.256,465,208,0.272,659,156,0.144,0.3956,0.2127,0.327,1164,546,0.285,110700,15381,0.084,0.4688,0.2874,0.373,0.1742,0.1677,0.585,0.1548,0.1045,0.41,0.6685,0.1874,0.17,0.0352,0.0349,0.603,0.0188,0.0293,0.951,0.0,0.0094,,0.1134,0.0772,0.414,0.2447,0.1408,0.35
42003562600,Tract 5626,1.0,2639,530,0.122,1405,352,0.152,37.9,8.6,0.138,0.1629,0.0694,0.259,0.125,0.0413,0.201,0.5998,0.0869,0.088,0.3433,0.0993,0.176,0.0042,0.0087,1.265,0.0049,0.0087,1.069,42945,15741,0.223,32814,5776,0.107,0.1152,0.0526,0.278,0.0852,0.0345,0.247,0.7539,0.1563,0.126,0.1676,0.0508,0.184,1595,325,0.124,0.1191,0.0732,0.374,1938,,,0.5749,0.0481,0.051,0.2088,0.1454,0.423,0.0339,0.0515,0.925,0.0245,0.0306,0.761,0.5416,0.229,0.257,761,374,0.299,644,144,0.136,0.4362,0.1714,0.239,994,220,0.135,84300,12690,0.092,0.4402,0.1648,0.228,0.2378,0.1716,0.439,0.163,0.0915,0.341,0.7743,0.194,0.152,0.0204,0.0194,0.578,0.0066,0.0103,0.954,0.0,0.0079,,0.1395,0.0791,0.345,0.21,0.0859,0.249
42003562700,Tract 5627,1.0,1949,230,0.072,1342,122,0.055,32.6,2.3,0.043,0.0677,0.0468,0.421,0.1401,0.0419,0.182,0.6875,0.0693,0.061,0.1334,0.059,0.269,0.1077,0.056,0.316,0.0405,0.0205,0.307,60658,12712,0.127,59903,9807,0.1,0.173,0.0787,0.277,0.0294,0.0248,0.512,0.742,0.0481,0.039,0.7078,0.1139,0.098,1405,113,0.049,0.0448,0.0404,0.548,1972,3,0.001,0.0249,0.0205,0.501,0.079,0.0515,0.396,0.1502,0.0605,0.245,0.6669,0.0856,0.078,0.9128,0.0353,0.023,1225,121,0.06,117,52,0.27,0.8651,0.0015,0.001,1343,81,0.037,390500,60539,0.094,0.4457,0.0974,0.133,0.1992,0.0614,0.187,0.1197,0.2943,1.495,0.3494,0.0663,0.115,0.032,0.0249,0.472,0.1846,0.0724,0.238,0.0,0.0092,,0.4287,0.0812,0.115,0.2496,0.0638,0.155
42003562800,Tract 5628,1.0,1563,183,0.071,754,89,0.072,44.5,10.8,0.148,0.1676,0.0554,0.201,0.2418,0.0657,0.165,0.8087,0.0633,0.048,0.0333,0.0324,0.592,0.0595,0.0649,0.663,0.0045,0.007,0.953,61563,10199,0.101,34718,3797,0.066,0.1147,0.057,0.302,0.0992,0.0831,0.51,0.6246,0.0629,0.061,0.3851,0.1144,0.181,823,101,0.075,0.0838,0.0623,0.452,1954,4,0.001,0.5893,0.0788,0.081,0.1312,0.0757,0.351,0.0608,0.0419,0.419,0.1677,0.0677,0.246,0.4164,0.0708,0.103,314,65,0.126,440,87,0.12,0.4411,0.0964,0.133,944,229,0.147,161100,27388,0.103,0.1943,0.1115,0.349,0.0828,0.0646,0.475,0.2273,0.1441,0.385,0.6903,0.13,0.114,0.0409,0.0555,0.824,0.0314,0.0433,0.839,0.0,0.0164,,0.1937,0.0611,0.192,0.1074,0.0608,0.344
42003562901,Tract 5629.01,1.0,1643,365,0.135,623,80,0.078,32.3,4.7,0.088,0.3615,0.0755,0.127,0.1376,0.0363,0.16,0.4881,0.135,0.168,0.2575,0.0913,0.216,0.0079,0.009,0.688,0.0578,0.0669,0.704,34018,23087,0.413,22595,4555,0.123,0.4151,0.2191,0.321,0.0799,0.0828,0.63,0.6442,0.0944,0.089,0.2591,0.0701,0.164,787,61,0.047,0.2084,0.1016,0.297,1950,9,0.003,0.6861,0.0911,0.081,0.033,0.0471,0.867,0.0419,0.0628,0.91,0.0,0.0216,,0.5169,0.1408,0.166,322,97,0.183,301,60,0.121,0.6336,0.1591,0.153,1244,229,0.112,253800,34936,0.084,0.7143,0.1688,0.144,0.5062,0.1323,0.159,0.2326,0.1697,0.444,0.6763,0.1562,0.14,0.153,0.093,0.37,0.0,0.0193,,0.0145,0.0288,1.209,0.1224,0.061,0.303,0.2151,0.1135,0.321
42003563000,Tract 5630,1.0,3294,441,0.081,1320,148,0.068,38.0,4.0,0.064,0.1995,0.0469,0.143,0.19,0.0416,0.133,0.4502,0.0616,0.083,0.3819,0.1004,0.16,0.0619,0.0715,0.702,0.0647,0.0533,0.501,55833,21879,0.238,32244,5664,0.107,0.1208,0.0782,0.394,0.0388,0.0297,0.466,0.6343,0.0798,0.076,0.361,0.0894,0.151,1469,110,0.046,0.1014,0.0656,0.393,1960,7,0.002,0.6127,0.07,0.069,0.0265,0.0303,0.694,0.0994,0.0605,0.37,0.0572,0.0623,0.663,0.3947,0.103,0.159,521,148,0.173,799,151,0.115,0.341,0.1048,0.187,1285,98,0.046,115600,11328,0.06,0.5605,0.1897,0.206,0.3877,0.1779,0.279,0.2228,0.1008,0.275,0.5596,0.0923,0.1,0.1656,0.0661,0.242,0.0127,0.0208,0.997,0.0,0.0076,,0.144,0.0496,0.209,0.1742,0.0735,0.257
42003563100,Tract 5631,1.0,3647,675,0.113,1647,218,0.08,36.6,4.4,0.073,0.1993,0.0668,0.204,0.1659,0.0371,0.136,0.683,0.1325,0.118,0.062,0.0381,0.373,0.1807,0.074,0.249,0.0625,0.0598,0.581,72058,7435,0.063,43483,6537,0.091,0.0313,0.0269,0.524,0.0944,0.055,0.354,0.6897,0.17,0.15,0.3452,0.0834,0.147,1752,208,0.072,0.0599,0.0457,0.463,1952,3,0.001,0.7694,0.0967,0.076,0.0114,0.0133,0.706,0.0662,0.0569,0.523,0.0571,0.0394,0.42,0.2653,0.0707,0.162,437,130,0.181,1210,237,0.119,0.2939,0.0847,0.175,1059,190,0.109,176500,21337,0.073,0.2792,0.1847,0.402,0.0389,0.0419,0.655,0.1388,0.0783,0.343,0.5508,0.0826,0.091,0.046,0.0346,0.457,0.0064,0.0149,1.415,0.0,0.0064,,0.1642,0.0547,0.203,0.0134,0.0137,0.626
42003563201,Tract 5632.01,1.0,366,126,0.209,275,86,0.19,44.9,29.4,0.398,0.0,0.0927,,0.1202,0.1202,0.608,0.8907,0.1441,0.098,0.0,0.0328,,0.0437,0.0582,0.809,0.0656,0.0645,0.598,103281,20884,0.123,115984,36897,0.193,0.0464,0.0569,0.745,0.0508,0.0506,0.605,0.8607,0.12,0.085,0.7821,0.3769,0.293,304,94,0.188,0.0954,0.0732,0.467,1994,4,0.001,0.1612,0.1739,0.656,0.0164,0.0454,1.679,0.1776,0.1207,0.413,0.6447,0.1604,0.151,0.8873,0.0744,0.051,244,79,0.197,31,49,0.961,0.9153,0.1,0.066,1982,281,0.086,,,,0.1516,0.1108,0.444,0.0943,0.0805,0.519,0.0,1.0949,,0.5251,0.2095,0.243,0.0502,0.071,0.86,0.0769,0.06,0.474,0.0,0.0401,,0.2843,0.1437,0.307,0.0255,0.0612,1.461
42003563202,Tract 5632.02,1.0,1934,257,0.081,1244,205,0.1,44.4,4.1,0.056,0.075,0.0288,0.233,0.1805,0.0509,0.171,0.6887,0.0759,0.067,0.2285,0.0885,0.235,0.0109,0.0149,0.836,0.0165,0.0252,0.927,60000,31270,0.317,59384,10439,0.107,0.1758,0.0929,0.321,0.0538,0.0581,0.656,0.6646,0.0714,0.065,0.5034,0.0829,0.1,1567,189,0.073,0.2061,0.0629,0.186,1938,,,0.104,0.0402,0.235,0.2297,0.0762,0.202,0.0377,0.0394,0.636,0.3267,0.1195,0.222,0.6423,0.1242,0.118,799,203,0.154,445,97,0.133,0.5879,0.1087,0.112,900,307,0.207,367400,38187,0.063,0.3404,0.1621,0.289,0.1176,0.1112,0.575,0.1191,0.0839,0.428,0.4278,0.0976,0.139,0.0538,0.0465,0.526,0.1704,0.0697,0.249,0.0395,0.0296,0.457,0.2,0.0721,0.219,0.3923,0.1245,0.193
42003563300,Tract 5633,0.0,1362,123,0.055,580,68,0.071,51.3,2.3,0.027,0.2129,0.0265,0.076,0.2805,0.0398,0.086,0.9185,0.0375,0.025,0.0147,0.0131,0.544,0.0103,0.008,0.474,0.014,0.0102,0.445,184808,31441,0.103,123361,14085,0.069,0.0148,0.0099,0.405,0.0408,0.0217,0.323,0.5302,0.0271,0.031,0.7088,0.0486,0.042,658,67,0.062,0.1185,0.044,0.225,1973,3,0.001,0.9529,0.1363,0.087,0.003,0.0188,3.759,0.0,0.0258,,0.0,0.0258,,0.0655,0.0301,0.279,38,18,0.288,542,67,0.075,0.0492,0.0238,0.294,1688,684,0.246,716900,112182,0.095,0.2895,0.4093,0.859,0.1579,0.2523,0.971,0.2343,0.0821,0.213,0.6349,0.054,0.052,0.0,0.0216,,0.0072,0.0072,0.604,0.0,0.0216,,0.2968,0.0746,0.153,0.0259,0.0279,0.656
42003563800,Tract 5638,0.0,3638,251,0.042,1606,118,0.045,57.5,3.2,0.034,0.171,0.0176,0.063,0.3931,0.0482,0.075,0.9294,0.029,0.019,0.0217,0.0214,0.599,0.011,0.009,0.5,0.0085,0.0057,0.41,97368,14368,0.09,67768,7836,0.07,0.0357,0.0157,0.267,0.07,0.0366,0.317,0.4714,0.0204,0.026,0.5288,0.0599,0.069,1832,115,0.038,0.1234,0.0329,0.162,1975,4,0.001,0.5759,0.0273,0.029,0.0093,0.007,0.456,0.0186,0.0092,0.302,0.2778,0.0648,0.142,0.3207,0.0656,0.124,515,112,0.132,1091,84,0.047,0.2318,0.0665,0.174,3501,,,348200,23380,0.041,0.435,0.1292,0.181,0.299,0.0197,0.04,0.2438,0.0498,0.124,0.6336,0.0449,0.043,0.003,0.0037,0.758,0.0127,0.0081,0.39,0.003,0.0037,0.758,0.2761,0.0257,0.057,0.1488,0.0653,0.267
42003563900,Tract 5639,0.0,3908,340,0.053,1935,165,0.052,39.3,2.0,0.031,0.1934,0.0529,0.166,0.1517,0.0311,0.125,0.6697,0.0869,0.079,0.2062,0.0507,0.149,0.0064,0.0059,0.557,0.0535,0.0399,0.454,78894,11629,0.09,53365,14076,0.16,0.0532,0.0245,0.28,0.0961,0.061,0.386,0.7653,0.0494,0.039,0.4789,0.1034,0.131,2220,152,0.042,0.1284,0.0474,0.224,1949,6,0.002,0.6752,0.0616,0.055,0.1725,0.051,0.18,0.0225,0.0217,0.585,0.0,0.0076,,0.3891,0.0852,0.133,753,177,0.143,1182,154,0.079,0.2792,0.055,0.12,1066,57,0.033,160300,19204,0.073,0.3413,0.1449,0.258,0.1142,0.0651,0.346,0.1506,0.0624,0.252,0.604,0.0777,0.078,0.0545,0.0277,0.309,0.0139,0.0147,0.646,0.0,0.0055,,0.2495,0.0844,0.206,0.076,0.0341,0.273
42003564000,Tract 5640,0.0,7452,874,0.071,2835,289,0.062,38.7,4.1,0.064,0.2519,0.0666,0.161,0.1247,0.0293,0.143,0.8755,0.0506,0.035,0.0313,0.0367,0.714,0.0361,0.0395,0.665,0.0079,0.0093,0.718,122650,42008,0.208,59434,7730,0.079,0.0276,0.0189,0.416,0.0719,0.0475,0.402,0.7587,0.0447,0.036,0.6244,0.0696,0.068,3020,284,0.057,0.0613,0.0463,0.46,2004,3,0.001,0.7666,0.0649,0.051,0.0205,0.0188,0.557,0.0215,0.0252,0.713,0.0543,0.0325,0.363,0.1661,0.0656,0.24,471,192,0.248,2364,315,0.081,0.0894,0.0341,0.232,942,230,0.148,376700,38325,0.062,0.2293,0.1765,0.468,0.1083,0.1419,0.797,0.1603,0.0633,0.24,0.7527,0.0673,0.054,0.0232,0.0225,0.59,0.0013,0.002,0.97,0.0,0.0043,,0.1745,0.0448,0.156,0.0296,0.026,0.534
42003564100,Tract 5641,0.0,998,114,0.069,430,80,0.113,50.2,5.8,0.07,0.2204,0.0117,0.032,0.3056,0.0687,0.137,0.8277,0.1202,0.088,0.015,0.0169,0.685,0.004,0.004,0.604,0.0281,0.0167,0.362,161250,45725,0.172,101840,8226,0.049,0.004,0.0036,0.544,0.0319,0.0232,0.441,0.5927,0.0962,0.099,0.7787,0.0645,0.05,430,80,0.113,0.0,0.0279,,1953,3,0.001,0.9837,0.2544,0.157,0.0093,0.0294,1.919,0.0,0.0395,,0.0023,0.0283,7.395,0.0302,0.0128,0.257,13,6,0.281,417,77,0.112,0.0341,0.0156,0.278,,,,451300,8482,0.011,0.0,1.8462,,0.0,0.9231,,0.1079,0.0413,0.233,0.641,0.0642,0.061,0.0066,0.0132,1.214,0.0,0.0264,,0.0,0.0264,,0.3128,0.0455,0.088,0.0047,0.0283,3.696
42003564200,Tract 5642,0.0,2110,310,0.089,985,112,0.069,58.9,5.6,0.058,0.1502,0.0636,0.257,0.3621,0.0547,0.092,0.8867,0.1813,0.124,0.0237,0.0254,0.65,0.0,0.0057,,0.0171,0.0183,0.652,60547,9396,0.094,42864,6964,0.099,0.0756,0.0404,0.324,0.0645,0.0416,0.392,0.5011,0.0467,0.057,0.2752,0.0709,0.157,1064,103,0.059,0.0742,0.0692,0.566,1971,6,0.002,0.7575,0.0881,0.071,0.0094,0.0188,1.214,0.157,0.0828,0.321,0.0,0.0159,,0.1898,0.0677,0.217,187,70,0.228,798,108,0.082,0.1502,0.0601,0.243,1064,67,0.038,161800,10513,0.039,0.2888,0.1648,0.347,0.139,0.1114,0.487,0.1917,0.0841,0.267,0.6739,0.1194,0.108,0.0,0.0144,,0.0108,0.0131,0.736,0.0,0.0144,,0.2238,0.0836,0.227,0.0569,0.0463,0.495
42003564400,Tract 5644,0.0,5251,578,0.067,2660,237,0.054,55.7,5.2,0.057,0.1065,0.0295,0.168,0.3496,0.0652,0.113,0.9107,0.045,0.03,0.0448,0.0333,0.453,0.0061,0.0055,0.547,0.0116,0.0158,0.824,60271,7182,0.072,39608,4620,0.071,0.1056,0.0403,0.232,0.0244,0.0199,0.496,0.5528,0.0351,0.039,0.2551,0.0588,0.14,2890,244,0.051,0.0796,0.0504,0.385,1956,5,0.002,0.6595,0.0973,0.09,0.0509,0.0378,0.452,0.0208,0.0171,0.501,0.0896,0.0507,0.344,0.2259,0.0638,0.172,601,178,0.18,2059,243,0.072,0.1929,0.0595,0.187,1034,132,0.078,112900,7025,0.038,0.6589,0.2498,0.23,0.1631,0.1115,0.415,0.188,0.0689,0.223,0.7837,0.0666,0.052,0.0,0.0068,,0.0133,0.0148,0.676,0.0,0.0068,,0.1301,0.0451,0.211,0.1008,0.0605,0.365
42003564500,Tract 5645,0.0,2832,546,0.117,1131,162,0.087,42.3,3.1,0.045,0.19,0.0244,0.078,0.1557,0.0228,0.089,0.9071,0.0861,0.058,0.0092,0.0122,0.81,0.0064,0.0059,0.562,0.0565,0.0354,0.381,66117,6598,0.061,39125,6240,0.097,0.0418,0.0194,0.282,0.0152,0.0122,0.486,0.6342,0.1947,0.187,0.1959,0.0479,0.149,1263,154,0.074,0.1045,0.0383,0.223,1957,2,0.001,0.8234,0.1399,0.103,0.015,0.0105,0.423,0.0016,0.0098,3.759,0.0,0.0134,,0.2308,0.0782,0.206,261,96,0.224,870,192,0.134,0.2415,0.0917,0.231,1215,153,0.077,195400,15378,0.048,0.5632,0.2491,0.269,0.1456,0.1558,0.651,0.2069,0.1281,0.376,0.7028,0.2053,0.178,0.0034,0.004,0.718,0.0007,0.0027,2.428,0.0,0.0081,,0.1787,0.0582,0.198,0.0336,0.0204,0.369
42003564700,Tract 5647,0.0,2472,407,0.1,1113,209,0.114,33.6,4.3,0.078,0.2108,0.075,0.216,0.1048,0.0374,0.217,0.1946,0.0402,0.125,0.6392,0.1303,0.124,0.0004,0.0024,3.646,0.0659,0.0519,0.478,39357,7422,0.115,22757,5433,0.145,0.2948,0.0909,0.187,0.1803,0.09,0.304,0.682,0.1427,0.127,0.2044,0.0673,0.2,1623,217,0.081,0.3142,0.0425,0.082,1938,,,0.2877,0.0639,0.135,0.3913,0.1104,0.172,0.1553,0.0707,0.277,0.0776,0.0484,0.379,0.805,0.1174,0.089,896,213,0.145,217,79,0.221,0.8286,0.0909,0.067,864,191,0.134,99700,51376,0.313,0.4129,0.0933,0.137,0.2188,0.0767,0.213,0.1889,0.1627,0.524,0.3146,0.1571,0.304,0.3506,0.1399,0.243,0.0527,0.0401,0.462,0.0,0.0105,,0.1151,0.0493,0.26,0.5094,0.146,0.174
42003564800,Tract 5648,0.0,1587,231,0.088,733,102,0.085,37.9,10.5,0.168,0.2659,0.0568,0.13,0.218,0.0876,0.244,0.1241,0.0799,0.391,0.5753,0.1167,0.123,0.0,0.0076,,0.0,0.0076,,29361,7165,0.148,19584,3319,0.103,0.1853,0.0899,0.295,0.2201,0.1033,0.285,0.53,0.0654,0.075,0.1526,0.0629,0.251,1143,108,0.057,0.3587,0.0797,0.135,1938,,,0.4803,0.0809,0.102,0.1785,0.0716,0.244,0.0945,0.0488,0.314,0.1102,0.0495,0.273,0.7626,0.0921,0.073,559,103,0.112,174,55,0.192,0.8018,0.0977,0.074,797,163,0.124,76700,36129,0.286,0.6458,0.1988,0.187,0.1753,0.1098,0.381,0.3391,0.2841,0.509,0.5628,0.0776,0.084,0.342,0.1639,0.291,0.013,0.0236,1.105,0.0,0.026,,0.0173,0.0256,0.9,0.4093,0.1371,0.204
42003565100,Tract 5651,1.0,2995,462,0.094,1553,202,0.079,36.7,3.0,0.05,0.1579,0.0807,0.311,0.1442,0.0304,0.128,0.7139,0.1546,0.132,0.1896,0.1245,0.399,0.0114,0.0122,0.655,0.0381,0.023,0.367,68845,8169,0.072,61584,11165,0.11,0.2232,0.1225,0.333,0.0853,0.0395,0.282,0.7291,0.0538,0.045,0.5798,0.0606,0.064,1870,176,0.057,0.1695,0.0715,0.256,1938,,,0.1449,0.0478,0.201,0.3144,0.0869,0.168,0.0845,0.0379,0.273,0.0599,0.0296,0.301,0.5138,0.0767,0.091,798,158,0.12,755,133,0.107,0.4513,0.1131,0.152,1193,123,0.063,442000,32213,0.044,0.4536,0.1159,0.155,0.2882,0.1116,0.235,0.1709,0.0752,0.268,0.4389,0.1116,0.155,0.0799,0.051,0.388,0.1008,0.0381,0.23,0.0042,0.0071,1.038,0.3637,0.08,0.134,0.2569,0.0984,0.233
42003565200,Tract 5652,1.0,2739,654,0.145,1326,287,0.132,39.1,5.9,0.092,0.1526,0.0422,0.168,0.1011,0.0269,0.162,0.3381,0.0679,0.122,0.4732,0.1223,0.157,0.0084,0.0082,0.59,0.0303,0.0268,0.537,92500,47752,0.314,46241,6544,0.086,0.1011,0.0299,0.18,0.0075,0.0091,0.74,0.6685,0.0962,0.087,0.4076,0.1109,0.165,1663,305,0.111,0.2026,0.0695,0.208,1938,,,0.2243,0.0672,0.182,0.3325,0.0738,0.135,0.0451,0.0261,0.352,0.0692,0.0273,0.24,0.5422,0.1792,0.201,719,284,0.24,607,151,0.151,0.4279,0.1853,0.263,1130,315,0.169,304000,46463,0.093,0.2517,0.0561,0.135,0.1919,0.0756,0.24,0.1993,0.1104,0.337,0.4159,0.1114,0.163,0.0063,0.0093,0.895,0.1008,0.0672,0.405,0.0139,0.0146,0.64,0.3258,0.179,0.334,0.3446,0.1971,0.348
42003565300,Tract 5653,1.0,1359,327,0.146,514,90,0.106,42.3,11.5,0.165,0.2031,0.1266,0.379,0.1744,0.0217,0.076,0.7403,0.1961,0.161,0.1994,0.1147,0.35,0.0147,0.0225,0.931,0.0125,0.0167,0.809,71250,26112,0.223,36754,9306,0.154,0.2458,0.2311,0.572,0.1161,0.0711,0.372,0.5799,0.1251,0.131,0.3168,0.0917,0.176,558,83,0.09,0.0789,0.0743,0.573,1955,5,0.002,0.9265,0.1913,0.125,0.009,0.0258,1.751,0.0,0.0304,,0.0,0.0304,,0.1965,0.0931,0.288,101,51,0.307,413,87,0.128,0.1869,0.0919,0.299,981,96,0.059,181900,21059,0.07,0.2475,0.2803,0.688,0.2475,0.1904,0.468,0.1695,0.1867,0.67,0.7776,0.132,0.103,0.0,0.021,,0.0,0.021,,0.0,0.021,,0.1349,0.0683,0.308,0.072,0.0526,0.444
42003980000,Tract 9800,1.0,0,12,,0,12,,,,,,,,,,,,,,,,,,,,,,,,,,,,,,,,,,,,,,,,,0,12,,,,,,,,,,,,,,,,,,,,,,,0,12,,0,12,,,,,,,,,,,,,,,,,,,,,,,,,,,,,,,,,,,,,
42003980100,Tract 9801,1.0,0,12,,0,12,,,,,,,,,,,,,,,,,,,,,,,,,,,,,,,,,,,,,,,,,0,12,,,,,,,,,,,,,,,,,,,,,,,0,12,,0,12,,,,,,,,,,,,,,,,,,,,,,,,,,,,,,,,,,,,,
42003980300,Tract 9803,1.0,0,12,,0,12,,,,,,,,,,,,,,,,,,,,,,,,,,,,,,,,,,,,,,,,,0,12,,,,,,,,,,,,,,,,,,,,,,,0,12,,0,12,,,,,,,,,,,,,,,,,,,,,,,,,,,,,,,,,,,,,
42003980400,Tract 9804,1.0,8,7,0.532,8,7,0.532,,,,0.0,4.2426,,0.5,5.0121,6.094,1.0,0.0,0.0,0.0,1.5,,0.0,1.5,,0.0,1.5,,,,,,,,0.5,1.619,1.968,,,,0.0,1.5,,0.5,2.6685,3.244,8,7,0.532,0.0,1.5,,,,,0.5,0.6092,0.741,0.0,2.1213,,0.0,2.1213,,0.5,1.619,1.968,0.5,0.6092,0.741,4,6,0.912,4,6,0.912,0.5,0.6092,0.741,,,,,,,1.0,5.1962,3.159,0.0,3.0,,0.0,8.4853,,,,,,,,,,,,,,,,,0.5,1.619,1.968
42003980500,Tract 9805,1.0,9,10,0.675,9,10,0.675,,,,0.0,3.7712,,1.0,4.2251,2.568,1.0,0.0,0.0,0.0,1.3333,,0.0,1.3333,,0.0,1.3333,,,,,,,,0.0,1.8856,,,,,0.0,1.3333,,0.0,2.6667,,9,10,0.675,0.0,1.3333,,,,,0.4444,0.2545,0.348,0.5556,1.5481,1.694,0.0,1.8856,,0.0,1.8856,,0.0,1.3333,,0,12,,9,10,0.675,0.0,1.3333,,,,,,,,,,,,,,1.0,3.2773,1.992,,,,,,,,,,,,,,,,0.0,1.8856,
42003980600,Tract 9806,1.0,5,7,0.851,5,7,0.851,,,,0.0,6.7882,,0.0,8.3138,,1.0,0.0,0.0,0.0,2.4,,0.0,2.4,,0.0,2.4,,,,,,,,1.0,2.4,1.459,0.0,2.4,,1.0,0.0,0.0,0.0,4.8,,5,7,0.851,0.0,2.4,,,,,0.0,2.4,,0.0,3.3941,,0.0,3.3941,,1.0,2.4,1.459,1.0,0.0,0.0,5,7,0.851,0,12,,1.0,0.0,0.0,,,,,,,1.0,4.1569,2.527,1.0,0.0,0.0,,,,0.0,2.4,,0.0,2.4,,0.0,2.4,,0.0,2.4,,1.0,0.0,0.0,1.0,2.4,1.459
42003980700,Tract 9807,1.0,167,54,0.197,132,41,0.189,31.3,4.3,0.084,0.0838,0.1954,1.417,0.0,0.2489,,0.8263,0.1925,0.142,0.0,0.0719,,0.024,0.0412,1.046,0.1497,0.173,0.703,93500,85311,0.555,121039,45724,0.23,0.024,0.0828,2.102,0.0,0.0882,,0.8889,0.0739,0.051,0.8244,0.1866,0.138,191,58,0.185,0.3089,0.2331,0.459,2014,1,0.0,0.0366,0.0512,0.849,0.0209,0.0725,2.103,0.0314,0.078,1.509,0.8429,0.1461,0.105,1.0,0.0,0.0,132,41,0.189,0,12,,1.0,0.0,0.0,2345,131,0.034,,,,0.5227,0.2225,0.259,0.1136,0.108,0.578,,,,0.4191,0.1316,0.191,0.125,0.0943,0.458,0.0441,0.0645,0.889,0.0,0.0882,,0.3603,0.2281,0.385,0.1061,0.1243,0.712
42003980800,Tract 9808,1.0,0,12,,0,12,,,,,,,,,,,,,,,,,,,,,,,,,,,,,,,,,,,,,,,,,0,12,,,,,,,,,,,,,,,,,,,,,,,0,12,,0,12,,,,,,,,,,,,,,,,,,,,,,,,,,,,,,,,,,,,,
42003980900,Tract 9809,1.0,24,3,0.076,0,12,,50.7,41.1,0.493,0.0,1.4142,,0.0,1.7321,,0.75,0.7441,0.603,0.25,0.791,1.924,0.0,0.5,,0.0,0.5,,,,,10317,4457,0.263,,,,,,,0.0,0.5,,0.0,1.0,,0,12,,,,,,,,,,,,,,,,,,,,,,,0,12,,0,12,,,,,,,,,,,,,,,,,,,,,,,,,,,,,,,,,,,,,
42003981000,Tract 9810,1.0,0,12,,0,12,,,,,,,,,,,,,,,,,,,,,,,,,,,,,,,,,,,,,,,,,0,12,,,,,,,,,,,,,,,,,,,,,,,0,12,,0,12,,,,,,,,,,,,,,,,,,,,,,,,,,,,,,,,,,,,,
42003981100,Tract 9811,1.0,0,12,,0,12,,,,,,,,,,,,,,,,,,,,,,,,,,,,,,,,,,,,,,,,,0,12,,,,,,,,,,,,,,,,,,,,,,,0,12,,0,12,,,,,,,,,,,,,,,,,,,,,,,,,,,,,,,,,,,,,
42003981200,Tract 9812,1.0,0,12,,0,12,,,,,,,,,,,,,,,,,,,,,,,,,,,,,,,,,,,,,,,,,0,12,,,,,,,,,,,,,,,,,,,,,,,0,12,,0,12,,,,,,,,,,,,,,,,,,,,,,,,,,,,,,,,,,,,,
42003981800,Tract 9818,1.0,305,19,0.038,0,12,,63.8,13.4,0.128,0.1049,0.1294,0.75,0.4951,0.2586,0.317,0.7115,0.1304,0.111,0.2131,0.0742,0.212,0.0361,0.1016,1.713,0.0393,0.0819,1.266,,,,19051,12004,0.383,0.6034,0.7024,0.708,0.0,0.3529,,0.121,0.1452,0.729,0.2108,0.1935,0.558,0,12,,,,,,,,,,,,,,,,,,,,,,,0,12,,0,12,,,,,,,,,,,,,,,,,,,,0.2059,0.1577,0.466,0.0,0.3529,,0.0,0.3529,,0.0,0.3529,,0.6471,0.9577,0.9,,,
42003982200,Tract 9822,1.0,6035,177,0.018,8,7,0.532,19.2,0.2,0.006,0.0129,0.0158,0.742,0.0,0.0098,,0.6669,0.048,0.044,0.083,0.0242,0.177,0.1534,0.0467,0.185,0.0396,0.018,0.277,,,,5234,602,0.07,0.7692,0.5148,0.407,0.0645,0.0348,0.328,0.3702,0.0571,0.094,0.0,2.2667,,8,7,0.532,0.0,2.125,,,,,0.375,0.6744,1.093,0.0,3.0052,,0.0,3.0052,,0.625,2.2321,2.171,1.0,0.0,0.0,8,7,0.532,0,17,,1.0,0.0,0.0,,,,,,,0.625,3.7435,3.641,0.625,0.683,0.664,,,,0.2085,0.1086,0.317,0.0734,0.0419,0.347,0.515,0.0656,0.077,0.0,0.01,,0.1392,0.0689,0.301,0.0,3.0052,
