GEOID,name,tract,pgh_share,pop,pop_moe,pop_cv,households,households_moe,households_cv,median_age,median_age_moe,median_age_cv,under18_share,under18_share_moe,under18_share_cv,age65_share,age65_share_moe,age65_share_cv,white_nh_share,white_nh_share_moe,white_nh_share_cv,black_nh_share,black_nh_share_moe,black_nh_share_cv,asian_nh_share,asian_nh_share_moe,asian_nh_share_cv,hispanic_share,hispanic_share_moe,hispanic_share_cv,med_hh_income,med_hh_income_moe,med_hh_income_cv,per_capita_income,per_capita_income_moe,per_capita_income_cv,poverty_share,poverty_share_moe,poverty_share_cv,unemployment_rate,unemployment_rate_moe,unemployment_rate_cv,lfpr,lfpr_moe,lfpr_cv,bachelors_share,bachelors_share_moe,bachelors_share_cv,housing_units,housing_units_moe,housing_units_cv,vacancy_share,vacancy_share_moe,vacancy_share_cv,median_year_built,median_year_built_moe,median_year_built_cv,sfd_share,sfd_share_moe,sfd_share_cv,units_2_4_share,units_2_4_share_moe,units_2_4_share_cv,units_5_19_share,units_5_19_share_moe,units_5_19_share_cv,units_20plus_share,units_20plus_share_moe,units_20plus_share_cv,renter_share,renter_share_moe,renter_share_cv,renter_hh,renter_hh_moe,renter_hh_cv,owner_hh,owner_hh_moe,owner_hh_cv,pop_renter_share,pop_renter_share_moe,pop_renter_share_cv,med_gross_rent,med_gross_rent_moe,med_gross_rent_cv,med_home_value,med_home_value_moe,med_home_value_cv,rent_burden30_share,rent_burden30_share_moe,rent_burden30_share_cv,rent_burden50_share,rent_burden50_share_moe,rent_burden50_share_cv,owner_burden30_share,owner_burden30_share_moe,owner_burden30_share_cv,drive_alone_share,drive_alone_share_moe,drive_alone_share_cv,transit_share,transit_share_moe,transit_share_cv,walk_share,walk_share_moe,walk_share_cv,bike_share,bike_share_moe,bike_share_cv,wfh_share,wfh_share_moe,wfh_share_cv,no_vehicle_share,no_vehicle_share_moe,no_vehicle_share_cv
420030103011,Tract 103.01 · BG 1,42003010301,1.0,1855,55,0.018,0,12,,33.8,2.5,0.045,0.0129,0.0211,0.993,0.0232,0.026,0.683,0.3515,0.0529,0.091,0.5547,0.088,0.096,0.0049,0.0092,1.148,0.035,0.028,0.486,,,,9792,3391,0.211,,,,,,,0.0,0.0065,,0.0292,0.0283,0.59,0,12,,,,,,,,,,,,,,,,,,,,,,,0,12,,0,12,,,,,,,,,,,,,,,,,,,,,,,,,,,,,,,,,,,,,
420030103021,Tract 103.02 · BG 1,42003010302,1.0,3949,130,0.02,0,12,,19.7,0.2,0.006,0.0109,0.0149,0.832,0.0,0.0105,,0.8075,0.0389,0.029,0.0641,0.026,0.247,0.0436,0.0233,0.325,0.0532,0.0215,0.245,,,,8008,4709,0.357,0.6757,0.68,0.612,0.0393,0.028,0.433,0.4207,0.0493,0.071,0.25,0.7027,1.709,0,12,,,,,,,,,,,,,,,,,,,,,,,0,12,,0,12,,,,,,,,,,,,,,,,,,,,0.2214,0.0706,0.194,0.0201,0.0283,0.855,0.5961,0.1049,0.107,0.0,0.0083,,0.0743,0.0566,0.463,,,
420030103022,Tract 103.02 · BG 2,42003010302,1.0,805,137,0.103,329,81,0.15,33.7,3.0,0.054,0.1528,0.04,0.159,0.0994,0.0725,0.443,0.487,0.1486,0.186,0.3416,0.0359,0.064,0.0,0.0149,,0.1217,0.0845,0.422,61035,9956,0.099,32803,6429,0.119,0.2624,0.1285,0.298,0.0,0.0268,,0.5968,0.1252,0.127,0.5552,0.1051,0.115,471,95,0.123,0.3015,0.0947,0.191,1938,,,0.3185,0.0924,0.176,0.1062,0.0833,0.477,0.0892,0.083,0.566,0.2781,0.1445,0.316,0.6444,0.1843,0.174,212,80,0.229,117,29,0.151,0.5,0.1343,0.163,2042,419,0.125,173300,44961,0.158,0.5991,0.2928,0.297,0.1981,0.1031,0.316,0.1453,0.3043,1.273,0.2754,0.1335,0.295,0.2257,0.1254,0.338,0.1106,0.0945,0.52,0.0,0.0271,,0.3476,0.1257,0.22,0.2401,0.0964,0.244
420030201001,Tract 201 · BG 1,42003020100,1.0,1860,258,0.084,370,146,0.24,20.8,0.8,0.023,0.0156,0.0258,1.005,0.0946,0.0674,0.433,0.5957,0.0654,0.067,0.1855,0.0586,0.192,0.0957,0.0692,0.439,0.0312,0.0183,0.357,,,,43445,28099,0.393,0.255,0.16,0.382,0.0626,0.0395,0.384,0.5905,0.0857,0.088,0.5879,0.4432,0.458,695,229,0.2,0.4676,0.2582,0.336,1970,75,0.023,0.0,0.0173,,0.0302,0.0621,1.248,0.0,0.0244,,0.9698,0.1904,0.119,0.773,0.1953,0.154,286,134,0.285,84,62,0.449,0.7362,0.2444,0.202,2310,912,0.24,700000,353157,0.307,0.6608,0.2874,0.264,0.5664,0.288,0.309,0.0,0.4041,,0.1695,0.0863,0.31,0.0708,0.0613,0.526,0.5601,0.1211,0.131,0.0161,0.032,1.208,0.1052,0.0599,0.346,0.5432,0.2582,0.289
420030201002,Tract 201 · BG 2,42003020100,1.0,917,274,0.182,717,195,0.165,52.5,8.6,0.1,0.0,0.037,,0.2443,0.1282,0.319,0.8288,0.1489,0.109,0.0491,0.0502,0.622,0.0207,0.0332,0.975,0.0142,0.0225,0.965,77475,9617,0.075,84736,27028,0.194,0.1712,0.1701,0.604,0.0454,0.0661,0.885,0.5769,0.1169,0.123,0.6049,0.1057,0.106,850,197,0.141,0.1565,0.1032,0.401,1938,,,0.0,0.0141,,0.0,0.02,,0.0082,0.0191,1.407,0.9682,0.0823,0.052,0.8996,0.0863,0.058,645,186,0.175,72,53,0.447,0.8473,0.1096,0.079,1419,138,0.059,250000,55590,0.135,0.186,0.0953,0.311,0.1054,0.0797,0.459,0.0,0.4714,,0.2396,0.1425,0.361,0.0792,0.0803,0.616,0.3307,0.1708,0.314,0.0,0.0238,,0.2535,0.151,0.362,0.5746,0.1809,0.191
420030201003,Tract 201 · BG 3,42003020100,1.0,798,253,0.193,630,190,0.183,29.8,4.1,0.084,0.0,0.0425,,0.1216,0.0964,0.482,0.515,0.1029,0.121,0.0326,0.0516,0.963,0.2243,0.1493,0.405,0.2105,0.1744,0.504,79239,32584,0.25,84270,27382,0.198,0.2456,0.1719,0.426,0.0,0.0214,,0.7018,0.1812,0.157,0.8893,0.4715,0.322,916,240,0.159,0.3122,0.213,0.415,1958,7,0.002,0.0491,0.0698,0.864,0.0,0.0185,,0.0044,0.0151,2.105,0.9465,0.0211,0.014,0.9444,0.1211,0.078,595,195,0.199,35,45,0.782,0.8922,0.1256,0.086,1727,125,0.044,,,,0.2924,0.1247,0.259,0.2655,0.1196,0.274,0.0,0.9697,,0.2435,0.149,0.372,0.1181,0.1252,0.645,0.2786,0.19,0.415,0.0,0.0221,,0.3432,0.1427,0.253,0.3444,0.1866,0.329
420030201004,Tract 201 · BG 4,42003020100,1.0,284,103,0.22,197,101,0.312,38.4,0.6,0.009,0.1549,0.0997,0.391,0.0,0.1464,,0.4049,0.3005,0.451,0.0,0.0423,,0.0,0.0423,,0.5246,0.2006,0.232,85438,69954,0.498,50932,17155,0.205,0.1972,0.308,0.95,0.0,0.0609,,0.8208,0.2354,0.174,0.7667,0.4231,0.335,197,101,0.312,0.0,0.0609,,1945,3,0.001,0.0,0.0609,,0.1015,0.1755,1.051,0.3147,0.1813,0.35,0.5838,0.383,0.399,1.0,0.0,0.0,197,101,0.312,0,12,,1.0,0.0,0.0,1317,185,0.085,,,,0.3756,0.4383,0.709,0.3756,0.4254,0.689,,,,0.4772,0.4156,0.529,0.0,0.0609,,0.4213,0.2797,0.404,0.0,0.0609,,0.1015,0.1646,0.985,0.3909,0.4095,0.637
420030201005,Tract 201 · BG 5,42003020100,1.0,741,269,0.221,570,245,0.261,34.3,8.9,0.158,0.0,0.0458,,0.0351,0.0602,1.043,0.5628,0.0886,0.096,0.0931,0.139,0.907,0.2874,0.2134,0.451,0.0216,0.0356,1.002,113775,43288,0.231,99466,26891,0.164,0.1215,0.0968,0.485,0.0396,0.0556,0.853,0.8853,0.1629,0.112,0.8172,0.2049,0.152,888,252,0.173,0.3581,0.1461,0.248,1938,,,0.0,0.0135,,0.0,0.0191,,0.0225,0.0275,0.742,0.9775,0.1315,0.082,0.9649,0.0908,0.057,550,242,0.267,20,22,0.669,0.9501,0.0946,0.061,1829,104,0.035,,,,0.3073,0.1931,0.382,0.2091,0.1978,0.575,0.0,1.6971,,0.2714,0.1565,0.35,0.0952,0.0753,0.481,0.5476,0.1442,0.16,0.0,0.019,,0.0413,0.0476,0.701,0.5053,0.1872,0.225
420030203001,Tract 203 · BG 1,42003020300,1.0,1928,287,0.09,1486,216,0.088,33.0,2.3,0.042,0.0285,0.0275,0.587,0.0685,0.0308,0.273,0.7832,0.0667,0.052,0.0265,0.0314,0.721,0.1094,0.0487,0.27,0.0451,0.0415,0.559,118375,13923,0.072,126696,23872,0.115,0.0752,0.0635,0.513,0.0563,0.0712,0.768,0.8992,0.059,0.04,0.8744,0.0695,0.048,1925,156,0.049,0.2281,0.0794,0.212,2012,2,0.001,0.0592,0.0642,0.659,0.0286,0.0398,0.847,0.0208,0.0182,0.531,0.8494,0.0868,0.062,0.9112,0.0691,0.046,1354,222,0.1,132,57,0.263,0.8619,0.0815,0.057,2312,93,0.024,,,,0.2393,0.068,0.173,0.0908,0.0417,0.279,0.1212,0.2724,1.366,0.4247,0.0912,0.131,0.0203,0.0193,0.58,0.138,0.0659,0.29,0.0108,0.0138,0.78,0.3968,0.0922,0.141,0.1023,0.0613,0.364
420030305001,Tract 305 · BG 1,42003030500,1.0,1206,504,0.254,458,137,0.182,34.3,11.0,0.195,0.2148,0.1103,0.312,0.2073,0.1133,0.332,0.0829,0.038,0.278,0.9088,0.142,0.095,0.0,0.01,,0.0,0.01,,24647,18559,0.458,24607,10302,0.255,0.4668,0.267,0.348,0.4004,0.3094,0.47,0.5943,0.1972,0.202,0.1998,0.077,0.234,523,140,0.163,0.1243,0.1158,0.566,1992,3,0.001,0.1778,0.0851,0.291,0.1377,0.1561,0.689,0.2161,0.1269,0.357,0.2199,0.1224,0.338,0.6397,0.179,0.17,293,120,0.249,165,61,0.225,0.6778,0.3204,0.287,419,173,0.251,242700,67263,0.168,0.4471,0.1874,0.255,0.1263,0.1039,0.5,0.3394,0.2722,0.488,0.3294,0.1129,0.208,0.1235,0.0995,0.49,0.1088,0.0894,0.499,0.0,0.0353,,0.3529,0.2034,0.35,0.4585,0.1776,0.236
420030305002,Tract 305 · BG 2,42003030500,1.0,1053,310,0.179,592,145,0.149,38.7,12.4,0.195,0.1785,0.0872,0.297,0.2222,0.0597,0.163,0.1567,0.0884,0.343,0.5537,0.2028,0.223,0.0845,0.0616,0.443,0.1216,0.132,0.66,32917,9232,0.17,28513,5434,0.116,0.2115,0.086,0.247,0.2117,0.1694,0.486,0.6053,0.178,0.179,0.3584,0.1795,0.304,685,143,0.127,0.1358,0.1432,0.641,1992,7,0.002,0.0467,0.0516,0.672,0.2,0.1455,0.442,0.2788,0.1166,0.254,0.3898,0.1482,0.231,0.8294,0.1368,0.1,491,145,0.18,101,63,0.379,0.792,0.1238,0.095,947,505,0.324,272700,21728,0.048,0.5214,0.2307,0.269,0.165,0.1121,0.413,0.2178,0.3699,1.032,0.482,0.1992,0.251,0.0815,0.0829,0.618,0.1823,0.1731,0.577,0.0,0.0288,,0.1942,0.1764,0.552,0.3716,0.1176,0.192
420030305003,Tract 305 · BG 3,42003030500,1.0,719,259,0.219,533,190,0.217,30.0,5.2,0.105,0.0,0.0472,,0.0723,0.0762,0.64,0.5633,0.113,0.122,0.1433,0.1262,0.535,0.2142,0.1305,0.37,0.032,0.0401,0.762,53662,17775,0.201,54895,18659,0.207,0.3394,0.2325,0.416,0.0802,0.1013,0.768,0.7803,0.3925,0.306,0.8626,0.4867,0.343,764,213,0.169,0.3024,0.1903,0.383,1966,3,0.001,0.0,0.0157,,0.0183,0.0347,1.153,0.0,0.0222,,0.9529,0.0555,0.035,0.8386,0.1446,0.105,447,177,0.241,86,48,0.339,0.8414,0.1495,0.108,1600,169,0.064,171300,16607,0.059,0.6063,0.1982,0.199,0.3982,0.2004,0.306,0.0,0.3947,,0.5059,0.1296,0.156,0.1798,0.1873,0.633,0.0356,0.0375,0.641,0.0,0.0237,,0.2332,0.1261,0.329,0.1951,0.1244,0.387
420030402001,Tract 402 · BG 1,42003040200,1.0,674,172,0.155,321,61,0.116,25.9,9.8,0.23,0.1632,0.0231,0.086,0.0772,0.0743,0.586,0.2626,0.1103,0.255,0.5623,0.095,0.103,0.1113,0.0504,0.275,0.0356,0.0375,0.64,22083,20618,0.568,28417,12301,0.263,0.6113,0.1403,0.14,0.2158,0.0735,0.207,0.4929,0.03,0.037,0.2595,0.115,0.269,524,58,0.067,0.3874,0.1225,0.192,1978,12,0.004,0.1794,0.0737,0.25,0.1947,0.0773,0.241,0.0744,0.0744,0.608,0.2863,0.0889,0.189,0.81,0.1218,0.091,260,63,0.147,61,30,0.299,0.8249,0.1442,0.106,1561,178,0.069,153100,80570,0.32,0.6538,0.1806,0.168,0.45,0.1243,0.168,0.1639,0.5105,1.893,0.5,0.1498,0.182,0.1697,0.1459,0.523,0.1514,0.1189,0.477,0.0,0.055,,0.1651,0.1107,0.407,0.5452,0.1475,0.165
420030402002,Tract 402 · BG 2,42003040200,1.0,1428,176,0.075,130,37,0.173,20.4,0.3,0.009,0.0,0.0238,,0.0665,0.038,0.348,0.666,0.1118,0.102,0.1625,0.078,0.292,0.1015,0.0582,0.348,0.0448,0.0317,0.43,36538,9090,0.151,8479,1704,0.122,0.6683,0.1007,0.092,0.1347,0.0626,0.283,0.4678,0.064,0.083,0.5054,0.1658,0.199,162,43,0.161,0.1975,0.2032,0.625,1938,,,0.284,0.0978,0.209,0.0309,0.0886,1.746,0.0,0.1048,,0.0617,0.1174,1.157,0.6,0.1552,0.157,78,30,0.234,52,26,0.304,0.7614,0.1855,0.148,1591,544,0.208,115500,44583,0.235,0.7692,0.2393,0.189,0.6026,0.1823,0.184,0.0577,0.6147,6.477,0.2071,0.119,0.349,0.1046,0.0696,0.405,0.4142,0.1782,0.262,0.0,0.0251,,0.2155,0.1202,0.339,0.2846,0.1558,0.333
420030404001,Tract 404 · BG 1,42003040400,1.0,458,223,0.296,188,90,0.291,22.4,33.9,0.92,0.0,0.0741,,0.3493,0.1327,0.231,0.5284,0.3549,0.408,0.0415,0.0692,1.013,0.2882,0.2592,0.547,0.1288,0.12,0.566,44310,15455,0.212,30457,15466,0.309,0.2812,0.1988,0.43,0.0962,0.126,0.796,0.3406,0.0276,0.049,0.8039,0.2364,0.179,282,108,0.233,0.3333,0.2809,0.512,1947,18,0.006,0.0461,0.0464,0.612,0.1667,0.1411,0.515,0.0,0.0602,,0.7872,0.2831,0.219,0.3883,0.2048,0.321,73,52,0.433,115,82,0.433,0.3542,0.2306,0.396,1224,196,0.097,502200,155993,0.189,0.1644,0.3676,1.359,0.1644,0.2324,0.86,0.6783,0.6458,0.579,0.377,0.3672,0.592,0.1557,0.2553,0.997,0.3115,0.3505,0.684,0.0,0.0984,,0.1557,0.166,0.648,0.2128,0.2371,0.677
420030404002,Tract 404 · BG 2,42003040400,1.0,1145,336,0.178,768,140,0.111,60.6,19.8,0.199,0.0035,0.031,5.4,0.4952,0.1956,0.24,0.7004,0.0411,0.036,0.0279,0.0384,0.836,0.2148,0.0759,0.215,0.0253,0.0323,0.776,67143,19001,0.172,76874,18460,0.146,0.1694,0.0598,0.215,0.0,0.0296,,0.3537,0.125,0.215,0.8014,0.2749,0.208,973,162,0.101,0.2107,0.0988,0.285,1956,2,0.001,0.0092,0.0143,0.94,0.0,0.0174,,0.0668,0.0701,0.638,0.9239,0.0888,0.058,0.293,0.0739,0.153,225,70,0.189,543,126,0.141,0.281,0.0791,0.171,1242,121,0.059,214500,61143,0.173,0.5333,0.2036,0.232,0.3422,0.1533,0.272,0.2449,0.1145,0.284,0.1835,0.1173,0.389,0.1011,0.0944,0.568,0.3378,0.1265,0.228,0.0,0.0319,,0.1835,0.0799,0.265,0.3997,0.1222,0.186
420030405001,Tract 405 · BG 1,42003040500,1.0,1609,531,0.201,426,136,0.194,21.0,0.6,0.017,0.0,0.0211,,0.0174,0.027,0.942,0.7533,0.1063,0.086,0.0665,0.0376,0.343,0.0777,0.0566,0.443,0.0851,0.044,0.314,,,,8333,2330,0.17,0.8324,0.4944,0.361,0.0611,0.0585,0.583,0.468,0.1162,0.151,0.0,0.1805,,624,143,0.139,0.3173,0.1392,0.267,1962,22,0.007,0.1298,0.0948,0.444,0.3109,0.1293,0.253,0.3958,0.1596,0.245,0.117,0.1384,0.719,0.9671,0.09,0.057,412,137,0.202,14,19,0.825,0.9845,0.0698,0.043,1234,397,0.196,,,,0.6772,0.2026,0.182,0.4976,0.1606,0.196,0.7143,2.42,2.06,0.2015,0.2489,0.751,0.0561,0.0472,0.512,0.5076,0.1234,0.148,0.0061,0.0118,1.187,0.1136,0.1256,0.672,0.4906,0.2009,0.249
420030405002,Tract 405 · BG 2,42003040500,1.0,1472,403,0.166,498,143,0.175,21.4,0.3,0.009,0.0,0.0231,,0.0408,0.0357,0.533,0.7955,0.0884,0.068,0.034,0.0277,0.496,0.0333,0.022,0.401,0.1107,0.1338,0.735,17402,7294,0.255,11955,3866,0.197,0.7652,0.0772,0.061,0.0277,0.0418,0.918,0.4416,0.1104,0.152,0.2205,0.132,0.364,641,166,0.157,0.2231,0.1399,0.381,1947,14,0.004,0.1482,0.1039,0.426,0.2449,0.149,0.37,0.351,0.1757,0.304,0.064,0.0584,0.555,0.8574,0.1438,0.102,427,142,0.202,71,43,0.368,0.9394,0.1161,0.075,1662,205,0.075,204200,185849,0.553,0.8126,0.0867,0.065,0.644,0.0509,0.048,0.1831,0.5245,1.742,0.2966,0.1042,0.214,0.0603,0.0672,0.677,0.3828,0.1074,0.171,0.0,0.0207,,0.1431,0.1221,0.519,0.3614,0.1672,0.281
420030406001,Tract 406 · BG 1,42003040600,1.0,910,307,0.205,349,92,0.16,21.3,0.5,0.014,0.0,0.0373,,0.0604,0.0677,0.681,0.9154,0.0872,0.058,0.0,0.0132,,0.0451,0.0353,0.477,0.0165,0.0178,0.658,,,,18457,6849,0.226,0.6604,0.3017,0.278,0.1257,0.086,0.416,0.5945,0.0332,0.034,0.5816,0.6168,0.645,509,122,0.146,0.3143,0.175,0.339,1938,,,0.0393,0.0661,1.023,0.4558,0.137,0.183,0.3556,0.142,0.243,0.0609,0.0566,0.565,0.9026,0.0641,0.043,315,86,0.166,34,40,0.715,0.9396,0.0423,0.027,1664,197,0.072,,,,0.8603,0.1715,0.121,0.7048,0.1753,0.151,0.0,0.9983,,0.1863,0.0886,0.289,0.1264,0.1337,0.643,0.3348,0.1278,0.232,0.0,0.0266,,0.102,0.0674,0.402,0.2894,0.126,0.265
420030406002,Tract 406 · BG 2,42003040600,1.0,1427,452,0.193,418,103,0.15,21.3,0.5,0.014,0.0,0.0238,,0.0,0.0291,,0.9145,0.1299,0.086,0.0112,0.0179,0.969,0.0385,0.0321,0.506,0.0084,0.0145,1.046,30611,9983,0.198,10803,4067,0.229,0.8598,0.3792,0.268,0.0429,0.0293,0.416,0.7029,0.2153,0.186,0.6967,0.8284,0.723,559,116,0.126,0.2522,0.1389,0.335,1951,23,0.007,0.2165,0.113,0.317,0.3846,0.1596,0.252,0.0984,0.0743,0.459,0.1914,0.1016,0.323,1.0,0.0,0.0,418,103,0.15,0,12,,1.0,0.0,0.0,2047,494,0.147,,,,0.811,0.1512,0.113,0.7416,0.1581,0.13,,,,0.4399,0.2554,0.353,0.0939,0.0608,0.393,0.3837,0.2113,0.335,0.0298,0.0315,0.644,0.0412,0.0341,0.502,0.3278,0.1548,0.287
420030409001,Tract 409 · BG 1,42003040900,1.0,1432,370,0.157,609,182,0.182,22.9,2.8,0.074,0.0063,0.0242,2.338,0.0628,0.044,0.426,0.4735,0.1115,0.143,0.2228,0.1619,0.442,0.2297,0.0846,0.224,0.0112,0.0086,0.468,20344,12488,0.373,16710,4922,0.179,0.5802,0.1036,0.109,0.1346,0.1279,0.577,0.3914,0.1131,0.176,0.4039,0.141,0.212,735,201,0.166,0.1714,0.1248,0.443,1983,13,0.004,0.0231,0.0362,0.951,0.2422,0.1556,0.391,0.2068,0.1334,0.392,0.3905,0.1377,0.214,0.8801,0.1647,0.114,536,189,0.214,73,49,0.408,0.8889,0.1549,0.106,1530,475,0.189,217900,53807,0.15,0.7369,0.1904,0.157,0.5896,0.2194,0.226,0.0,0.4649,,0.3075,0.102,0.202,0.1506,0.153,0.618,0.295,0.2546,0.525,0.0,0.0251,,0.0795,0.0559,0.427,0.3892,0.242,0.378
420030409002,Tract 409 · BG 2,42003040900,1.0,1017,352,0.21,471,120,0.155,21.9,2.3,0.064,0.0433,0.0558,0.785,0.0875,0.0489,0.34,0.7011,0.1362,0.118,0.175,0.0896,0.311,0.0649,0.0723,0.677,0.0,0.0118,,30901,1987,0.039,21426,6460,0.183,0.5453,0.1852,0.206,0.0,0.0287,,0.4296,0.0707,0.1,0.6606,0.2444,0.225,621,149,0.146,0.2415,0.1623,0.408,1959,46,0.014,0.095,0.1071,0.685,0.4525,0.1575,0.212,0.1272,0.1132,0.541,0.0032,0.0262,4.946,0.5605,0.1901,0.206,264,112,0.258,207,73,0.214,0.6657,0.2543,0.232,1486,355,0.145,208000,47326,0.138,0.7614,0.1468,0.117,0.6288,0.187,0.181,0.4155,0.3173,0.464,0.2907,0.1651,0.345,0.0526,0.0777,0.898,0.391,0.203,0.316,0.0977,0.0906,0.563,0.1679,0.1717,0.622,0.189,0.0783,0.252
420030409003,Tract 409 · BG 3,42003040900,1.0,831,319,0.233,369,159,0.262,22.5,8.2,0.222,0.0265,0.0485,1.113,0.0794,0.0603,0.462,0.8159,0.1539,0.115,0.1384,0.1775,0.78,0.0217,0.0251,0.705,0.0156,0.027,1.05,38295,33975,0.539,23699,9898,0.254,0.5415,0.283,0.318,0.1139,0.1424,0.76,0.5393,0.096,0.108,0.3482,0.1681,0.293,454,175,0.234,0.1872,0.1559,0.506,1950,33,0.01,0.4471,0.1066,0.145,0.3789,0.3248,0.521,0.0661,0.1126,1.035,0.0,0.0374,,0.6043,0.3602,0.362,223,164,0.447,146,75,0.312,0.6354,0.2791,0.267,1186,558,0.286,224600,28792,0.078,0.8475,0.3762,0.27,0.7354,0.4715,0.39,0.0342,0.2494,4.426,0.4087,0.2209,0.329,0.1388,0.1738,0.761,0.1902,0.1129,0.361,0.1131,0.1203,0.646,0.0848,0.0749,0.537,0.3171,0.3957,0.759
420030501001,Tract 501 · BG 1,42003050100,1.0,754,211,0.17,488,112,0.14,44.1,15.6,0.215,0.1923,0.1188,0.376,0.3581,0.101,0.171,0.0424,0.0449,0.643,0.8926,0.1534,0.104,0.0,0.0159,,0.0,0.0159,,17692,15287,0.525,20516,5800,0.172,0.4232,0.1843,0.265,0.0337,0.0722,1.304,0.4869,0.2085,0.26,0.1137,0.0825,0.441,548,106,0.118,0.1095,0.0831,0.461,1983,28,0.009,0.1131,0.0696,0.374,0.0894,0.1049,0.713,0.3832,0.1969,0.312,0.2628,0.099,0.229,0.8689,0.1294,0.091,424,116,0.166,64,34,0.323,0.8743,0.1439,0.1,823,236,0.174,62900,16108,0.156,0.6226,0.2418,0.236,0.3986,0.1957,0.299,0.0156,0.497,19.336,0.4913,0.2256,0.279,0.2683,0.2385,0.54,0.1847,0.1786,0.588,0.0,0.0418,,0.0348,0.0491,0.857,0.5594,0.1648,0.179
420030501002,Tract 501 · BG 2,42003050100,1.0,992,481,0.295,399,130,0.198,32.5,16.2,0.303,0.3972,0.1913,0.293,0.2056,0.1367,0.404,0.0302,0.0264,0.532,0.9425,0.1708,0.11,0.0,0.0121,,0.001,0.006,3.635,52411,30732,0.356,23266,10356,0.271,0.4204,0.3482,0.504,0.2686,0.1777,0.402,0.7396,0.2169,0.178,0.0669,0.0449,0.408,552,135,0.149,0.2772,0.1301,0.285,1938,,,0.3333,0.1412,0.258,0.183,0.0928,0.308,0.1395,0.109,0.475,0.0,0.0307,,0.6917,0.2212,0.194,276,126,0.278,123,81,0.4,0.6457,0.3119,0.294,878,259,0.179,124700,57800,0.282,0.2101,0.1396,0.404,0.0652,0.0855,0.797,0.2195,0.3824,1.059,0.5472,0.2693,0.299,0.4025,0.1327,0.2,0.0031,0.0188,3.636,0.0,0.0377,,0.0472,0.052,0.67,0.3358,0.1684,0.305
420030506001,Tract 506 · BG 1,42003050600,1.0,579,182,0.191,284,80,0.171,59.3,10.6,0.109,0.114,0.0783,0.417,0.3022,0.1171,0.235,0.4715,0.1889,0.243,0.5181,0.2317,0.272,0.0,0.0207,,0.0,0.0207,,62750,51934,0.503,33113,6699,0.123,0.0725,0.0707,0.592,0.133,0.1148,0.525,0.7094,0.1716,0.147,0.4241,0.1843,0.264,489,105,0.131,0.4192,0.1487,0.216,1943,14,0.004,0.5092,0.0826,0.099,0.0266,0.0491,1.123,0.0,0.0347,,0.454,0.1591,0.213,0.2042,0.1738,0.517,58,52,0.545,226,61,0.164,0.1002,0.0841,0.51,729,462,0.385,151400,45378,0.182,0.7759,0.6873,0.539,0.1552,0.218,0.854,0.2478,0.2433,0.597,0.7705,0.4584,0.362,0.0205,0.033,0.975,0.024,0.0396,1.005,0.0,0.0411,,0.0171,0.0334,1.184,0.2007,0.1828,0.554
420030506002,Tract 506 · BG 2,42003050600,1.0,971,370,0.232,493,153,0.189,31.6,9.9,0.19,0.2235,0.1208,0.329,0.2472,0.0666,0.164,0.171,0.0537,0.191,0.6292,0.2509,0.242,0.0834,0.0444,0.323,0.0,0.0124,,39361,17007,0.263,33940,9417,0.169,0.1802,0.0603,0.203,0.0688,0.0641,0.566,0.5782,0.1986,0.209,0.5813,0.1292,0.135,606,159,0.159,0.1865,0.0936,0.305,1940,13,0.004,0.4274,0.1672,0.238,0.203,0.1456,0.436,0.1733,0.1239,0.435,0.0,0.028,,0.6065,0.2044,0.205,299,137,0.279,194,79,0.248,0.6509,0.2544,0.238,937,171,0.111,364300,160955,0.269,0.4916,0.2775,0.343,0.0669,0.0849,0.772,0.3454,0.2344,0.413,0.4736,0.2731,0.351,0.1914,0.0843,0.268,0.1486,0.1166,0.477,0.0,0.0302,,0.136,0.1025,0.458,0.4929,0.1557,0.192
420030509001,Tract 509 · BG 1,42003050900,1.0,1545,251,0.099,766,91,0.072,27.3,3.8,0.085,0.3767,0.1067,0.172,0.1366,0.0388,0.173,0.0343,0.0325,0.577,0.9126,0.1008,0.067,0.0,0.0078,,0.0388,0.0324,0.507,11986,2048,0.104,11228,3319,0.18,0.6278,0.1408,0.136,0.2056,0.1576,0.466,0.4066,0.0977,0.146,0.083,0.0771,0.565,813,96,0.072,0.0578,0.04,0.421,1960,18,0.006,0.064,0.0771,0.733,0.0221,0.0307,0.843,0.5449,0.0755,0.084,0.08,0.041,0.311,0.9582,0.0492,0.031,734,95,0.079,32,23,0.437,0.9722,0.0456,0.029,624,118,0.115,,,,0.5327,0.1469,0.168,0.3106,0.0925,0.181,0.2188,1.0283,2.858,0.3279,0.1669,0.309,0.3934,0.2086,0.322,0.0623,0.0765,0.746,0.0,0.0393,,0.0623,0.0663,0.647,0.6749,0.1369,0.123
420030510001,Tract 510 · BG 1,42003051000,1.0,871,308,0.215,576,245,0.259,38.0,11.5,0.184,0.0792,0.0656,0.503,0.0723,0.0525,0.441,0.1206,0.0481,0.243,0.8002,0.2178,0.165,0.0517,0.0358,0.421,0.0057,0.0101,1.073,19217,2401,0.076,19323,6254,0.197,0.287,0.1558,0.33,0.0427,0.0357,0.508,0.6421,0.1888,0.179,0.1817,0.0532,0.178,687,244,0.216,0.1616,0.0678,0.255,2003,2,0.001,0.0087,0.0142,0.99,0.0262,0.0301,0.698,0.0306,0.0286,0.569,0.6565,0.3132,0.29,1.0,0.0,0.0,576,245,0.259,0,12,,1.0,0.0,0.0,690,451,0.397,,,,0.6562,0.3267,0.303,0.1701,0.0911,0.325,,,,0.5254,0.428,0.495,0.2961,0.0736,0.151,0.1278,0.0561,0.267,0.0,0.0243,,0.0325,0.0483,0.904,0.4549,0.2361,0.316
420030510002,Tract 510 · BG 2,42003051000,1.0,1511,177,0.071,176,59,0.204,19.1,0.4,0.013,0.0,0.0225,,0.0496,0.0331,0.405,0.4931,0.0783,0.097,0.2336,0.0906,0.236,0.178,0.0704,0.241,0.0463,0.0393,0.516,,,,9545,3313,0.211,0.3607,0.3429,0.578,0.0493,0.0527,0.65,0.403,0.0918,0.138,0.2157,0.0976,0.275,226,88,0.237,0.2212,0.2417,0.664,1955,33,0.01,0.2257,0.2126,0.573,0.0973,0.0619,0.386,0.1195,0.1613,0.821,0.3186,0.1387,0.265,0.8182,0.2025,0.15,144,60,0.253,32,27,0.513,0.6419,0.2196,0.208,,,,,,,0.2917,0.1571,0.327,0.0556,0.0801,0.876,0.5625,0.9933,1.073,0.0949,0.1262,0.808,0.1413,0.1283,0.552,0.4371,0.2092,0.291,0.0,0.0265,,0.0971,0.0601,0.376,0.6875,0.2315,0.205
420030511001,Tract 511 · BG 1,42003051100,1.0,807,204,0.154,260,53,0.124,17.0,6.6,0.236,0.5626,0.1423,0.154,0.0446,0.0584,0.795,0.2156,0.1816,0.512,0.5948,0.2139,0.219,0.0,0.0149,,0.0,0.0149,,8889,8325,0.569,6800,5108,0.457,0.9083,0.2058,0.138,0.2189,0.2804,0.779,0.4427,0.1826,0.251,0.0964,0.1215,0.766,270,53,0.119,0.037,0.0625,1.027,2015,2,0.001,0.0519,0.0696,0.816,0.0926,0.1129,0.741,0.0,0.0629,,0.1222,0.1063,0.528,1.0,0.0,0.0,260,53,0.124,0,12,,1.0,0.0,0.0,1057,172,0.099,,,,0.6538,0.2233,0.208,0.45,0.182,0.246,,,,0.1529,0.1434,0.57,0.2994,0.2048,0.416,0.0,0.0764,,0.0,0.0764,,0.5478,0.251,0.279,0.4231,0.2472,0.355
420030603001,Tract 603 · BG 1,42003060300,1.0,835,227,0.165,588,148,0.153,30.0,2.9,0.059,0.0,0.0406,,0.0335,0.0521,0.944,0.8084,0.049,0.037,0.0,0.0144,,0.085,0.068,0.486,0.0527,0.0594,0.685,74831,43631,0.354,95091,41094,0.263,0.1868,0.0881,0.287,0.0264,0.0375,0.863,0.9198,0.0972,0.064,0.8612,0.0714,0.05,692,169,0.148,0.1503,0.105,0.425,1938,,,0.1387,0.0798,0.35,0.3309,0.1305,0.24,0.2442,0.1165,0.29,0.0,0.0245,,0.7483,0.1429,0.116,440,139,0.192,148,72,0.296,0.7198,0.1503,0.127,1436,347,0.147,376300,162960,0.263,0.225,0.1136,0.307,0.1159,0.0979,0.514,0.1351,0.283,1.273,0.3356,0.1717,0.311,0.0829,0.0985,0.722,0.1283,0.094,0.445,0.0602,0.0836,0.845,0.3623,0.0947,0.159,0.1361,0.1194,0.534
420030603002,Tract 603 · BG 2,42003060300,1.0,1889,355,0.114,1093,194,0.108,31.8,1.6,0.031,0.0529,0.0456,0.523,0.1366,0.0408,0.182,0.7999,0.0837,0.064,0.0566,0.0546,0.585,0.0646,0.0411,0.387,0.0344,0.0257,0.453,114219,31975,0.17,79804,12788,0.097,0.0789,0.0474,0.365,0.0162,0.024,0.9,0.7481,0.1078,0.088,0.7887,0.0905,0.07,1316,173,0.08,0.1695,0.0994,0.356,1982,52,0.016,0.0562,0.0434,0.47,0.041,0.0258,0.383,0.1239,0.0915,0.449,0.4217,0.0745,0.107,0.5764,0.1072,0.113,630,162,0.156,463,111,0.146,0.5164,0.111,0.131,2177,326,0.091,335000,28955,0.053,0.4937,0.1917,0.236,0.0905,0.0709,0.476,0.1145,0.1176,0.625,0.4247,0.1243,0.178,0.0928,0.073,0.478,0.1119,0.0898,0.488,0.0061,0.009,0.898,0.312,0.12,0.234,0.0805,0.0495,0.374
420030605001,Tract 605 · BG 1,42003060500,1.0,676,148,0.133,398,89,0.136,38.3,2.8,0.044,0.0207,0.0453,1.33,0.1908,0.1089,0.347,0.9201,0.0857,0.057,0.0518,0.0535,0.629,0.0074,0.0102,0.841,0.0,0.0178,,51923,21565,0.252,60486,26636,0.268,0.1716,0.0918,0.325,0.0,0.0232,,0.7766,0.0613,0.048,0.4805,0.0991,0.125,521,106,0.124,0.2361,0.1296,0.334,1938,,,0.1171,0.0503,0.261,0.4587,0.1366,0.181,0.0518,0.0487,0.571,0.2092,0.1239,0.36,0.6884,0.1369,0.121,274,82,0.182,124,52,0.255,0.5636,0.1149,0.124,1111,190,0.104,242200,106181,0.267,0.4635,0.2115,0.277,0.3066,0.2108,0.418,0.0968,0.2534,1.592,0.3852,0.0929,0.147,0.1848,0.1061,0.349,0.0778,0.0615,0.48,0.0681,0.0581,0.519,0.1012,0.0532,0.32,0.3643,0.1671,0.279
420030605002,Tract 605 · BG 2,42003060500,1.0,439,144,0.199,267,74,0.168,43.6,9.3,0.13,0.0387,0.0689,1.082,0.2711,0.1056,0.237,0.8998,0.0241,0.016,0.0,0.0273,,0.0,0.0273,,0.0,0.0273,,62813,26298,0.255,58414,10141,0.106,0.0478,0.031,0.394,0.0157,0.0246,0.951,0.7536,0.0299,0.024,0.5661,0.2575,0.277,359,67,0.113,0.2563,0.1278,0.303,1938,,,0.6072,0.1072,0.107,0.2006,0.137,0.415,0.0,0.0473,,0.0,0.0473,,0.2996,0.1678,0.341,80,50,0.38,187,62,0.202,0.221,0.0994,0.273,1023,656,0.39,294800,62602,0.129,0.6125,0.4677,0.464,0.3125,0.3347,0.651,0.0802,0.1579,1.197,0.4841,0.1463,0.184,0.0954,0.1176,0.749,0.0177,0.0274,0.941,0.0,0.0424,,0.2261,0.0728,0.196,0.0225,0.0537,1.451
420030703001,Tract 703 · BG 1,42003070300,1.0,715,279,0.237,374,121,0.197,27.7,3.6,0.079,0.0182,0.0513,1.714,0.049,0.0619,0.769,0.5203,0.287,0.335,0.0476,0.0718,0.917,0.2867,0.2379,0.505,0.1357,0.108,0.484,84643,45840,0.329,60772,9731,0.097,0.1538,0.0954,0.377,0.0,0.0208,,0.8234,0.1333,0.098,0.8498,0.0914,0.065,489,122,0.152,0.2352,0.1373,0.355,1938,,,0.1002,0.0757,0.459,0.3047,0.1405,0.28,0.5951,0.1882,0.192,0.0,0.0347,,0.893,0.1333,0.091,334,119,0.217,40,34,0.517,0.8615,0.1593,0.112,1343,92,0.042,,,,0.3293,0.1091,0.201,0.1557,0.0993,0.388,0.0,0.8485,,0.3445,0.1007,0.178,0.3515,0.2738,0.474,0.1037,0.0936,0.549,0.0,0.0211,,0.1775,0.0726,0.249,0.3396,0.2165,0.388
420030703002,Tract 703 · BG 2,42003070300,1.0,600,162,0.164,264,85,0.196,37.4,30.2,0.491,0.0267,0.0561,1.279,0.35,0.1,0.174,0.7333,0.0959,0.079,0.1,0.0735,0.447,0.1333,0.0915,0.417,0.0267,0.0308,0.703,72647,31305,0.262,56494,22868,0.246,0.2426,0.1414,0.354,0.0,0.0383,,0.536,0.1164,0.132,0.6573,0.173,0.16,402,100,0.151,0.3433,0.2521,0.446,1947,16,0.005,0.2264,0.17,0.457,0.3408,0.1748,0.312,0.301,0.1702,0.344,0.0721,0.0713,0.601,0.5909,0.1847,0.19,156,70,0.273,108,44,0.248,0.5612,0.2383,0.258,1229,443,0.219,,,,0.6282,0.1602,0.155,0.4423,0.1819,0.25,0.2407,0.3685,0.93,0.3627,0.2059,0.345,0.2535,0.143,0.343,0.0951,0.0964,0.616,0.0,0.0423,,0.2887,0.1207,0.254,0.3598,0.2047,0.346
420030703003,Tract 703 · BG 3,42003070300,1.0,762,196,0.156,380,94,0.15,40.0,4.9,0.074,0.126,0.0741,0.357,0.2021,0.1196,0.36,0.6719,0.201,0.182,0.1063,0.0766,0.438,0.0577,0.0435,0.458,0.0853,0.0743,0.529,101864,23498,0.14,122873,55682,0.275,0.0879,0.0521,0.36,0.0207,0.0382,1.123,0.6532,0.1745,0.162,0.8821,0.2475,0.171,391,95,0.148,0.0281,0.0429,0.928,1949,9,0.003,0.4169,0.1507,0.22,0.11,0.0681,0.376,0.3223,0.1934,0.365,0.0179,0.0432,1.466,0.3711,0.1924,0.315,141,81,0.349,239,77,0.196,0.3136,0.181,0.351,1243,731,0.358,727800,200745,0.168,0.2199,0.1609,0.445,0.1702,0.1028,0.367,0.2343,0.1975,0.512,0.3049,0.1547,0.308,0.2024,0.1704,0.512,0.1683,0.0879,0.318,0.0805,0.0846,0.639,0.2439,0.1759,0.438,0.0737,0.064,0.528
420030705001,Tract 705 · BG 1,42003070500,1.0,1228,287,0.142,714,142,0.121,28.4,1.9,0.041,0.079,0.0748,0.576,0.0977,0.0431,0.268,0.6792,0.215,0.192,0.0236,0.0196,0.504,0.0969,0.068,0.427,0.1832,0.1656,0.549,83750,21814,0.158,93996,29338,0.19,0.1474,0.062,0.256,0.0566,0.0497,0.534,0.8203,0.0725,0.054,0.8803,0.0871,0.06,787,154,0.119,0.0928,0.0819,0.537,1947,13,0.004,0.1639,0.0607,0.225,0.1906,0.0833,0.266,0.2757,0.1284,0.283,0.2872,0.1036,0.219,0.6807,0.138,0.123,486,138,0.173,228,76,0.203,0.6639,0.1481,0.136,1458,129,0.054,567300,79714,0.085,0.4794,0.1291,0.164,0.2901,0.1281,0.268,0.2675,0.2205,0.501,0.3205,0.1135,0.215,0.1518,0.0533,0.213,0.1155,0.0748,0.394,0.1268,0.1328,0.637,0.2661,0.0985,0.225,0.2409,0.1101,0.278
420030705002,Tract 705 · BG 2,42003070500,1.0,998,305,0.186,547,151,0.168,29.1,8.3,0.173,0.0381,0.0298,0.476,0.0731,0.0539,0.448,0.7365,0.1251,0.103,0.0681,0.0628,0.56,0.0631,0.0419,0.403,0.1323,0.1385,0.637,66201,25558,0.235,53909,15037,0.17,0.1623,0.1052,0.394,0.0553,0.0456,0.501,0.7906,0.1549,0.119,0.8429,0.3617,0.261,569,159,0.17,0.0387,0.0677,1.064,1960,27,0.008,0.1459,0.1309,0.545,0.2179,0.1238,0.345,0.58,0.1561,0.164,0.0562,0.0467,0.504,0.7276,0.0927,0.077,398,121,0.185,149,92,0.375,0.7164,0.152,0.129,1412,272,0.117,322600,153586,0.289,0.407,0.2521,0.377,0.3668,0.2501,0.415,0.3423,0.4773,0.848,0.2469,0.067,0.165,0.2803,0.295,0.64,0.0056,0.0095,1.036,0.0167,0.0257,0.932,0.424,0.0851,0.122,0.1389,0.072,0.315
420030705003,Tract 705 · BG 3,42003070500,1.0,763,158,0.126,451,90,0.121,28.0,2.6,0.056,0.0655,0.0554,0.514,0.017,0.0521,1.857,0.578,0.106,0.112,0.0328,0.0454,0.842,0.3237,0.1262,0.237,0.0433,0.041,0.576,66250,14708,0.135,65520,18064,0.168,0.1636,0.0656,0.244,0.0386,0.0415,0.653,0.7265,0.0769,0.064,0.8212,0.1164,0.086,577,120,0.126,0.2184,0.1438,0.4,1938,,,0.0329,0.0375,0.692,0.1231,0.0715,0.353,0.2253,0.1154,0.311,0.4177,0.1448,0.211,0.949,0.0758,0.049,428,92,0.131,23,23,0.608,0.9397,0.0746,0.048,1344,196,0.089,598700,217121,0.22,0.4136,0.1176,0.173,0.1636,0.0738,0.274,0.0,1.4757,,0.1959,0.0756,0.235,0.301,0.1341,0.271,0.1464,0.0894,0.371,0.0,0.0247,,0.266,0.1058,0.242,0.3016,0.1264,0.255
420030706001,Tract 706 · BG 1,42003070600,1.0,825,194,0.143,506,117,0.141,29.8,10.7,0.218,0.0655,0.0531,0.493,0.1842,0.0892,0.294,0.8255,0.0793,0.058,0.0012,0.0048,2.427,0.0655,0.0649,0.602,0.0485,0.0718,0.901,74952,8237,0.067,78277,14480,0.112,0.1176,0.0762,0.394,0.0134,0.0214,0.974,0.7516,0.0896,0.072,0.8156,0.1163,0.087,544,119,0.133,0.0699,0.0906,0.789,1973,11,0.003,0.1581,0.0832,0.32,0.1673,0.1196,0.434,0.3971,0.123,0.188,0.2298,0.137,0.363,0.6838,0.1186,0.105,346,100,0.176,160,69,0.262,0.6324,0.1306,0.126,1660,168,0.062,334600,203835,0.37,0.211,0.1915,0.552,0.0318,0.0512,0.979,0.1375,0.2084,0.921,0.4355,0.0915,0.128,0.1102,0.0805,0.444,0.0843,0.0702,0.506,0.0293,0.0387,0.805,0.3408,0.1817,0.324,0.1028,0.0725,0.429
420030706002,Tract 706 · BG 2,42003070600,1.0,1265,455,0.219,733,243,0.202,31.5,0.6,0.012,0.0538,0.0297,0.336,0.1518,0.0282,0.113,0.8672,0.171,0.12,0.0126,0.0192,0.924,0.0292,0.0204,0.423,0.0632,0.0443,0.426,85524,34940,0.248,59351,10947,0.112,0.1576,0.0635,0.245,0.0484,0.0534,0.672,0.7769,0.2168,0.17,0.8232,0.2373,0.175,868,249,0.174,0.1555,0.0846,0.331,1938,,,0.0714,0.0306,0.261,0.1636,0.0765,0.284,0.3767,0.0606,0.098,0.1682,0.0584,0.211,0.558,0.2408,0.262,409,113,0.168,324,224,0.42,0.5093,0.2375,0.283,1411,190,0.082,562100,276256,0.299,0.6773,0.1185,0.106,0.3472,0.1298,0.227,0.608,0.5318,0.532,0.2968,0.1954,0.4,0.1249,0.0261,0.127,0.0554,0.0297,0.326,0.0,0.0141,,0.4688,0.4043,0.524,0.1637,0.0743,0.276
420030708001,Tract 708 · BG 1,42003070800,1.0,1198,343,0.174,766,206,0.163,35.0,3.0,0.052,0.0651,0.0564,0.527,0.0785,0.043,0.333,0.8005,0.3174,0.241,0.0117,0.0172,0.895,0.0826,0.0818,0.602,0.0968,0.0875,0.55,126111,35012,0.169,118043,36444,0.188,0.0718,0.033,0.28,0.0178,0.0196,0.668,0.7405,0.2965,0.243,0.9518,0.3949,0.252,882,215,0.148,0.1315,0.1016,0.47,1987,12,0.004,0.0238,0.0243,0.619,0.0839,0.0593,0.43,0.1961,0.0559,0.173,0.5091,0.1637,0.195,0.7572,0.1036,0.083,580,175,0.183,186,109,0.356,0.8047,0.1432,0.108,2381,361,0.092,623300,28445,0.028,0.5121,0.2374,0.282,0.1017,0.0499,0.298,0.0591,0.188,1.932,0.4002,0.1103,0.167,0.0629,0.0397,0.384,0.1149,0.1227,0.649,0.0121,0.019,0.957,0.3821,0.1616,0.257,0.0653,0.0595,0.554
420030708002,Tract 708 · BG 2,42003070800,1.0,1420,229,0.098,869,134,0.094,31.7,0.8,0.015,0.1155,0.0508,0.268,0.057,0.0385,0.41,0.4627,0.0634,0.083,0.0218,0.0336,0.936,0.3535,0.1029,0.177,0.081,0.0799,0.6,95694,22403,0.142,95309,27247,0.174,0.1387,0.05,0.219,0.0495,0.0382,0.47,0.7698,0.0667,0.053,0.9473,0.0943,0.061,1022,125,0.074,0.1497,0.0991,0.402,2004,24,0.007,0.0401,0.0279,0.424,0.1507,0.0707,0.285,0.1311,0.0682,0.316,0.6067,0.102,0.102,0.8527,0.0761,0.054,741,132,0.108,128,42,0.199,0.7967,0.0861,0.066,2053,181,0.054,708300,138413,0.119,0.3846,0.1239,0.196,0.2578,0.1168,0.275,0.3281,0.3483,0.645,0.2998,0.0838,0.17,0.2212,0.0937,0.258,0.1007,0.0832,0.503,0.0,0.0133,,0.3429,0.0825,0.146,0.2451,0.1047,0.26
420030709001,Tract 709 · BG 1,42003070900,1.0,1608,285,0.108,943,187,0.121,31.4,4.9,0.095,0.0578,0.05,0.525,0.1996,0.0518,0.158,0.5342,0.1138,0.129,0.1001,0.0451,0.274,0.3607,0.1505,0.254,0.0,0.0075,,39890,15238,0.232,45622,11796,0.157,0.2838,0.1065,0.228,0.0,0.0139,,0.5641,0.1011,0.109,0.7133,0.1243,0.106,1134,234,0.125,0.1684,0.1331,0.48,1950,13,0.004,0.0873,0.045,0.314,0.1393,0.1136,0.496,0.0556,0.0527,0.577,0.627,0.1348,0.131,0.8218,0.0842,0.062,775,173,0.136,168,67,0.242,0.7118,0.0573,0.049,1684,264,0.095,565500,216267,0.232,0.6735,0.1632,0.147,0.431,0.1421,0.2,0.369,0.3761,0.62,0.297,0.1072,0.219,0.0928,0.0911,0.597,0.297,0.1357,0.278,0.0,0.0139,,0.2668,0.1343,0.306,0.2089,0.1243,0.362
420030709002,Tract 709 · BG 2,42003070900,1.0,781,303,0.236,360,151,0.255,32.4,17.4,0.326,0.2074,0.0884,0.259,0.2497,0.0849,0.207,0.6312,0.3425,0.33,0.0691,0.1015,0.892,0.2177,0.1992,0.556,0.0653,0.0752,0.7,,,,77991,42416,0.331,0.1204,0.1175,0.593,0.1672,0.2407,0.875,0.5055,0.1505,0.181,0.8108,0.4465,0.335,480,208,0.263,0.25,0.2641,0.642,1940,36,0.011,0.225,0.0641,0.173,0.0,0.0354,,0.1125,0.1656,0.895,0.6188,0.2235,0.22,0.5361,0.2861,0.324,193,131,0.413,167,61,0.222,0.4264,0.2343,0.334,1067,476,0.271,835400,142170,0.103,0.7876,0.2603,0.201,0.2073,0.1378,0.404,0.1856,0.2614,0.856,0.3978,0.2098,0.321,0.0781,0.1208,0.941,0.1227,0.1368,0.678,0.0,0.0446,,0.4015,0.2279,0.345,0.2861,0.2527,0.537
420030709003,Tract 709 · BG 3,42003070900,1.0,447,218,0.296,251,179,0.434,49.4,47.3,0.582,0.0492,0.0874,1.079,0.3736,0.3463,0.563,0.5861,0.2993,0.31,0.0447,0.0515,0.7,0.3065,0.1634,0.324,0.0179,0.0254,0.862,235733,175045,0.451,134364,58934,0.267,0.097,0.0268,0.168,0.121,0.1563,0.785,0.3643,0.1215,0.203,0.968,0.1194,0.075,341,202,0.36,0.2639,0.255,0.587,1952,9,0.003,0.1525,0.088,0.351,0.0,0.0498,,0.3343,0.4493,0.817,0.4692,0.1474,0.191,0.2629,0.2513,0.581,66,42,0.387,185,174,0.572,0.2056,0.0146,0.043,1284,158,0.075,381900,117813,0.188,0.8485,0.5021,0.36,0.5909,0.3951,0.406,0.0,0.1835,,0.2426,0.2234,0.56,0.0,0.0882,,0.2426,0.0985,0.247,0.0,0.0882,,0.2353,0.2441,0.631,0.2231,0.2248,0.612
420030709004,Tract 709 · BG 4,42003070900,1.0,1608,439,0.166,781,191,0.149,26.8,7.0,0.159,0.1374,0.0917,0.406,0.1051,0.0559,0.323,0.4353,0.1905,0.266,0.0311,0.024,0.47,0.4701,0.1111,0.144,0.0143,0.0246,1.044,36426,10604,0.177,21374,6231,0.177,0.3619,0.2368,0.398,0.063,0.0604,0.583,0.5403,0.1369,0.154,0.7843,0.234,0.181,781,191,0.149,0.0,0.0154,,1967,3,0.001,0.0205,0.0303,0.9,0.0,0.0217,,0.1408,0.1148,0.495,0.8387,0.1236,0.09,0.7785,0.1344,0.105,608,182,0.182,173,85,0.299,0.8045,0.1729,0.131,1285,84,0.04,227100,29634,0.079,0.5329,0.2677,0.305,0.3273,0.2228,0.414,0.4162,0.3666,0.535,0.1388,0.0885,0.388,0.3548,0.1661,0.285,0.3058,0.2459,0.489,0.0,0.0168,,0.1473,0.0833,0.344,0.443,0.2118,0.291
420030802001,Tract 802 · BG 1,42003080200,1.0,1008,160,0.096,546,89,0.099,33.6,2.8,0.051,0.0853,0.0584,0.416,0.0913,0.0483,0.322,0.878,0.0739,0.051,0.0218,0.0205,0.572,0.0258,0.0224,0.529,0.0645,0.0445,0.419,70938,30373,0.26,55398,8864,0.097,0.0685,0.0363,0.323,0.0193,0.0177,0.555,0.8416,0.0741,0.054,0.5847,0.1318,0.137,662,92,0.084,0.1752,0.0889,0.308,1938,,,0.2432,0.0825,0.206,0.2266,0.0813,0.218,0.1224,0.0893,0.444,0.0091,0.0226,1.517,0.5897,0.1178,0.121,322,83,0.157,224,51,0.138,0.5357,0.1209,0.137,1249,144,0.07,267900,41924,0.095,0.3882,0.1729,0.271,0.0497,0.0415,0.508,0.2679,0.1929,0.438,0.3995,0.0981,0.149,0.1551,0.0814,0.319,0.1143,0.0619,0.329,0.0302,0.035,0.704,0.2681,0.1307,0.296,0.1941,0.0766,0.24
420030802002,Tract 802 · BG 2,42003080200,1.0,629,153,0.148,393,94,0.145,36.9,6.9,0.114,0.0238,0.0611,1.558,0.2289,0.0901,0.239,0.8903,0.0579,0.04,0.0223,0.0281,0.767,0.0,0.0191,,0.0541,0.0573,0.645,68208,13283,0.118,45306,5201,0.07,0.0906,0.0571,0.383,0.0791,0.0631,0.485,0.663,0.1049,0.096,0.4578,0.0987,0.131,414,95,0.139,0.0507,0.0666,0.798,1938,,,0.4155,0.1027,0.15,0.2101,0.0876,0.253,0.0121,0.0334,1.683,0.0,0.041,,0.4962,0.1078,0.132,195,63,0.196,198,72,0.221,0.4579,0.1112,0.148,1314,168,0.078,194300,31145,0.097,0.3949,0.1928,0.297,0.1744,0.1321,0.46,0.0657,0.1615,1.495,0.5156,0.1461,0.172,0.1016,0.0633,0.379,0.1302,0.0851,0.397,0.0,0.0312,,0.25,0.1093,0.266,0.2366,0.1402,0.36
420030804001,Tract 804 · BG 1,42003080400,1.0,1121,181,0.098,618,105,0.103,31.2,3.2,0.062,0.0633,0.0524,0.503,0.1525,0.0685,0.273,0.7012,0.0898,0.078,0.033,0.0308,0.567,0.1811,0.1067,0.358,0.0508,0.0691,0.826,66898,4307,0.039,52020,10440,0.122,0.1517,0.0895,0.359,0.0192,0.0201,0.637,0.6962,0.1177,0.103,0.6438,0.1439,0.136,661,111,0.102,0.0651,0.0672,0.628,1969,37,0.011,0.1725,0.0699,0.246,0.2995,0.1207,0.245,0.0817,0.1186,0.883,0.2874,0.1206,0.255,0.6974,0.1718,0.15,431,129,0.182,187,60,0.195,0.6343,0.1579,0.151,1808,369,0.124,188700,24116,0.078,0.3921,0.1572,0.244,0.2622,0.1527,0.354,0.2406,0.2261,0.571,0.5072,0.1664,0.2,0.0888,0.0566,0.387,0.0716,0.0549,0.466,0.0,0.0172,,0.2622,0.067,0.155,0.0971,0.0669,0.419
420030804002,Tract 804 · BG 2,42003080400,1.0,447,158,0.215,303,86,0.173,31.4,4.9,0.095,0.0,0.0759,,0.1208,0.1136,0.572,0.5235,0.2185,0.254,0.0291,0.0389,0.814,0.3043,0.1138,0.227,0.0403,0.0494,0.746,51875,20488,0.24,39514,10892,0.168,0.2438,0.1715,0.428,0.0,0.0345,,0.7785,0.1675,0.131,0.8101,0.1591,0.119,385,94,0.148,0.213,0.1877,0.536,1938,,,0.013,0.0179,0.838,0.4494,0.1875,0.254,0.1091,0.0936,0.522,0.3169,0.1292,0.248,0.8383,0.129,0.094,254,82,0.196,49,39,0.484,0.8322,0.1568,0.115,1078,131,0.074,,,,0.4921,0.1635,0.202,0.2244,0.1486,0.403,0.0,0.6927,,0.1862,0.1235,0.403,0.2883,0.2198,0.463,0.3664,0.0747,0.124,0.0661,0.076,0.699,0.0601,0.0705,0.714,0.4455,0.1697,0.232
420030806001,Tract 806 · BG 1,42003080600,1.0,1419,318,0.136,614,107,0.106,31.5,4.3,0.083,0.1705,0.0695,0.248,0.1191,0.0557,0.284,0.8746,0.0693,0.048,0.0296,0.0339,0.696,0.0402,0.0326,0.493,0.0113,0.0181,0.978,73145,11106,0.092,49862,8706,0.106,0.0641,0.0416,0.395,0.036,0.0306,0.516,0.7577,0.0449,0.036,0.7208,0.2318,0.195,760,153,0.122,0.1921,0.1734,0.549,1938,,,0.3382,0.082,0.147,0.3184,0.1421,0.271,0.2303,0.1008,0.266,0.0,0.0223,,0.6156,0.0926,0.091,378,87,0.14,236,67,0.173,0.443,0.108,0.148,1298,128,0.06,371400,44678,0.073,0.4021,0.1392,0.21,0.172,0.0778,0.275,0.1992,0.1774,0.541,0.3783,0.1287,0.207,0.12,0.0643,0.326,0.1121,0.0565,0.306,0.0657,0.0592,0.548,0.2797,0.0951,0.207,0.1368,0.0725,0.322
420030806002,Tract 806 · BG 2,42003080600,1.0,635,218,0.209,439,125,0.173,32.4,4.5,0.084,0.0504,0.0633,0.763,0.1071,0.0796,0.452,0.7465,0.1937,0.158,0.0142,0.0215,0.922,0.1071,0.087,0.494,0.0787,0.0839,0.648,53750,25247,0.286,46457,8774,0.115,0.0567,0.0388,0.416,0.0404,0.0413,0.622,0.8624,0.1585,0.112,0.8257,0.24,0.177,490,129,0.16,0.1041,0.1131,0.66,1938,,,0.2429,0.1186,0.297,0.4163,0.1928,0.282,0.3408,0.1736,0.31,0.0,0.0346,,0.7859,0.1834,0.142,345,127,0.224,94,51,0.33,0.7039,0.2093,0.181,978,179,0.111,372200,76933,0.126,0.4696,0.2114,0.274,0.1275,0.0964,0.46,0.4787,0.5122,0.65,0.2725,0.113,0.252,0.2104,0.1137,0.328,0.1683,0.1883,0.68,0.0,0.024,,0.3487,0.1178,0.205,0.2779,0.1497,0.327
420030807001,Tract 807 · BG 1,42003080700,1.0,900,223,0.151,511,118,0.14,31.0,3.6,0.071,0.0689,0.0599,0.529,0.1422,0.0815,0.348,0.6378,0.0838,0.08,0.0256,0.0293,0.698,0.2356,0.1703,0.439,0.0944,0.066,0.425,50231,16846,0.204,40956,5950,0.088,0.1311,0.0467,0.217,0.0394,0.0453,0.699,0.6969,0.2312,0.202,0.6577,0.0918,0.085,576,134,0.141,0.1128,0.1222,0.658,1938,,,0.1337,0.064,0.291,0.3524,0.1722,0.297,0.4705,0.0981,0.127,0.0,0.0295,,0.8376,0.1151,0.084,428,115,0.163,83,40,0.293,0.8152,0.1167,0.087,1077,154,0.087,405600,102589,0.154,0.5794,0.1952,0.205,0.2313,0.1125,0.296,0.6627,0.4306,0.395,0.303,0.1423,0.286,0.1925,0.098,0.31,0.1355,0.0731,0.328,0.0909,0.0734,0.491,0.2246,0.0813,0.22,0.3483,0.1551,0.271
420030807002,Tract 807 · BG 2,42003080700,1.0,1035,226,0.133,724,173,0.145,28.7,3.6,0.076,0.0783,0.0541,0.42,0.0309,0.0414,0.815,0.6261,0.0451,0.044,0.0986,0.0852,0.526,0.1382,0.054,0.237,0.001,0.0019,1.209,63088,15385,0.148,59260,13182,0.135,0.0871,0.0435,0.303,0.0159,0.0205,0.781,0.8344,0.0831,0.061,0.811,0.1329,0.1,800,173,0.131,0.095,0.0953,0.61,1959,24,0.007,0.0638,0.0322,0.307,0.145,0.0838,0.351,0.3512,0.057,0.099,0.425,0.1631,0.233,0.9075,0.0701,0.047,657,165,0.153,67,31,0.281,0.8228,0.0422,0.031,1424,116,0.05,625000,98728,0.096,0.414,0.1842,0.27,0.3059,0.1807,0.359,0.194,0.4923,1.542,0.3786,0.0841,0.135,0.2715,0.1536,0.344,0.1918,0.1039,0.329,0.0,0.0149,,0.1283,0.0604,0.286,0.326,0.1763,0.329
420030809001,Tract 809 · BG 1,42003080900,1.0,985,244,0.151,569,128,0.137,34.4,6.3,0.111,0.069,0.0546,0.481,0.3076,0.1084,0.214,0.7909,0.1598,0.123,0.1086,0.1334,0.746,0.0711,0.0678,0.58,0.0294,0.0337,0.697,61696,14073,0.139,41050,7763,0.115,0.2214,0.1619,0.445,0.0446,0.0519,0.707,0.7328,0.1405,0.117,0.476,0.1323,0.169,569,128,0.137,0.0,0.0211,,1938,,,0.3761,0.1738,0.281,0.1318,0.0718,0.331,0.283,0.108,0.232,0.0,0.0298,,0.5729,0.0886,0.094,326,89,0.166,243,111,0.278,0.5139,0.0973,0.115,1186,68,0.035,247500,50635,0.124,0.4693,0.2542,0.329,0.2393,0.1981,0.503,0.3457,0.3171,0.558,0.2399,0.1039,0.263,0.2181,0.1185,0.33,0.148,0.0815,0.335,0.0872,0.0671,0.468,0.2617,0.1627,0.378,0.1916,0.0995,0.316
420030809002,Tract 809 · BG 2,42003080900,1.0,892,267,0.182,551,154,0.17,32.9,2.6,0.048,0.0717,0.0517,0.438,0.0157,0.0513,1.988,0.6547,0.1606,0.149,0.0146,0.0208,0.87,0.0729,0.0789,0.658,0.1345,0.1166,0.527,65221,26735,0.249,67679,30140,0.271,0.1076,0.086,0.486,0.0361,0.0398,0.671,0.8666,0.1427,0.1,0.6171,0.0926,0.091,635,154,0.147,0.1323,0.1104,0.507,1938,,,0.1244,0.0845,0.413,0.2346,0.1635,0.424,0.4472,0.1361,0.185,0.0614,0.0641,0.634,0.824,0.1709,0.126,454,158,0.212,97,60,0.376,0.7964,0.1835,0.14,1136,73,0.039,437500,216485,0.301,0.4626,0.2457,0.323,0.1035,0.09,0.528,0.0,0.3499,,0.4878,0.161,0.201,0.0748,0.0464,0.377,0.1281,0.0934,0.443,0.023,0.0365,0.965,0.2403,0.1168,0.296,0.274,0.1758,0.39
420030901001,Tract 901 · BG 1,42003090100,1.0,795,160,0.122,565,105,0.113,35.8,4.7,0.08,0.0189,0.0477,1.538,0.1459,0.0721,0.301,0.8176,0.0843,0.063,0.0503,0.0735,0.888,0.0201,0.0248,0.75,0.0491,0.0659,0.817,131302,52479,0.243,128129,39549,0.188,0.0767,0.0678,0.538,0.0,0.0179,,0.8603,0.0894,0.063,0.8453,0.1018,0.073,615,104,0.103,0.0813,0.09,0.673,1938,,,0.1561,0.0752,0.293,0.1252,0.0753,0.365,0.0179,0.035,1.191,0.0504,0.0417,0.503,0.4726,0.1133,0.146,267,81,0.184,298,98,0.2,0.434,0.1089,0.153,1662,236,0.086,588200,54327,0.056,0.3408,0.2057,0.367,0.2172,0.1833,0.513,0.0436,0.1269,1.769,0.5768,0.1832,0.193,0.0507,0.0432,0.518,0.0387,0.0316,0.496,0.0,0.0179,,0.234,0.0846,0.22,0.023,0.0411,1.085
420030901002,Tract 901 · BG 2,42003090100,1.0,1224,315,0.156,695,149,0.13,31.1,6.1,0.119,0.0588,0.0379,0.391,0.1029,0.0688,0.407,0.7222,0.1218,0.103,0.125,0.1652,0.803,0.0711,0.0568,0.485,0.0482,0.0449,0.566,103068,49352,0.291,73731,11412,0.094,0.0956,0.0642,0.408,0.039,0.0466,0.726,0.8389,0.1537,0.111,0.6806,0.1326,0.118,773,153,0.12,0.1009,0.0936,0.564,1938,,,0.2147,0.1056,0.299,0.1048,0.0729,0.423,0.0142,0.0289,1.236,0.3066,0.1544,0.306,0.6878,0.1476,0.13,478,145,0.184,217,84,0.235,0.6915,0.1896,0.167,1845,330,0.109,317400,153859,0.295,0.2971,0.1431,0.293,0.1715,0.1096,0.388,0.3687,0.3154,0.52,0.4295,0.1429,0.202,0.2468,0.0999,0.246,0.1656,0.0965,0.354,0.0,0.0128,,0.1464,0.0418,0.173,0.236,0.1189,0.306
420030902001,Tract 902 · BG 1,42003090200,1.0,1086,281,0.157,600,174,0.176,33.7,2.0,0.036,0.0902,0.0418,0.282,0.174,0.1125,0.393,0.8582,0.1118,0.079,0.0064,0.0091,0.854,0.012,0.0144,0.731,0.0718,0.0511,0.432,67024,32011,0.29,64061,15118,0.143,0.2256,0.1441,0.388,0.0235,0.0251,0.651,0.7685,0.0996,0.079,0.7402,0.0418,0.034,716,163,0.138,0.162,0.1187,0.445,1938,,,0.2221,0.0885,0.242,0.2765,0.1402,0.308,0.1061,0.0878,0.503,0.0,0.0237,,0.525,0.229,0.265,315,165,0.318,285,78,0.166,0.4355,0.2039,0.285,1062,202,0.116,386400,82018,0.129,0.3492,0.3148,0.548,0.2984,0.3194,0.651,0.2596,0.1901,0.445,0.4259,0.1051,0.15,0.1135,0.0796,0.426,0.0734,0.0601,0.497,0.0,0.016,,0.3485,0.1147,0.2,0.3033,0.1981,0.397
420030902002,Tract 902 · BG 2,42003090200,1.0,936,211,0.137,447,98,0.133,35.7,3.1,0.053,0.1036,0.0367,0.215,0.2308,0.0856,0.225,0.8803,0.2662,0.184,0.0299,0.039,0.792,0.0,0.0128,,0.0524,0.0728,0.845,100824,11764,0.071,68243,10226,0.091,0.0,0.0206,,0.046,0.0533,0.705,0.6734,0.0944,0.085,0.6347,0.0576,0.055,517,105,0.123,0.1354,0.1048,0.47,1938,,,0.3443,0.1045,0.184,0.0426,0.0497,0.71,0.0542,0.0707,0.794,0.1915,0.098,0.311,0.4899,0.1623,0.201,219,87,0.241,228,62,0.165,0.4073,0.1552,0.232,1534,295,0.117,416000,70088,0.102,0.1963,0.2257,0.699,0.0,0.0548,,0.0,0.1489,,0.3525,0.0701,0.121,0.0519,0.0518,0.606,0.1132,0.0631,0.339,0.1299,0.0954,0.447,0.3024,0.1177,0.237,0.0515,0.0553,0.654
420030902003,Tract 902 · BG 3,42003090200,1.0,613,145,0.144,275,81,0.179,60.9,7.4,0.074,0.0,0.0554,,0.4078,0.1209,0.18,0.9054,0.0839,0.056,0.0457,0.061,0.812,0.0,0.0196,,0.0,0.0196,,81932,20164,0.15,46941,13312,0.172,0.0987,0.0702,0.432,0.0,0.037,,0.5285,0.1377,0.158,0.3513,0.1151,0.199,315,94,0.181,0.127,0.2028,0.971,1938,,,0.0762,0.066,0.527,0.1365,0.1326,0.59,0.0508,0.0571,0.683,0.127,0.1144,0.547,0.5309,0.1573,0.18,146,61,0.254,129,59,0.278,0.5022,0.1671,0.202,1492,280,0.114,296900,137937,0.282,0.4726,0.2297,0.295,0.1096,0.165,0.915,0.3256,0.2959,0.552,0.5281,0.1919,0.221,0.1031,0.0896,0.528,0.2188,0.1095,0.304,0.0,0.0375,,0.0969,0.077,0.483,0.1345,0.1173,0.53
420030903001,Tract 903 · BG 1,42003090300,1.0,492,119,0.147,322,71,0.134,45.7,5.7,0.076,0.0203,0.0721,2.156,0.2724,0.0943,0.21,0.8638,0.1048,0.074,0.0,0.0244,,0.1016,0.1049,0.627,0.0346,0.0522,0.918,60250,15806,0.159,51112,10856,0.129,0.1179,0.0677,0.349,0.05,0.0546,0.664,0.6224,0.1214,0.119,0.5433,0.1416,0.158,383,74,0.117,0.1593,0.1242,0.474,1938,,,0.2585,0.0917,0.216,0.3629,0.1407,0.236,0.0496,0.0718,0.879,0.0313,0.0562,1.09,0.6429,0.106,0.1,207,57,0.167,115,47,0.248,0.565,0.1023,0.11,1083,229,0.129,221600,49813,0.137,0.3671,0.1343,0.222,0.2464,0.117,0.289,0.1739,0.298,1.042,0.2702,0.1032,0.232,0.2772,0.1193,0.262,0.0316,0.0337,0.648,0.0526,0.0537,0.62,0.3123,0.1197,0.233,0.2795,0.1433,0.312
420030903002,Tract 903 · BG 2,42003090300,1.0,892,378,0.258,469,123,0.159,34.1,1.3,0.023,0.1805,0.165,0.556,0.0998,0.0302,0.184,0.9619,0.1313,0.083,0.0168,0.0271,0.98,0.0056,0.0086,0.938,0.0157,0.0142,0.551,86375,14791,0.104,49024,8467,0.105,0.0885,0.0476,0.327,0.0135,0.0142,0.642,0.7462,0.1166,0.095,0.6104,0.0591,0.059,603,118,0.119,0.2222,0.104,0.285,1938,,,0.3035,0.169,0.338,0.1808,0.0899,0.302,0.0481,0.0457,0.578,0.0,0.0281,,0.4797,0.1245,0.158,225,83,0.224,244,105,0.262,0.3498,0.195,0.339,1328,245,0.112,224600,37577,0.102,0.3244,0.1646,0.308,0.1244,0.0863,0.422,0.0943,0.1303,0.84,0.5717,0.2692,0.286,0.0273,0.0233,0.518,0.1143,0.0645,0.343,0.0205,0.0225,0.668,0.1502,0.0411,0.167,0.0768,0.0512,0.406
420031005001,Tract 1005 · BG 1,42003100500,1.0,742,181,0.148,313,67,0.13,59.0,42.6,0.439,0.1442,0.0711,0.3,0.3679,0.0903,0.149,0.3989,0.0746,0.114,0.531,0.1841,0.211,0.0094,0.0133,0.856,0.0121,0.0309,1.546,70083,31869,0.276,36028,7615,0.128,0.1693,0.1283,0.461,0.0433,0.0784,1.1,0.4724,0.1251,0.161,0.3937,0.0991,0.153,313,67,0.13,0.0,0.0383,,1958,3,0.001,0.6741,0.131,0.118,0.0,0.0542,,0.2236,0.118,0.321,0.0831,0.0641,0.469,0.3387,0.1167,0.209,106,43,0.247,207,63,0.185,0.1786,0.0499,0.17,902,703,0.474,261700,36413,0.085,0.7736,0.3117,0.245,0.4434,0.1804,0.247,0.1546,0.1574,0.619,0.3937,0.0726,0.112,0.1115,0.1035,0.564,0.007,0.0313,2.726,0.0,0.0418,,0.2927,0.1126,0.234,0.3514,0.1467,0.254
420031005002,Tract 1005 · BG 2,42003100500,1.0,1274,192,0.092,606,85,0.085,38.5,2.0,0.032,0.1915,0.0565,0.179,0.2119,0.0589,0.169,0.3446,0.063,0.111,0.5424,0.1045,0.117,0.0204,0.0218,0.648,0.0495,0.0385,0.474,73529,10017,0.083,46500,12651,0.165,0.1797,0.071,0.24,0.051,0.0502,0.598,0.6782,0.0614,0.055,0.422,0.0638,0.092,619,83,0.082,0.021,0.0306,0.885,1955,2,0.001,0.5412,0.0846,0.095,0.0323,0.036,0.678,0.0,0.0274,,0.0727,0.0626,0.523,0.2624,0.0812,0.188,159,54,0.206,447,86,0.117,0.3579,0.1212,0.206,1745,91,0.032,177700,48533,0.166,0.5409,0.2559,0.288,0.1761,0.1656,0.572,0.2908,0.1398,0.292,0.6201,0.0822,0.081,0.0669,0.0487,0.443,0.0,0.0182,,0.0106,0.0197,1.124,0.234,0.0692,0.18,0.0578,0.0502,0.528
420031011001,Tract 1011 · BG 1,42003101100,1.0,1598,424,0.161,653,127,0.118,33.4,5.4,0.098,0.1008,0.0469,0.283,0.0932,0.0596,0.389,0.9005,0.09,0.061,0.0463,0.062,0.814,0.0181,0.0296,0.993,0.0238,0.0294,0.751,114018,28047,0.15,58603,10176,0.106,0.1809,0.1131,0.38,0.0254,0.0241,0.577,0.7669,0.1119,0.089,0.6026,0.0479,0.048,734,143,0.118,0.1104,0.1069,0.589,1938,,,0.3896,0.1339,0.209,0.0722,0.0416,0.35,0.0504,0.0828,0.998,0.0,0.0231,,0.3813,0.1392,0.222,249,103,0.251,404,110,0.166,0.3848,0.2007,0.317,1670,100,0.036,322700,27334,0.051,0.0643,0.1099,1.04,0.0643,0.0715,0.677,0.0124,0.0816,4.009,0.2961,0.0068,0.014,0.0298,0.0242,0.494,0.0093,0.0117,0.765,0.0335,0.0278,0.503,0.4739,0.0993,0.127,0.0536,0.0416,0.472
420031011002,Tract 1011 · BG 2,42003101100,1.0,444,120,0.164,260,69,0.161,31.6,2.8,0.054,0.0158,0.0742,2.861,0.0405,0.0987,1.48,0.795,0.3032,0.232,0.0,0.027,,0.1014,0.0787,0.472,0.0676,0.0627,0.564,80294,35979,0.272,68336,18952,0.169,0.2275,0.1443,0.386,0.0712,0.0581,0.496,0.8993,0.3355,0.227,0.8621,0.1546,0.109,339,77,0.138,0.233,0.1965,0.513,1938,,,0.2684,0.1911,0.433,0.1829,0.1,0.332,0.0,0.0501,,0.0,0.0501,,0.4385,0.1767,0.245,114,55,0.293,146,60,0.25,0.4482,0.1952,0.265,2056,429,0.127,403300,75912,0.114,0.6667,0.3487,0.318,0.1316,0.1252,0.578,0.1301,0.2442,1.141,0.7068,0.1683,0.145,0.0575,0.0612,0.647,0.0,0.0329,,0.0,0.0329,,0.2356,0.1163,0.3,0.0731,0.0855,0.712
420031011003,Tract 1011 · BG 3,42003101100,1.0,507,187,0.224,230,72,0.19,42.2,17.4,0.251,0.0178,0.0689,2.361,0.217,0.1047,0.293,0.9566,0.4881,0.31,0.0,0.0237,,0.0434,0.0529,0.74,0.0,0.0237,,80278,16733,0.127,49925,13309,0.162,0.1124,0.0925,0.5,0.0,0.0351,,0.6988,0.1897,0.165,0.563,0.0808,0.087,419,107,0.155,0.4511,0.1981,0.267,1938,,,0.6587,0.176,0.162,0.0191,0.0419,1.335,0.0,0.0405,,0.0,0.0405,,0.2478,0.2124,0.521,57,52,0.555,173,58,0.204,0.2682,0.2536,0.575,2466,423,0.104,205800,40311,0.119,0.7018,0.6007,0.52,0.0,0.2105,,0.0347,0.1921,3.366,0.6897,0.0784,0.069,0.0,0.0345,,0.0,0.0345,,0.0201,0.0332,1.004,0.1954,0.1234,0.384,0.0304,0.0763,1.525
420031014001,Tract 1014 · BG 1,42003101400,1.0,1185,424,0.218,587,188,0.195,44.8,15.7,0.213,0.1865,0.0523,0.171,0.1333,0.0333,0.152,0.9038,0.1991,0.134,0.0093,0.014,0.914,0.0,0.0101,,0.0523,0.0569,0.661,88297,32102,0.221,40467,7942,0.119,0.0591,0.056,0.576,0.0242,0.0257,0.646,0.6198,0.0468,0.046,0.529,0.1341,0.154,679,193,0.173,0.1355,0.0795,0.357,1938,,,0.5582,0.2216,0.241,0.0869,0.0688,0.481,0.0324,0.0412,0.772,0.0501,0.0327,0.396,0.3339,0.0951,0.173,196,84,0.261,391,188,0.292,0.2549,0.0662,0.158,1018,142,0.085,219400,114291,0.317,0.1224,0.1184,0.588,0.0357,0.0593,1.009,0.1637,0.1075,0.399,0.7067,0.1545,0.133,0.0224,0.0359,0.975,0.0041,0.008,1.2,0.0,0.0244,,0.2077,0.0873,0.256,0.3101,0.269,0.527
420031014002,Tract 1014 · BG 2,42003101400,1.0,435,234,0.327,180,63,0.213,35.5,1.5,0.026,0.069,0.0972,0.857,0.1172,0.1002,0.519,0.7218,0.0746,0.063,0.1356,0.133,0.596,0.0,0.0276,,0.0,0.0276,,81875,23230,0.172,44567,8103,0.111,0.0,0.039,,0.0482,0.0735,0.928,0.8547,0.2486,0.177,0.6961,0.2333,0.204,199,63,0.192,0.0955,0.1374,0.875,1938,,,0.5377,0.2427,0.274,0.0553,0.1031,1.134,0.0,0.0853,,0.0,0.0853,,0.2444,0.1746,0.434,44,35,0.484,136,51,0.228,0.2943,0.1883,0.389,1667,257,0.094,250000,43811,0.107,0.0,0.5455,,0.0,0.2727,,0.2647,0.2653,0.609,0.4167,0.3509,0.512,0.1012,0.106,0.636,0.0,0.0357,,0.0,0.0357,,0.4821,0.3368,0.425,0.1389,0.142,0.622
420031014003,Tract 1014 · BG 3,42003101400,1.0,725,299,0.251,330,100,0.184,39.0,4.9,0.076,0.1462,0.0897,0.373,0.1683,0.0534,0.193,0.6979,0.3801,0.331,0.2372,0.2902,0.743,0.0317,0.0319,0.611,0.0166,0.0253,0.929,74250,32480,0.266,50298,14123,0.171,0.1628,0.1215,0.454,0.0694,0.0609,0.534,0.7175,0.2144,0.182,0.6562,0.071,0.066,406,108,0.162,0.1872,0.1599,0.519,1938,,,0.3522,0.1388,0.24,0.4729,0.1986,0.255,0.1256,0.0804,0.389,0.0,0.0418,,0.4606,0.1212,0.16,152,61,0.244,178,83,0.283,0.3752,0.0729,0.118,1133,234,0.126,284200,82970,0.177,0.5066,0.2543,0.305,0.2237,0.2263,0.615,0.1798,0.2021,0.683,0.5168,0.2,0.235,0.0817,0.0919,0.683,0.0337,0.0423,0.764,0.0,0.0288,,0.2837,0.203,0.435,0.0545,0.0599,0.668
420031014004,Tract 1014 · BG 4,42003101400,1.0,877,228,0.158,363,99,0.166,43.1,11.3,0.159,0.2041,0.0894,0.266,0.2349,0.102,0.264,0.7092,0.2578,0.221,0.0616,0.0583,0.575,0.0582,0.0679,0.71,0.0536,0.0809,0.918,104464,33933,0.197,52343,10293,0.12,0.0274,0.046,1.021,0.0,0.0253,,0.6629,0.1082,0.099,0.4434,0.1189,0.163,381,100,0.16,0.0472,0.0751,0.966,1938,,,0.8241,0.1622,0.12,0.0289,0.0541,1.139,0.0814,0.1152,0.861,0.0,0.0445,,0.2066,0.1406,0.414,75,55,0.446,288,103,0.217,0.2018,0.1435,0.432,1182,279,0.143,336100,26324,0.048,0.2667,0.323,0.736,0.1467,0.1995,0.827,0.0417,0.1276,1.862,0.7973,0.1279,0.098,0.0,0.0267,,0.0423,0.045,0.647,0.0,0.0267,,0.1314,0.0921,0.426,0.0358,0.0565,0.959
420031018001,Tract 1018 · BG 1,42003101800,1.0,986,232,0.143,489,97,0.121,41.8,3.3,0.048,0.1491,0.0748,0.305,0.2475,0.0654,0.161,0.788,0.1241,0.096,0.1278,0.1022,0.486,0.0101,0.015,0.901,0.0325,0.0367,0.688,79583,14767,0.113,47554,9497,0.121,0.0223,0.0362,0.986,0.0559,0.0666,0.725,0.5757,0.1086,0.115,0.5302,0.1008,0.116,500,97,0.118,0.022,0.0317,0.876,1944,4,0.001,0.938,0.0272,0.018,0.026,0.0481,1.125,0.0,0.0339,,0.0,0.0339,,0.1104,0.1124,0.619,54,56,0.63,435,71,0.099,0.1217,0.1225,0.612,,,,284000,34041,0.073,0.0,0.4444,,0.0,0.2222,,0.2046,0.1172,0.348,0.5324,0.1359,0.155,0.036,0.0736,1.243,0.0,0.0288,,0.024,0.0353,0.894,0.4077,0.1668,0.249,0.0716,0.0626,0.532
420031018002,Tract 1018 · BG 2,42003101800,1.0,1587,367,0.141,835,171,0.124,43.4,7.4,0.104,0.1355,0.0725,0.325,0.1985,0.0346,0.106,0.8003,0.0801,0.061,0.0863,0.0703,0.495,0.0573,0.0783,0.83,0.0,0.0076,,90924,23875,0.16,51176,9118,0.108,0.1021,0.0991,0.59,0.0121,0.0185,0.929,0.6633,0.0244,0.022,0.5995,0.0406,0.041,835,171,0.124,0.0,0.0144,,1945,9,0.003,0.8743,0.1066,0.074,0.1114,0.0639,0.349,0.0,0.0203,,0.0,0.0203,,0.1006,0.0562,0.34,84,50,0.362,751,182,0.147,0.0788,0.0409,0.315,1702,197,0.07,232200,11536,0.03,0.3333,0.4086,0.745,0.0,0.1429,,0.0959,0.0735,0.466,0.6385,0.1496,0.142,0.0545,0.0565,0.63,0.0,0.0133,,0.0,0.0133,,0.2647,0.1456,0.334,0.0275,0.0327,0.722
420031019001,Tract 1019 · BG 1,42003101900,1.0,921,348,0.23,350,111,0.193,30.2,15.9,0.32,0.4224,0.1678,0.241,0.0608,0.0442,0.442,0.1118,0.0965,0.524,0.8447,0.2122,0.153,0.0141,0.0211,0.907,0.0076,0.0149,1.194,19897,17628,0.539,14732,6486,0.268,0.6178,0.3079,0.303,0.283,0.2373,0.51,0.4543,0.0807,0.108,0.28,0.1279,0.278,385,113,0.178,0.0909,0.0732,0.49,2003,9,0.003,0.413,0.1285,0.189,0.0286,0.0556,1.182,0.0078,0.0348,2.713,0.0,0.0441,,0.7143,0.226,0.192,250,112,0.272,100,57,0.347,0.7622,0.2691,0.215,1290,110,0.052,191700,125697,0.399,0.828,0.263,0.193,0.528,0.3176,0.366,0.4,0.3859,0.586,0.2663,0.0864,0.197,0.4271,0.3672,0.523,0.1106,0.1675,0.921,0.0,0.0603,,0.1558,0.1707,0.666,0.2743,0.2346,0.52
420031019002,Tract 1019 · BG 2,42003101900,1.0,1172,451,0.234,446,139,0.189,33.4,4.7,0.086,0.2406,0.0838,0.212,0.1391,0.112,0.49,0.2637,0.1394,0.321,0.4573,0.237,0.315,0.0051,0.0083,0.986,0.1809,0.1623,0.546,92222,58046,0.383,44511,16664,0.228,0.1792,0.1176,0.399,0.1318,0.1043,0.481,0.7589,0.3588,0.287,0.5243,0.2461,0.285,556,151,0.165,0.1978,0.1489,0.457,1938,,,0.5755,0.1327,0.14,0.2464,0.1483,0.366,0.0,0.0305,,0.0,0.0305,,0.509,0.1947,0.233,227,112,0.3,219,87,0.241,0.4898,0.1916,0.238,910,257,0.172,198200,32951,0.101,0.1674,0.1634,0.594,0.1674,0.1354,0.492,0.0685,0.1617,1.435,0.3704,0.1809,0.297,0.1168,0.1184,0.616,0.1788,0.1096,0.373,0.0347,0.0476,0.835,0.2555,0.1047,0.249,0.1951,0.123,0.383
420031019003,Tract 1019 · BG 3,42003101900,1.0,710,280,0.24,337,125,0.225,37.9,6.6,0.106,0.0662,0.0839,0.77,0.1352,0.07,0.315,0.369,0.1111,0.183,0.4183,0.2161,0.314,0.0817,0.1094,0.814,0.0225,0.0326,0.88,98211,12194,0.075,48409,12425,0.156,0.1437,0.0733,0.31,0.1223,0.0761,0.378,0.8507,0.1628,0.116,0.6036,0.1764,0.178,390,119,0.185,0.1359,0.1508,0.675,1938,,,0.4282,0.1871,0.266,0.141,0.1325,0.571,0.0128,0.0368,1.744,0.0872,0.0659,0.46,0.546,0.2249,0.25,184,102,0.337,153,82,0.326,0.5239,0.2365,0.274,1503,295,0.119,283000,68580,0.147,0.1359,0.1444,0.646,0.1033,0.1111,0.654,0.3072,0.2679,0.53,0.4149,0.1715,0.251,0.0975,0.1646,1.026,0.1162,0.0877,0.459,0.0373,0.0381,0.62,0.2635,0.2364,0.545,0.1157,0.0796,0.418
420031102001,Tract 1102 · BG 1,42003110200,1.0,688,179,0.158,425,132,0.189,42.7,5.8,0.083,0.0625,0.0698,0.679,0.2195,0.2013,0.558,0.8328,0.1617,0.118,0.0334,0.0353,0.642,0.1235,0.1328,0.653,0.0,0.0174,,103563,28749,0.169,77719,22448,0.176,0.0233,0.0309,0.807,0.0271,0.0409,0.919,0.7251,0.0915,0.077,0.8716,0.1886,0.132,483,154,0.194,0.1201,0.1675,0.848,1938,,,0.3126,0.2162,0.42,0.147,0.1023,0.423,0.0228,0.0425,1.134,0.3499,0.2234,0.388,0.6306,0.1346,0.13,268,101,0.229,157,114,0.441,0.6439,0.1395,0.132,3019,1793,0.361,518100,138012,0.162,0.5,0.3391,0.412,0.0,0.0448,,0.3949,0.6036,0.929,0.5075,0.1476,0.177,0.0792,0.0801,0.614,0.0,0.0257,,0.0,0.0257,,0.3769,0.226,0.365,0.0,0.0399,
420031102002,Tract 1102 · BG 2,42003110200,1.0,1042,504,0.294,520,242,0.283,30.5,2.4,0.048,0.1123,0.0917,0.497,0.1056,0.0662,0.381,0.7975,0.257,0.196,0.1823,0.0663,0.221,0.0106,0.0145,0.834,0.0096,0.0146,0.927,,,,65036,13369,0.125,0.0096,0.0219,1.387,0.0555,0.0383,0.42,0.8378,0.2501,0.181,0.7381,0.5627,0.463,520,242,0.283,0.0,0.0231,,1938,,,0.2769,0.0875,0.192,0.4442,0.381,0.521,0.0231,0.0419,1.103,0.2077,0.1465,0.429,0.6288,0.3469,0.335,327,236,0.439,193,93,0.293,0.4885,0.3511,0.437,1334,79,0.036,414600,315741,0.463,0.3089,0.1547,0.305,0.0,0.0367,,0.0259,0.172,4.036,0.2541,0.2011,0.481,0.0847,0.0722,0.518,0.0437,0.0214,0.297,0.0137,0.0202,0.899,0.5314,0.4901,0.561,0.1538,0.1122,0.443
420031102003,Tract 1102 · BG 3,42003110200,1.0,950,246,0.157,491,96,0.119,32.7,2.9,0.054,0.1505,0.1023,0.413,0.1274,0.0617,0.294,0.7284,0.1617,0.135,0.12,0.0817,0.414,0.0263,0.0254,0.587,0.0716,0.0493,0.418,95179,44789,0.286,72850,15029,0.125,0.0411,0.0329,0.486,0.0201,0.0331,1.004,0.741,0.0425,0.035,0.878,0.2767,0.192,561,106,0.115,0.1248,0.1388,0.676,1938,,,0.3012,0.0968,0.195,0.287,0.1643,0.348,0.2977,0.1001,0.204,0.0624,0.0497,0.484,0.611,0.1016,0.101,300,77,0.156,191,67,0.213,0.4526,0.055,0.074,1288,227,0.107,411700,81340,0.12,0.4133,0.1987,0.292,0.0667,0.0781,0.713,0.0681,0.2008,1.794,0.3652,0.1125,0.187,0.1331,0.083,0.379,0.0597,0.0616,0.626,0.0273,0.0318,0.708,0.3294,0.1082,0.2,0.1935,0.1045,0.328
420031102004,Tract 1102 · BG 4,42003110200,1.0,1561,578,0.225,708,271,0.233,35.2,6.5,0.112,0.171,0.0412,0.147,0.0961,0.0608,0.385,0.5932,0.2987,0.306,0.1403,0.0957,0.415,0.0269,0.0391,0.884,0.0474,0.0569,0.73,85250,56672,0.404,49412,16325,0.201,0.1897,0.1047,0.335,0.0235,0.0241,0.623,0.7054,0.395,0.34,0.5404,0.2591,0.291,800,281,0.214,0.115,0.1249,0.66,1938,,,0.44,0.2424,0.335,0.2975,0.1261,0.258,0.205,0.0789,0.234,0.0,0.0212,,0.4054,0.2051,0.308,287,95,0.201,421,247,0.357,0.4078,0.2094,0.312,1181,72,0.037,528500,111759,0.129,0.3763,0.1843,0.298,0.1533,0.1335,0.53,0.3183,0.4364,0.833,0.3747,0.1795,0.291,0.0965,0.0455,0.287,0.2406,0.3113,0.787,0.0133,0.0204,0.934,0.2661,0.1659,0.379,0.0833,0.0668,0.487
420031106001,Tract 1106 · BG 1,42003110600,1.0,724,190,0.16,359,80,0.135,51.1,13.7,0.163,0.1685,0.0873,0.315,0.2762,0.0961,0.211,0.8536,0.1313,0.094,0.0318,0.0234,0.448,0.0221,0.0368,1.013,0.047,0.0694,0.898,104969,44337,0.257,65364,8857,0.082,0.0359,0.0336,0.568,0.0293,0.0442,0.918,0.7196,0.0943,0.08,0.8436,0.0914,0.066,382,76,0.121,0.0602,0.0908,0.917,1938,,,0.7382,0.075,0.062,0.0471,0.0529,0.682,0.0,0.0444,,0.0,0.0444,,0.1448,0.0831,0.349,52,32,0.374,307,79,0.156,0.0856,0.0474,0.337,1750,355,0.123,412300,54720,0.081,0.4231,0.4422,0.635,0.3077,0.2898,0.573,0.0912,0.1196,0.797,0.3759,0.1454,0.235,0.0557,0.0507,0.554,0.0186,0.0273,0.894,0.0441,0.0493,0.68,0.3248,0.1248,0.234,0.0947,0.0937,0.601
420031106002,Tract 1106 · BG 2,42003110600,1.0,697,169,0.147,323,78,0.147,53.2,4.8,0.055,0.0933,0.0637,0.415,0.3099,0.0885,0.174,0.8981,0.0852,0.058,0.0617,0.0569,0.561,0.0258,0.0397,0.934,0.0143,0.0212,0.9,143194,38558,0.164,88518,18142,0.125,0.0789,0.1001,0.771,0.0,0.0321,,0.5918,0.0989,0.102,0.8084,0.0271,0.02,323,78,0.147,0.0,0.0372,,1938,,,0.808,0.0943,0.071,0.1146,0.0931,0.494,0.0,0.0525,,0.0,0.0525,,0.1146,0.0854,0.453,37,29,0.476,286,71,0.151,0.1162,0.0859,0.449,,,,457500,43386,0.058,0.5135,0.925,1.095,0.5135,0.7348,0.87,0.1643,0.1607,0.595,0.5455,0.1923,0.214,0.0,0.0321,,0.0963,0.1058,0.668,0.0561,0.062,0.671,0.2219,0.1315,0.36,0.0248,0.0568,1.393
420031106003,Tract 1106 · BG 3,42003110600,1.0,943,226,0.146,380,101,0.162,32.0,4.9,0.093,0.3584,0.0732,0.124,0.0838,0.0665,0.483,0.7264,0.1632,0.137,0.14,0.1315,0.571,0.0382,0.0425,0.677,0.0308,0.0504,0.996,87870,54436,0.377,56333,18688,0.202,0.0933,0.1227,0.799,0.0,0.0211,,0.9132,0.0688,0.046,0.8194,0.1147,0.085,430,101,0.143,0.1163,0.1178,0.616,1938,,,0.5279,0.0865,0.1,0.4442,0.1849,0.253,0.0,0.0395,,0.0,0.0395,,0.4263,0.208,0.297,162,90,0.338,218,67,0.187,0.3584,0.1488,0.252,1110,255,0.14,464300,107032,0.14,0.3889,0.2501,0.391,0.284,0.2135,0.457,0.0413,0.1587,2.336,0.3358,0.1416,0.256,0.2037,0.0621,0.185,0.0,0.022,,0.044,0.052,0.718,0.3009,0.1102,0.223,0.1158,0.0793,0.416
420031113001,Tract 1113 · BG 1,42003111300,1.0,1051,383,0.222,449,128,0.173,38.2,6.3,0.1,0.2303,0.093,0.246,0.0856,0.0371,0.263,0.6813,0.1953,0.174,0.196,0.1225,0.38,0.0,0.0114,,0.0571,0.0407,0.433,124152,43109,0.211,64225,16650,0.158,0.0837,0.1105,0.802,0.0168,0.0245,0.888,0.6902,0.1444,0.127,0.6608,0.109,0.1,470,130,0.168,0.0447,0.0734,0.999,1938,,,0.4957,0.1975,0.242,0.2404,0.1019,0.258,0.1681,0.0896,0.324,0.0,0.0361,,0.5345,0.15,0.171,240,96,0.243,209,96,0.279,0.4258,0.1074,0.153,1130,352,0.189,392700,275722,0.427,0.4042,0.2495,0.375,0.1083,0.1261,0.708,0.134,0.2213,1.004,0.383,0.146,0.232,0.2092,0.1034,0.3,0.0922,0.1306,0.861,0.0,0.0213,,0.3156,0.1151,0.222,0.147,0.1571,0.65
420031113002,Tract 1113 · BG 2,42003111300,1.0,755,239,0.192,224,56,0.152,32.8,9.8,0.182,0.1748,0.0768,0.267,0.1868,0.0963,0.314,0.4728,0.0878,0.113,0.4397,0.3077,0.425,0.0132,0.0167,0.766,0.0636,0.1054,1.008,87500,32277,0.224,61152,13660,0.136,0.0283,0.0352,0.754,0.0,0.028,,0.653,0.163,0.152,0.3364,0.1448,0.262,304,83,0.166,0.2632,0.2395,0.553,1938,,,0.2862,0.1139,0.242,0.3454,0.223,0.392,0.2368,0.1176,0.302,0.0987,0.1476,0.909,0.567,0.2325,0.249,127,61,0.292,97,44,0.276,0.3402,0.1454,0.26,1080,79,0.044,553600,153983,0.169,0.1181,0.1916,0.986,0.0709,0.1213,1.041,0.134,0.361,1.637,0.6292,0.2584,0.25,0.1699,0.2039,0.73,0.0,0.0287,,0.0239,0.0345,0.878,0.177,0.1073,0.368,0.1607,0.2084,0.788
420031113003,Tract 1113 · BG 3,42003111300,1.0,502,214,0.259,250,102,0.248,36.7,5.5,0.091,0.1375,0.109,0.482,0.0219,0.0865,2.4,0.5697,0.2445,0.261,0.0418,0.0465,0.676,0.0,0.0239,,0.1175,0.1151,0.595,75500,22463,0.181,49503,15327,0.188,0.1215,0.1118,0.559,0.1098,0.1477,0.818,0.7575,0.1037,0.083,0.618,0.3528,0.347,347,125,0.219,0.2795,0.201,0.437,1938,,,0.2824,0.1326,0.285,0.2277,0.1389,0.371,0.1326,0.1756,0.805,0.0202,0.0505,1.521,0.584,0.2591,0.27,146,88,0.366,104,57,0.333,0.502,0.2028,0.246,1789,1758,0.597,168000,56152,0.203,0.5753,0.4478,0.473,0.3356,0.4871,0.882,0.0,0.3264,,0.4804,0.1729,0.219,0.1744,0.2624,0.915,0.0427,0.0573,0.816,0.1281,0.1261,0.599,0.1744,0.1312,0.457,0.24,0.3043,0.771
420031113004,Tract 1113 · BG 4,42003111300,1.0,619,216,0.212,281,103,0.223,29.1,2.9,0.061,0.0,0.0548,,0.0775,0.0853,0.668,0.6042,0.1709,0.172,0.1809,0.1238,0.416,0.0856,0.0802,0.57,0.0113,0.0239,1.285,49464,45761,0.562,29966,7975,0.162,0.1691,0.1461,0.525,0.051,0.0857,1.021,0.8239,0.1861,0.137,0.1741,0.0981,0.343,440,109,0.151,0.3614,0.194,0.326,1938,,,0.1205,0.1237,0.624,0.6091,0.2156,0.215,0.1955,0.1398,0.435,0.0545,0.0939,1.047,0.8932,0.1483,0.101,251,101,0.245,30,30,0.608,0.9374,0.1564,0.101,970,100,0.063,350000,296016,0.514,0.2948,0.2448,0.505,0.2191,0.2392,0.664,0.6,1.098,1.112,0.6317,0.2259,0.217,0.2334,0.2187,0.57,0.0749,0.0575,0.466,0.0,0.0257,,0.0428,0.0681,0.966,0.1423,0.1754,0.749
420031114001,Tract 1114 · BG 1,42003111400,1.0,757,260,0.209,406,100,0.15,42.0,16.3,0.236,0.0383,0.0461,0.731,0.1612,0.0696,0.262,0.358,0.0361,0.061,0.5892,0.2441,0.252,0.004,0.0065,0.991,0.0343,0.0294,0.521,60000,31989,0.324,54556,26615,0.297,0.1255,0.0933,0.452,0.134,0.139,0.631,0.5679,0.2487,0.266,0.3743,0.1022,0.166,444,100,0.137,0.0856,0.0718,0.51,1964,6,0.002,0.2613,0.0986,0.23,0.2905,0.1405,0.294,0.1757,0.1195,0.414,0.1171,0.0858,0.445,0.6872,0.1431,0.127,279,90,0.196,127,52,0.249,0.6154,0.2202,0.218,1092,134,0.075,321000,156614,0.297,0.2509,0.1141,0.277,0.1613,0.1022,0.385,0.1181,0.2696,1.388,0.3149,0.1166,0.225,0.163,0.147,0.548,0.0829,0.0586,0.43,0.0,0.0331,,0.4006,0.1423,0.216,0.2685,0.1724,0.39
420031114002,Tract 1114 · BG 2,42003111400,1.0,478,195,0.248,254,80,0.191,32.5,3.0,0.056,0.0941,0.1249,0.806,0.1841,0.0997,0.329,0.4582,0.094,0.125,0.4623,0.1811,0.238,0.0126,0.0246,1.19,0.0251,0.0427,1.035,55625,45547,0.498,47942,15079,0.191,0.251,0.1052,0.255,0.125,0.1364,0.663,0.6651,0.126,0.115,0.4548,0.1145,0.153,328,84,0.156,0.2256,0.1444,0.389,1952,9,0.003,0.4543,0.1716,0.23,0.0823,0.0683,0.504,0.128,0.0779,0.37,0.2409,0.1013,0.256,0.4882,0.1468,0.183,124,54,0.265,130,66,0.309,0.4477,0.1813,0.246,693,177,0.155,254400,47001,0.112,0.7339,0.3438,0.285,0.1694,0.1702,0.611,0.3077,0.3158,0.624,0.3792,0.1966,0.315,0.0708,0.0702,0.603,0.2375,0.1842,0.471,0.0,0.05,,0.3125,0.2073,0.403,0.2756,0.1396,0.308
420031115001,Tract 1115 · BG 1,42003111500,1.0,1183,387,0.199,785,224,0.173,32.9,3.6,0.067,0.0355,0.0647,1.108,0.1665,0.0864,0.315,0.4505,0.2032,0.274,0.2984,0.1189,0.242,0.246,0.21,0.519,0.0,0.0101,,55750,18178,0.198,48705,11956,0.149,0.1124,0.0903,0.488,0.0781,0.0853,0.664,0.7967,0.1567,0.12,0.5128,0.1635,0.194,1050,248,0.144,0.2524,0.1617,0.39,1970,12,0.004,0.039,0.066,1.028,0.2057,0.1308,0.386,0.1924,0.0903,0.285,0.5476,0.165,0.183,0.9796,0.0919,0.057,769,231,0.183,16,29,1.102,0.9239,0.1137,0.075,1324,457,0.21,,,,0.541,0.1731,0.194,0.1014,0.0647,0.388,0.0,2.1213,,0.3675,0.1785,0.295,0.3986,0.0907,0.138,0.0788,0.0786,0.607,0.0,0.0143,,0.1551,0.1183,0.464,0.4166,0.1678,0.245
420031115002,Tract 1115 · BG 2,42003111500,1.0,1580,711,0.274,946,284,0.182,35.7,3.6,0.061,0.062,0.0852,0.835,0.0215,0.029,0.82,0.2608,0.044,0.103,0.6203,0.3284,0.322,0.0544,0.0307,0.342,0.0127,0.0188,0.902,49500,33776,0.415,33398,11762,0.214,0.3259,0.2314,0.432,0.2782,0.3267,0.714,0.7619,0.1508,0.12,0.5007,0.0922,0.112,1042,321,0.187,0.0921,0.1037,0.684,1982,23,0.007,0.0806,0.1134,0.855,0.0422,0.0476,0.685,0.2543,0.1546,0.37,0.595,0.1815,0.185,0.8636,0.0846,0.06,817,258,0.192,129,128,0.603,0.7367,0.4518,0.373,1130,426,0.229,227200,19388,0.052,0.623,0.2595,0.253,0.4162,0.2627,0.384,0.1008,0.2776,1.675,0.4854,0.3105,0.389,0.1911,0.1116,0.355,0.1401,0.1073,0.465,0.0,0.0153,,0.1834,0.1416,0.469,0.4059,0.2224,0.333
420031115003,Tract 1115 · BG 3,42003111500,1.0,955,553,0.352,415,207,0.303,30.9,1.4,0.028,0.2241,0.113,0.306,0.0607,0.052,0.521,0.0471,0.0471,0.608,0.7288,0.4176,0.348,0.0,0.0126,,0.0,0.0126,,85567,39451,0.28,41063,19656,0.291,0.0335,0.0335,0.608,0.034,0.0544,0.973,0.8731,0.2159,0.15,0.7374,0.0996,0.082,587,239,0.248,0.293,0.2356,0.489,2011,6,0.002,0.2078,0.201,0.588,0.0,0.0289,,0.3867,0.2403,0.378,0.1363,0.0863,0.385,0.8506,0.2758,0.197,353,210,0.362,62,75,0.735,0.7403,0.3783,0.311,1421,189,0.081,188500,6886,0.022,0.2861,0.0881,0.187,0.0737,0.1045,0.862,0.0,0.5474,,0.0,0.0193,,0.5105,0.4449,0.53,0.3671,0.3446,0.571,0.0,0.0193,,0.1224,0.0855,0.425,0.4048,0.2469,0.371
420031203001,Tract 1203 · BG 1,42003120300,1.0,1090,411,0.229,417,95,0.138,34.3,13.6,0.241,0.3468,0.1046,0.183,0.1468,0.0255,0.106,0.0284,0.0233,0.499,0.856,0.1218,0.086,0.0,0.011,,0.0917,0.1417,0.939,36845,12211,0.201,29494,13190,0.272,0.3303,0.1744,0.321,0.1156,0.1305,0.686,0.552,0.1861,0.205,0.4044,0.1791,0.269,504,89,0.107,0.1726,0.1006,0.354,1955,4,0.001,0.6349,0.1896,0.181,0.0,0.0337,,0.0675,0.0878,0.791,0.0198,0.0296,0.906,0.5947,0.1741,0.178,248,92,0.226,169,59,0.212,0.745,0.246,0.201,1145,128,0.068,93300,39724,0.259,0.6048,0.2102,0.211,0.25,0.132,0.321,0.0414,0.1964,2.883,0.3835,0.1052,0.167,0.2244,0.1102,0.298,0.0994,0.1376,0.841,0.0,0.0341,,0.1193,0.1342,0.684,0.3094,0.1648,0.324
420031203002,Tract 1203 · BG 2,42003120300,1.0,417,286,0.417,192,91,0.288,41.8,9.6,0.14,0.2374,0.1659,0.425,0.2758,0.2322,0.512,0.0,0.0288,,1.0,0.0,0.0,0.0,0.0288,,0.0,0.0288,,24914,11896,0.29,15080,6494,0.262,0.5803,0.4077,0.427,0.0769,0.1098,0.868,0.4088,0.1665,0.248,0.2239,0.1999,0.543,290,93,0.195,0.3379,0.1556,0.28,1938,,,0.6586,0.075,0.069,0.031,0.0628,1.23,0.0,0.0585,,0.0,0.0585,,0.5365,0.2897,0.328,103,74,0.437,89,50,0.342,0.5659,0.4019,0.432,,,,79500,41588,0.318,0.4563,0.4334,0.577,0.4272,0.413,0.588,0.2247,0.4086,1.105,0.9167,0.2897,0.192,0.0,0.1,,0.0,0.1,,0.0,0.1,,0.0833,0.1094,0.798,0.2083,0.1532,0.447
420031209001,Tract 1209 · BG 1,42003120900,1.0,439,187,0.259,173,70,0.246,40.8,12.6,0.188,0.1936,0.076,0.239,0.2141,0.0744,0.211,0.123,0.1793,0.886,0.8041,0.1602,0.121,0.0,0.0273,,0.0273,0.044,0.98,33466,10665,0.194,25872,10692,0.251,0.3885,0.2185,0.342,0.1832,0.1757,0.583,0.569,0.1903,0.203,0.2019,0.1065,0.321,355,82,0.14,0.5127,0.1681,0.199,1938,,,0.6873,0.1519,0.134,0.0366,0.0451,0.748,0.0366,0.0512,0.851,0.062,0.0691,0.678,0.5954,0.2162,0.221,103,56,0.331,70,42,0.365,0.5563,0.2579,0.282,1202,218,0.11,58600,33249,0.345,0.6019,0.2883,0.291,0.4951,0.2378,0.292,0.0857,0.4874,3.457,0.5455,0.3077,0.343,0.1758,0.1318,0.456,0.0364,0.0572,0.956,0.0,0.0727,,0.103,0.1339,0.79,0.2081,0.1214,0.355
420031209002,Tract 1209 · BG 2,42003120900,1.0,1034,244,0.143,424,128,0.184,47.1,9.5,0.123,0.2234,0.0799,0.218,0.2882,0.1066,0.225,0.235,0.0275,0.071,0.6983,0.1716,0.149,0.0,0.0116,,0.0222,0.0246,0.672,23214,6579,0.172,23193,5674,0.149,0.2979,0.1365,0.279,0.0381,0.041,0.655,0.4427,0.124,0.17,0.1293,0.0719,0.338,506,127,0.153,0.1621,0.0879,0.33,1940,30,0.009,0.247,0.094,0.231,0.0652,0.0561,0.522,0.0395,0.0612,0.942,0.3241,0.2036,0.382,0.6863,0.2097,0.186,291,125,0.261,133,46,0.21,0.6322,0.2083,0.2,1378,410,0.181,,,,0.5979,0.3195,0.325,0.5567,0.3275,0.358,0.3835,0.3043,0.482,0.4327,0.1535,0.216,0.2401,0.156,0.395,0.0211,0.028,0.805,0.0,0.0317,,0.1689,0.1102,0.397,0.3774,0.2273,0.366
420031302001,Tract 1302 · BG 1,42003130200,1.0,482,336,0.424,129,50,0.236,43.8,27.2,0.378,0.1598,0.1497,0.57,0.2075,0.0585,0.171,0.1535,0.1802,0.713,0.8091,0.3695,0.278,0.0,0.0249,,0.0,0.0249,,45461,16105,0.215,31035,18538,0.363,0.11,0.0986,0.545,0.1158,0.1416,0.743,0.7037,0.2592,0.224,0.1275,0.038,0.181,230,75,0.198,0.4391,0.2023,0.28,1938,,,0.8348,0.3831,0.279,0.1087,0.1184,0.662,0.0,0.0738,,0.0,0.0738,,0.1783,0.1559,0.532,23,22,0.581,106,44,0.252,0.1203,0.092,0.465,1410,85,0.037,109700,35990,0.199,0.6522,1.0198,0.951,0.6522,0.4726,0.44,0.2264,0.3875,1.04,0.7224,0.1781,0.15,0.249,0.1206,0.294,0.0,0.049,,0.0,0.049,,0.0286,0.0446,0.95,0.1163,0.1124,0.588
420031302002,Tract 1302 · BG 2,42003130200,1.0,591,227,0.233,260,77,0.18,48.3,26.5,0.334,0.1337,0.0935,0.425,0.3096,0.0387,0.076,0.0,0.0203,,0.8206,0.4144,0.307,0.0,0.0203,,0.1591,0.2429,0.928,53071,5080,0.058,39715,15236,0.233,0.1962,0.2131,0.66,0.0,0.0379,,0.6191,0.2132,0.209,0.0889,0.0639,0.437,397,78,0.119,0.3451,0.1379,0.243,1938,,,0.7431,0.1701,0.139,0.1738,0.1145,0.4,0.0,0.0427,,0.0,0.0427,,0.4192,0.2081,0.302,109,63,0.351,151,69,0.278,0.401,0.2144,0.325,1298,779,0.365,63000,25621,0.247,0.3394,0.2902,0.52,0.055,0.0762,0.841,0.0993,0.2092,1.28,0.3628,0.1189,0.199,0.1073,0.1586,0.899,0.0978,0.1132,0.704,0.0,0.0379,,0.0568,0.0635,0.68,0.3115,0.1697,0.331
420031306001,Tract 1306 · BG 1,42003130600,1.0,344,145,0.256,233,93,0.243,63.3,6.0,0.058,0.0,0.0987,,0.407,0.258,0.385,0.0465,0.067,0.875,0.8983,0.1852,0.125,0.0,0.0349,,0.0,0.0349,,,,,27642,14765,0.325,0.4419,0.2574,0.354,0.0,0.0916,,0.3808,0.3228,0.515,0.2222,0.1689,0.462,390,134,0.209,0.4026,0.1911,0.289,1938,,,0.5846,0.1332,0.139,0.0231,0.0466,1.228,0.2026,0.2339,0.702,0.1103,0.1275,0.703,0.5279,0.364,0.419,123,98,0.484,110,56,0.309,0.4503,0.3048,0.411,,,,65200,36558,0.341,0.7642,0.5366,0.427,0.0,0.0976,,0.1364,0.3046,1.358,0.6794,0.4253,0.381,0.0,0.0916,,0.0,0.0916,,0.0,0.0916,,0.3206,0.1251,0.237,0.3519,0.3693,0.638
420031306002,Tract 1306 · BG 2,42003130600,1.0,3650,592,0.099,999,159,0.097,19.1,3.1,0.099,0.4611,0.1042,0.137,0.0803,0.0316,0.24,0.0395,0.0497,0.766,0.9093,0.2011,0.134,0.0145,0.0717,3.003,0.0293,0.0289,0.6,32875,19703,0.364,14696,3807,0.157,0.5173,0.1643,0.193,0.2098,0.1251,0.362,0.6261,0.047,0.046,0.1162,0.0709,0.371,1107,152,0.083,0.0976,0.0553,0.345,1974,5,0.002,0.3026,0.0972,0.195,0.0912,0.0711,0.474,0.1752,0.121,0.42,0.0136,0.0291,1.307,0.6717,0.0688,0.062,671,127,0.115,328,133,0.246,0.7551,0.1051,0.085,748,429,0.349,156000,95531,0.372,0.5022,0.2136,0.259,0.2727,0.1697,0.378,0.25,0.2072,0.504,0.42,0.1773,0.257,0.201,0.1874,0.567,0.027,0.0434,0.977,0.0,0.012,,0.07,0.0757,0.657,0.3153,0.1357,0.262
420031307001,Tract 1307 · BG 1,42003130700,1.0,1134,398,0.213,426,116,0.166,25.2,8.1,0.195,0.3765,0.1513,0.244,0.0344,0.045,0.795,0.0053,0.0077,0.887,0.8122,0.1877,0.14,0.0,0.0106,,0.0,0.0106,,31220,8913,0.174,18049,9018,0.304,0.6675,0.3527,0.321,0.3342,0.2737,0.498,0.5672,0.1586,0.17,0.149,0.1082,0.441,514,114,0.135,0.1712,0.1124,0.399,1955,14,0.004,0.3891,0.1388,0.217,0.0486,0.0555,0.694,0.179,0.1463,0.497,0.0,0.033,,0.6596,0.1952,0.18,281,113,0.244,145,68,0.285,0.7778,0.2019,0.158,,,,55900,33309,0.362,0.5836,0.3435,0.358,0.2491,0.2203,0.538,0.2345,0.2269,0.588,0.6457,0.3594,0.338,0.3049,0.2623,0.523,0.0,0.0538,,0.0,0.0538,,0.0,0.0538,,0.5493,0.2241,0.248
420031307002,Tract 1307 · BG 2,42003130700,1.0,655,304,0.282,295,120,0.247,38.9,35.8,0.559,0.2137,0.1016,0.289,0.3038,0.0699,0.14,0.0,0.0183,,0.9267,0.1172,0.077,0.0,0.0183,,0.0733,0.1093,0.907,50391,36256,0.437,26641,9629,0.22,0.3573,0.245,0.417,0.117,0.1245,0.647,0.5476,0.1687,0.187,0.1102,0.0746,0.412,442,126,0.173,0.3326,0.138,0.252,1938,,,0.5068,0.0974,0.117,0.1018,0.0949,0.567,0.0,0.0384,,0.0,0.0384,,0.5085,0.2054,0.246,150,86,0.349,145,84,0.352,0.4489,0.2169,0.294,1167,130,0.068,53700,24263,0.275,0.3467,0.3152,0.553,0.16,0.1777,0.675,0.4207,0.2931,0.424,0.6064,0.1611,0.162,0.1004,0.1083,0.656,0.1124,0.1665,0.9,0.0,0.0482,,0.1807,0.1584,0.533,0.2475,0.1641,0.403
420031307003,Tract 1307 · BG 3,42003130700,1.0,545,235,0.262,343,119,0.211,63.3,6.2,0.06,0.1394,0.0585,0.255,0.4349,0.0602,0.084,0.2661,0.238,0.544,0.7339,0.1176,0.097,0.0,0.022,,0.0,0.022,,24250,14309,0.359,25154,6230,0.151,0.3665,0.1895,0.314,0.0472,0.071,0.915,0.4968,0.2433,0.298,0.2624,0.1303,0.302,399,118,0.18,0.1404,0.1314,0.569,1947,29,0.009,0.3233,0.1501,0.282,0.1203,0.1584,0.8,0.0251,0.0496,1.202,0.3734,0.152,0.247,0.6093,0.1603,0.16,209,91,0.265,134,72,0.327,0.5167,0.1637,0.193,490,135,0.167,178000,105959,0.362,0.2967,0.1426,0.292,0.0431,0.0643,0.908,0.3955,0.4827,0.742,0.6532,0.4115,0.383,0.1036,0.0889,0.522,0.0631,0.0847,0.817,0.0541,0.0826,0.929,0.0,0.0541,,0.2449,0.1303,0.324
420031308001,Tract 1308 · BG 1,42003130800,1.0,752,257,0.208,385,175,0.276,54.1,38.8,0.436,0.1782,0.1363,0.465,0.1915,0.1311,0.416,0.0878,0.1241,0.859,0.7314,0.2688,0.223,0.0,0.016,,0.0665,0.082,0.75,33152,7288,0.134,23894,7437,0.189,0.2061,0.1937,0.571,0.1545,0.122,0.48,0.555,0.2933,0.321,0.3877,0.1793,0.281,510,177,0.211,0.2451,0.1027,0.255,1938,,,0.5706,0.151,0.161,0.1843,0.2134,0.704,0.0902,0.0878,0.592,0.0,0.0333,,0.3688,0.2689,0.443,142,122,0.522,243,130,0.325,0.4801,0.255,0.323,1663,890,0.325,66800,40431,0.368,0.5704,0.6284,0.67,0.507,0.6491,0.778,0.2428,0.1843,0.461,0.6724,0.3783,0.342,0.1,0.0956,0.581,0.0,0.0414,,0.0,0.0414,,0.1034,0.1345,0.79,0.1065,0.0958,0.547
420031308002,Tract 1308 · BG 2,42003130800,1.0,901,399,0.269,407,126,0.188,24.8,14.5,0.355,0.4107,0.0936,0.139,0.1398,0.0812,0.353,0.0832,0.1349,0.985,0.7592,0.2744,0.22,0.0,0.0133,,0.0033,0.0076,1.393,22824,15997,0.426,13059,4752,0.221,0.3984,0.1774,0.271,0.2063,0.2032,0.599,0.5869,0.2391,0.248,0.0224,0.0567,1.537,742,147,0.12,0.4515,0.1199,0.161,1938,,,0.2116,0.1153,0.331,0.1429,0.0809,0.344,0.0728,0.0852,0.712,0.1617,0.1084,0.407,0.8231,0.1277,0.094,335,116,0.21,72,70,0.591,0.8793,0.1978,0.137,716,379,0.322,109500,14686,0.082,0.7493,0.3739,0.303,0.2597,0.2309,0.54,0.1389,0.4686,2.051,0.2302,0.2864,0.756,0.6642,0.0842,0.077,0.1057,0.158,0.909,0.0,0.0453,,0.0,0.0453,,0.4128,0.1959,0.288
420031308003,Tract 1308 · BG 3,42003130800,1.0,533,393,0.448,146,93,0.387,13.7,6.6,0.293,0.5685,0.5072,0.542,0.0469,0.1001,1.297,0.1501,0.2046,0.829,0.7842,0.3598,0.279,0.0,0.0225,,0.0,0.0225,,23000,19299,0.51,8595,3364,0.238,0.3396,0.1686,0.302,0.129,0.1774,0.836,0.5391,0.1818,0.205,0.1514,0.2363,0.949,278,100,0.219,0.4748,0.1649,0.211,1951,21,0.007,0.446,0.2124,0.289,0.1151,0.1229,0.649,0.0612,0.104,1.034,0.1115,0.1519,0.828,1.0,0.0,0.0,146,93,0.387,0,12,,1.0,0.0,0.0,581,383,0.401,,,,0.6507,0.2695,0.252,0.2329,0.2623,0.685,,,,0.6204,0.4688,0.459,0.3796,0.3719,0.596,0.0,0.1111,,0.0,0.1111,,0.0,0.1111,,0.6849,0.3304,0.293
420031401001,Tract 1401 · BG 1,42003140100,1.0,3697,370,0.061,538,123,0.139,19.8,0.3,0.009,0.0692,0.0203,0.178,0.0782,0.0229,0.178,0.571,0.0639,0.068,0.0533,0.0246,0.28,0.2654,0.0572,0.131,0.0652,0.0232,0.216,131250,61254,0.284,39071,12588,0.196,0.2404,0.2013,0.509,0.0324,0.0236,0.443,0.4142,0.0471,0.069,0.907,0.1534,0.103,594,125,0.128,0.0943,0.1008,0.65,1953,15,0.005,0.5303,0.0322,0.037,0.0,0.0286,,0.0892,0.0561,0.382,0.1599,0.073,0.278,0.3941,0.1918,0.296,212,114,0.327,326,72,0.134,0.3962,0.2327,0.357,2092,352,0.102,717600,171823,0.146,0.7736,0.3757,0.295,0.7736,0.3627,0.285,0.0521,0.1273,1.484,0.1979,0.0859,0.264,0.0318,0.0253,0.484,0.4365,0.0777,0.108,0.0266,0.0299,0.684,0.2378,0.099,0.253,0.2212,0.1975,0.543
420031401002,Tract 1401 · BG 2,42003140100,1.0,2549,425,0.101,510,105,0.125,20.0,0.6,0.018,0.1679,0.0679,0.246,0.0741,0.0242,0.199,0.634,0.1006,0.096,0.0432,0.0314,0.442,0.1809,0.0699,0.235,0.0777,0.0562,0.44,250001,,,87928,24363,0.168,0.0529,0.0679,0.781,0.0352,0.0406,0.703,0.5433,0.0719,0.08,0.7981,0.1027,0.078,551,105,0.116,0.0744,0.0841,0.687,1938,,,0.6479,0.1355,0.127,0.0,0.0308,,0.0163,0.0333,1.24,0.0871,0.066,0.46,0.0765,0.0668,0.531,39,35,0.546,471,103,0.133,0.0814,0.0717,0.536,2338,459,0.119,820200,162581,0.12,0.5641,0.5882,0.634,0.5641,0.2489,0.268,0.0679,0.0977,0.874,0.3309,0.1099,0.202,0.1243,0.0712,0.348,0.2678,0.1016,0.231,0.043,0.0347,0.491,0.2157,0.0664,0.187,0.0196,0.0374,1.161
420031401003,Tract 1401 · BG 3,42003140100,1.0,0,12,,0,12,,,,,,,,,,,,,,,,,,,,,,,,,,,,,,,,,,,,,,,,,0,12,,,,,,,,,,,,,,,,,,,,,,,0,12,,0,12,,,,,,,,,,,,,,,,,,,,,,,,,,,,,,,,,,,,,
420031402001,Tract 1402 · BG 1,42003140200,1.0,1355,462,0.207,259,87,0.204,20.3,0.8,0.024,0.1638,0.1024,0.38,0.1011,0.0335,0.201,0.7742,0.2329,0.183,0.0258,0.0243,0.571,0.09,0.0319,0.215,0.0701,0.0548,0.475,122067,82531,0.411,53406,13290,0.151,0.0616,0.042,0.414,0.011,0.0154,0.848,0.5547,0.1353,0.148,0.8925,0.5712,0.389,259,87,0.204,0.0,0.0463,,1956,4,0.001,0.583,0.2288,0.239,0.1004,0.0956,0.579,0.1236,0.0949,0.467,0.1931,0.1278,0.402,0.3822,0.071,0.113,99,38,0.233,160,84,0.319,0.1977,0.1709,0.526,1238,317,0.156,833300,319805,0.233,0.7475,0.4172,0.339,0.404,0.3064,0.461,0.1188,0.2194,1.123,0.3311,0.168,0.308,0.0648,0.0522,0.489,0.2884,0.031,0.065,0.0307,0.0272,0.539,0.2594,0.12,0.281,0.1776,0.1177,0.403
420031402002,Tract 1402 · BG 2,42003140200,1.0,1182,157,0.081,594,77,0.079,26.5,4.4,0.101,0.1565,0.0477,0.185,0.0635,0.0462,0.443,0.5998,0.1073,0.109,0.0271,0.0388,0.87,0.3063,0.078,0.155,0.0355,0.0352,0.603,51310,6410,0.076,76568,26380,0.209,0.2758,0.1047,0.231,0.0074,0.0135,1.11,0.7963,0.0668,0.051,0.8625,0.1059,0.075,715,82,0.07,0.1692,0.1144,0.411,1965,11,0.003,0.2615,0.0678,0.158,0.0853,0.0639,0.455,0.2629,0.1145,0.265,0.3357,0.1357,0.246,0.6785,0.0809,0.073,403,71,0.107,191,56,0.178,0.5423,0.0739,0.083,1228,105,0.052,742300,189052,0.155,0.6526,0.1795,0.167,0.4243,0.1513,0.217,0.2199,0.21,0.581,0.2888,0.0937,0.197,0.2146,0.0962,0.272,0.1592,0.0708,0.27,0.0,0.0162,,0.305,0.141,0.281,0.3636,0.1008,0.169
420031403001,Tract 1403 · BG 1,42003140300,1.0,937,280,0.182,343,84,0.149,35.1,1.8,0.031,0.2903,0.0658,0.138,0.1035,0.0457,0.268,0.7855,0.3231,0.25,0.0,0.0128,,0.095,0.1161,0.743,0.0,0.0128,,112788,68377,0.369,61564,14804,0.146,0.1067,0.1245,0.709,0.0221,0.0378,1.04,0.7881,0.1418,0.109,0.8979,0.0496,0.034,351,85,0.147,0.0228,0.0337,0.9,1938,,,0.3219,0.0831,0.157,0.3419,0.1283,0.228,0.0342,0.0684,1.216,0.0,0.0483,,0.4956,0.1854,0.227,170,76,0.272,173,51,0.179,0.4525,0.1971,0.265,1902,398,0.127,482300,90485,0.114,0.3412,0.1801,0.321,0.1941,0.1736,0.544,0.1792,0.196,0.665,0.4181,0.2181,0.317,0.0829,0.0561,0.411,0.0,0.0226,,0.0169,0.0275,0.987,0.4331,0.2851,0.4,0.1079,0.0791,0.446
420031403002,Tract 1403 · BG 2,42003140300,1.0,978,216,0.134,334,63,0.115,44.3,4.0,0.055,0.1994,0.0894,0.273,0.2495,0.0539,0.131,0.7894,0.068,0.052,0.0337,0.0516,0.93,0.0378,0.0452,0.727,0.0777,0.0987,0.772,219821,93997,0.26,100218,18233,0.111,0.0,0.0174,,0.0099,0.0146,0.897,0.7454,0.1031,0.084,0.949,0.1386,0.089,421,90,0.13,0.2067,0.1726,0.508,1938,,,0.5558,0.1059,0.116,0.0926,0.0813,0.534,0.171,0.1601,0.569,0.0,0.0403,,0.2575,0.1192,0.281,86,43,0.304,248,53,0.13,0.2423,0.1448,0.363,2604,441,0.103,724700,100786,0.085,0.1163,0.3068,1.604,0.0,0.1395,,0.121,0.1674,0.841,0.4206,0.1806,0.261,0.0794,0.0903,0.691,0.0135,0.0216,0.974,0.0557,0.0553,0.604,0.3598,0.1039,0.176,0.0659,0.0794,0.733
420031403003,Tract 1403 · BG 3,42003140300,1.0,549,198,0.219,249,86,0.21,34.6,3.8,0.067,0.0656,0.0764,0.709,0.1403,0.0912,0.395,0.7887,0.3944,0.304,0.0,0.0219,,0.02,0.0282,0.857,0.0838,0.1164,0.844,137321,73584,0.326,88040,23833,0.165,0.1257,0.1212,0.586,0.0,0.0313,,0.7466,0.1755,0.143,0.7489,0.0719,0.058,295,92,0.19,0.1559,0.1553,0.605,1951,24,0.007,0.3966,0.144,0.221,0.5322,0.2239,0.256,0.0,0.0575,,0.0,0.0575,,0.4096,0.2194,0.326,102,65,0.387,147,61,0.252,0.5191,0.2351,0.275,1908,296,0.094,718800,340758,0.288,0.2255,0.293,0.79,0.2255,0.2105,0.568,0.3197,0.3479,0.661,0.3159,0.182,0.35,0.1932,0.234,0.736,0.0339,0.0556,0.996,0.0,0.0313,,0.3577,0.2466,0.419,0.0,0.0682,
420031403004,Tract 1403 · BG 4,42003140300,1.0,123,148,0.731,48,45,0.57,28.7,18.1,0.383,0.0244,0.2597,6.472,0.1951,0.2607,0.812,0.1951,0.2856,0.89,0.0,0.0976,,0.748,0.7863,0.639,0.0569,0.0695,0.742,2499,,,20427,39486,1.175,0.748,0.7924,0.644,0.0,0.7059,,0.1417,0.0555,0.238,0.9083,1.3627,0.912,48,45,0.57,0.0,0.25,,1938,,,0.2292,0.3074,0.815,0.0,0.3536,,0.0,0.3536,,0.0,0.3536,,0.5417,0.7126,0.8,26,42,0.982,22,17,0.47,0.748,0.7863,0.639,,,,,,,0.0,0.9231,,0.0,0.4615,,0.0,1.5428,,0.6471,1.134,1.065,0.0,0.7059,,0.3529,0.4583,0.789,0.0,0.7059,,0.0,0.7059,,0.0,0.3536,
420031403005,Tract 1403 · BG 5,42003140300,1.0,813,278,0.208,361,88,0.148,33.7,10.8,0.195,0.0824,0.0481,0.354,0.2226,0.0482,0.132,0.6937,0.1022,0.09,0.0849,0.1246,0.892,0.1427,0.0952,0.406,0.032,0.0404,0.767,94531,31620,0.203,80631,29199,0.22,0.1451,0.0898,0.376,0.095,0.0725,0.464,0.653,0.1168,0.109,0.7564,0.3033,0.244,425,88,0.126,0.1506,0.1713,0.692,1938,,,0.2941,0.1377,0.285,0.2941,0.1556,0.322,0.0,0.0399,,0.28,0.101,0.219,0.6731,0.153,0.138,243,81,0.203,118,49,0.252,0.5499,0.1428,0.158,2034,250,0.075,583300,132039,0.138,0.4897,0.2546,0.316,0.3786,0.2451,0.394,0.0,0.2876,,0.3991,0.1554,0.237,0.1519,0.1739,0.696,0.1542,0.1663,0.656,0.0,0.0272,,0.2313,0.0988,0.26,0.1828,0.1381,0.459
420031404001,Tract 1404 · BG 1,42003140400,1.0,613,112,0.111,245,47,0.117,41.2,4.3,0.063,0.2496,0.0575,0.14,0.1958,0.0626,0.194,0.708,0.0939,0.081,0.0114,0.0178,0.949,0.1452,0.0891,0.373,0.1093,0.1008,0.561,160625,128127,0.485,85018,15178,0.109,0.0571,0.0456,0.485,0.0302,0.0325,0.655,0.7013,0.0865,0.075,0.8575,0.0631,0.045,298,49,0.1,0.1779,0.1344,0.46,1938,,,0.6443,0.1301,0.123,0.245,0.1198,0.297,0.0,0.0569,,0.0168,0.0465,1.686,0.2571,0.1297,0.307,63,34,0.328,182,42,0.14,0.2251,0.1307,0.353,3132,473,0.092,791000,69526,0.053,0.4762,0.4804,0.613,0.254,0.3384,0.81,0.1923,0.1572,0.497,0.5573,0.1198,0.131,0.0191,0.0219,0.695,0.0541,0.0494,0.555,0.0446,0.0499,0.681,0.3248,0.1072,0.201,0.049,0.0686,0.852
420031404002,Tract 1404 · BG 2,42003140400,1.0,558,104,0.113,211,39,0.112,45.8,7.9,0.105,0.2222,0.0525,0.144,0.3423,0.1008,0.179,0.8638,0.0746,0.052,0.0,0.0215,,0.0609,0.0544,0.543,0.009,0.0124,0.843,250001,,,145758,46232,0.193,0.0108,0.0279,1.579,0.0,0.0469,,0.5664,0.0737,0.079,0.8768,0.1024,0.071,230,42,0.111,0.0826,0.1033,0.76,1938,,,0.9478,0.0707,0.045,0.0261,0.065,1.516,0.0,0.0738,,0.0,0.0738,,0.0284,0.0423,0.905,6,9,0.912,205,38,0.113,0.0215,0.032,0.905,,,,703400,147083,0.127,0.0,4.0,,0.0,2.0,,0.0829,0.1508,1.105,0.6328,0.1178,0.113,0.0117,0.0193,1.003,0.0,0.0469,,0.0469,0.0496,0.643,0.293,0.091,0.189,0.0,0.0804,
420031404003,Tract 1404 · BG 3,42003140400,1.0,1029,319,0.188,420,88,0.127,51.4,6.7,0.079,0.1205,0.0151,0.076,0.2012,0.0877,0.265,0.8931,0.1479,0.101,0.001,0.0029,1.814,0.0185,0.0186,0.612,0.0379,0.0277,0.445,193063,62507,0.197,103947,22359,0.131,0.0845,0.0447,0.322,0.0186,0.0206,0.674,0.6509,0.1404,0.131,0.8854,0.1285,0.088,443,88,0.121,0.0519,0.0624,0.73,1938,,,0.7156,0.1322,0.112,0.1174,0.0802,0.415,0.0,0.0383,,0.0,0.0383,,0.1262,0.0507,0.244,53,24,0.275,367,88,0.146,0.1215,0.0543,0.272,1740,236,0.082,582600,221614,0.231,0.5094,0.4399,0.525,0.4151,0.2829,0.414,0.2643,0.1824,0.42,0.3517,0.0109,0.019,0.0379,0.0326,0.522,0.1,0.0966,0.587,0.0672,0.0476,0.43,0.3534,0.1173,0.202,0.0119,0.0158,0.806
420031405001,Tract 1405 · BG 1,42003140500,1.0,449,158,0.214,243,92,0.23,33.6,4.5,0.081,0.0846,0.0841,0.604,0.2428,0.1086,0.272,0.6503,0.1506,0.141,0.1715,0.1117,0.396,0.02,0.0327,0.99,0.1381,0.1411,0.621,85450,27697,0.197,58104,23894,0.25,0.1448,0.1411,0.593,0.1017,0.1466,0.877,0.7178,0.1631,0.138,0.7405,0.1498,0.123,313,114,0.221,0.2236,0.2014,0.547,1938,,,0.0703,0.0655,0.566,0.2684,0.1537,0.348,0.393,0.2019,0.312,0.0096,0.0442,2.806,0.5761,0.1944,0.205,140,71,0.308,103,57,0.336,0.5947,0.2342,0.239,1216,176,0.088,287800,36534,0.077,0.2071,0.245,0.719,0.1571,0.2066,0.799,0.0874,0.3296,2.293,0.3661,0.1873,0.311,0.0,0.0472,,0.0,0.0472,,0.0748,0.1167,0.949,0.5236,0.1791,0.208,0.3251,0.2252,0.421
420031405002,Tract 1405 · BG 2,42003140500,1.0,1889,338,0.109,890,250,0.171,32.8,2.9,0.054,0.0948,0.0391,0.251,0.0969,0.0407,0.255,0.5701,0.154,0.164,0.1292,0.0726,0.342,0.0805,0.0942,0.712,0.0254,0.0191,0.456,95951,3562,0.023,61213,11870,0.118,0.0937,0.0749,0.486,0.0771,0.0503,0.397,0.7528,0.0879,0.071,0.7695,0.154,0.122,916,253,0.168,0.0284,0.0441,0.944,1938,,,0.429,0.23,0.326,0.3701,0.0848,0.139,0.1496,0.0761,0.309,0.0087,0.02,1.391,0.5708,0.2109,0.225,508,122,0.146,382,233,0.371,0.5922,0.1037,0.106,1464,231,0.096,,,,0.3327,0.1472,0.269,0.0906,0.0549,0.369,0.0785,0.0856,0.662,0.4578,0.095,0.126,0.1261,0.0711,0.343,0.0008,0.0025,1.818,0.0409,0.0535,0.794,0.2206,0.0715,0.197,0.1461,0.0697,0.29
420031408001,Tract 1408 · BG 1,42003140800,1.0,1904,386,0.123,700,114,0.099,38.4,3.5,0.055,0.2532,0.0524,0.126,0.2379,0.0557,0.142,0.7159,0.1385,0.118,0.1234,0.1112,0.548,0.1003,0.0772,0.468,0.0378,0.0316,0.509,115577,26769,0.141,60614,11460,0.115,0.0625,0.0598,0.582,0.0094,0.0145,0.936,0.6173,0.189,0.186,0.8241,0.2463,0.182,745,120,0.098,0.0604,0.0745,0.75,1938,,,0.5396,0.1005,0.113,0.1396,0.0799,0.348,0.0362,0.0339,0.569,0.1718,0.0871,0.308,0.3614,0.0808,0.136,253,70,0.168,447,101,0.137,0.2962,0.0868,0.178,1375,340,0.15,621800,86601,0.085,0.3281,0.1459,0.27,0.1107,0.1186,0.652,0.1029,0.1155,0.682,0.5634,0.1443,0.156,0.078,0.0455,0.355,0.0758,0.0375,0.301,0.0173,0.0257,0.902,0.1528,0.0796,0.317,0.0929,0.061,0.399
420031408002,Tract 1408 · BG 2,42003140800,1.0,1970,517,0.16,684,139,0.124,33.5,6.5,0.118,0.2731,0.0481,0.107,0.1061,0.0219,0.125,0.8041,0.1569,0.119,0.0071,0.01,0.854,0.1137,0.0772,0.413,0.0218,0.0216,0.601,121220,40126,0.201,56502,13338,0.144,0.116,0.0586,0.307,0.0,0.012,,0.6786,0.075,0.067,0.849,0.2382,0.171,783,150,0.116,0.1264,0.094,0.452,1938,,,0.5275,0.1301,0.15,0.1507,0.0627,0.253,0.0996,0.0674,0.411,0.0409,0.0393,0.585,0.4196,0.1364,0.198,287,110,0.233,397,99,0.152,0.3115,0.0778,0.152,1464,221,0.092,618900,71989,0.071,0.4286,0.2443,0.347,0.1185,0.066,0.339,0.3073,0.1933,0.382,0.2392,0.0971,0.247,0.207,0.0622,0.183,0.1166,0.1174,0.612,0.0,0.0121,,0.3608,0.1037,0.175,0.2222,0.1376,0.376
420031408003,Tract 1408 · BG 3,42003140800,1.0,857,313,0.222,489,175,0.218,38.1,10.6,0.169,0.1587,0.096,0.368,0.2065,0.0609,0.179,0.5543,0.253,0.277,0.0,0.014,,0.2357,0.1657,0.427,0.0093,0.0148,0.963,65880,45634,0.421,35937,9343,0.158,0.2007,0.0653,0.198,0.087,0.1025,0.717,0.6699,0.2129,0.193,0.8578,0.1711,0.121,489,175,0.218,0.0,0.0245,,1944,5,0.002,0.0961,0.0458,0.29,0.2331,0.0814,0.212,0.2577,0.2651,0.625,0.2127,0.1266,0.362,0.8957,0.1637,0.111,438,176,0.244,51,34,0.405,0.9055,0.1734,0.116,1467,461,0.191,408900,195277,0.29,0.4338,0.1599,0.224,0.2397,0.1332,0.338,0.1961,0.676,2.096,0.3095,0.2389,0.469,0.3533,0.2665,0.458,0.127,0.0896,0.429,0.0254,0.0373,0.892,0.1848,0.0999,0.329,0.3742,0.2542,0.413
420031411001,Tract 1411 · BG 1,42003141100,1.0,1369,183,0.081,611,57,0.057,45.7,7.6,0.101,0.141,0.0466,0.201,0.271,0.046,0.103,0.9036,0.0698,0.047,0.0387,0.0413,0.649,0.0153,0.0115,0.456,0.0161,0.0189,0.714,103750,9434,0.055,52890,9134,0.105,0.0774,0.0421,0.331,0.0945,0.0762,0.49,0.6655,0.0885,0.081,0.5688,0.0783,0.084,626,53,0.051,0.024,0.0367,0.931,1946,9,0.003,0.9137,0.0538,0.036,0.0415,0.059,0.864,0.0,0.0271,,0.0,0.0271,,0.1489,0.0773,0.316,91,48,0.321,520,66,0.077,0.129,0.069,0.325,1371,307,0.136,252700,36936,0.089,0.4505,0.4013,0.541,0.4505,0.3299,0.445,0.1038,0.0644,0.377,0.6376,0.0824,0.079,0.0351,0.023,0.399,0.0,0.0169,,0.0,0.0169,,0.2402,0.0626,0.158,0.0,0.0278,
420031412001,Tract 1412 · BG 1,42003141200,1.0,10,14,0.851,10,14,0.851,,,,0.0,3.3941,,1.0,3.9799,2.419,1.0,0.0,0.0,0.0,1.2,,0.0,1.2,,0.0,1.2,,,,,,,,0.0,1.6971,,0.0,1.2,,1.0,0.0,0.0,0.0,2.4,,10,14,0.851,0.0,1.2,,,,,1.0,0.0,0.0,0.0,1.6971,,0.0,1.6971,,0.0,1.6971,,0.0,1.2,,0,12,,10,14,0.851,0.0,1.2,,,,,,,,,,,,,,0.0,3.3941,,0.0,1.2,,0.0,1.2,,0.0,1.2,,0.0,1.2,,1.0,0.0,0.0,1.0,1.2,0.729
420031412002,Tract 1412 · BG 2,42003141200,1.0,2719,402,0.09,1201,143,0.072,43.9,5.8,0.08,0.1427,0.0373,0.159,0.2218,0.0429,0.118,0.7985,0.06,0.046,0.0706,0.0762,0.656,0.0474,0.0339,0.434,0.0497,0.0327,0.4,112266,13468,0.073,64293,9736,0.092,0.0729,0.0448,0.373,0.0258,0.0198,0.465,0.7592,0.0694,0.056,0.7992,0.0694,0.053,1288,140,0.066,0.0675,0.057,0.513,1938,,,0.5668,0.0905,0.097,0.1871,0.0627,0.204,0.0443,0.0288,0.396,0.0241,0.0303,0.766,0.3147,0.0808,0.156,378,107,0.172,823,139,0.103,0.2125,0.0572,0.164,1179,203,0.105,391000,35997,0.056,0.3519,0.207,0.358,0.254,0.2019,0.483,0.2151,0.1196,0.338,0.4087,0.0893,0.133,0.0619,0.0348,0.342,0.0143,0.0153,0.651,0.0155,0.0128,0.504,0.4593,0.094,0.124,0.0475,0.0384,0.491
420031412003,Tract 1412 · BG 3,42003141200,1.0,1468,262,0.108,622,102,0.1,40.7,8.4,0.125,0.2405,0.0582,0.147,0.2214,0.0494,0.136,0.8338,0.0269,0.02,0.0327,0.0535,0.995,0.0266,0.0234,0.535,0.0211,0.0339,0.974,167778,32008,0.116,86110,14513,0.102,0.047,0.0547,0.707,0.0,0.0155,,0.6852,0.0741,0.066,0.8097,0.1008,0.076,661,100,0.092,0.059,0.0721,0.743,1938,,,0.8154,0.0644,0.048,0.0272,0.03,0.669,0.0499,0.0638,0.777,0.0091,0.0227,1.517,0.1688,0.0958,0.345,105,62,0.359,517,92,0.108,0.1118,0.0842,0.458,1645,635,0.235,587100,73608,0.076,0.3619,0.3717,0.624,0.0571,0.0992,1.055,0.1528,0.1029,0.409,0.5626,0.1097,0.119,0.0387,0.0367,0.576,0.0181,0.019,0.641,0.0142,0.0218,0.932,0.3097,0.0814,0.16,0.0466,0.0369,0.481
420031413001,Tract 1413 · BG 1,42003141300,1.0,1316,464,0.214,713,211,0.18,36.1,9.7,0.163,0.0866,0.0503,0.353,0.234,0.0536,0.139,0.6831,0.0641,0.057,0.0,0.0091,,0.2606,0.1522,0.355,0.0,0.0091,,41016,24742,0.367,62672,23261,0.226,0.3153,0.189,0.364,0.0,0.0171,,0.5741,0.1245,0.132,0.87,0.099,0.069,804,215,0.163,0.1132,0.1168,0.627,1952,28,0.009,0.2861,0.0901,0.191,0.2065,0.2238,0.659,0.1692,0.1078,0.388,0.2289,0.0963,0.256,0.6059,0.2248,0.226,432,205,0.288,281,98,0.212,0.5198,0.1778,0.208,1247,273,0.133,481500,151980,0.192,0.7153,0.3628,0.308,0.4421,0.3839,0.528,0.3488,0.245,0.427,0.2026,0.1366,0.41,0.1427,0.1079,0.46,0.0414,0.0663,0.975,0.0685,0.0899,0.798,0.4879,0.2531,0.315,0.4292,0.2394,0.339
420031413002,Tract 1413 · BG 2,42003141300,1.0,1356,427,0.191,630,148,0.143,30.0,6.1,0.124,0.0627,0.0764,0.741,0.2279,0.0863,0.23,0.7581,0.2187,0.175,0.0,0.0088,,0.1578,0.0811,0.312,0.059,0.0458,0.472,79375,62080,0.475,86094,33223,0.235,0.1704,0.2165,0.772,0.0502,0.0414,0.501,0.8036,0.1578,0.119,0.8147,0.0637,0.048,686,154,0.136,0.0816,0.1255,0.935,1941,7,0.002,0.2434,0.0997,0.249,0.0466,0.0543,0.708,0.102,0.0732,0.436,0.4694,0.17,0.22,0.746,0.1392,0.113,470,141,0.182,160,83,0.315,0.6925,0.203,0.178,1479,274,0.113,368400,116322,0.192,0.3596,0.1548,0.262,0.0894,0.0695,0.473,0.2375,0.4002,1.024,0.385,0.1571,0.248,0.1638,0.0896,0.332,0.0163,0.0244,0.911,0.0542,0.0478,0.536,0.3416,0.107,0.19,0.2048,0.1067,0.317
420031413003,Tract 1413 · BG 3,42003141300,1.0,2045,407,0.121,956,164,0.104,34.2,6.7,0.119,0.1164,0.0737,0.385,0.1985,0.0539,0.165,0.5922,0.118,0.121,0.0797,0.0426,0.325,0.2587,0.1472,0.346,0.0377,0.0369,0.596,72763,27956,0.234,51979,14722,0.172,0.27,0.0954,0.215,0.028,0.0329,0.716,0.5735,0.0758,0.08,0.5836,0.1265,0.132,969,167,0.105,0.0134,0.0215,0.976,1954,10,0.003,0.1507,0.102,0.412,0.0898,0.0821,0.556,0.4221,0.12,0.173,0.2436,0.0869,0.217,0.728,0.1206,0.101,696,166,0.145,260,107,0.25,0.7092,0.1251,0.107,1356,177,0.079,317500,97779,0.187,0.5187,0.1442,0.169,0.3032,0.1089,0.218,0.05,0.1471,1.789,0.4467,0.136,0.185,0.2525,0.1256,0.303,0.0493,0.048,0.592,0.0217,0.0332,0.929,0.2298,0.0872,0.231,0.2824,0.1131,0.243
420031414001,Tract 1414 · BG 1,42003141400,1.0,908,262,0.175,361,93,0.157,37.3,18.4,0.3,0.2004,0.1101,0.334,0.1619,0.0751,0.282,0.7974,0.0647,0.049,0.0485,0.0747,0.937,0.0286,0.0444,0.942,0.0606,0.0671,0.674,122228,48066,0.239,76912,27741,0.219,0.022,0.0381,1.053,0.0,0.0253,,0.5967,0.1216,0.124,0.8787,0.0759,0.053,361,93,0.157,0.0,0.0332,,1938,,,0.9252,0.0731,0.048,0.0,0.047,,0.0,0.047,,0.0,0.047,,0.1828,0.1449,0.482,66,55,0.507,295,87,0.179,0.1641,0.1246,0.461,1722,413,0.146,352300,26325,0.045,0.2576,0.4695,1.108,0.0,0.1818,,0.0508,0.1253,1.498,0.4978,0.1038,0.127,0.0,0.0261,,0.0,0.0261,,0.0,0.0261,,0.4217,0.2125,0.306,0.036,0.0688,1.161
420031414002,Tract 1414 · BG 2,42003141400,1.0,712,547,0.467,309,219,0.431,44.5,17.0,0.232,0.1601,0.1335,0.507,0.2711,0.2404,0.539,0.7051,0.6871,0.592,0.0323,0.0472,0.889,0.0,0.0169,,0.0,0.0169,,200799,77280,0.234,68031,9997,0.089,0.0197,0.0318,0.983,0.0,0.0285,,0.704,0.5414,0.468,0.9607,0.9885,0.626,309,219,0.431,0.0,0.0388,,1946,112,0.035,0.5275,0.4198,0.484,0.0,0.0549,,0.0,0.0549,,0.0,0.0549,,0.0,0.0388,,0,12,,309,219,0.431,0.0,0.0169,,,,,522800,174117,0.202,,,,,,,0.165,0.0981,0.361,0.5249,0.7206,0.835,0.0,0.0285,,0.0,0.0285,,0.0,0.0285,,0.4751,0.496,0.635,0.0,0.0549,
420031414003,Tract 1414 · BG 3,42003141400,1.0,978,270,0.168,380,93,0.149,37.5,2.6,0.042,0.2362,0.1036,0.267,0.0726,0.0515,0.431,0.6043,0.1368,0.138,0.0,0.0123,,0.1278,0.1057,0.503,0.2106,0.2131,0.615,176477,45270,0.156,66746,13016,0.119,0.0204,0.0374,1.112,0.0408,0.0392,0.585,0.8541,0.0444,0.032,0.9476,0.0933,0.06,412,97,0.143,0.0777,0.0854,0.669,1938,,,0.4976,0.1393,0.17,0.1481,0.1346,0.553,0.051,0.0844,1.006,0.0534,0.0843,0.96,0.2579,0.1703,0.401,98,69,0.428,282,78,0.168,0.1268,0.084,0.403,1267,812,0.39,446600,40699,0.055,0.2245,0.3652,0.989,0.2245,0.2973,0.805,0.0816,0.1442,1.074,0.6536,0.1711,0.159,0.0,0.0196,,0.0392,0.061,0.946,0.0458,0.0706,0.939,0.2451,0.0994,0.247,0.0,0.0447,
420031414004,Tract 1414 · BG 4,42003141400,1.0,2026,558,0.167,937,220,0.143,47.9,5.1,0.065,0.2364,0.0777,0.2,0.3045,0.0104,0.021,0.689,0.1326,0.117,0.0301,0.0335,0.677,0.1219,0.0362,0.18,0.0311,0.0411,0.803,127961,29828,0.142,88195,19167,0.132,0.0561,0.047,0.509,0.067,0.0652,0.591,0.5379,0.1425,0.161,0.6404,0.0765,0.073,1175,264,0.137,0.2026,0.1454,0.436,2001,6,0.002,0.4281,0.1225,0.174,0.0289,0.0329,0.691,0.1557,0.0843,0.329,0.3549,0.1266,0.217,0.4931,0.1255,0.155,462,160,0.211,475,140,0.179,0.3962,0.175,0.268,2042,883,0.263,806200,187275,0.141,0.4351,0.222,0.31,0.2489,0.1723,0.421,0.1726,0.1503,0.529,0.5682,0.2993,0.32,0.0,0.0149,,0.1117,0.1273,0.693,0.0,0.0149,,0.0533,0.0819,0.934,0.1206,0.0893,0.45
420031414005,Tract 1414 · BG 5,42003141400,1.0,738,192,0.158,595,146,0.149,34.2,5.5,0.098,0.0528,0.0702,0.807,0.1328,0.11,0.504,0.5664,0.1458,0.157,0.1545,0.1266,0.498,0.0447,0.0488,0.663,0.1165,0.1362,0.711,34946,6320,0.11,45934,18115,0.24,0.2222,0.1387,0.38,0.1255,0.1382,0.67,0.7411,0.1799,0.148,0.6389,0.1949,0.185,678,154,0.138,0.1224,0.1718,0.853,1946,12,0.004,0.0339,0.0496,0.888,0.0634,0.0584,0.56,0.3938,0.2266,0.35,0.4764,0.1945,0.248,0.9345,0.0598,0.039,556,141,0.154,39,44,0.686,0.8645,0.3162,0.222,943,98,0.063,,,,0.5827,0.2402,0.251,0.1043,0.0953,0.555,0.0,0.8703,,0.3021,0.2137,0.43,0.3867,0.1543,0.243,0.0,0.0275,,0.0,0.0275,,0.2723,0.2501,0.558,0.6185,0.1608,0.158
420031516001,Tract 1516 · BG 1,42003151600,1.0,1252,301,0.146,726,207,0.173,37.7,8.2,0.132,0.1334,0.0485,0.221,0.25,0.1283,0.312,0.7859,0.2553,0.197,0.0,0.0096,,0.1086,0.1137,0.636,0.0743,0.0729,0.597,61818,36824,0.362,48884,8422,0.105,0.0735,0.0801,0.663,0.1253,0.1197,0.581,0.7601,0.1087,0.087,0.6041,0.1033,0.104,801,225,0.171,0.0936,0.1335,0.867,1938,,,0.7591,0.1526,0.122,0.1673,0.1123,0.408,0.0175,0.0309,1.075,0.0,0.0212,,0.2851,0.1295,0.276,207,111,0.326,519,188,0.22,0.2252,0.0942,0.254,1192,120,0.061,226500,27768,0.075,0.6184,0.4095,0.403,0.4251,0.4369,0.625,0.1484,0.162,0.664,0.3963,0.1054,0.162,0.1591,0.0824,0.315,0.0905,0.1258,0.845,0.0328,0.0365,0.677,0.2231,0.0947,0.258,0.1763,0.1378,0.475
420031516002,Tract 1516 · BG 2,42003151600,1.0,1161,283,0.148,527,110,0.127,45.5,10.5,0.14,0.0913,0.0417,0.278,0.2377,0.0818,0.209,0.7907,0.1017,0.078,0.1146,0.1674,0.888,0.0078,0.0119,0.934,0.0482,0.0477,0.601,70486,52535,0.453,51201,9609,0.114,0.0758,0.0732,0.587,0.0645,0.0682,0.642,0.5546,0.1869,0.205,0.5223,0.0793,0.092,614,133,0.132,0.1417,0.1064,0.457,1938,,,0.7655,0.1035,0.082,0.1466,0.1063,0.441,0.0,0.0276,,0.0423,0.0472,0.678,0.2353,0.0985,0.254,124,58,0.284,403,113,0.17,0.1421,0.0566,0.242,1152,400,0.211,211400,27933,0.08,0.4194,0.3505,0.508,0.3387,0.3175,0.57,0.129,0.1393,0.656,0.539,0.1853,0.209,0.0835,0.06,0.437,0.0417,0.046,0.67,0.0581,0.0487,0.51,0.1053,0.0716,0.413,0.1404,0.0969,0.42
420031517001,Tract 1517 · BG 1,42003151700,1.0,1244,446,0.218,720,326,0.275,43.3,16.6,0.233,0.0844,0.0585,0.421,0.0466,0.0484,0.631,0.7765,0.2062,0.161,0.0,0.0096,,0.0932,0.0845,0.551,0.0932,0.1066,0.695,,,,48367,15547,0.195,0.2428,0.2402,0.602,0.0264,0.0425,0.978,0.6787,0.3423,0.307,0.6008,0.3091,0.313,817,323,0.24,0.1187,0.1379,0.706,1938,,,0.5312,0.3248,0.372,0.3293,0.1872,0.346,0.0,0.0208,,0.0,0.0208,,0.5681,0.3522,0.377,409,314,0.467,311,109,0.213,0.4574,0.252,0.335,1655,193,0.071,318400,61928,0.118,0.1222,0.1237,0.615,0.1222,0.1127,0.561,0.3087,0.208,0.41,0.4673,0.1773,0.231,0.09,0.0963,0.65,0.0,0.0174,,0.0,0.0174,,0.2685,0.1568,0.355,0.1708,0.1181,0.42
420031517002,Tract 1517 · BG 2,42003151700,1.0,428,192,0.273,239,92,0.234,41.0,7.4,0.11,0.2056,0.1079,0.319,0.0888,0.1283,0.878,0.8014,0.2357,0.179,0.0,0.028,,0.0,0.028,,0.1098,0.1387,0.768,,,,51577,29000,0.342,0.1285,0.1254,0.593,0.0,0.0456,,0.7735,0.1572,0.124,0.6382,0.2384,0.227,239,92,0.234,0.0,0.0502,,1938,,,0.4393,0.1622,0.224,0.3598,0.2927,0.494,0.0,0.071,,0.0,0.071,,0.6778,0.2943,0.264,162,94,0.353,77,56,0.442,0.5327,0.2301,0.263,1354,97,0.044,172500,156705,0.552,0.5741,0.3382,0.358,0.3333,0.3159,0.576,0.0779,0.4371,3.41,0.4825,0.2931,0.369,0.1595,0.1322,0.504,0.0,0.0467,,0.0,0.0467,,0.358,0.22,0.374,0.0753,0.1281,1.034
420031517003,Tract 1517 · BG 3,42003151700,1.0,500,223,0.271,264,104,0.239,27.9,29.4,0.641,0.148,0.1127,0.463,0.212,0.1536,0.441,0.866,0.17,0.119,0.0,0.024,,0.0,0.024,,0.134,0.1398,0.634,43088,34882,0.492,32522,5037,0.094,0.114,0.0926,0.494,0.0,0.042,,0.637,0.1916,0.183,0.7386,0.2746,0.226,276,106,0.233,0.0435,0.0668,0.934,1958,7,0.002,0.471,0.2626,0.339,0.1775,0.196,0.671,0.1014,0.1141,0.684,0.1812,0.1499,0.503,0.4773,0.2079,0.265,126,74,0.357,138,94,0.414,0.492,0.2016,0.249,1130,113,0.061,257200,75357,0.178,0.3333,0.3746,0.683,0.0,0.0952,,0.5652,0.4424,0.476,0.521,0.2204,0.257,0.0,0.042,,0.0,0.042,,0.0,0.042,,0.4056,0.3544,0.531,0.072,0.1191,1.006
420031517004,Tract 1517 · BG 4,42003151700,1.0,486,244,0.305,253,131,0.315,47.4,28.8,0.369,0.0,0.0698,,0.3786,0.1647,0.265,0.8683,0.1619,0.113,0.0782,0.0816,0.634,0.0,0.0247,,0.0535,0.0579,0.657,95048,68800,0.44,59380,16508,0.169,0.0,0.0349,,0.0,0.0367,,0.6728,0.1885,0.17,0.543,0.163,0.182,317,151,0.29,0.2019,0.3004,0.905,1954,3,0.001,0.9621,0.1043,0.066,0.0379,0.0686,1.101,0.0,0.0535,,0.0,0.0535,,0.2609,0.1496,0.349,66,51,0.47,187,113,0.367,0.2078,0.1165,0.341,1875,432,0.14,240100,26911,0.068,0.2424,0.4683,1.174,0.0,0.1818,,0.0802,0.2175,1.649,0.4648,0.2333,0.305,0.1957,0.1712,0.532,0.0703,0.1024,0.885,0.0,0.0367,,0.2049,0.1601,0.475,0.1779,0.1784,0.61
420031517005,Tract 1517 · BG 5,42003151700,1.0,740,278,0.228,440,196,0.271,61.3,27.0,0.268,0.0851,0.0709,0.506,0.4108,0.2594,0.384,0.8149,0.1397,0.104,0.0216,0.0356,1.0,0.0,0.0162,,0.1568,0.1335,0.518,67333,49438,0.446,59395,17033,0.174,0.1027,0.0763,0.451,0.061,0.086,0.856,0.5081,0.2218,0.265,0.6135,0.3181,0.315,519,215,0.252,0.1522,0.2285,0.912,1938,,,0.684,0.2257,0.201,0.2736,0.2192,0.487,0.0,0.0327,,0.0,0.0327,,0.1795,0.1242,0.421,79,65,0.5,361,193,0.325,0.1784,0.158,0.538,953,866,0.552,286100,69136,0.147,0.2532,0.4124,0.99,0.0,0.1519,,0.482,0.5043,0.636,0.5387,0.2166,0.244,0.0929,0.095,0.622,0.0372,0.0649,1.061,0.0,0.0372,,0.2012,0.1591,0.481,0.0364,0.063,1.054
420031517006,Tract 1517 · BG 6,42003151700,1.0,771,268,0.211,414,134,0.197,37.5,10.2,0.165,0.1284,0.0769,0.364,0.2698,0.1199,0.27,0.9118,0.1189,0.079,0.0882,0.1287,0.887,0.0,0.0156,,0.0,0.0156,,100700,30512,0.184,56231,13134,0.142,0.0233,0.0423,1.103,0.0,0.0251,,0.6908,0.0714,0.063,0.6523,0.1218,0.114,414,134,0.197,0.0,0.029,,1938,,,0.6522,0.1806,0.168,0.1232,0.1076,0.531,0.0,0.041,,0.0,0.041,,0.2874,0.1666,0.352,119,79,0.404,295,126,0.26,0.284,0.1706,0.365,1563,332,0.129,253200,29295,0.07,0.2773,0.3082,0.676,0.1513,0.2404,0.966,0.0576,0.1414,1.491,0.5164,0.1882,0.222,0.1641,0.1206,0.447,0.1138,0.0958,0.512,0.0,0.0263,,0.0941,0.0988,0.638,0.3043,0.1758,0.351
420031608001,Tract 1608 · BG 1,42003160800,1.0,1504,269,0.109,889,134,0.092,33.6,3.4,0.062,0.0412,0.0293,0.432,0.1496,0.0565,0.23,0.893,0.115,0.078,0.0545,0.0421,0.469,0.0,0.008,,0.0146,0.0184,0.766,50072,6566,0.08,45402,9160,0.123,0.2168,0.0947,0.266,0.0882,0.0516,0.356,0.7393,0.0652,0.054,0.4942,0.0993,0.122,1036,127,0.075,0.1419,0.0959,0.411,1938,,,0.5164,0.097,0.114,0.2857,0.1187,0.253,0.0,0.0164,,0.0212,0.0402,1.152,0.5996,0.1048,0.106,533,123,0.14,356,118,0.201,0.5682,0.1165,0.125,1317,318,0.147,168800,90334,0.325,0.5947,0.199,0.203,0.1614,0.1181,0.445,0.1798,0.1499,0.507,0.5223,0.0964,0.112,0.1391,0.0814,0.356,0.017,0.0241,0.863,0.0,0.0127,,0.2038,0.1157,0.345,0.0574,0.0638,0.676
420031608002,Tract 1608 · BG 2,42003160800,1.0,880,549,0.379,369,186,0.306,35.8,2.3,0.039,0.1989,0.1147,0.351,0.0966,0.0235,0.148,0.7295,0.3439,0.287,0.0489,0.0572,0.711,0.0102,0.0158,0.94,0.1648,0.1595,0.589,75957,11524,0.092,36885,6372,0.105,0.067,0.0526,0.477,0.0,0.0215,,0.7672,0.3461,0.274,0.1689,0.1417,0.51,477,219,0.279,0.2264,0.2314,0.621,1938,,,0.9308,0.156,0.102,0.0147,0.0335,1.386,0.0,0.0356,,0.0,0.0356,,0.2683,0.1212,0.275,99,67,0.411,270,179,0.403,0.3125,0.1316,0.256,1625,348,0.13,206700,66185,0.195,0.2424,0.3676,0.922,0.2424,0.3017,0.757,0.2222,0.1785,0.488,0.5583,0.1122,0.122,0.2801,0.2239,0.486,0.0575,0.0371,0.393,0.0,0.0215,,0.0287,0.0271,0.573,0.1084,0.0917,0.514
420031609001,Tract 1609 · BG 1,42003160900,1.0,1424,480,0.205,804,234,0.177,25.0,2.8,0.068,0.04,0.0677,1.028,0.1004,0.0977,0.592,0.8708,0.1478,0.103,0.0442,0.0439,0.603,0.0485,0.0426,0.535,0.0169,0.0346,1.25,65364,39943,0.371,62024,28726,0.282,0.2872,0.1282,0.271,0.0197,0.0307,0.947,0.7432,0.1145,0.094,0.6723,0.2381,0.215,870,237,0.166,0.0759,0.1189,0.953,2001,42,0.013,0.1621,0.116,0.435,0.0391,0.0468,0.728,0.1563,0.16,0.622,0.5379,0.1401,0.158,0.908,0.3733,0.25,730,212,0.177,74,92,0.756,0.9059,0.063,0.042,1988,321,0.098,,,,0.6014,0.2566,0.259,0.4219,0.2358,0.34,0.0,0.4587,,0.639,0.1774,0.169,0.0894,0.0768,0.522,0.0632,0.0667,0.641,0.0,0.0131,,0.1799,0.0988,0.334,0.2052,0.1642,0.487
420031609002,Tract 1609 · BG 2,42003160900,1.0,1378,382,0.169,802,196,0.149,31.1,9.6,0.188,0.0181,0.0361,1.211,0.2453,0.1058,0.262,0.8447,0.1299,0.093,0.0806,0.1265,0.955,0.037,0.0468,0.768,0.0087,0.0165,1.153,82857,26620,0.195,52394,16797,0.195,0.1858,0.146,0.478,0.0,0.0144,,0.6157,0.1094,0.108,0.6239,0.2562,0.25,853,216,0.154,0.0598,0.0973,0.989,1986,24,0.007,0.0926,0.0713,0.468,0.2837,0.1865,0.4,0.0,0.0199,,0.388,0.0984,0.154,0.8017,0.1583,0.12,643,202,0.191,159,122,0.466,0.7903,0.2045,0.157,1428,145,0.062,153100,147034,0.584,0.3515,0.1826,0.316,0.154,0.133,0.525,0.0,0.2135,,0.2615,0.1056,0.246,0.026,0.0284,0.664,0.0706,0.0639,0.55,0.0,0.0149,,0.6097,0.2115,0.211,0.1983,0.1487,0.456
420031609003,Tract 1609 · BG 3,42003160900,1.0,801,258,0.196,417,143,0.208,27.6,14.0,0.308,0.0662,0.0393,0.361,0.1199,0.1018,0.517,0.9064,0.1361,0.091,0.0,0.015,,0.0,0.015,,0.0936,0.0753,0.489,67282,47234,0.427,53430,19469,0.222,0.2322,0.1126,0.295,0.0,0.0253,,0.635,0.1024,0.098,0.5717,0.1593,0.169,538,182,0.206,0.2249,0.2391,0.646,1938,,,0.1115,0.093,0.507,0.1022,0.0755,0.449,0.4312,0.2604,0.367,0.0372,0.0605,0.989,0.554,0.2472,0.271,231,130,0.342,186,99,0.324,0.4507,0.1844,0.249,1242,568,0.278,203100,124724,0.373,0.2944,0.1394,0.288,0.1082,0.1048,0.589,0.0269,0.1839,4.159,0.5341,0.0607,0.069,0.044,0.0659,0.912,0.0,0.0264,,0.0352,0.0532,0.92,0.3868,0.2501,0.393,0.0935,0.1068,0.694
420031610001,Tract 1610 · BG 1,42003161000,1.0,3200,782,0.149,1146,244,0.129,30.3,3.0,0.06,0.2825,0.0641,0.138,0.1131,0.0142,0.076,0.3947,0.112,0.172,0.4881,0.183,0.228,0.0116,0.0179,0.941,0.0259,0.0213,0.498,57372,33505,0.355,30995,12470,0.245,0.3881,0.2163,0.339,0.1647,0.128,0.473,0.6809,0.0484,0.043,0.1901,0.0673,0.215,1390,258,0.113,0.1755,0.0713,0.247,1942,5,0.002,0.805,0.2025,0.153,0.018,0.0175,0.59,0.1432,0.1497,0.636,0.0,0.0122,,0.3874,0.2142,0.336,444,263,0.36,702,122,0.106,0.4316,0.2187,0.308,1138,1069,0.571,69700,19554,0.171,0.7207,0.3235,0.273,0.6261,0.3713,0.36,0.1724,0.1193,0.421,0.5444,0.1266,0.141,0.0797,0.0599,0.456,0.0,0.0091,,0.0,0.0091,,0.2217,0.1109,0.304,0.1571,0.171,0.662
420031702001,Tract 1702 · BG 1,42003170200,1.0,676,295,0.265,391,137,0.213,29.9,15.2,0.309,0.0311,0.0816,1.596,0.1287,0.0876,0.414,0.7322,0.1252,0.104,0.2441,0.3526,0.878,0.0237,0.0538,1.381,0.0,0.0178,,72569,48761,0.408,53367,26441,0.301,0.2737,0.352,0.782,0.0,0.0287,,0.6183,0.1627,0.16,0.5174,0.0634,0.074,454,161,0.216,0.1388,0.2327,1.02,1938,,,0.2093,0.1525,0.443,0.4273,0.2987,0.425,0.1828,0.2372,0.789,0.0242,0.0487,1.223,0.5601,0.3116,0.338,219,144,0.4,172,93,0.329,0.6243,0.3559,0.347,1472,253,0.104,236000,213164,0.549,0.5205,0.348,0.406,0.4703,0.3604,0.466,0.2151,0.2393,0.676,0.2321,0.0855,0.224,0.0359,0.0817,1.384,0.0263,0.0409,0.945,0.0,0.0287,,0.6531,0.254,0.236,0.2097,0.2649,0.768
420031702002,Tract 1702 · BG 2,42003170200,1.0,873,415,0.289,503,225,0.272,27.8,7.8,0.171,0.1856,0.1584,0.519,0.1283,0.0547,0.259,0.803,0.1299,0.098,0.1375,0.2124,0.939,0.0596,0.0884,0.902,0.0,0.0137,,,,,65065,19243,0.18,0.1501,0.2115,0.857,0.0142,0.0243,1.039,0.8865,0.2183,0.15,0.5948,0.0911,0.093,586,231,0.24,0.1416,0.1486,0.638,1949,99,0.031,0.2406,0.1757,0.444,0.1433,0.2137,0.906,0.0171,0.0363,1.293,0.0,0.029,,0.507,0.2452,0.294,255,168,0.401,248,125,0.306,0.5292,0.2806,0.322,2120,1362,0.391,360500,71987,0.121,0.4275,0.4405,0.626,0.0392,0.0657,1.018,0.2742,0.2763,0.613,0.3117,0.128,0.25,0.1183,0.1688,0.867,0.1977,0.1569,0.483,0.0,0.0173,,0.2193,0.1317,0.365,0.1968,0.2463,0.761
420031702003,Tract 1702 · BG 3,42003170200,1.0,957,272,0.173,568,140,0.15,38.6,6.0,0.094,0.1223,0.0863,0.429,0.1327,0.1145,0.525,0.7158,0.0735,0.062,0.1808,0.1591,0.535,0.0063,0.0092,0.895,0.0094,0.0144,0.93,65682,20304,0.188,160104,152741,0.58,0.1327,0.1161,0.532,0.044,0.0503,0.695,0.7195,0.0662,0.056,0.577,0.1736,0.183,778,155,0.121,0.2699,0.1446,0.326,1938,,,0.144,0.0961,0.406,0.437,0.2089,0.291,0.1028,0.0642,0.379,0.0,0.0218,,0.507,0.2306,0.277,288,149,0.315,280,126,0.274,0.4775,0.2169,0.276,1130,72,0.039,195000,65770,0.205,0.5382,0.3375,0.381,0.2014,0.302,0.912,0.2357,0.1889,0.487,0.5806,0.233,0.244,0.1086,0.1277,0.715,0.153,0.1566,0.622,0.0,0.0197,,0.1579,0.1338,0.515,0.0651,0.0756,0.706
420031702004,Tract 1702 · BG 4,42003170200,1.0,1226,505,0.25,676,232,0.209,26.6,3.5,0.08,0.0,0.0277,,0.0897,0.0508,0.345,0.7961,0.4364,0.333,0.2039,0.2062,0.615,0.0,0.0098,,0.0,0.0098,,64717,34121,0.321,52616,10801,0.125,0.0946,0.0808,0.519,0.0,0.0118,,0.8328,0.197,0.144,0.6123,0.304,0.302,687,230,0.204,0.016,0.0256,0.974,1938,,,0.1732,0.1142,0.401,0.4629,0.2145,0.282,0.0204,0.0398,1.187,0.0,0.0247,,0.5947,0.1889,0.193,402,188,0.284,274,145,0.322,0.4726,0.1084,0.139,1643,131,0.048,293500,124557,0.258,0.7139,0.2622,0.223,0.2363,0.1947,0.501,0.3212,0.2425,0.459,0.4212,0.1177,0.17,0.1587,0.0277,0.106,0.0558,0.0622,0.677,0.0167,0.0252,0.921,0.285,0.3064,0.653,0.142,0.0834,0.357
420031706001,Tract 1706 · BG 1,42003170600,1.0,1088,223,0.125,617,128,0.126,39.8,5.6,0.086,0.0165,0.0321,1.181,0.1746,0.0525,0.183,0.9403,0.0344,0.022,0.0028,0.0055,1.209,0.0,0.011,,0.046,0.0431,0.57,58919,7762,0.08,48652,7541,0.094,0.1581,0.0681,0.262,0.0175,0.0233,0.811,0.7488,0.1053,0.085,0.5547,0.1142,0.125,798,132,0.101,0.2268,0.097,0.26,1938,,,0.5689,0.0955,0.102,0.1729,0.0701,0.246,0.0802,0.0959,0.727,0.0439,0.034,0.471,0.4554,0.1415,0.189,281,105,0.227,336,93,0.168,0.4698,0.127,0.164,1166,224,0.117,256200,74863,0.178,0.3559,0.1402,0.24,0.2562,0.1328,0.315,0.244,0.2341,0.583,0.7035,0.1204,0.104,0.0279,0.0338,0.737,0.0771,0.0964,0.76,0.012,0.0184,0.933,0.1436,0.0695,0.294,0.1524,0.1286,0.513
420031706002,Tract 1706 · BG 2,42003170600,1.0,613,223,0.221,280,80,0.174,32.0,1.8,0.034,0.0408,0.0634,0.945,0.1338,0.1394,0.633,0.5546,0.2777,0.304,0.3067,0.2996,0.594,0.0473,0.0697,0.895,0.0734,0.111,0.919,65455,47319,0.439,34138,7067,0.126,0.2349,0.1747,0.452,0.0474,0.0678,0.869,0.7534,0.0746,0.06,0.2326,0.0971,0.254,348,110,0.192,0.1954,0.1671,0.52,1938,,,0.4626,0.1622,0.213,0.3822,0.237,0.377,0.046,0.058,0.767,0.0115,0.0384,2.03,0.7321,0.1556,0.129,205,73,0.216,75,54,0.438,0.8492,0.2102,0.15,1472,561,0.232,87800,45722,0.317,0.3805,0.2471,0.395,0.2878,0.2051,0.433,0.0933,0.4475,2.915,0.59,0.075,0.077,0.0664,0.062,0.568,0.0166,0.0254,0.931,0.0,0.0284,,0.2583,0.1438,0.338,0.1107,0.0989,0.543
420031803001,Tract 1803 · BG 1,42003180300,1.0,1007,284,0.171,565,190,0.204,42.5,1.6,0.023,0.1738,0.0937,0.328,0.1341,0.0772,0.35,0.5392,0.1704,0.192,0.3764,0.1261,0.204,0.0,0.0119,,0.0715,0.1053,0.896,,,,32907,14065,0.26,0.3436,0.1353,0.239,0.1055,0.0802,0.462,0.5953,0.166,0.17,0.3446,0.2146,0.379,645,184,0.173,0.124,0.1026,0.503,1938,,,0.6822,0.1957,0.174,0.1039,0.0847,0.496,0.0,0.0263,,0.1488,0.1071,0.438,0.4549,0.0818,0.109,257,98,0.232,308,170,0.336,0.4667,0.1393,0.181,,,,,,,0.4553,0.3001,0.401,0.249,0.1918,0.468,0.1136,0.1276,0.682,0.6092,0.2853,0.285,0.0502,0.0478,0.579,0.0546,0.0864,0.962,0.0,0.0262,,0.2227,0.1167,0.318,0.2779,0.1287,0.281
420031803002,Tract 1803 · BG 2,42003180300,1.0,522,273,0.318,250,131,0.319,44.8,6.5,0.088,0.0421,0.0908,1.309,0.1801,0.1127,0.38,0.4828,0.3363,0.424,0.4272,0.3753,0.534,0.0,0.023,,0.067,0.1014,0.919,,,,43282,21425,0.301,0.1092,0.0841,0.468,0.0,0.0331,,0.6935,0.2257,0.198,0.024,0.0608,1.539,334,137,0.249,0.2515,0.1995,0.482,1938,,,0.4371,0.1449,0.202,0.1826,0.1895,0.631,0.1677,0.263,0.954,0.0,0.0508,,0.636,0.3228,0.309,159,116,0.444,91,61,0.407,0.6362,0.3739,0.357,1077,113,0.064,71400,60740,0.517,0.1635,0.251,0.933,0.0,0.0755,,0.1209,0.3984,2.004,0.4061,0.2003,0.3,0.4558,0.373,0.497,0.0,0.0331,,0.0,0.0331,,0.0718,0.0982,0.831,0.412,0.3448,0.509
420031803003,Tract 1803 · BG 3,42003180300,1.0,308,176,0.347,169,80,0.288,33.9,9.0,0.161,0.2273,0.1542,0.413,0.1266,0.1458,0.7,0.6234,0.1876,0.183,0.3766,0.3631,0.586,0.0,0.039,,0.0,0.039,,35919,23884,0.404,25996,14705,0.344,0.1623,0.1308,0.49,0.2037,0.2883,0.86,0.6807,0.3403,0.304,0.4286,0.4552,0.646,267,111,0.253,0.367,0.2837,0.47,1952,26,0.008,0.7154,0.2214,0.188,0.0337,0.0676,1.22,0.0861,0.1229,0.867,0.0,0.0636,,0.5444,0.3467,0.387,92,73,0.482,77,45,0.355,0.6429,0.4163,0.394,,,,38500,1740,0.027,0.25,0.2673,0.65,0.1304,0.1787,0.833,0.7792,0.6096,0.476,0.6822,0.5697,0.508,0.3178,0.1487,0.285,0.0,0.093,,0.0,0.093,,0.0,0.093,,0.2189,0.2009,0.558
420031807001,Tract 1807 · BG 1,42003180700,1.0,476,166,0.212,277,90,0.198,33.0,3.1,0.057,0.0189,0.0726,2.334,0.0588,0.0785,0.811,0.9244,0.1216,0.08,0.0273,0.0388,0.863,0.0483,0.0585,0.737,0.0,0.0252,,111042,38601,0.211,87322,34226,0.238,0.0252,0.0446,1.075,0.0317,0.0457,0.875,0.8094,0.1848,0.139,0.7277,0.0757,0.063,321,98,0.186,0.1371,0.1468,0.651,1950,24,0.007,0.4579,0.1377,0.183,0.2181,0.1457,0.406,0.0,0.0529,,0.028,0.0544,1.18,0.6498,0.2075,0.194,180,82,0.277,97,53,0.332,0.6345,0.2214,0.212,1611,965,0.364,,,,0.1056,0.1611,0.928,0.1056,0.1124,0.647,0.0,0.3499,,0.5874,0.125,0.129,0.0,0.0328,,0.0519,0.0587,0.687,0.0,0.0328,,0.3005,0.1787,0.361,0.0325,0.063,1.179
420031807002,Tract 1807 · BG 2,42003180700,1.0,429,145,0.205,241,86,0.217,37.3,13.2,0.215,0.0,0.0791,,0.1445,0.0997,0.419,0.8252,0.3773,0.278,0.1142,0.1657,0.882,0.0,0.028,,0.0,0.028,,67292,41412,0.374,51008,14587,0.174,0.0862,0.0812,0.572,0.0331,0.0516,0.947,0.704,0.1017,0.088,0.3865,0.083,0.131,246,86,0.213,0.0203,0.0276,0.824,1938,,,0.8537,0.1485,0.106,0.0,0.069,,0.0,0.069,,0.0,0.069,,0.3112,0.1752,0.342,75,50,0.405,166,78,0.286,0.324,0.1817,0.341,1542,350,0.138,138400,24222,0.106,0.0933,0.3073,2.002,0.0,0.16,,0.0361,0.1998,3.36,0.7158,0.1511,0.128,0.0,0.0411,,0.0616,0.0896,0.884,0.0,0.0411,,0.1986,0.1394,0.426,0.0788,0.1232,0.95
420031807003,Tract 1807 · BG 3,42003180700,1.0,1491,505,0.206,574,143,0.151,29.0,3.8,0.08,0.1643,0.056,0.207,0.0858,0.0469,0.332,0.5835,0.1672,0.174,0.2502,0.1501,0.365,0.0,0.008,,0.1194,0.1696,0.864,57143,27711,0.295,37267,13265,0.216,0.3595,0.1807,0.305,0.0333,0.0335,0.612,0.6454,0.0348,0.033,0.4185,0.1846,0.268,585,141,0.147,0.0188,0.0287,0.928,1938,,,0.5949,0.2064,0.211,0.1556,0.1296,0.506,0.0,0.029,,0.1573,0.0939,0.363,0.8275,0.1367,0.1,475,142,0.182,99,68,0.418,0.7706,0.1838,0.145,1664,163,0.06,,,,0.5305,0.2047,0.234,0.2505,0.1602,0.389,0.1313,0.3738,1.73,0.797,0.2321,0.177,0.016,0.0238,0.907,0.0,0.0148,,0.0,0.0148,,0.1218,0.0898,0.448,0.1307,0.0802,0.373
420031903001,Tract 1903 · BG 1,42003190300,1.0,1435,259,0.11,780,137,0.107,38.6,6.5,0.102,0.1484,0.0862,0.353,0.2265,0.0668,0.179,0.8439,0.114,0.082,0.0746,0.1086,0.885,0.0,0.0084,,0.053,0.05,0.574,109808,13119,0.073,73797,15594,0.128,0.0077,0.015,1.19,0.0746,0.0874,0.712,0.8009,0.1208,0.092,0.6325,0.0977,0.094,824,129,0.095,0.0534,0.0809,0.921,1938,,,0.5752,0.0902,0.095,0.2476,0.1537,0.377,0.0303,0.0367,0.735,0.0558,0.044,0.48,0.4769,0.147,0.187,372,132,0.216,408,66,0.098,0.4098,0.139,0.206,1242,263,0.129,324700,64264,0.12,0.2043,0.2312,0.688,0.1694,0.2232,0.801,0.1667,0.1347,0.491,0.6334,0.156,0.15,0.0329,0.0353,0.651,0.0255,0.0388,0.926,0.0,0.0128,,0.2019,0.0812,0.244,0.0141,0.0255,1.1
420031903002,Tract 1903 · BG 2,42003190300,1.0,595,174,0.178,451,142,0.191,62.7,9.0,0.087,0.0538,0.0912,1.031,0.4521,0.1875,0.252,0.9076,0.3731,0.25,0.0,0.0202,,0.0,0.0202,,0.0857,0.1201,0.852,56696,16484,0.177,65200,13812,0.129,0.0655,0.0592,0.549,0.0746,0.1174,0.957,0.6909,0.1774,0.156,0.4516,0.1191,0.16,451,142,0.191,0.0,0.0266,,1938,,,0.459,0.0777,0.103,0.0,0.0376,,0.2616,0.2353,0.547,0.071,0.0789,0.676,0.235,0.2301,0.595,106,109,0.625,345,89,0.157,0.2471,0.1955,0.481,1109,102,0.056,206600,42115,0.124,0.717,0.6346,0.538,0.0,0.1132,,0.1942,0.1394,0.436,0.6556,0.2436,0.226,0.0639,0.0826,0.786,0.0556,0.0777,0.85,0.0472,0.0699,0.9,0.1778,0.1114,0.381,0.0976,0.0856,0.533
420031911001,Tract 1911 · BG 1,42003191100,1.0,764,187,0.149,425,102,0.146,39.5,11.9,0.183,0.0223,0.0495,1.353,0.1649,0.079,0.291,0.9215,0.1078,0.071,0.0,0.0157,,0.0432,0.0646,0.909,0.0,0.0157,,120469,46968,0.237,72756,13313,0.111,0.0118,0.024,1.237,0.0523,0.0588,0.684,0.7684,0.1425,0.113,0.6993,0.1595,0.139,502,113,0.137,0.1534,0.1372,0.544,1938,,,0.759,0.0985,0.079,0.0717,0.063,0.534,0.0,0.0338,,0.0,0.0338,,0.1882,0.1162,0.375,80,53,0.403,345,95,0.167,0.2068,0.125,0.367,2097,741,0.215,250800,91758,0.222,0.325,0.3626,0.678,0.125,0.1682,0.818,0.2087,0.1557,0.454,0.6085,0.026,0.026,0.057,0.0502,0.536,0.0,0.0221,,0.0,0.0221,,0.2684,0.1337,0.303,0.0518,0.0641,0.752
420031911002,Tract 1911 · BG 2,42003191100,1.0,1582,294,0.113,927,159,0.104,43.5,9.2,0.129,0.0898,0.0382,0.259,0.3268,0.0895,0.166,0.8603,0.0984,0.07,0.0164,0.0206,0.763,0.0657,0.0549,0.508,0.0303,0.0305,0.61,103125,25767,0.152,75706,12915,0.104,0.1485,0.0651,0.266,0.0146,0.0228,0.947,0.6653,0.04,0.037,0.5907,0.0672,0.069,991,156,0.096,0.0646,0.0556,0.523,1957,14,0.004,0.5621,0.0442,0.048,0.1251,0.0872,0.424,0.0131,0.0243,1.127,0.2997,0.1151,0.234,0.3776,0.1447,0.233,350,147,0.255,577,96,0.101,0.3736,0.1434,0.233,1383,379,0.167,236500,62830,0.161,0.1714,0.1012,0.359,0.1,0.078,0.474,0.3206,0.1067,0.202,0.6144,0.1107,0.11,0.0,0.0127,,0.0,0.0127,,0.0,0.0127,,0.3612,0.1415,0.238,0.0108,0.0215,1.211
420031914001,Tract 1914 · BG 1,42003191400,1.0,1266,308,0.148,801,147,0.112,34.4,3.6,0.064,0.0916,0.0472,0.313,0.2164,0.066,0.185,0.8594,0.1305,0.092,0.0118,0.0187,0.961,0.0434,0.0502,0.703,0.034,0.0313,0.56,80219,10620,0.08,54404,7964,0.089,0.2109,0.0935,0.27,0.0199,0.0314,0.957,0.6497,0.1023,0.096,0.6743,0.1215,0.11,991,135,0.083,0.1917,0.0996,0.316,1943,8,0.003,0.217,0.0912,0.256,0.4238,0.1526,0.219,0.1332,0.0813,0.371,0.1726,0.0875,0.308,0.7391,0.1102,0.091,592,140,0.144,209,82,0.239,0.7188,0.1367,0.116,1232,209,0.103,304500,117420,0.234,0.2872,0.1586,0.336,0.0338,0.038,0.684,0.1962,0.2169,0.672,0.4878,0.1782,0.222,0.0176,0.0266,0.919,0.0894,0.0657,0.446,0.0,0.0163,,0.3618,0.0811,0.136,0.2335,0.097,0.253
420031914002,Tract 1914 · BG 2,42003191400,1.0,1220,267,0.133,747,210,0.171,27.0,7.3,0.164,0.0746,0.0597,0.487,0.1549,0.0528,0.207,0.8254,0.1279,0.094,0.0508,0.0377,0.451,0.0,0.0098,,0.0131,0.0219,1.017,56583,5165,0.055,48510,6944,0.087,0.1213,0.0613,0.307,0.0668,0.0398,0.362,0.7814,0.1722,0.134,0.6294,0.0943,0.091,859,215,0.152,0.1304,0.0971,0.453,1938,,,0.5087,0.1741,0.208,0.1618,0.082,0.308,0.0,0.0198,,0.0908,0.0675,0.452,0.7497,0.2171,0.176,560,226,0.245,187,72,0.234,0.684,0.185,0.164,1643,398,0.147,114500,39033,0.207,0.4625,0.3046,0.4,0.1018,0.0649,0.387,0.3048,0.2309,0.46,0.5546,0.2593,0.284,0.0825,0.0658,0.484,0.0291,0.0299,0.625,0.0,0.0146,,0.3337,0.2344,0.427,0.1352,0.0622,0.28
420031915001,Tract 1915 · BG 1,42003191500,1.0,361,147,0.248,197,73,0.225,31.2,40.4,0.787,0.0443,0.1088,1.492,0.1911,0.1162,0.369,0.964,0.1363,0.086,0.0,0.0332,,0.0,0.0332,,0.036,0.0592,0.999,89464,54996,0.374,60713,11373,0.114,0.0277,0.0565,1.241,0.0,0.0417,,0.8348,0.2186,0.159,0.7238,0.2583,0.217,280,78,0.169,0.2964,0.2246,0.461,1938,,,0.3357,0.1394,0.252,0.35,0.2265,0.393,0.3036,0.195,0.39,0.0,0.0606,,0.7005,0.1593,0.138,138,60,0.264,59,43,0.443,0.651,0.1612,0.151,1011,563,0.339,225000,94374,0.255,0.0797,0.1915,1.46,0.0,0.087,,0.2034,0.6006,1.795,0.7292,0.2047,0.171,0.0139,0.0482,2.108,0.0,0.0417,,0.0,0.0417,,0.2569,0.1814,0.429,0.0,0.0861,
420031915002,Tract 1915 · BG 2,42003191500,1.0,1438,347,0.147,711,129,0.11,35.0,11.0,0.191,0.0035,0.0244,4.267,0.1488,0.0635,0.26,0.87,0.2598,0.182,0.0654,0.0954,0.887,0.0,0.0083,,0.0522,0.0613,0.715,71528,13362,0.114,43895,7657,0.106,0.1245,0.0998,0.488,0.1473,0.1241,0.512,0.8151,0.1478,0.11,0.3301,0.0998,0.184,816,128,0.095,0.1287,0.0617,0.292,1938,,,0.69,0.0883,0.078,0.098,0.0908,0.563,0.06,0.0474,0.48,0.098,0.0782,0.485,0.4543,0.1726,0.231,323,136,0.256,388,142,0.222,0.4861,0.2231,0.279,1528,288,0.115,143800,85937,0.363,0.3127,0.2451,0.476,0.0867,0.0888,0.622,0.1804,0.1838,0.619,0.7126,0.1723,0.147,0.1296,0.0658,0.309,0.0061,0.0263,2.629,0.0121,0.02,1.001,0.0516,0.0446,0.525,0.1828,0.139,0.462
420031916001,Tract 1916 · BG 1,42003191600,1.0,807,352,0.265,418,164,0.239,60.4,21.2,0.213,0.1066,0.0777,0.443,0.4572,0.2143,0.285,0.9554,0.1156,0.074,0.0173,0.021,0.735,0.0,0.0149,,0.0087,0.0131,0.918,57917,39850,0.418,42866,13369,0.19,0.0831,0.0902,0.66,0.0,0.0334,,0.4979,0.2838,0.347,0.1916,0.0384,0.122,497,176,0.215,0.159,0.14,0.535,1954,1,0.0,0.7565,0.2061,0.166,0.0362,0.0637,1.07,0.0,0.0341,,0.0,0.0341,,0.1842,0.0892,0.294,77,48,0.379,341,163,0.291,0.2162,0.1111,0.312,1192,229,0.117,151200,16985,0.068,0.2857,0.4342,0.924,0.1429,0.3392,1.443,0.1642,0.1757,0.65,0.7326,0.1249,0.104,0.1114,0.1077,0.588,0.0223,0.0326,0.888,0.0,0.0334,,0.1281,0.0965,0.458,0.1579,0.1352,0.521
420031916002,Tract 1916 · BG 2,42003191600,1.0,737,355,0.293,274,110,0.244,41.8,2.1,0.031,0.2836,0.0907,0.194,0.1208,0.0863,0.434,0.7083,0.2686,0.231,0.1954,0.2121,0.66,0.0122,0.0251,1.249,0.0204,0.0282,0.842,181000,108107,0.363,59722,21202,0.216,0.057,0.1146,1.222,0.0202,0.0319,0.96,0.8447,0.2796,0.201,0.2824,0.0971,0.209,342,107,0.19,0.1988,0.1765,0.54,1938,,,0.8012,0.2015,0.153,0.1988,0.1799,0.55,0.0,0.0496,,0.0,0.0496,,0.0803,0.1084,0.821,22,31,0.857,252,116,0.28,0.0936,0.1308,0.85,,,,135300,14580,0.066,0.4091,1.1776,1.75,0.4091,0.703,1.045,0.0357,0.1401,2.385,0.4119,0.0767,0.113,0.2792,0.279,0.608,0.0,0.0275,,0.0,0.0275,,0.2609,0.1453,0.339,0.1533,0.2258,0.896
420031916003,Tract 1916 · BG 3,42003191600,1.0,396,234,0.359,227,126,0.337,37.1,11.2,0.184,0.2146,0.1208,0.342,0.2626,0.1401,0.324,0.7323,0.213,0.177,0.202,0.2647,0.797,0.0429,0.0794,1.124,0.0,0.0303,,31953,21318,0.406,60276,66259,0.668,0.303,0.2283,0.458,0.0,0.0603,,0.6199,0.2843,0.279,0.3921,0.2248,0.348,227,126,0.337,0.0,0.0529,,1938,,,0.4802,0.1877,0.238,0.4714,0.314,0.405,0.0,0.0748,,0.0,0.0748,,0.652,0.2434,0.227,148,99,0.407,79,68,0.523,0.601,0.1705,0.172,832,114,0.083,138600,16938,0.074,0.4527,0.4325,0.581,0.0608,0.0854,0.854,0.2911,0.4131,0.863,0.4774,0.3081,0.392,0.3618,0.232,0.39,0.1106,0.1356,0.746,0.0,0.0603,,0.0503,0.0943,1.14,0.3172,0.2481,0.476
420031916004,Tract 1916 · BG 4,42003191600,1.0,753,195,0.157,415,112,0.164,44.0,21.1,0.292,0.0784,0.0803,0.623,0.1647,0.0833,0.307,0.6946,0.1863,0.163,0.2151,0.2311,0.653,0.0,0.0159,,0.0544,0.0852,0.951,74911,20948,0.17,44431,9760,0.134,0.0757,0.0904,0.726,0.0,0.0219,,0.7711,0.1399,0.11,0.2434,0.0999,0.25,425,113,0.162,0.0235,0.0371,0.959,1938,,,0.6682,0.046,0.042,0.3318,0.2022,0.371,0.0,0.0399,,0.0,0.0399,,0.5181,0.242,0.284,215,116,0.328,200,64,0.195,0.4449,0.223,0.305,1332,329,0.15,180700,34577,0.116,0.2977,0.2446,0.5,0.0,0.0558,,0.105,0.1947,1.127,0.6096,0.2328,0.232,0.1087,0.0792,0.443,0.0,0.0221,,0.0,0.0221,,0.1547,0.1368,0.538,0.1205,0.1341,0.677
420031916005,Tract 1916 · BG 5,42003191600,1.0,907,268,0.18,445,119,0.163,41.0,15.3,0.227,0.1036,0.0696,0.408,0.172,0.0622,0.22,0.634,0.0962,0.092,0.108,0.0974,0.548,0.0,0.0132,,0.2381,0.2159,0.551,70733,16204,0.139,36858,8555,0.141,0.0529,0.0511,0.587,0.0648,0.0748,0.702,0.7497,0.1098,0.089,0.2917,0.0929,0.193,479,123,0.156,0.071,0.1091,0.935,1938,,,0.6284,0.0787,0.076,0.1357,0.1323,0.592,0.0,0.0354,,0.0,0.0354,,0.4202,0.1789,0.259,187,94,0.306,258,84,0.198,0.5094,0.2176,0.26,1269,754,0.361,157800,42758,0.165,0.0,0.1283,,0.0,0.0642,,0.3605,0.2238,0.377,0.5841,0.1394,0.145,0.1274,0.1006,0.48,0.0566,0.0662,0.711,0.0,0.0212,,0.1876,0.0844,0.274,0.1034,0.1302,0.766
420031917001,Tract 1917 · BG 1,42003191700,1.0,2467,758,0.187,1088,189,0.106,33.7,2.4,0.043,0.2659,0.11,0.251,0.1678,0.0705,0.255,0.8273,0.3535,0.26,0.0081,0.0094,0.705,0.0985,0.1552,0.958,0.0511,0.0625,0.744,55833,12267,0.134,35189,9937,0.172,0.1367,0.1557,0.693,0.0246,0.026,0.643,0.5857,0.1994,0.207,0.3858,0.1664,0.262,1249,195,0.095,0.1289,0.0783,0.369,1943,13,0.004,0.8375,0.1681,0.122,0.0945,0.0998,0.642,0.016,0.0221,0.838,0.0,0.0136,,0.3465,0.1901,0.334,377,217,0.35,711,265,0.227,0.4285,0.256,0.363,1601,670,0.254,169000,21437,0.077,0.6499,0.3117,0.292,0.0663,0.0542,0.497,0.1842,0.2039,0.673,0.6963,0.2806,0.245,0.0093,0.0167,1.088,0.0,0.0112,,0.0,0.0112,,0.272,0.1813,0.405,0.0506,0.0442,0.532
420031917002,Tract 1917 · BG 2,42003191700,1.0,726,193,0.162,387,71,0.112,54.5,10.6,0.118,0.0,0.0468,,0.2424,0.0807,0.202,0.8705,0.0507,0.035,0.0771,0.0857,0.676,0.0069,0.015,1.328,0.0455,0.041,0.548,79414,21343,0.163,54030,9790,0.11,0.1322,0.0818,0.376,0.0,0.027,,0.6488,0.2095,0.196,0.4332,0.116,0.163,415,74,0.108,0.0675,0.0835,0.752,1938,,,0.9205,0.1143,0.075,0.0289,0.056,1.177,0.0,0.0409,,0.0,0.0409,,0.261,0.142,0.331,101,58,0.349,286,72,0.153,0.2879,0.1527,0.322,1727,361,0.127,187500,29094,0.094,0.505,0.3485,0.42,0.198,0.2957,0.908,0.0839,0.1297,0.939,0.5244,0.171,0.198,0.1359,0.0714,0.32,0.0,0.0255,,0.0,0.0255,,0.1571,0.0634,0.245,0.0801,0.0749,0.568
420031918001,Tract 1918 · BG 1,42003191800,1.0,404,166,0.25,307,135,0.267,45.8,33.7,0.447,0.0,0.084,,0.3292,0.1788,0.33,0.9554,0.1033,0.066,0.0,0.0297,,0.0,0.0297,,0.0446,0.0668,0.912,58887,19861,0.205,52072,10958,0.128,0.0792,0.128,0.983,0.3178,0.4056,0.776,0.6386,0.2627,0.25,0.302,0.2283,0.46,307,135,0.267,0.0,0.0391,,1938,,,0.8111,0.2343,0.176,0.1303,0.1405,0.655,0.0,0.0553,,0.0586,0.102,1.058,0.5603,0.3603,0.391,172,134,0.474,135,80,0.36,0.5223,0.3446,0.401,1353,47,0.021,122800,76340,0.378,0.2326,0.2794,0.73,0.186,0.2653,0.867,0.0,0.2514,,0.3636,0.2805,0.469,0.0,0.0682,,0.0,0.0682,,0.0,0.0682,,0.5455,0.3755,0.419,0.1759,0.1941,0.671
420031918002,Tract 1918 · BG 2,42003191800,1.0,615,340,0.336,316,186,0.358,63.1,7.5,0.072,0.0,0.0552,,0.335,0.2439,0.443,0.9236,0.2323,0.153,0.0,0.0195,,0.0,0.0195,,0.0293,0.0495,1.027,81250,36859,0.276,37266,9617,0.157,0.0228,0.0403,1.075,0.061,0.0847,0.844,0.4,0.137,0.208,0.0633,0.0862,0.828,344,188,0.332,0.0814,0.1199,0.896,1938,,,1.0,0.0,0.0,0.0,0.0493,,0.0,0.0493,,0.0,0.0493,,0.288,0.4434,0.936,91,150,1.002,225,112,0.303,0.2472,0.3863,0.95,,,,162500,85105,0.318,0.0,0.2637,,0.0,0.1319,,0.0622,0.1715,1.675,0.7056,0.082,0.071,0.1429,0.2321,0.988,0.0,0.0519,,0.0,0.0519,,0.1515,0.1862,0.747,0.0918,0.0937,0.621
420031918003,Tract 1918 · BG 3,42003191800,1.0,1043,685,0.399,340,168,0.3,38.1,8.3,0.132,0.2148,0.039,0.11,0.0815,0.0362,0.27,0.8255,0.2194,0.162,0.0757,0.0728,0.585,0.023,0.0363,0.959,0.07,0.0661,0.574,86310,51322,0.361,33597,12701,0.23,0.0029,0.0053,1.112,0.2648,0.3067,0.704,0.9267,0.2893,0.19,0.4054,0.373,0.559,371,171,0.28,0.0836,0.1404,1.021,1938,,,0.6469,0.4186,0.393,0.2884,0.3889,0.82,0.0,0.0457,,0.0647,0.0738,0.694,0.3853,0.4045,0.638,131,152,0.705,209,98,0.285,0.422,0.4871,0.702,,,,222600,30933,0.084,0.1832,0.1626,0.539,0.0458,0.0548,0.727,0.0,0.1624,,0.7097,0.6166,0.528,0.0,0.0215,,0.224,0.2322,0.63,0.0,0.0215,,0.0663,0.063,0.578,0.0176,0.0451,1.554
420031918004,Tract 1918 · BG 4,42003191800,1.0,590,370,0.381,295,148,0.305,55.0,13.6,0.15,0.0,0.0575,,0.1271,0.1292,0.618,0.8169,0.1619,0.12,0.0864,0.1187,0.835,0.0508,0.0785,0.939,0.022,0.0489,1.35,,,,41044,19545,0.289,0.2339,0.2148,0.558,0.0,0.0271,,0.7492,0.6361,0.516,0.4424,0.2353,0.323,295,148,0.305,0.0,0.0407,,1953,11,0.003,0.4,0.2068,0.314,0.539,0.3969,0.448,0.061,0.1084,1.08,0.0,0.0575,,0.6441,0.2793,0.264,190,126,0.403,105,86,0.498,0.7508,0.358,0.29,1792,159,0.054,197100,82253,0.254,0.4526,0.4828,0.648,0.4526,0.4703,0.632,0.6,0.4518,0.458,0.6176,0.4091,0.403,0.0679,0.1062,0.952,0.0,0.0271,,0.0,0.0271,,0.1991,0.2084,0.636,0.0,0.0575,
420031918005,Tract 1918 · BG 5,42003191800,1.0,1284,575,0.272,494,170,0.209,30.7,10.9,0.216,0.1495,0.1187,0.483,0.0327,0.0396,0.736,0.9408,0.1423,0.092,0.0,0.0093,,0.0335,0.0475,0.863,0.0,0.0093,,78845,17714,0.137,42830,17154,0.243,0.0319,0.0479,0.911,0.1375,0.1605,0.709,0.8855,0.2397,0.165,0.2532,0.1713,0.411,494,170,0.209,0.0,0.0243,,1946,7,0.002,0.9676,0.1085,0.068,0.0324,0.055,1.033,0.0,0.0344,,0.0,0.0344,,0.1964,0.1427,0.442,97,78,0.489,397,163,0.25,0.1939,0.169,0.53,,,,152700,66718,0.266,0.0,0.2474,,0.0,0.1237,,0.0,0.0855,,0.5488,0.253,0.28,0.2249,0.222,0.6,0.0,0.0154,,0.0,0.0154,,0.2262,0.1537,0.413,0.1093,0.1284,0.714
420031918006,Tract 1918 · BG 6,42003191800,1.0,1248,626,0.305,509,185,0.221,35.7,10.0,0.17,0.2059,0.1427,0.421,0.2676,0.095,0.216,0.9704,0.0995,0.062,0.0,0.0096,,0.0128,0.0181,0.859,0.0,0.0096,,77575,30669,0.24,38679,10572,0.166,0.0096,0.0173,1.097,0.0,0.0183,,0.6609,0.2365,0.217,0.4602,0.1997,0.264,520,184,0.215,0.0212,0.0338,0.971,1950,6,0.002,0.9538,0.0851,0.054,0.0,0.0326,,0.0,0.0326,,0.0,0.0326,,0.0472,0.0767,0.989,24,40,1.013,485,179,0.224,0.0369,0.0589,0.971,,,,167100,51314,0.187,0.0,1.0,,0.0,0.5,,0.1464,0.1526,0.634,0.4412,0.2867,0.395,0.0,0.0183,,0.0,0.0183,,0.0,0.0183,,0.4153,0.3044,0.446,0.0,0.0333,
420031918007,Tract 1918 · BG 7,42003191800,1.0,553,248,0.273,373,148,0.241,47.0,16.6,0.215,0.0344,0.0775,1.371,0.2911,0.2445,0.511,0.642,0.4005,0.379,0.2785,0.3025,0.66,0.0452,0.0713,0.959,0.0,0.0217,,37716,13466,0.217,36518,9995,0.166,0.0145,0.0356,1.495,0.0,0.0407,,0.5524,0.2077,0.229,0.317,0.1641,0.315,373,148,0.241,0.0,0.0322,,1955,17,0.005,0.4316,0.1544,0.217,0.118,0.138,0.711,0.0,0.0455,,0.4504,0.3194,0.431,0.6354,0.2597,0.248,237,135,0.346,136,84,0.375,0.5298,0.2198,0.252,593,198,0.203,197500,61712,0.19,0.0633,0.1357,1.304,0.0,0.0506,,0.2868,0.3567,0.756,0.5729,0.3698,0.392,0.0983,0.1523,0.942,0.0,0.0407,,0.0,0.0407,,0.2814,0.2117,0.457,0.3003,0.1602,0.324
420031919001,Tract 1919 · BG 1,42003191900,1.0,825,278,0.205,425,192,0.275,35.7,11.4,0.194,0.0776,0.0734,0.575,0.2012,0.2051,0.62,0.8848,0.0541,0.037,0.0315,0.0535,1.032,0.0194,0.0321,1.005,0.0,0.0145,,73137,48630,0.404,53502,16365,0.186,0.0933,0.0865,0.564,0.1825,0.201,0.67,0.8712,0.1101,0.077,0.6552,0.2424,0.225,425,192,0.275,0.0,0.0282,,1943,5,0.002,0.9624,0.0816,0.052,0.0376,0.0652,1.053,0.0,0.0399,,0.0,0.0399,,0.5035,0.3876,0.468,214,191,0.543,211,79,0.228,0.4267,0.2764,0.394,1176,126,0.065,204600,42253,0.126,0.6776,0.5501,0.494,0.0748,0.1015,0.826,0.1517,0.2104,0.843,0.5176,0.0707,0.083,0.0612,0.0793,0.787,0.0,0.0223,,0.0,0.0223,,0.1633,0.0984,0.367,0.1341,0.1025,0.465
420031919002,Tract 1919 · BG 2,42003191900,1.0,1140,287,0.153,456,99,0.132,40.7,4.0,0.06,0.1991,0.0812,0.248,0.143,0.0756,0.321,0.9009,0.0423,0.029,0.0228,0.0302,0.804,0.0,0.0105,,0.0763,0.116,0.924,76250,11217,0.089,34330,7251,0.128,0.2263,0.1901,0.511,0.0,0.0178,,0.7191,0.0222,0.019,0.4477,0.147,0.2,490,92,0.114,0.0694,0.0702,0.615,1938,,,0.6224,0.1495,0.146,0.1857,0.1691,0.553,0.0388,0.0655,1.027,0.0,0.0346,,0.2851,0.1805,0.385,130,87,0.407,326,99,0.185,0.2054,0.1421,0.421,989,696,0.428,193000,15227,0.048,0.3231,0.3099,0.583,0.1769,0.2418,0.831,0.1687,0.1636,0.59,0.6306,0.0883,0.085,0.0955,0.0871,0.554,0.0334,0.0469,0.853,0.0,0.0191,,0.1608,0.0872,0.33,0.125,0.1336,0.65
420031919003,Tract 1919 · BG 3,42003191900,1.0,355,152,0.26,204,72,0.215,66.9,12.9,0.117,0.0423,0.1089,1.567,0.5606,0.2153,0.233,0.9887,0.0947,0.058,0.0085,0.0364,2.621,0.0,0.0338,,0.0028,0.0084,1.805,44844,28394,0.385,49080,19084,0.236,0.0197,0.0394,1.216,0.1373,0.148,0.656,0.45,0.1962,0.265,0.233,0.1333,0.348,204,72,0.215,0.0,0.0588,,1938,,,0.7108,0.1716,0.147,0.0,0.0832,,0.0,0.0832,,0.0,0.0832,,0.1814,0.1853,0.621,37,40,0.657,167,67,0.244,0.1054,0.1044,0.602,,,,176800,29310,0.101,0.6757,0.7599,0.684,0.0,0.3243,,0.2814,0.2683,0.58,0.7348,0.1,0.083,0.2652,0.2175,0.499,0.0,0.0909,,0.0,0.0909,,0.0,0.0909,,0.0735,0.114,0.943
420031920001,Tract 1920 · BG 1,42003192000,1.0,847,297,0.213,350,135,0.234,40.2,8.0,0.121,0.2527,0.1248,0.3,0.1381,0.0836,0.368,0.7155,0.2042,0.174,0.0992,0.0801,0.491,0.1594,0.1276,0.487,0.0,0.0142,,61111,41255,0.41,39349,12971,0.2,0.0767,0.0651,0.516,0.0378,0.0441,0.71,0.6829,0.1328,0.118,0.4172,0.1719,0.25,385,133,0.21,0.0909,0.1099,0.735,1956,4,0.001,0.5922,0.068,0.07,0.0961,0.1372,0.868,0.1455,0.2278,0.952,0.0571,0.0596,0.634,0.48,0.2783,0.352,168,117,0.423,182,83,0.277,0.4262,0.2641,0.377,450,361,0.488,171000,62498,0.222,0.2798,0.2974,0.646,0.0,0.0714,,0.0879,0.1931,1.335,0.455,0.2653,0.354,0.1363,0.1008,0.45,0.0,0.0277,,0.0,0.0277,,0.1894,0.1699,0.545,0.2914,0.2711,0.565
420031920002,Tract 1920 · BG 2,42003192000,1.0,418,172,0.25,185,80,0.263,45.6,23.0,0.307,0.067,0.1115,1.012,0.3373,0.1573,0.283,0.7249,0.147,0.123,0.1938,0.1792,0.562,0.0,0.0287,,0.067,0.0791,0.718,93098,48430,0.316,43397,14805,0.207,0.1699,0.1339,0.479,0.07,0.1433,1.245,0.6231,0.2304,0.225,0.3672,0.168,0.278,221,80,0.22,0.1629,0.1322,0.494,1938,,,0.7376,0.1338,0.11,0.0,0.0768,,0.0,0.0768,,0.1357,0.1645,0.737,0.1135,0.1374,0.736,21,27,0.782,164,74,0.274,0.0585,0.0698,0.725,,,,146700,55090,0.228,1.0,0.9897,0.602,1.0,0.0,0.0,0.0,0.207,,0.7257,0.1158,0.097,0.115,0.1193,0.63,0.0354,0.0583,1.002,0.0,0.0531,,0.0796,0.1242,0.948,0.1135,0.152,0.814
420031920003,Tract 1920 · BG 3,42003192000,1.0,645,287,0.27,302,103,0.207,41.4,16.4,0.241,0.1612,0.1143,0.431,0.1302,0.1149,0.536,0.9829,0.0729,0.045,0.0,0.0186,,0.0,0.0186,,0.0171,0.0269,0.957,71250,11891,0.101,37098,5835,0.096,0.1597,0.1285,0.489,0.0716,0.0927,0.786,0.6192,0.1405,0.138,0.1973,0.1099,0.339,366,110,0.183,0.1749,0.1495,0.52,1951,14,0.004,0.4836,0.1483,0.186,0.1803,0.1469,0.495,0.1749,0.1896,0.659,0.1612,0.1319,0.497,0.5596,0.2245,0.244,169,89,0.32,133,64,0.293,0.4217,0.1716,0.247,963,314,0.198,124100,33185,0.163,0.2071,0.1963,0.576,0.1243,0.126,0.617,0.1053,0.2559,1.478,0.8296,0.5751,0.421,0.0193,0.0273,0.861,0.0,0.0386,,0.0,0.0386,,0.1511,0.1166,0.469,0.202,0.1887,0.568
420031920004,Tract 1920 · BG 4,42003192000,1.0,1031,508,0.3,453,124,0.166,41.7,19.1,0.278,0.0892,0.0699,0.476,0.2444,0.0759,0.189,0.4976,0.3073,0.375,0.2017,0.2137,0.644,0.0,0.0116,,0.031,0.0511,1.001,69313,16616,0.146,33706,14781,0.267,0.0213,0.0286,0.814,0.1652,0.115,0.423,0.7253,0.2782,0.233,0.4758,0.288,0.368,526,129,0.149,0.1388,0.1148,0.503,1938,,,0.5247,0.1861,0.216,0.0932,0.073,0.476,0.0133,0.0321,1.466,0.0171,0.0348,1.237,0.2804,0.1517,0.329,127,77,0.369,326,123,0.229,0.4646,0.3953,0.517,972,748,0.468,125500,20502,0.099,0.2598,0.4118,0.964,0.0,0.0945,,0.2331,0.1555,0.405,0.7429,0.373,0.305,0.0745,0.0423,0.345,0.0,0.0213,,0.0,0.0213,,0.0975,0.0681,0.425,0.0618,0.0735,0.723
420031920005,Tract 1920 · BG 5,42003192000,1.0,271,121,0.271,166,56,0.205,43.6,20.9,0.291,0.0664,0.1513,1.385,0.1956,0.1683,0.523,0.8155,0.2584,0.193,0.1107,0.1153,0.633,0.0,0.0443,,0.0295,0.05,1.029,56250,16396,0.177,34349,15142,0.268,0.2509,0.1633,0.396,0.0467,0.0776,1.01,0.5929,0.1205,0.124,0.2213,0.1647,0.452,241,91,0.23,0.3112,0.3105,0.606,1940,5,0.002,0.6141,0.015,0.015,0.3485,0.2771,0.483,0.0,0.0704,,0.0,0.0704,,0.4398,0.2482,0.343,73,48,0.4,93,49,0.32,0.3838,0.203,0.322,1098,638,0.353,163400,12275,0.046,0.4521,0.3325,0.447,0.3288,0.2477,0.458,0.0,0.365,,0.9371,0.075,0.049,0.0629,0.0939,0.907,0.0,0.0839,,0.0,0.0839,,0.0,0.0839,,0.0542,0.1096,1.228
420032022001,Tract 2022 · BG 1,42003202200,1.0,1224,383,0.19,648,142,0.133,52.7,8.2,0.095,0.0907,0.077,0.516,0.174,0.0575,0.201,0.7165,0.2344,0.199,0.085,0.0642,0.459,0.0,0.0098,,0.0605,0.0685,0.689,57907,22034,0.231,39716,9412,0.144,0.1846,0.148,0.487,0.0269,0.0471,1.062,0.5426,0.2193,0.246,0.188,0.0928,0.3,780,122,0.095,0.1692,0.1163,0.418,1938,,,0.6167,0.1296,0.128,0.1244,0.0978,0.478,0.1,0.1109,0.674,0.0,0.0218,,0.358,0.1592,0.27,232,115,0.301,416,131,0.191,0.3374,0.1672,0.301,1050,658,0.381,139500,37888,0.165,0.3362,0.2189,0.396,0.0733,0.1151,0.955,0.2163,0.1746,0.49,0.8062,0.1438,0.108,0.0407,0.0478,0.713,0.0,0.0195,,0.0,0.0195,,0.1336,0.09,0.41,0.1435,0.1241,0.526
420032022002,Tract 2022 · BG 2,42003202200,1.0,521,289,0.337,164,103,0.382,26.9,4.5,0.102,0.2706,0.0153,0.034,0.0269,0.087,1.967,0.4012,0.3813,0.578,0.5988,0.273,0.277,0.0,0.023,,0.0,0.023,,,,,11317,8328,0.447,0.6257,0.2241,0.218,0.0,0.0902,,0.35,0.1047,0.182,0.3012,0.3321,0.67,164,103,0.382,0.0,0.0732,,1941,5,0.002,0.5854,0.2046,0.212,0.1159,0.1892,0.993,0.0,0.1035,,0.2988,0.3836,0.78,0.6646,0.264,0.241,109,81,0.452,55,69,0.763,0.6257,0.2537,0.247,801,387,0.294,,,,0.5046,0.5078,0.612,0.1284,0.1882,0.891,0.0,0.6171,,0.3158,0.4372,0.842,0.4511,0.1098,0.148,0.0,0.0902,,0.0,0.0902,,0.2331,0.3644,0.95,0.6646,0.274,0.251
420032022003,Tract 2022 · BG 3,42003202200,1.0,782,381,0.296,383,170,0.27,31.9,33.1,0.631,0.1419,0.1005,0.431,0.1777,0.0272,0.093,0.5908,0.3051,0.314,0.1266,0.1293,0.621,0.1036,0.0595,0.349,0.1279,0.1569,0.746,57100,20286,0.216,32670,6190,0.115,0.0678,0.0585,0.525,0.1797,0.2525,0.854,0.7171,0.3041,0.258,0.4762,0.1309,0.167,416,177,0.259,0.0793,0.1078,0.826,1958,5,0.002,0.2861,0.0629,0.134,0.0697,0.0694,0.605,0.0264,0.0528,1.215,0.0,0.0408,,0.1697,0.0832,0.298,65,43,0.402,318,174,0.333,0.1381,0.0665,0.293,637,25,0.024,49700,48666,0.595,0.0,0.3692,,0.0,0.1846,,0.1101,0.1227,0.678,0.569,0.3256,0.348,0.1286,0.0722,0.341,0.0,0.0286,,0.0,0.0286,,0.1524,0.0995,0.397,0.1044,0.0886,0.516
420032023001,Tract 2023 · BG 1,42003202300,1.0,530,186,0.213,334,100,0.182,26.8,4.2,0.095,0.0321,0.0816,1.547,0.1057,0.0994,0.572,0.9774,0.0827,0.051,0.0226,0.0369,0.99,0.0,0.0226,,0.0,0.0226,,59157,14832,0.152,45547,7691,0.103,0.1189,0.1393,0.712,0.0385,0.0612,0.968,0.8616,0.1762,0.124,0.551,0.2577,0.284,334,100,0.182,0.0,0.0359,,1981,10,0.003,0.0,0.0359,,0.1287,0.2001,0.945,0.488,0.2665,0.332,0.3832,0.253,0.401,1.0,0.0,0.0,334,100,0.182,0,12,,1.0,0.0,0.0,1163,55,0.029,,,,0.2754,0.2342,0.517,0.0898,0.0762,0.516,,,,0.6941,0.345,0.302,0.0,0.0282,,0.0,0.0282,,0.0,0.0282,,0.1671,0.1455,0.53,0.0479,0.0845,1.073
420032023002,Tract 2023 · BG 2,42003202300,1.0,1048,334,0.194,542,180,0.202,46.0,22.7,0.3,0.0906,0.0949,0.636,0.2233,0.0888,0.242,0.7844,0.0859,0.067,0.0754,0.11,0.887,0.0134,0.0215,0.98,0.0,0.0115,,73750,17195,0.142,40747,8544,0.127,0.0401,0.0675,1.024,0.0943,0.0983,0.634,0.6453,0.1741,0.164,0.4129,0.1141,0.168,640,205,0.195,0.1531,0.1794,0.712,1957,3,0.001,0.9422,0.1248,0.08,0.0219,0.0385,1.071,0.0,0.0265,,0.0,0.0265,,0.2251,0.1565,0.423,122,94,0.468,420,164,0.237,0.2185,0.1476,0.411,1641,200,0.074,292700,57744,0.12,0.0,0.1967,,0.0,0.0984,,0.1286,0.1291,0.61,0.8169,0.2577,0.192,0.0718,0.0748,0.633,0.0,0.0215,,0.0,0.0215,,0.0287,0.0432,0.914,0.0406,0.0669,1.002
420032023003,Tract 2023 · BG 3,42003202300,1.0,1403,755,0.327,536,213,0.242,36.3,21.1,0.353,0.2566,0.1369,0.324,0.3065,0.202,0.401,0.6415,0.4165,0.395,0.3414,0.4338,0.772,0.015,0.0251,1.02,0.0021,0.0121,3.429,90864,32181,0.215,34496,6734,0.119,0.0489,0.0452,0.562,0.0,0.0233,,0.4947,0.2607,0.32,0.5005,0.1217,0.148,572,215,0.228,0.0629,0.0968,0.935,1957,3,0.001,0.9091,0.1435,0.096,0.028,0.0473,1.029,0.0,0.0297,,0.0629,0.099,0.957,0.0951,0.0832,0.532,51,49,0.584,485,218,0.273,0.0629,0.0543,0.525,1817,1221,0.409,189500,28031,0.09,0.2941,0.5883,1.216,0.2941,0.4243,0.877,0.2371,0.1728,0.443,0.5213,0.4848,0.565,0.0019,0.0057,1.779,0.0,0.0233,,0.0,0.0233,,0.4322,0.1935,0.272,0.0,0.0317,
420032023004,Tract 2023 · BG 4,42003202300,1.0,769,273,0.216,490,158,0.196,28.1,1.4,0.03,0.143,0.1055,0.448,0.1079,0.074,0.417,0.9402,0.132,0.085,0.0,0.0156,,0.039,0.0434,0.676,0.0,0.0156,,59722,40903,0.416,46240,11301,0.149,0.1144,0.0815,0.433,0.0,0.0256,,0.6917,0.2042,0.179,0.5081,0.1833,0.219,527,163,0.188,0.0702,0.1118,0.968,1966,7,0.002,0.4288,0.0698,0.099,0.0266,0.0485,1.111,0.5028,0.22,0.266,0.0417,0.0502,0.73,0.6816,0.1695,0.151,334,136,0.248,156,69,0.269,0.6697,0.1771,0.161,1161,45,0.024,143600,37872,0.16,0.1557,0.1377,0.538,0.1078,0.1114,0.628,0.1026,0.2591,1.536,0.6734,0.1277,0.115,0.0,0.0268,,0.0,0.0268,,0.0,0.0268,,0.2953,0.2694,0.555,0.0633,0.0727,0.699
420032413001,Tract 2413 · BG 1,42003241300,1.0,1900,413,0.132,1031,193,0.114,35.5,3.3,0.057,0.1405,0.0837,0.362,0.1121,0.0392,0.212,0.78,0.1148,0.089,0.0553,0.0892,0.981,0.04,0.0293,0.445,0.0426,0.0438,0.624,76633,19349,0.153,65667,19570,0.181,0.1121,0.092,0.499,0.0682,0.052,0.464,0.8511,0.2288,0.163,0.4601,0.08,0.106,1154,194,0.102,0.1066,0.067,0.382,1938,,,0.2834,0.1135,0.243,0.1118,0.0897,0.488,0.0,0.0147,,0.4393,0.1151,0.159,0.6014,0.104,0.105,620,158,0.155,411,125,0.185,0.5389,0.1275,0.144,1897,254,0.081,94300,89317,0.576,0.65,0.1887,0.177,0.2403,0.1024,0.259,0.0584,0.1082,1.127,0.5101,0.1706,0.203,0.055,0.0497,0.55,0.1593,0.1052,0.402,0.0525,0.0523,0.605,0.169,0.0689,0.248,0.2027,0.1304,0.391
420032413002,Tract 2413 · BG 2,42003241300,1.0,956,343,0.218,479,153,0.194,33.2,4.3,0.079,0.0324,0.0384,0.72,0.1287,0.0763,0.361,0.6025,0.2915,0.294,0.3316,0.255,0.467,0.0105,0.0174,1.01,0.0387,0.0493,0.775,76496,20098,0.16,53818,20702,0.234,0.1914,0.1187,0.377,0.067,0.0871,0.791,0.7157,0.0935,0.079,0.4428,0.1151,0.158,608,163,0.163,0.2122,0.1384,0.397,1938,,,0.3141,0.1095,0.212,0.4704,0.2233,0.289,0.0444,0.0708,0.97,0.0,0.0279,,0.6326,0.2607,0.251,303,158,0.317,176,89,0.307,0.6698,0.2969,0.269,1036,289,0.17,137500,38286,0.169,0.066,0.1098,1.011,0.0,0.0396,,0.0398,0.1918,2.931,0.5885,0.2875,0.297,0.0239,0.0357,0.907,0.0542,0.0575,0.644,0.0,0.0191,,0.2185,0.1282,0.357,0.1065,0.1337,0.764
420032413003,Tract 2413 · BG 3,42003241300,1.0,910,383,0.256,378,133,0.214,53.6,19.3,0.219,0.2,0.0892,0.271,0.2396,0.1001,0.254,0.7692,0.1024,0.081,0.1484,0.1382,0.566,0.0,0.0132,,0.0143,0.0268,1.141,60167,13383,0.135,24768,5342,0.131,0.1615,0.145,0.546,0.0,0.027,,0.6022,0.371,0.375,0.04,0.0505,0.767,537,151,0.171,0.2961,0.139,0.285,1938,,,0.4525,0.0941,0.126,0.3184,0.197,0.376,0.0,0.0316,,0.0279,0.0493,1.074,0.3783,0.1812,0.291,143,85,0.361,235,112,0.29,0.4187,0.2093,0.304,1282,222,0.105,,,,0.3357,0.3261,0.591,0.1049,0.1708,0.99,0.2043,0.1398,0.416,0.6292,0.1677,0.162,0.0,0.027,,0.0674,0.0779,0.702,0.0472,0.0524,0.674,0.0652,0.0613,0.572,0.0847,0.0697,0.501
420032509001,Tract 2509 · BG 1,42003250900,1.0,799,258,0.196,373,107,0.174,30.1,3.3,0.067,0.2678,0.0678,0.154,0.1164,0.0604,0.316,0.3767,0.1701,0.274,0.4681,0.2508,0.326,0.0,0.015,,0.0638,0.047,0.448,40665,9168,0.137,25836,5923,0.139,0.4155,0.0417,0.061,0.2623,0.1415,0.328,0.7661,0.2029,0.161,0.2515,0.0852,0.206,409,98,0.146,0.088,0.0829,0.573,1947,22,0.007,0.3252,0.0631,0.118,0.0465,0.0496,0.65,0.5257,0.2071,0.24,0.0538,0.0849,0.959,0.6354,0.2284,0.219,237,109,0.28,136,44,0.197,0.6408,0.243,0.231,,,,179500,42266,0.143,0.2236,0.1557,0.423,0.1055,0.0937,0.54,0.0221,0.2375,6.544,0.4694,0.2091,0.271,0.1583,0.1562,0.6,0.0,0.0333,,0.0,0.0333,,0.2694,0.0572,0.129,0.3324,0.0922,0.169
420032509002,Tract 2509 · BG 2,42003250900,1.0,456,184,0.245,235,78,0.202,37.0,4.5,0.074,0.239,0.1405,0.357,0.0833,0.0929,0.677,0.4211,0.0198,0.029,0.2851,0.1145,0.244,0.2544,0.3561,0.851,0.0241,0.0314,0.792,65531,2903,0.027,47134,22641,0.292,0.3048,0.3506,0.699,0.0,0.0415,,0.8095,0.3666,0.275,0.2887,0.1166,0.246,262,75,0.174,0.1031,0.0786,0.464,1953,6,0.002,0.626,0.1426,0.138,0.1298,0.0988,0.463,0.1069,0.1602,0.911,0.0,0.0648,,0.4681,0.2541,0.33,110,70,0.387,125,56,0.272,0.4934,0.3459,0.426,791,742,0.57,217000,92635,0.26,0.3273,0.3705,0.688,0.2818,0.3473,0.749,0.184,0.3396,1.122,0.5087,0.1659,0.198,0.2076,0.1636,0.479,0.0969,0.1385,0.869,0.0,0.0415,,0.0381,0.054,0.863,0.1064,0.1742,0.995
420032602001,Tract 2602 · BG 1,42003260200,1.0,416,117,0.171,213,57,0.163,35.9,4.1,0.069,0.0913,0.0848,0.564,0.0577,0.0921,0.971,0.8774,0.095,0.066,0.0409,0.0516,0.768,0.0,0.0288,,0.0457,0.0438,0.583,102031,24690,0.147,67433,12038,0.109,0.0337,0.0363,0.656,0.0,0.0373,,0.8519,0.0264,0.019,0.6601,0.1772,0.163,232,58,0.152,0.0819,0.1277,0.948,1938,,,0.8879,0.0948,0.065,0.1121,0.1405,0.762,0.0,0.0731,,0.0,0.0731,,0.2911,0.1285,0.268,62,32,0.314,151,49,0.197,0.2913,0.1363,0.285,1670,216,0.079,192300,30532,0.097,0.1129,0.3827,2.06,0.0,0.1935,,0.2649,0.2532,0.581,0.7671,0.1486,0.118,0.059,0.0727,0.749,0.0,0.0373,,0.0,0.0373,,0.1087,0.0714,0.4,0.061,0.0715,0.712
420032602002,Tract 2602 · BG 2,42003260200,1.0,1701,288,0.103,692,118,0.104,38.7,2.9,0.046,0.2451,0.0659,0.163,0.1499,0.0358,0.145,0.7137,0.1219,0.104,0.1705,0.0987,0.352,0.0,0.0071,,0.0364,0.0401,0.669,74375,14158,0.116,34917,5543,0.097,0.2412,0.0969,0.244,0.0621,0.051,0.5,0.6626,0.0853,0.078,0.3711,0.0529,0.087,786,113,0.087,0.1196,0.0612,0.311,1938,,,0.7392,0.052,0.043,0.1349,0.0755,0.34,0.0878,0.073,0.506,0.0,0.0216,,0.3671,0.1382,0.229,254,105,0.251,438,88,0.122,0.4299,0.167,0.236,938,322,0.209,174500,23703,0.083,0.3858,0.1884,0.297,0.3071,0.1945,0.385,0.1872,0.0938,0.305,0.5722,0.1013,0.108,0.0868,0.0673,0.471,0.0332,0.0336,0.616,0.0,0.0153,,0.143,0.044,0.187,0.1171,0.0733,0.381
420032607001,Tract 2607 · BG 1,42003260700,1.0,543,119,0.133,224,48,0.13,45.7,11.5,0.153,0.0773,0.0703,0.552,0.1473,0.065,0.268,0.5746,0.1318,0.139,0.3941,0.1668,0.257,0.0,0.0221,,0.011,0.0183,1.004,83214,14473,0.106,36671,7490,0.124,0.1657,0.1181,0.433,0.1579,0.0845,0.325,0.7585,0.0916,0.073,0.3009,0.0911,0.184,300,65,0.132,0.2533,0.1923,0.461,1938,,,0.6833,0.0964,0.086,0.0933,0.0841,0.548,0.0,0.0566,,0.0,0.0566,,0.3348,0.1635,0.297,75,40,0.324,149,47,0.192,0.3241,0.1659,0.311,1344,111,0.05,209900,43747,0.127,0.3467,0.2377,0.417,0.1333,0.1283,0.585,0.2349,0.2306,0.597,0.5344,0.0837,0.095,0.0625,0.0541,0.526,0.1156,0.1345,0.707,0.0,0.0375,,0.1312,0.088,0.407,0.0982,0.0761,0.471
420032607002,Tract 2607 · BG 2,42003260700,1.0,1131,414,0.223,415,128,0.187,37.1,7.1,0.116,0.2184,0.1083,0.301,0.0981,0.0218,0.135,0.5729,0.2771,0.294,0.2157,0.0626,0.176,0.0159,0.0176,0.673,0.0309,0.0278,0.547,90744,14230,0.095,36885,7825,0.129,0.1757,0.0956,0.331,0.0199,0.0145,0.443,0.7479,0.2808,0.228,0.3171,0.175,0.336,516,131,0.154,0.1957,0.1008,0.313,1938,,,0.5465,0.1861,0.207,0.2364,0.1032,0.265,0.0233,0.0352,0.921,0.0,0.0329,,0.2892,0.1138,0.239,120,60,0.304,295,127,0.262,0.2935,0.092,0.191,1057,129,0.074,189200,72827,0.234,0.3417,0.314,0.559,0.1417,0.113,0.485,0.1797,0.1067,0.361,0.5007,0.3011,0.366,0.1174,0.0826,0.428,0.0,0.0178,,0.0,0.0178,,0.1932,0.1351,0.425,0.1084,0.0541,0.303
420032613001,Tract 2613 · BG 1,42003261300,1.0,1621,605,0.227,374,99,0.161,19.0,8.5,0.272,0.4565,0.2312,0.308,0.0308,0.037,0.729,0.0117,0.018,0.933,0.9303,0.1705,0.111,0.0,0.0074,,0.0,0.0074,,37685,18300,0.295,8471,1988,0.143,0.5025,0.2146,0.26,0.0929,0.1253,0.82,0.3053,0.1697,0.338,0.014,0.0391,1.694,448,101,0.137,0.1652,0.1517,0.558,1956,4,0.001,0.1138,0.1017,0.543,0.0179,0.041,1.394,0.1295,0.108,0.507,0.1205,0.1418,0.715,0.8636,0.1167,0.082,323,96,0.181,51,47,0.56,0.8908,0.1254,0.086,,,,,,,0.0867,0.11,0.771,0.0867,0.0892,0.626,1.0,0.6488,0.394,0.598,0.3723,0.378,0.1709,0.1332,0.474,0.0,0.0603,,0.0,0.0603,,0.1357,0.1958,0.877,0.5134,0.2031,0.24
420032613002,Tract 2613 · BG 2,42003261300,1.0,1194,263,0.134,617,136,0.134,34.7,5.3,0.093,0.1575,0.0692,0.267,0.2228,0.0525,0.143,0.7454,0.224,0.183,0.2119,0.1363,0.391,0.0,0.0101,,0.0394,0.0563,0.869,81375,26006,0.194,53433,10283,0.117,0.0494,0.0427,0.525,0.0178,0.0262,0.897,0.6634,0.1223,0.112,0.4443,0.0833,0.114,666,124,0.113,0.0736,0.0906,0.748,1957,6,0.002,0.7538,0.1959,0.158,0.045,0.0592,0.799,0.1441,0.1912,0.806,0.0,0.0255,,0.3209,0.2156,0.408,198,140,0.43,419,86,0.125,0.2328,0.1283,0.335,1173,157,0.081,177000,15103,0.052,0.4848,0.558,0.7,0.0,0.0606,,0.2387,0.1686,0.429,0.6003,0.1025,0.104,0.0379,0.0511,0.819,0.0,0.019,,0.0,0.019,,0.2449,0.2187,0.543,0.2512,0.2176,0.526
420032614001,Tract 2614 · BG 1,42003261400,1.0,379,264,0.423,175,108,0.375,34.3,32.0,0.567,0.0897,0.1265,0.857,0.0844,0.1647,1.186,0.0,0.0317,,0.8417,0.3192,0.231,0.0237,0.03,0.769,0.0449,0.064,0.868,,,,26796,15652,0.355,0.2929,0.4359,0.905,0.2275,0.2086,0.557,0.6116,0.5955,0.592,0.4137,0.063,0.093,237,125,0.321,0.2616,0.2659,0.618,1938,,,0.6835,0.2502,0.222,0.0,0.0716,,0.0,0.0716,,0.0,0.0716,,0.6229,0.3153,0.308,109,87,0.485,66,67,0.617,0.4274,0.1756,0.25,1357,35,0.016,,,,0.5596,0.3873,0.421,0.5596,0.3371,0.366,0.4848,0.7962,0.998,0.4785,0.302,0.384,0.0,0.0736,,0.0,0.0736,,0.0,0.0736,,0.2086,0.2206,0.643,0.0,0.097,
420032614002,Tract 2614 · BG 2,42003261400,1.0,531,321,0.367,259,107,0.251,32.9,25.7,0.475,0.3842,0.1961,0.31,0.1977,0.1665,0.512,0.3898,0.0408,0.064,0.5066,0.4431,0.532,0.0508,0.0989,1.183,0.0527,0.0683,0.787,,,,44844,46627,0.632,0.5235,0.4364,0.507,0.0,0.0828,,0.4434,0.3314,0.454,0.4098,0.2381,0.353,355,133,0.228,0.2704,0.2231,0.502,1941,6,0.002,0.6592,0.1169,0.108,0.0,0.0478,,0.0254,0.0511,1.224,0.093,0.1434,0.938,0.305,0.2735,0.545,79,78,0.6,180,76,0.257,0.4859,0.4492,0.562,,,,,,,0.8481,0.564,0.404,0.8481,0.4988,0.358,0.1611,0.2063,0.778,0.0621,0.0801,0.784,0.0759,0.1052,0.843,0.0,0.0828,,0.0,0.0828,,0.5448,0.5479,0.611,0.1197,0.1067,0.542
420032614003,Tract 2614 · BG 3,42003261400,1.0,503,357,0.431,298,111,0.226,56.8,6.8,0.073,0.0,0.0675,,0.2425,0.2271,0.569,0.5726,0.5697,0.605,0.4016,0.3264,0.494,0.0258,0.0419,0.985,0.0,0.0239,,35444,11312,0.194,24541,20455,0.507,0.1471,0.1476,0.61,0.0,0.0566,,0.4215,0.3671,0.529,0.1485,0.0883,0.362,408,131,0.195,0.2696,0.1677,0.378,1948,44,0.014,0.3554,0.183,0.313,0.1936,0.137,0.43,0.1299,0.1012,0.473,0.1765,0.1018,0.351,0.5168,0.2013,0.237,154,83,0.328,144,111,0.469,0.334,0.3037,0.553,1011,653,0.393,46000,29619,0.391,0.4545,0.3007,0.402,0.4545,0.2687,0.359,0.4861,0.4318,0.54,0.783,0.3139,0.244,0.0,0.0566,,0.0,0.0566,,0.0,0.0566,,0.1557,0.1558,0.609,0.2752,0.1678,0.371
420032614004,Tract 2614 · BG 4,42003261400,1.0,457,142,0.189,254,87,0.208,62.1,15.3,0.15,0.0503,0.1055,1.275,0.4486,0.0607,0.082,0.4026,0.1435,0.217,0.5011,0.1443,0.175,0.0,0.0263,,0.0022,0.0043,1.201,46635,19677,0.256,30699,8536,0.169,0.2196,0.2235,0.619,0.0419,0.0591,0.858,0.4401,0.182,0.251,0.3693,0.1936,0.319,276,89,0.196,0.0797,0.1242,0.947,1938,,,0.8116,0.1481,0.111,0.0399,0.0773,1.179,0.0507,0.0926,1.109,0.0507,0.0893,1.07,0.1535,0.1101,0.436,39,31,0.483,215,82,0.232,0.1473,0.1229,0.507,470,312,0.404,140200,13798,0.06,0.641,0.6789,0.644,0.0,0.3077,,0.2279,0.1942,0.518,0.5519,0.2839,0.313,0.0546,0.0824,0.917,0.0,0.0656,,0.0,0.0656,,0.3333,0.1691,0.308,0.2008,0.1189,0.36
420032615001,Tract 2615 · BG 1,42003261500,1.0,871,581,0.406,307,117,0.232,24.6,12.8,0.316,0.2445,0.2165,0.538,0.147,0.1157,0.479,0.147,0.129,0.534,0.6648,0.4953,0.453,0.0034,0.0077,1.359,0.0172,0.0225,0.794,32344,29355,0.552,16917,6541,0.235,0.2139,0.1865,0.53,0.0046,0.0229,3.021,0.3168,0.2783,0.534,0.302,0.0747,0.15,377,133,0.214,0.1857,0.1392,0.456,1954,7,0.002,0.6976,0.2339,0.204,0.1194,0.1104,0.562,0.0,0.045,,0.1353,0.0659,0.296,0.6091,0.2772,0.277,187,111,0.361,120,43,0.218,0.7279,0.454,0.379,1169,999,0.519,,,,0.7433,0.3817,0.312,0.107,0.0724,0.411,0.375,0.4157,0.674,0.375,0.0856,0.139,0.25,0.114,0.277,0.0,0.0556,,0.0,0.0556,,0.0926,0.0652,0.428,0.4104,0.109,0.161
420032615002,Tract 2615 · BG 2,42003261500,1.0,811,212,0.159,367,78,0.129,42.8,8.1,0.115,0.1739,0.0576,0.202,0.2207,0.0482,0.133,0.4698,0.0931,0.121,0.434,0.1317,0.185,0.0308,0.0437,0.861,0.0,0.0148,,60757,18726,0.187,30016,5683,0.115,0.2027,0.1488,0.446,0.0714,0.0479,0.407,0.6382,0.1438,0.137,0.289,0.0934,0.196,405,74,0.111,0.0938,0.1048,0.679,1943,6,0.002,0.6593,0.1023,0.094,0.0716,0.0564,0.478,0.1852,0.1348,0.443,0.0568,0.0503,0.539,0.5123,0.1566,0.186,188,70,0.226,179,55,0.187,0.5106,0.1922,0.229,1131,87,0.047,101600,25218,0.151,0.3191,0.1292,0.246,0.1543,0.114,0.449,0.257,0.2449,0.579,0.6611,0.1811,0.167,0.1154,0.0815,0.429,0.0168,0.0257,0.93,0.0,0.0288,,0.1274,0.0589,0.281,0.1771,0.082,0.282
420032620001,Tract 2620 · BG 1,42003262000,1.0,1160,321,0.168,571,120,0.128,46.0,17.1,0.226,0.1957,0.1014,0.315,0.2664,0.0769,0.176,0.8672,0.0484,0.034,0.0207,0.0243,0.715,0.0,0.0103,,0.0466,0.0616,0.804,42148,25314,0.365,32129,6941,0.131,0.0678,0.0566,0.508,0.0,0.0219,,0.5773,0.031,0.033,0.296,0.1025,0.211,662,124,0.114,0.1375,0.1258,0.556,1938,,,0.5242,0.147,0.17,0.0483,0.0509,0.64,0.0302,0.0499,1.004,0.2145,0.1327,0.376,0.4291,0.1542,0.218,245,102,0.253,326,96,0.179,0.3654,0.1844,0.307,881,583,0.402,155500,31691,0.124,0.5714,0.3359,0.357,0.3551,0.282,0.483,0.0982,0.137,0.849,0.5626,0.1636,0.177,0.0262,0.0406,0.944,0.0,0.0224,,0.043,0.0589,0.833,0.243,0.1112,0.278,0.2732,0.1629,0.362
420032620002,Tract 2620 · BG 2,42003262000,1.0,821,475,0.352,343,143,0.253,34.0,25.2,0.451,0.2911,0.1906,0.398,0.1693,0.0289,0.104,0.2156,0.1606,0.453,0.592,0.4557,0.468,0.0122,0.0259,1.29,0.0,0.0146,,,,,22627,14769,0.397,0.5879,0.3042,0.315,0.0751,0.1095,0.886,0.5719,0.2037,0.217,0.103,0.0983,0.58,343,143,0.253,0.0,0.035,,1969,11,0.003,0.2536,0.2079,0.498,0.0,0.0495,,0.6414,0.227,0.215,0.0,0.0495,,0.6414,0.2022,0.192,220,115,0.318,123,81,0.4,0.5879,0.2898,0.3,459,73,0.097,118800,116458,0.596,0.7455,0.3995,0.326,0.7455,0.3881,0.317,0.0813,0.284,2.124,0.2188,0.1356,0.377,0.3969,0.2547,0.39,0.0,0.0375,,0.0,0.0375,,0.05,0.0635,0.773,0.551,0.2838,0.313
420032620003,Tract 2620 · BG 3,42003262000,1.0,662,358,0.329,286,107,0.227,27.8,7.0,0.153,0.2644,0.0962,0.221,0.0378,0.0706,1.137,0.565,0.403,0.434,0.3701,0.4217,0.693,0.0,0.0181,,0.0196,0.0315,0.975,,,,33119,17571,0.323,0.355,0.3317,0.568,0.0,0.0303,,0.7873,0.1095,0.085,0.5066,0.3058,0.367,309,104,0.205,0.0744,0.1204,0.983,1938,,,0.9029,0.152,0.102,0.0971,0.112,0.701,0.0,0.0549,,0.0,0.0549,,0.3217,0.2131,0.403,92,70,0.463,194,83,0.26,0.4683,0.3885,0.504,1629,641,0.239,176400,75137,0.259,0.6413,0.5318,0.504,0.5,0.543,0.66,0.1289,0.2019,0.953,0.5707,0.1796,0.191,0.1162,0.0835,0.437,0.0429,0.0654,0.926,0.0,0.0303,,0.2702,0.1614,0.363,0.0944,0.0978,0.63
420032701001,Tract 2701 · BG 1,42003270100,1.0,1261,306,0.148,575,138,0.146,45.9,12.3,0.163,0.1356,0.0517,0.232,0.3077,0.1236,0.244,0.9136,0.0967,0.064,0.0642,0.0533,0.504,0.0,0.0095,,0.0032,0.0071,1.36,62031,33048,0.324,39918,7835,0.119,0.0809,0.0678,0.51,0.0281,0.0305,0.662,0.5358,0.1918,0.218,0.4735,0.1712,0.22,612,134,0.133,0.0605,0.0938,0.944,1938,,,0.8464,0.1166,0.084,0.1046,0.1057,0.614,0.0212,0.0392,1.123,0.0,0.0277,,0.0591,0.0502,0.516,34,30,0.536,541,138,0.155,0.0634,0.0509,0.487,2068,1285,0.378,230600,36322,0.096,0.0,0.7059,,0.0,0.3529,,0.2625,0.1493,0.346,0.6316,0.118,0.114,0.0424,0.0481,0.688,0.0136,0.0218,0.976,0.0,0.0204,,0.2122,0.1079,0.309,0.1948,0.176,0.549
420032701002,Tract 2701 · BG 2,42003270100,1.0,1158,279,0.146,606,156,0.156,36.0,5.0,0.084,0.1114,0.0512,0.28,0.1917,0.0807,0.256,0.7323,0.1457,0.121,0.2245,0.0706,0.191,0.0,0.0104,,0.0138,0.0196,0.861,78409,12425,0.096,68274,24762,0.22,0.0278,0.0127,0.278,0.0751,0.0823,0.666,0.6952,0.087,0.076,0.309,0.1065,0.21,669,152,0.138,0.0942,0.0856,0.552,1938,,,0.5665,0.1184,0.127,0.1614,0.1039,0.391,0.0987,0.1354,0.834,0.0,0.0254,,0.5033,0.207,0.25,305,148,0.295,301,96,0.194,0.3815,0.1575,0.251,1182,121,0.062,195400,51298,0.16,0.4197,0.2979,0.432,0.0,0.0393,,0.1196,0.1559,0.792,0.6009,0.1776,0.18,0.1491,0.0791,0.323,0.0377,0.0331,0.534,0.0,0.0181,,0.1988,0.1161,0.355,0.1287,0.0829,0.392
420032703001,Tract 2703 · BG 1,42003270300,1.0,850,182,0.13,486,110,0.138,44.6,8.7,0.119,0.0565,0.0578,0.622,0.26,0.1038,0.243,0.6882,0.137,0.121,0.2365,0.1813,0.466,0.0,0.0141,,0.0,0.0141,,51719,20804,0.245,45043,9091,0.123,0.1615,0.0999,0.376,0.0745,0.0927,0.756,0.6724,0.0933,0.084,0.3128,0.0859,0.167,545,104,0.116,0.1083,0.0875,0.491,1938,,,0.4936,0.057,0.07,0.1413,0.1092,0.47,0.0789,0.0538,0.415,0.1046,0.0631,0.367,0.3354,0.1101,0.2,163,65,0.242,323,97,0.183,0.3141,0.1465,0.283,947,47,0.03,167500,30738,0.112,0.3926,0.207,0.321,0.2761,0.1844,0.406,0.0867,0.0943,0.661,0.5099,0.1134,0.135,0.1779,0.0954,0.326,0.0573,0.0938,0.995,0.0138,0.0215,0.944,0.2134,0.0955,0.272,0.1687,0.1509,0.544
420032703002,Tract 2703 · BG 2,42003270300,1.0,1257,448,0.217,459,162,0.215,33.5,1.3,0.024,0.2944,0.1384,0.286,0.0859,0.0307,0.217,0.2235,0.105,0.286,0.6094,0.2926,0.292,0.0,0.0095,,0.008,0.014,1.073,67875,39246,0.351,24521,5856,0.145,0.2745,0.1341,0.297,0.0451,0.026,0.351,0.6494,0.3464,0.324,0.1432,0.0956,0.406,481,165,0.209,0.0457,0.0711,0.944,1938,,,0.3077,0.1481,0.293,0.3368,0.3085,0.557,0.0,0.0353,,0.2495,0.1126,0.274,0.8061,0.2303,0.174,370,168,0.276,89,36,0.246,0.8894,0.1799,0.123,1127,214,0.115,162500,77964,0.292,0.3757,0.0835,0.135,0.1378,0.0709,0.313,0.3596,0.4035,0.682,0.3442,0.284,0.502,0.5725,0.5875,0.624,0.0,0.0217,,0.0,0.0217,,0.0489,0.0522,0.649,0.4009,0.3053,0.463
420032708001,Tract 2708 · BG 1,42003270800,1.0,502,155,0.188,256,76,0.18,54.9,3.5,0.039,0.0458,0.078,1.035,0.2729,0.1097,0.244,0.7849,0.3418,0.265,0.1932,0.2108,0.663,0.0219,0.0352,0.977,0.0,0.0239,,115769,24283,0.128,62389,8770,0.085,0.0045,0.0094,1.272,0.0033,0.0097,1.805,0.6367,0.1872,0.179,0.3159,0.0853,0.164,296,78,0.16,0.1351,0.1686,0.758,1938,,,0.8378,0.1311,0.095,0.0608,0.0831,0.831,0.0,0.0573,,0.0,0.0573,,0.0938,0.0936,0.607,24,25,0.633,232,78,0.204,0.068,0.0685,0.612,783,394,0.306,257600,56269,0.133,0.2083,0.9022,2.633,0.0,0.5,,0.0,0.1463,,0.7697,0.254,0.201,0.0,0.0395,,0.0,0.0395,,0.0,0.0395,,0.2303,0.1228,0.324,0.0781,0.0961,0.747
420032708002,Tract 2708 · BG 2,42003270800,1.0,1265,367,0.176,574,222,0.235,38.3,8.9,0.141,0.1763,0.0702,0.242,0.1628,0.0423,0.158,0.747,0.1536,0.125,0.1581,0.1314,0.505,0.0134,0.0145,0.656,0.0719,0.0605,0.512,109074,56157,0.313,48655,16906,0.211,0.1019,0.0726,0.433,0.089,0.0839,0.573,0.6186,0.1595,0.157,0.4,0.1063,0.162,615,226,0.223,0.0667,0.0961,0.876,1938,,,0.8911,0.184,0.126,0.0309,0.0333,0.655,0.0,0.0276,,0.0472,0.0385,0.496,0.1463,0.0542,0.225,84,45,0.326,490,224,0.278,0.102,0.0673,0.401,1071,1022,0.58,179800,108743,0.368,0.5833,0.3469,0.361,0.3571,0.3156,0.537,0.2306,0.1224,0.323,0.5488,0.3121,0.346,0.0303,0.0507,1.016,0.0,0.0202,,0.0236,0.0357,0.922,0.2963,0.1083,0.222,0.1045,0.0533,0.31
420032708003,Tract 2708 · BG 3,42003270800,1.0,730,231,0.192,451,120,0.162,47.6,8.4,0.107,0.1904,0.104,0.332,0.2219,0.1049,0.287,0.7247,0.3172,0.266,0.2205,0.202,0.557,0.0123,0.0188,0.926,0.0,0.0164,,86587,21919,0.154,53935,10323,0.116,0.0459,0.0452,0.599,0.0,0.0246,,0.8093,0.2043,0.153,0.5008,0.085,0.103,506,130,0.156,0.1087,0.1213,0.679,1938,,,0.7885,0.1307,0.101,0.0257,0.0439,1.039,0.0,0.0335,,0.0237,0.0457,1.171,0.0732,0.0543,0.451,33,26,0.479,418,121,0.176,0.0452,0.0326,0.439,,,,212200,46045,0.132,0.7576,0.8425,0.676,0.7576,0.5596,0.449,0.1818,0.1479,0.495,0.5287,0.1387,0.159,0.0471,0.0478,0.616,0.0,0.0246,,0.0,0.0246,,0.3156,0.1955,0.377,0.0089,0.0307,2.105
420032716001,Tract 2716 · BG 1,42003271600,1.0,773,331,0.26,348,125,0.218,39.5,14.6,0.225,0.1992,0.1145,0.349,0.251,0.0808,0.196,0.5459,0.1882,0.21,0.2652,0.2525,0.579,0.0,0.0155,,0.0737,0.0821,0.677,,,,35045,15488,0.269,0.2329,0.2322,0.606,0.0449,0.0608,0.822,0.5751,0.2898,0.306,0.1126,0.1093,0.59,348,125,0.218,0.0,0.0345,,1938,,,0.7787,0.0876,0.068,0.0,0.0488,,0.0287,0.0565,1.196,0.0805,0.125,0.944,0.3506,0.1923,0.334,122,80,0.399,226,102,0.274,0.445,0.2661,0.363,779,243,0.19,94700,14698,0.094,0.7213,0.4353,0.367,0.3197,0.4539,0.863,0.2743,0.2708,0.6,0.5912,0.1643,0.169,0.0353,0.0473,0.814,0.0,0.0353,,0.0,0.0353,,0.0971,0.1011,0.634,0.204,0.1718,0.512
420032716002,Tract 2716 · BG 2,42003271600,1.0,1649,437,0.161,709,302,0.259,32.5,17.6,0.329,0.3475,0.0586,0.103,0.0522,0.0375,0.437,0.1492,0.0792,0.323,0.8114,0.0574,0.043,0.0,0.0073,,0.0,0.0073,,29200,12104,0.252,15671,3851,0.149,0.3487,0.1676,0.292,0.1531,0.0935,0.371,0.6859,0.1621,0.144,0.0295,0.0488,1.005,817,304,0.226,0.1322,0.0847,0.389,1938,,,0.6132,0.2803,0.278,0.3195,0.3467,0.66,0.0306,0.0498,0.99,0.0,0.0208,,0.7814,0.2544,0.198,554,297,0.326,155,92,0.361,0.803,0.1161,0.088,1162,113,0.059,74000,31124,0.256,0.9693,0.2968,0.186,0.343,0.2527,0.448,0.2645,0.3609,0.829,0.1696,0.1757,0.63,0.4944,0.3648,0.448,0.0,0.0192,,0.0,0.0192,,0.1568,0.082,0.318,0.5148,0.3125,0.369
420032716003,Tract 2716 · BG 3,42003271600,1.0,818,366,0.272,289,121,0.255,38.9,15.8,0.247,0.2421,0.2102,0.528,0.0709,0.0569,0.488,0.4474,0.2178,0.296,0.1834,0.1375,0.456,0.0,0.0147,,0.0098,0.0165,1.028,68262,3986,0.035,29220,11803,0.246,0.2848,0.3423,0.73,0.0661,0.1158,1.065,0.7081,0.4531,0.389,0.2732,0.1893,0.421,319,128,0.244,0.094,0.1489,0.962,1938,,,0.8307,0.1453,0.106,0.1317,0.1585,0.732,0.0,0.0532,,0.0,0.0532,,0.2145,0.1599,0.453,62,53,0.52,227,130,0.348,0.3961,0.3391,0.52,1229,983,0.486,96700,6884,0.043,0.2419,0.4685,1.177,0.2419,0.3272,0.822,0.0352,0.1482,2.556,0.6951,0.2791,0.244,0.1024,0.085,0.504,0.0829,0.0886,0.65,0.0,0.0293,,0.0659,0.0731,0.674,0.09,0.0924,0.625
420032716004,Tract 2716 · BG 4,42003271600,1.0,1232,373,0.184,806,254,0.192,51.9,10.1,0.118,0.0909,0.0595,0.398,0.1705,0.0483,0.172,0.4619,0.0724,0.095,0.3807,0.1601,0.256,0.0,0.0097,,0.1323,0.154,0.707,40366,38728,0.583,34166,6903,0.123,0.3231,0.1818,0.342,0.0,0.0214,,0.5018,0.0284,0.034,0.3247,0.1035,0.194,869,253,0.177,0.0725,0.0657,0.551,1938,,,0.7307,0.1594,0.133,0.0978,0.0705,0.438,0.046,0.0634,0.837,0.0,0.0195,,0.2965,0.1299,0.266,239,129,0.328,567,243,0.261,0.3271,0.1743,0.324,880,360,0.249,125200,59463,0.289,0.4644,0.3058,0.4,0.3975,0.3146,0.481,0.1164,0.0894,0.467,0.6655,0.1505,0.137,0.0641,0.0958,0.909,0.0071,0.0194,1.661,0.0,0.0214,,0.2633,0.1793,0.414,0.2481,0.2402,0.588
420032814001,Tract 2814 · BG 1,42003281400,1.0,753,305,0.246,393,140,0.217,49.3,8.4,0.104,0.0398,0.0613,0.936,0.1182,0.0481,0.247,0.8181,0.204,0.152,0.1089,0.0893,0.499,0.0,0.0159,,0.0,0.0159,,59188,33011,0.339,48854,16828,0.209,0.0757,0.0961,0.772,0.0132,0.0238,1.095,0.7331,0.1429,0.119,0.2176,0.0898,0.251,429,154,0.218,0.0839,0.1102,0.798,1944,4,0.001,0.9161,0.4633,0.307,0.0839,0.1137,0.823,0.0,0.0396,,0.0,0.0396,,0.0763,0.0875,0.697,30,36,0.729,363,140,0.234,0.0717,0.0827,0.701,1250,391,0.19,132500,60832,0.279,0.0,0.8,,0.0,0.4,,0.1708,0.2121,0.755,0.9297,0.1618,0.106,0.0484,0.0685,0.862,0.0,0.0264,,0.0,0.0264,,0.022,0.0216,0.599,0.0102,0.0352,2.1
420032814002,Tract 2814 · BG 2,42003281400,1.0,1789,261,0.089,699,108,0.094,29.2,7.7,0.16,0.3169,0.1245,0.239,0.1437,0.0525,0.222,0.3672,0.0563,0.093,0.5422,0.0717,0.08,0.0,0.0067,,0.0,0.0067,,29782,14440,0.295,22360,3069,0.083,0.4612,0.105,0.138,0.1248,0.1587,0.773,0.5359,0.0855,0.097,0.2545,0.0793,0.189,754,101,0.081,0.0729,0.0709,0.591,1962,5,0.002,0.4841,0.0922,0.116,0.0186,0.0343,1.124,0.0743,0.1314,1.075,0.1897,0.1217,0.39,0.5279,0.121,0.139,369,102,0.168,330,69,0.127,0.569,0.0892,0.095,949,670,0.429,163200,11289,0.042,0.6233,0.2725,0.266,0.5772,0.274,0.289,0.1273,0.1407,0.672,0.5478,0.1478,0.164,0.0,0.0209,,0.0,0.0209,,0.0,0.0209,,0.2157,0.0966,0.272,0.1674,0.1763,0.64
420032815001,Tract 2815 · BG 1,42003281500,1.0,555,200,0.219,224,65,0.176,48.2,14.7,0.185,0.164,0.082,0.304,0.1423,0.0574,0.245,0.7477,0.1567,0.127,0.1459,0.161,0.671,0.0,0.0216,,0.0,0.0216,,49375,29906,0.368,25286,5587,0.134,0.1495,0.1538,0.625,0.0,0.0484,,0.5232,0.1113,0.129,0.1215,0.0846,0.423,243,63,0.158,0.0782,0.0967,0.752,1938,,,0.716,0.235,0.199,0.037,0.0722,1.185,0.1687,0.2193,0.79,0.0,0.0698,,0.3839,0.2534,0.401,86,62,0.438,138,41,0.181,0.4144,0.2757,0.404,894,429,0.292,154800,38276,0.15,0.5698,0.5191,0.554,0.4767,0.5115,0.652,0.1594,0.2443,0.931,0.6395,0.2064,0.196,0.1588,0.1511,0.578,0.0515,0.0567,0.669,0.0,0.0515,,0.1202,0.1519,0.768,0.2455,0.238,0.589
420032815002,Tract 2815 · BG 2,42003281500,1.0,997,356,0.217,366,82,0.136,33.5,6.3,0.114,0.3681,0.0549,0.091,0.1214,0.0216,0.108,0.4433,0.1869,0.256,0.4112,0.2989,0.442,0.0,0.012,,0.015,0.0162,0.654,61667,23936,0.236,29612,6940,0.142,0.1505,0.1021,0.412,0.0693,0.0521,0.457,0.8143,0.1374,0.103,0.319,0.0917,0.175,433,78,0.11,0.1547,0.1097,0.431,1938,,,0.8591,0.0608,0.043,0.1085,0.1012,0.567,0.0,0.0392,,0.0,0.0392,,0.4126,0.1643,0.242,151,69,0.278,215,50,0.141,0.5423,0.2882,0.323,1647,338,0.125,118500,15884,0.081,0.3974,0.3158,0.483,0.2914,0.2813,0.587,0.2279,0.1971,0.526,0.5431,0.2516,0.282,0.098,0.1065,0.66,0.1333,0.0974,0.444,0.0,0.0235,,0.1157,0.0532,0.28,0.2077,0.1475,0.432
420032901001,Tract 2901 · BG 1,42003290100,1.0,400,182,0.277,224,85,0.231,44.1,21.0,0.289,0.1575,0.1227,0.474,0.245,0.1079,0.268,0.49,0.2819,0.35,0.3025,0.3461,0.696,0.0,0.03,,0.0775,0.1068,0.838,,,,24382,5106,0.127,0.1925,0.1156,0.365,0.0873,0.1241,0.864,0.7434,0.2177,0.178,0.2606,0.1174,0.274,314,83,0.161,0.2866,0.1926,0.409,1938,,,0.6083,0.1766,0.177,0.3854,0.209,0.33,0.0,0.054,,0.0,0.054,,0.567,0.2795,0.3,127,79,0.378,97,41,0.257,0.515,0.3303,0.39,980,453,0.281,102500,79391,0.471,0.5748,0.3815,0.404,0.3701,0.329,0.54,0.2165,0.3139,0.881,0.4019,0.0347,0.053,0.1916,0.1818,0.577,0.0654,0.0963,0.895,0.0,0.0561,,0.3224,0.2911,0.549,0.4464,0.2844,0.387
420032901002,Tract 2901 · BG 2,42003290100,1.0,564,207,0.223,275,88,0.195,42.2,20.2,0.291,0.195,0.1553,0.484,0.1401,0.0353,0.153,0.6631,0.3175,0.291,0.1117,0.0962,0.524,0.0071,0.0121,1.04,0.1791,0.2357,0.8,70625,43340,0.373,37334,14137,0.23,0.055,0.0382,0.422,0.2778,0.2369,0.518,0.6711,0.1441,0.131,0.2402,0.1634,0.413,321,91,0.172,0.1433,0.1178,0.5,1938,,,0.648,0.1287,0.121,0.1682,0.1492,0.539,0.0,0.0529,,0.0,0.0529,,0.3491,0.2528,0.44,96,76,0.481,179,66,0.224,0.4033,0.305,0.46,1263,1257,0.605,80900,24482,0.184,0.4271,0.3722,0.53,0.0,0.125,,0.0559,0.172,1.872,0.3607,0.1598,0.269,0.0502,0.0317,0.384,0.0,0.0548,,0.0,0.0548,,0.1187,0.1014,0.519,0.2436,0.1748,0.436
420032901003,Tract 2901 · BG 3,42003290100,1.0,800,375,0.285,271,91,0.204,42.0,12.9,0.187,0.2925,0.0118,0.024,0.1388,0.0027,0.012,0.69,0.2679,0.236,0.26,0.1936,0.453,0.0,0.015,,0.03,0.0401,0.813,53750,32104,0.363,22520,5549,0.15,0.2138,0.1448,0.412,0.0358,0.0405,0.687,0.5099,0.0543,0.065,0.1349,0.0683,0.308,344,88,0.156,0.2122,0.1658,0.475,1938,,,0.686,0.1436,0.127,0.2297,0.1448,0.383,0.0,0.0493,,0.0,0.0493,,0.3801,0.1854,0.297,103,61,0.36,168,67,0.242,0.3762,0.1534,0.248,919,106,0.07,99200,25580,0.157,0.7087,0.3888,0.334,0.5922,0.4154,0.426,0.131,0.2024,0.939,0.6323,0.3789,0.364,0.1226,0.0551,0.273,0.0613,0.065,0.645,0.0,0.0387,,0.1516,0.0591,0.237,0.3026,0.1749,0.351
420032902001,Tract 2902 · BG 1,42003290200,1.0,636,226,0.216,269,80,0.181,40.8,18.8,0.28,0.1903,0.1346,0.43,0.2531,0.1016,0.244,0.6682,0.0271,0.025,0.055,0.0446,0.493,0.0,0.0189,,0.1494,0.1679,0.683,75750,34025,0.273,32038,9961,0.189,0.2594,0.1693,0.397,0.0,0.0397,,0.5687,0.2262,0.242,0.095,0.0895,0.572,386,114,0.18,0.3031,0.2153,0.432,1938,,,0.9171,0.0799,0.053,0.044,0.0754,1.041,0.0,0.044,,0.0,0.044,,0.2565,0.2214,0.525,69,63,0.555,200,78,0.237,0.2814,0.2681,0.579,1141,56,0.03,123400,75780,0.373,0.3043,0.4361,0.871,0.3043,0.3153,0.63,0.295,0.2542,0.524,0.5033,0.1162,0.14,0.0695,0.0962,0.841,0.0596,0.0804,0.82,0.0,0.0397,,0.0927,0.0982,0.644,0.2119,0.1606,0.461
420032902002,Tract 2902 · BG 2,42003290200,1.0,830,288,0.211,648,188,0.176,45.7,28.3,0.376,0.0831,0.0785,0.574,0.2494,0.1099,0.268,0.5482,0.2273,0.252,0.2542,0.1741,0.416,0.059,0.1003,1.033,0.0,0.0145,,24403,16657,0.415,31820,11473,0.219,0.4084,0.2043,0.304,0.0239,0.0365,0.927,0.5493,0.1892,0.209,0.1333,0.1211,0.552,736,175,0.145,0.1196,0.0865,0.44,1958,13,0.004,0.3397,0.1479,0.265,0.0,0.0231,,0.1073,0.0729,0.413,0.5394,0.2312,0.261,0.7515,0.0568,0.046,487,146,0.182,161,116,0.438,0.6663,0.3186,0.291,620,282,0.276,,,,0.3758,0.3044,0.492,0.3183,0.3015,0.576,0.1491,0.2296,0.936,0.2108,0.1968,0.568,0.0588,0.0675,0.697,0.3554,0.339,0.58,0.0,0.0294,,0.0,0.0294,,0.6898,0.1767,0.156
420032902003,Tract 2902 · BG 3,42003290200,1.0,461,210,0.277,201,92,0.278,64.0,3.4,0.032,0.026,0.0772,1.803,0.41,0.118,0.175,0.9002,0.1882,0.127,0.0195,0.0819,2.552,0.0,0.026,,0.0,0.026,,61406,45463,0.45,38777,10376,0.163,0.0,0.0368,,0.1879,0.1346,0.436,0.3675,0.2538,0.42,0.491,0.1674,0.207,239,90,0.229,0.159,0.1785,0.683,1938,,,0.9331,0.1355,0.088,0.0,0.071,,0.0,0.071,,0.0,0.071,,0.0995,0.1157,0.707,20,25,0.76,181,90,0.302,0.0868,0.1286,0.901,1583,1175,0.451,131800,101869,0.47,0.6,1.1916,1.207,0.6,0.5831,0.591,0.2376,0.3974,1.017,0.7388,0.1357,0.112,0.0,0.0896,,0.0,0.0896,,0.0,0.0896,,0.2612,0.1325,0.308,0.0,0.0844,
420032902004,Tract 2902 · BG 4,42003290200,1.0,849,307,0.22,363,134,0.224,44.3,11.1,0.152,0.1213,0.1086,0.544,0.1143,0.0831,0.442,0.6596,0.0885,0.082,0.1508,0.1201,0.484,0.0518,0.0851,0.998,0.0283,0.0375,0.806,57236,17322,0.184,32166,15984,0.302,0.2627,0.2135,0.494,0.1108,0.1786,0.98,0.5322,0.1662,0.19,0.1254,0.1204,0.583,363,134,0.224,0.0,0.0331,,1938,,,0.7521,0.1526,0.123,0.0,0.0468,,0.0634,0.0939,0.901,0.0634,0.0992,0.952,0.3884,0.16,0.25,141,78,0.336,222,110,0.301,0.4215,0.2248,0.324,1077,292,0.165,96900,58625,0.368,0.6879,0.3155,0.279,0.5248,0.3013,0.349,0.1712,0.3021,1.073,0.4391,0.1251,0.173,0.289,0.2995,0.63,0.0,0.034,,0.0,0.034,,0.2323,0.229,0.599,0.1983,0.1695,0.519
420032902005,Tract 2902 · BG 5,42003290200,1.0,1064,450,0.257,384,153,0.242,29.0,22.1,0.463,0.1964,0.0452,0.14,0.1635,0.0469,0.174,0.5226,0.1826,0.212,0.3092,0.2086,0.41,0.0,0.0113,,0.1682,0.2298,0.831,61269,8648,0.086,25156,5031,0.122,0.1165,0.0861,0.449,0.0469,0.0566,0.734,0.6737,0.2449,0.221,0.2554,0.155,0.369,446,164,0.224,0.139,0.1341,0.586,1938,,,0.7848,0.1728,0.134,0.1973,0.1286,0.396,0.0,0.0381,,0.0,0.0381,,0.3672,0.1294,0.214,141,75,0.323,243,141,0.353,0.5113,0.2365,0.281,1277,530,0.252,97400,15759,0.098,0.3121,0.3001,0.585,0.1702,0.2004,0.716,0.0947,0.1513,0.972,0.5665,0.2139,0.23,0.2186,0.1426,0.397,0.0401,0.0632,0.959,0.0,0.0219,,0.0638,0.0891,0.85,0.1302,0.0964,0.45
420032904001,Tract 2904 · BG 1,42003290400,1.0,1478,490,0.202,673,168,0.152,39.5,8.9,0.137,0.18,0.1018,0.344,0.1556,0.0414,0.162,0.7064,0.3004,0.258,0.2449,0.2567,0.637,0.0034,0.0074,1.322,0.0,0.0081,,60446,21507,0.216,41098,9418,0.139,0.0453,0.0522,0.699,0.0607,0.0598,0.599,0.7603,0.1442,0.115,0.2093,0.0709,0.206,801,172,0.131,0.1598,0.0885,0.337,1938,,,0.814,0.083,0.062,0.0811,0.0769,0.576,0.0,0.0212,,0.0,0.0212,,0.3551,0.1211,0.207,239,101,0.257,434,157,0.22,0.5217,0.2695,0.314,1163,259,0.135,103300,27602,0.162,0.1464,0.173,0.718,0.0879,0.1373,0.95,0.023,0.0805,2.123,0.5782,0.0635,0.067,0.1757,0.1729,0.598,0.0249,0.0271,0.66,0.0,0.0136,,0.1973,0.0965,0.297,0.1382,0.0923,0.406
420032904002,Tract 2904 · BG 2,42003290400,1.0,1068,405,0.231,550,182,0.201,34.8,13.1,0.229,0.1021,0.0762,0.454,0.1966,0.0453,0.14,0.6601,0.3414,0.314,0.1058,0.1149,0.66,0.0,0.0112,,0.1957,0.1301,0.404,85288,20507,0.146,40016,11315,0.172,0.1855,0.1475,0.483,0.037,0.0534,0.876,0.6462,0.2036,0.192,0.4671,0.2697,0.351,645,201,0.189,0.1473,0.1051,0.434,1950,8,0.002,0.6527,0.1577,0.147,0.2667,0.1267,0.289,0.0,0.0263,,0.0326,0.058,1.082,0.4145,0.2524,0.37,228,158,0.421,322,100,0.189,0.3734,0.2646,0.431,1642,316,0.117,142300,27656,0.118,0.3026,0.0906,0.182,0.2149,0.1295,0.366,0.2329,0.2005,0.523,0.7425,0.3098,0.254,0.0301,0.0353,0.713,0.0,0.0201,,0.0,0.0201,,0.1656,0.1152,0.423,0.1164,0.088,0.46
420032904003,Tract 2904 · BG 3,42003290400,1.0,434,191,0.268,237,92,0.236,57.1,12.5,0.133,0.1267,0.1228,0.589,0.3088,0.1202,0.237,0.7327,0.448,0.372,0.2673,0.288,0.655,0.0,0.0276,,0.0,0.0276,,,,,40468,13613,0.204,0.2212,0.2749,0.756,0.0,0.0698,,0.4538,0.1814,0.243,0.2718,0.1124,0.251,338,105,0.189,0.2988,0.1408,0.286,1938,,,0.3964,0.1665,0.255,0.2426,0.2169,0.544,0.0,0.0502,,0.1598,0.1347,0.512,0.4979,0.2716,0.332,118,79,0.407,119,56,0.286,0.3848,0.2637,0.417,782,149,0.116,157400,7053,0.027,0.5,0.3777,0.459,0.1102,0.162,0.894,0.0924,0.3036,1.997,0.596,0.3716,0.379,0.0,0.0795,,0.0662,0.0896,0.822,0.0,0.0795,,0.2649,0.3729,0.856,0.2954,0.2246,0.462
420032904004,Tract 2904 · BG 4,42003290400,1.0,572,192,0.204,381,130,0.207,58.8,9.8,0.101,0.0157,0.0612,2.363,0.3094,0.1405,0.276,0.8129,0.0935,0.07,0.1416,0.1537,0.66,0.0017,0.021,7.292,0.0,0.021,,63917,18926,0.18,55072,10041,0.111,0.0804,0.0902,0.682,0.1171,0.1413,0.734,0.7282,0.1509,0.126,0.3291,0.1443,0.267,470,159,0.206,0.1894,0.1827,0.587,1944,13,0.004,0.5894,0.2764,0.285,0.2191,0.1719,0.477,0.1128,0.1743,0.94,0.0,0.0361,,0.2703,0.2203,0.495,103,91,0.537,278,92,0.201,0.2127,0.1571,0.449,1117,54,0.029,127900,22890,0.109,0.3981,0.2409,0.368,0.0,0.1165,,0.2806,0.2724,0.59,0.6602,0.1939,0.179,0.0387,0.0585,0.92,0.0,0.0331,,0.0,0.0331,,0.2762,0.1745,0.384,0.1601,0.1274,0.484
420033001001,Tract 3001 · BG 1,42003300100,1.0,541,332,0.373,245,100,0.248,50.9,27.5,0.328,0.0721,0.0956,0.806,0.2643,0.0322,0.074,0.2292,0.1949,0.517,0.647,0.3055,0.287,0.0,0.0222,,0.0407,0.0637,0.952,47008,43200,0.559,33782,9205,0.166,0.1497,0.0901,0.366,0.0,0.0359,,0.6653,0.3336,0.305,0.1625,0.1159,0.434,360,128,0.216,0.3194,0.2413,0.459,1938,,,0.65,0.2363,0.221,0.275,0.1708,0.377,0.0417,0.073,1.066,0.0,0.0471,,0.3551,0.2222,0.38,87,65,0.454,158,87,0.335,0.4214,0.3582,0.517,853,769,0.548,60000,15276,0.155,0.0,0.2759,,0.0,0.1379,,0.481,0.4105,0.519,0.4596,0.4857,0.642,0.214,0.3375,0.959,0.0,0.0421,,0.0,0.0421,,0.2526,0.1326,0.319,0.2735,0.2234,0.497
420033001002,Tract 3001 · BG 2,42003300100,1.0,1184,974,0.5,292,161,0.335,23.3,8.7,0.227,0.3522,0.3608,0.623,0.0574,0.0259,0.274,0.2542,0.1956,0.468,0.3505,0.3685,0.639,0.065,0.0978,0.914,0.3184,0.4544,0.868,64615,13315,0.125,18061,13407,0.451,0.6529,0.4739,0.441,0.01,0.0184,1.118,0.586,0.1834,0.19,0.2144,0.1918,0.544,370,168,0.276,0.2108,0.1725,0.497,1938,,,0.6405,0.0932,0.088,0.073,0.116,0.966,0.1,0.1535,0.933,0.0,0.0459,,0.4658,0.3803,0.496,136,134,0.599,156,100,0.39,0.5608,0.3218,0.349,1435,230,0.097,63800,32646,0.311,0.3676,0.2964,0.49,0.0956,0.1129,0.718,0.0769,0.232,1.833,0.3548,0.0777,0.133,0.2702,0.3799,0.855,0.0746,0.1011,0.824,0.002,0.01,3.001,0.0,0.0242,,0.476,0.3652,0.466
420033001003,Tract 3001 · BG 3,42003300100,1.0,683,316,0.281,284,120,0.257,31.2,1.9,0.037,0.243,0.1239,0.31,0.1596,0.1004,0.383,0.2796,0.1935,0.421,0.5988,0.2113,0.215,0.0,0.0176,,0.0512,0.0646,0.766,32010,7641,0.145,17546,7453,0.258,0.4817,0.2637,0.333,0.126,0.1269,0.612,0.7369,0.2071,0.171,0.12,0.1249,0.633,401,143,0.217,0.2918,0.2045,0.426,1938,,,0.5636,0.2081,0.224,0.3092,0.1678,0.33,0.1272,0.1712,0.818,0.0,0.0423,,0.6549,0.2505,0.232,186,106,0.346,98,76,0.471,0.5593,0.2832,0.308,988,268,0.165,62900,31029,0.3,0.6828,0.4176,0.372,0.4086,0.3488,0.519,0.602,0.5117,0.517,0.4862,0.2143,0.268,0.3569,0.1222,0.208,0.1569,0.1923,0.745,0.0,0.0369,,0.0,0.0369,,0.3415,0.2695,0.48
420033001004,Tract 3001 · BG 4,42003300100,1.0,738,394,0.325,194,89,0.279,32.0,21.6,0.41,0.2669,0.1199,0.273,0.1247,0.0691,0.337,0.2154,0.2027,0.572,0.1992,0.2285,0.697,0.0,0.0163,,0.3442,0.2732,0.483,130294,102534,0.478,28045,8566,0.186,0.1226,0.084,0.417,0.0191,0.0333,1.059,0.5647,0.1409,0.152,0.3973,0.1374,0.21,365,145,0.241,0.4685,0.1973,0.256,1938,,,0.7342,0.1329,0.11,0.2356,0.1979,0.511,0.0301,0.0628,1.266,0.0,0.0465,,0.1907,0.2314,0.738,37,48,0.789,157,77,0.298,0.2168,0.2821,0.791,,,,113600,9551,0.051,1.0,0.4835,0.294,0.2973,0.3787,0.774,0.0,0.2162,,0.461,0.316,0.417,0.1981,0.1541,0.473,0.0,0.039,,0.1071,0.0916,0.52,0.0357,0.0477,0.812,0.0567,0.1174,1.258
420033001005,Tract 3001 · BG 5,42003300100,1.0,367,256,0.424,162,90,0.338,44.1,18.1,0.25,0.0354,0.1091,1.872,0.2016,0.1496,0.451,0.6458,0.5433,0.511,0.1907,0.2252,0.718,0.0218,0.0289,0.807,0.0,0.0327,,58750,40988,0.424,24769,6891,0.169,0.0763,0.0933,0.743,0.0,0.0779,,0.435,0.3826,0.535,0.1541,0.1108,0.437,252,121,0.292,0.3571,0.3666,0.624,1940,4,0.001,0.381,0.1461,0.233,0.373,0.2933,0.478,0.246,0.3736,0.923,0.0,0.0673,,0.4938,0.4254,0.524,80,82,0.623,82,46,0.341,0.5041,0.4788,0.577,,,,86300,72322,0.509,0.65,0.6239,0.583,0.0,0.15,,0.5366,0.6054,0.686,0.5325,0.2126,0.243,0.3377,0.4165,0.75,0.0,0.0779,,0.0,0.0779,,0.0909,0.1411,0.943,0.321,0.4005,0.758
420033102001,Tract 3102 · BG 1,42003310200,1.0,739,201,0.165,236,56,0.144,38.8,7.6,0.119,0.2246,0.0949,0.257,0.1367,0.0615,0.273,0.9581,0.0494,0.031,0.0,0.0162,,0.0,0.0162,,0.0203,0.0293,0.876,109571,18809,0.104,42719,10751,0.153,0.0447,0.0618,0.842,0.0719,0.0949,0.803,0.7806,0.159,0.124,0.3427,0.1619,0.287,271,73,0.164,0.1292,0.1999,0.941,1948,3,0.001,0.9446,0.0624,0.04,0.0,0.0626,,0.0,0.0626,,0.0554,0.0913,1.002,0.0636,0.092,0.88,15,22,0.892,221,53,0.146,0.046,0.0665,0.879,,,,148000,33382,0.137,0.0,1.6,,0.0,0.8,,0.0,0.1536,,0.7232,0.1752,0.147,0.0,0.0357,,0.0,0.0357,,0.0,0.0357,,0.2768,0.1583,0.348,0.0,0.0719,
420033102002,Tract 3102 · BG 2,42003310200,1.0,1633,310,0.115,751,134,0.108,54.3,6.0,0.067,0.0912,0.0419,0.279,0.2719,0.0581,0.13,0.8016,0.0879,0.067,0.1194,0.0865,0.44,0.0398,0.0521,0.796,0.0073,0.0128,1.058,60625,12806,0.128,34408,4230,0.075,0.1673,0.0979,0.356,0.0871,0.0552,0.385,0.5785,0.0829,0.087,0.2225,0.0933,0.255,898,115,0.078,0.1637,0.098,0.364,1938,,,0.9176,0.0659,0.044,0.0635,0.0512,0.491,0.0,0.0189,,0.0,0.0189,,0.1345,0.0762,0.344,101,60,0.361,650,131,0.123,0.1288,0.0862,0.407,1049,191,0.111,145000,29625,0.124,0.2871,0.3156,0.668,0.1287,0.1827,0.863,0.2308,0.1279,0.337,0.6729,0.1006,0.091,0.0458,0.0496,0.658,0.0,0.0149,,0.0,0.0149,,0.0979,0.0494,0.306,0.0746,0.0863,0.703
420033102003,Tract 3102 · BG 3,42003310200,1.0,877,366,0.254,415,122,0.179,43.3,10.2,0.143,0.2144,0.133,0.377,0.1847,0.1056,0.348,0.9886,0.0628,0.039,0.0114,0.0188,1.002,0.0,0.0137,,0.0,0.0137,,86222,20855,0.147,45554,11084,0.148,0.1688,0.2144,0.772,0.1118,0.0891,0.484,0.6624,0.1323,0.121,0.2696,0.078,0.176,415,122,0.179,0.0,0.0289,,1952,4,0.001,0.9904,0.0555,0.034,0.0096,0.0391,2.468,0.0,0.0409,,0.0,0.0409,,0.0361,0.047,0.791,15,20,0.811,400,121,0.184,0.0365,0.0632,1.053,,,,99800,24870,0.151,0.0,1.6,,0.0,0.8,,0.085,0.1128,0.807,0.5803,0.1016,0.106,0.0259,0.0429,1.006,0.0,0.0311,,0.0,0.0311,,0.2668,0.1354,0.309,0.053,0.0558,0.64
420033204001,Tract 3204 · BG 1,42003320400,1.0,726,232,0.194,302,87,0.175,52.1,20.5,0.239,0.1818,0.0716,0.239,0.3113,0.0839,0.164,0.8636,0.0911,0.064,0.0275,0.0276,0.608,0.0675,0.0954,0.859,0.0,0.0165,,62188,22613,0.221,31330,3604,0.07,0.0482,0.0568,0.716,0.0374,0.0368,0.598,0.6094,0.1583,0.158,0.3125,0.0982,0.191,332,86,0.157,0.0904,0.1366,0.919,1952,4,0.001,0.8916,0.1033,0.07,0.0,0.0511,,0.0,0.0511,,0.0,0.0511,,0.1291,0.0849,0.4,39,28,0.436,263,87,0.201,0.0968,0.0674,0.423,885,398,0.273,156500,33176,0.129,0.0,0.6154,,0.0,0.3077,,0.0266,0.1171,2.675,0.5995,0.1,0.101,0.0242,0.0361,0.908,0.0,0.0323,,0.0,0.0323,,0.121,0.0575,0.289,0.0265,0.0557,1.278
420033204002,Tract 3204 · BG 2,42003320400,1.0,1117,196,0.107,593,119,0.122,46.9,5.1,0.066,0.1459,0.049,0.204,0.2023,0.0573,0.172,0.8487,0.0314,0.022,0.0573,0.0637,0.676,0.0439,0.0694,0.962,0.0376,0.0361,0.584,61384,16161,0.16,45839,11112,0.147,0.1853,0.0975,0.32,0.0,0.0201,,0.6108,0.0791,0.079,0.2677,0.0796,0.181,634,122,0.117,0.0647,0.0683,0.642,1941,4,0.001,0.8391,0.0988,0.072,0.1057,0.0806,0.464,0.0,0.0268,,0.0,0.0268,,0.14,0.0632,0.274,83,41,0.3,510,115,0.137,0.1513,0.0836,0.336,1230,160,0.079,151000,41474,0.167,0.494,0.2584,0.318,0.2771,0.1835,0.403,0.2118,0.1643,0.472,0.7102,0.0848,0.073,0.0407,0.0344,0.515,0.0,0.0203,,0.0,0.0203,,0.2322,0.0759,0.199,0.0843,0.0547,0.395
420033206001,Tract 3206 · BG 1,42003320600,1.0,1143,398,0.212,496,122,0.15,41.4,8.6,0.126,0.1995,0.0997,0.304,0.1312,0.0452,0.209,0.7935,0.0867,0.066,0.1356,0.1364,0.612,0.0,0.0105,,0.0367,0.0536,0.887,72600,29504,0.247,34439,7889,0.139,0.1881,0.1499,0.484,0.2036,0.1816,0.542,0.7114,0.152,0.13,0.4549,0.1001,0.134,510,124,0.148,0.0275,0.0446,0.988,1949,8,0.002,0.8176,0.0356,0.026,0.0843,0.0929,0.67,0.0,0.0333,,0.0,0.0333,,0.1512,0.1087,0.437,75,57,0.462,421,120,0.173,0.1374,0.1316,0.582,1494,373,0.152,176100,55442,0.191,0.9467,0.3546,0.228,0.4933,0.599,0.738,0.1734,0.1299,0.456,0.7719,0.163,0.128,0.0189,0.0249,0.804,0.0051,0.0171,2.016,0.0,0.0206,,0.1269,0.1123,0.538,0.1391,0.1211,0.529
420033206002,Tract 3206 · BG 2,42003320600,1.0,1120,222,0.12,523,92,0.107,40.7,16.2,0.242,0.1545,0.067,0.264,0.2098,0.066,0.191,0.992,0.0251,0.015,0.0045,0.008,1.088,0.0,0.0107,,0.0,0.0107,,84957,18310,0.131,43634,7323,0.102,0.0821,0.06,0.444,0.0,0.0189,,0.6483,0.0602,0.056,0.3043,0.0633,0.126,581,84,0.088,0.0998,0.0761,0.463,1951,3,0.001,0.8761,0.0766,0.053,0.0069,0.0239,2.109,0.0,0.0292,,0.0,0.0292,,0.1568,0.1133,0.439,82,61,0.452,441,83,0.114,0.1518,0.1084,0.434,1375,85,0.038,212100,12850,0.037,0.0488,0.2692,3.354,0.0488,0.0906,1.129,0.1361,0.1243,0.555,0.7873,0.0548,0.042,0.027,0.0312,0.703,0.0603,0.0831,0.838,0.0,0.019,,0.0968,0.0533,0.335,0.0076,0.0275,2.189
420033207001,Tract 3207 · BG 1,42003320700,1.0,1507,313,0.126,570,105,0.112,34.7,5.3,0.093,0.2084,0.0489,0.143,0.1553,0.0328,0.128,0.8607,0.0861,0.061,0.0179,0.0196,0.664,0.0,0.008,,0.0,0.008,,81607,25279,0.188,37429,6496,0.106,0.0319,0.0209,0.399,0.0243,0.0156,0.39,0.7735,0.1255,0.099,0.2887,0.0667,0.141,643,97,0.092,0.1135,0.0663,0.355,1953,3,0.001,0.9736,0.0512,0.032,0.0264,0.0415,0.955,0.0,0.0264,,0.0,0.0264,,0.1526,0.0681,0.271,87,42,0.293,483,106,0.133,0.211,0.1168,0.336,1550,225,0.088,158200,16449,0.063,0.2529,0.3818,0.918,0.2529,0.2978,0.716,0.1056,0.0852,0.49,0.6674,0.2469,0.225,0.0618,0.0375,0.369,0.0,0.013,,0.0,0.013,,0.1224,0.0799,0.397,0.0281,0.0306,0.663
420033207002,Tract 3207 · BG 2,42003320700,1.0,247,95,0.234,131,41,0.19,37.0,22.1,0.363,0.1984,0.1796,0.55,0.1498,0.1417,0.575,0.7733,0.4053,0.319,0.0162,0.0276,1.038,0.0,0.0486,,0.0283,0.0432,0.926,47063,27421,0.354,32590,12370,0.231,0.0283,0.0623,1.336,0.034,0.053,0.948,0.7424,0.145,0.119,0.1946,0.1435,0.448,181,68,0.228,0.2762,0.3032,0.667,1942,13,0.004,0.9779,0.0785,0.049,0.0221,0.0737,2.026,0.0,0.0938,,0.0,0.0938,,0.2214,0.1941,0.533,29,27,0.566,102,43,0.256,0.2105,0.1943,0.561,1597,672,0.256,117300,13200,0.068,0.4138,0.6093,0.895,0.2414,0.2615,0.659,0.3922,0.4008,0.621,0.5423,0.2252,0.253,0.0704,0.095,0.82,0.0,0.0845,,0.0,0.0845,,0.0986,0.0915,0.564,0.229,0.2111,0.56
420034011001,Tract 4011 · BG 1,42003401100,0.0,1550,440,0.173,668,170,0.155,50.7,16.5,0.198,0.1103,0.0507,0.279,0.2477,0.0637,0.156,0.9381,0.0946,0.061,0.0097,0.0152,0.957,0.0381,0.0571,0.911,0.0,0.0077,,61833,43153,0.424,38062,14331,0.229,0.1065,0.0716,0.409,0.0327,0.0521,0.969,0.488,0.113,0.141,0.2133,0.0963,0.274,668,170,0.155,0.0,0.018,,1958,6,0.002,0.7066,0.1466,0.126,0.0,0.0254,,0.1707,0.1178,0.42,0.0943,0.1106,0.713,0.3219,0.1429,0.27,215,110,0.311,453,161,0.216,0.1994,0.1002,0.305,791,91,0.07,160400,105490,0.4,0.2698,0.1925,0.434,0.1581,0.1021,0.392,0.064,0.0954,0.906,0.7465,0.0994,0.081,0.0015,0.003,1.196,0.0,0.0184,,0.0,0.0184,,0.1889,0.2281,0.734,0.0793,0.0698,0.535
420034011002,Tract 4011 · BG 2,42003401100,0.0,1179,369,0.19,508,147,0.176,63.4,13.4,0.128,0.123,0.0693,0.343,0.4606,0.0172,0.023,0.9177,0.3975,0.263,0.017,0.0283,1.016,0.0,0.0102,,0.0653,0.1023,0.952,99828,32297,0.197,58386,18157,0.189,0.0416,0.0494,0.722,0.0,0.0194,,0.5766,0.1978,0.208,0.4448,0.1198,0.164,572,147,0.156,0.1119,0.1261,0.685,1959,8,0.002,0.9003,0.0992,0.067,0.0,0.0297,,0.0,0.0297,,0.0,0.0297,,0.0,0.0236,,0,12,,508,147,0.176,0.0,0.0102,,,,,210800,22016,0.063,,,,,,,0.1476,0.1792,0.738,0.6904,0.2684,0.236,0.0,0.0194,,0.0,0.0194,,0.0308,0.0533,1.053,0.201,0.0976,0.295,0.0,0.0334,
420034011003,Tract 4011 · BG 3,42003401100,0.0,813,307,0.23,515,201,0.237,61.6,12.9,0.127,0.0283,0.0571,1.228,0.449,0.199,0.269,0.861,0.1719,0.121,0.0308,0.0478,0.945,0.0898,0.0778,0.527,0.0,0.0148,,,,,49948,16074,0.196,0.1058,0.075,0.431,0.0,0.0239,,0.6354,0.34,0.325,0.2467,0.1049,0.258,515,201,0.237,0.0,0.0233,,1965,4,0.001,0.835,0.1264,0.092,0.035,0.0576,1.001,0.0,0.033,,0.0,0.033,,0.2369,0.1861,0.477,122,107,0.533,393,182,0.282,0.1501,0.1188,0.481,1073,200,0.113,178500,52399,0.178,0.8525,0.4777,0.341,0.6967,0.5706,0.498,0.0941,0.123,0.794,0.9441,0.1018,0.066,0.0,0.0248,,0.0,0.0248,,0.0,0.0248,,0.0559,0.0863,0.938,0.0699,0.0764,0.664
420034011004,Tract 4011 · BG 4,42003401100,0.0,946,467,0.3,466,198,0.258,50.6,26.8,0.322,0.1596,0.0805,0.307,0.1205,0.0536,0.27,0.9989,0.0227,0.014,0.0011,0.0063,3.635,0.0,0.0127,,0.0,0.0127,,68536,9620,0.085,35612,7867,0.134,0.0773,0.0606,0.477,0.0601,0.0908,0.919,0.4818,0.1216,0.153,0.4214,0.1997,0.288,540,208,0.234,0.137,0.16,0.71,1952,17,0.005,1.0,0.0,0.0,0.0,0.0314,,0.0,0.0314,,0.0,0.0314,,0.1867,0.14,0.456,87,75,0.524,379,189,0.303,0.2328,0.206,0.538,,,,179400,57553,0.195,0.2184,0.3749,1.044,0.2184,0.2889,0.804,0.058,0.1253,1.313,0.8309,0.079,0.058,0.0,0.035,,0.0,0.035,,0.0,0.035,,0.1662,0.1345,0.492,0.0794,0.0798,0.611
420034012001,Tract 4012 · BG 1,42003401200,0.0,382,205,0.326,224,104,0.282,54.1,20.9,0.235,0.0733,0.1387,1.15,0.2173,0.1545,0.432,0.9581,0.1537,0.098,0.0,0.0314,,0.0,0.0314,,0.034,0.0546,0.976,,,,26114,5194,0.121,0.1204,0.1324,0.669,0.037,0.0548,0.899,0.7627,0.252,0.201,0.0382,0.0869,1.382,369,142,0.234,0.393,0.26,0.402,1940,18,0.006,0.3442,0.2016,0.356,0.3117,0.2684,0.523,0.1138,0.1764,0.942,0.0,0.046,,0.3393,0.249,0.446,76,66,0.528,148,93,0.382,0.2068,0.1324,0.389,1047,506,0.294,53200,9627,0.11,0.7895,0.496,0.382,0.4868,0.6353,0.793,0.0878,0.2551,1.765,0.8769,0.2641,0.183,0.0,0.0462,,0.0615,0.0841,0.831,0.0,0.0462,,0.0615,0.0798,0.789,0.1741,0.1294,0.452
420034012002,Tract 4012 · BG 2,42003401200,0.0,916,306,0.203,456,126,0.168,47.5,17.5,0.224,0.2216,0.1315,0.361,0.2074,0.0803,0.235,0.7555,0.3351,0.27,0.1878,0.2454,0.794,0.0448,0.0502,0.682,0.0,0.0131,,35263,16229,0.28,30302,11761,0.236,0.3745,0.2623,0.426,0.0602,0.0649,0.655,0.574,0.1012,0.107,0.2926,0.114,0.237,583,164,0.171,0.2178,0.1839,0.513,1967,10,0.003,0.2899,0.0683,0.143,0.2727,0.1818,0.405,0.1458,0.1209,0.504,0.1544,0.0768,0.302,0.625,0.1868,0.182,285,116,0.247,171,65,0.231,0.6004,0.2534,0.257,771,278,0.219,153000,28522,0.113,0.3579,0.2298,0.39,0.0807,0.0889,0.669,0.2398,0.2657,0.674,0.6844,0.1016,0.09,0.0,0.0318,,0.1857,0.1394,0.456,0.0,0.0318,,0.0955,0.085,0.541,0.2412,0.1287,0.324
420034012003,Tract 4012 · BG 3,42003401200,0.0,396,185,0.284,254,142,0.34,58.3,2.7,0.028,0.0808,0.1007,0.758,0.1338,0.1285,0.584,0.9646,0.1231,0.078,0.0354,0.053,0.912,0.0,0.0303,,0.0,0.0303,,60457,13266,0.133,39245,11062,0.171,0.1035,0.1125,0.661,0.0,0.049,,0.6731,0.2617,0.236,0.1499,0.0884,0.359,408,163,0.243,0.3775,0.187,0.301,1938,,,0.7304,0.2471,0.206,0.2034,0.1439,0.43,0.0,0.0416,,0.0,0.0416,,0.2008,0.116,0.351,51,41,0.489,203,134,0.401,0.202,0.1871,0.563,931,44,0.029,29700,28827,0.59,0.4706,0.5146,0.665,0.2745,0.3706,0.821,0.0394,0.1689,2.606,0.8245,0.3057,0.225,0.0571,0.0825,0.878,0.1184,0.1728,0.887,0.0,0.049,,0.0,0.049,,0.1063,0.1614,0.923
420034012004,Tract 4012 · BG 4,42003401200,0.0,879,367,0.254,329,106,0.196,38.7,11.3,0.178,0.2423,0.1051,0.264,0.1047,0.0562,0.327,0.9545,0.1167,0.074,0.033,0.0222,0.41,0.0,0.0137,,0.0,0.0137,,108359,25547,0.143,42861,12590,0.179,0.0137,0.0249,1.11,0.0725,0.1045,0.875,0.7265,0.2007,0.168,0.3038,0.1575,0.315,414,125,0.184,0.2053,0.1573,0.466,1956,10,0.003,1.0,0.0,0.0,0.0,0.041,,0.0,0.041,,0.0,0.041,,0.0729,0.085,0.708,24,29,0.735,305,108,0.215,0.0626,0.0812,0.789,,,,123600,19934,0.098,0.3333,0.9634,1.757,0.3333,0.422,0.77,0.141,0.1359,0.586,0.8774,0.5419,0.375,0.0,0.0254,,0.0,0.0254,,0.0,0.0254,,0.0571,0.0852,0.907,0.0,0.0516,
420034013001,Tract 4013 · BG 1,42003401300,0.0,1761,465,0.161,654,111,0.103,37.8,9.2,0.148,0.2618,0.0961,0.223,0.1732,0.0268,0.094,0.9574,0.0742,0.047,0.0131,0.0184,0.857,0.0051,0.0084,1.0,0.0011,0.0023,1.205,61667,19696,0.194,32179,6423,0.121,0.0301,0.0284,0.574,0.0084,0.0114,0.822,0.7224,0.13,0.109,0.2017,0.0593,0.179,727,110,0.092,0.1004,0.1326,0.803,1949,5,0.002,0.9505,0.0552,0.035,0.0495,0.0399,0.49,0.0,0.0233,,0.0,0.0233,,0.182,0.0896,0.299,119,62,0.317,535,112,0.127,0.2133,0.1645,0.469,749,481,0.39,150900,20743,0.084,0.3109,0.3837,0.75,0.0,0.1008,,0.1701,0.0928,0.332,0.7568,0.145,0.116,0.0,0.0125,,0.0146,0.0225,0.937,0.0,0.0125,,0.1169,0.0697,0.362,0.0443,0.0453,0.621
420034013002,Tract 4013 · BG 2,42003401300,0.0,502,196,0.237,286,134,0.285,42.2,19.7,0.284,0.0976,0.1233,0.768,0.0936,0.0779,0.506,0.9622,0.1135,0.072,0.0,0.0239,,0.0159,0.0251,0.959,0.0,0.0239,,49662,45347,0.555,38346,11026,0.175,0.1614,0.2067,0.779,0.0,0.0397,,0.6537,0.3551,0.33,0.1848,0.0903,0.297,286,134,0.285,0.0,0.042,,1952,13,0.004,0.9545,0.1397,0.089,0.0455,0.0818,1.095,0.0,0.0593,,0.0,0.0593,,0.1713,0.1748,0.62,49,55,0.682,237,129,0.331,0.1753,0.204,0.707,,,,162400,12381,0.046,0.7347,0.7912,0.655,0.0,0.2449,,0.346,0.436,0.766,0.9238,0.1275,0.084,0.0,0.0397,,0.0132,0.0226,1.038,0.0,0.0397,,0.0629,0.0758,0.732,0.0,0.0593,
420034013003,Tract 4013 · BG 3,42003401300,0.0,625,221,0.215,234,66,0.171,56.9,8.0,0.085,0.136,0.107,0.478,0.272,0.0564,0.126,0.9136,0.166,0.11,0.0432,0.0555,0.782,0.0112,0.0171,0.931,0.0,0.0192,,122794,50757,0.251,50308,11573,0.14,0.0599,0.0937,0.95,0.0426,0.0431,0.615,0.6963,0.1003,0.088,0.4487,0.0956,0.13,234,66,0.171,0.0,0.0513,,1951,6,0.002,1.0,0.0,0.0,0.0,0.0725,,0.0,0.0725,,0.0,0.0725,,0.0,0.0513,,0,12,,234,66,0.171,0.0,0.0205,,,,,232700,41762,0.109,,,,,,,0.2137,0.1887,0.537,0.7389,0.1496,0.123,0.0,0.0333,,0.0,0.0333,,0.0,0.0333,,0.25,0.1305,0.317,0.0,0.0725,
420034020001,Tract 4020 · BG 1,42003402000,0.0,488,162,0.202,256,108,0.256,52.9,15.3,0.176,0.1455,0.1206,0.504,0.3197,0.1121,0.213,0.9672,0.106,0.067,0.0287,0.0356,0.755,0.0,0.0246,,0.0,0.0246,,61087,18616,0.185,34966,5390,0.094,0.0051,0.0328,3.943,0.0,0.0603,,0.4772,0.1773,0.226,0.1751,0.1043,0.362,263,107,0.247,0.0266,0.0443,1.012,1953,2,0.001,1.0,0.0,0.0,0.0,0.0645,,0.0,0.0645,,0.0,0.0645,,0.0039,0.0312,4.856,1,8,4.863,255,108,0.257,0.0123,0.0562,2.786,,,,108700,14628,0.082,0.0,24.0,,0.0,12.0,,0.3569,0.2949,0.502,0.593,0.2253,0.231,0.0,0.0603,,0.0,0.0603,,0.0804,0.1143,0.864,0.2714,0.1729,0.387,0.0586,0.1019,1.057
420034020002,Tract 4020 · BG 2,42003402000,0.0,533,292,0.333,204,82,0.244,46.4,7.7,0.101,0.2458,0.0964,0.238,0.1238,0.0766,0.376,0.8837,0.2134,0.147,0.0,0.0225,,0.0,0.0225,,0.0488,0.0801,0.998,92292,50572,0.333,38288,8254,0.131,0.0,0.0346,,0.0,0.0326,,0.8178,0.2412,0.179,0.1856,0.1515,0.496,281,110,0.238,0.274,0.2676,0.594,1938,,,0.7972,0.2182,0.166,0.2028,0.135,0.405,0.0,0.0604,,0.0,0.0604,,0.3775,0.1925,0.31,77,50,0.395,127,72,0.345,0.2964,0.1744,0.358,983,184,0.114,145300,95372,0.399,0.3896,0.4477,0.699,0.1169,0.1934,1.006,0.0,0.2673,,0.8451,0.1505,0.108,0.0169,0.041,1.474,0.0,0.0338,,0.0,0.0338,,0.1268,0.1003,0.481,0.0637,0.0946,0.903
420034020003,Tract 4020 · BG 3,42003402000,0.0,1143,376,0.2,533,169,0.193,53.1,14.0,0.16,0.154,0.0698,0.276,0.1549,0.0409,0.161,0.7524,0.1109,0.09,0.2065,0.1488,0.438,0.0,0.0105,,0.0411,0.0552,0.817,47994,28405,0.36,28905,6138,0.129,0.3088,0.1506,0.296,0.0562,0.0622,0.672,0.5884,0.1546,0.16,0.158,0.1413,0.544,577,179,0.189,0.0763,0.0816,0.65,1951,8,0.002,0.8284,0.1476,0.108,0.1005,0.1154,0.698,0.0329,0.0567,1.047,0.0,0.0294,,0.2683,0.1545,0.35,143,94,0.4,390,158,0.246,0.3421,0.2077,0.369,913,387,0.258,102400,27046,0.161,0.1329,0.246,1.125,0.0,0.0839,,0.3308,0.1849,0.34,0.6708,0.27,0.245,0.0267,0.048,1.09,0.0309,0.0496,0.978,0.0947,0.1031,0.662,0.0226,0.0421,1.13,0.1144,0.1378,0.732
420034020004,Tract 4020 · BG 4,42003402000,0.0,1003,403,0.244,540,204,0.23,42.7,7.9,0.112,0.1436,0.061,0.258,0.1765,0.0513,0.177,0.9252,0.1602,0.105,0.0369,0.0723,1.191,0.0,0.012,,0.0,0.012,,39327,11328,0.175,28740,6908,0.146,0.1037,0.0623,0.365,0.0,0.0207,,0.6752,0.3024,0.272,0.0905,0.0714,0.479,580,209,0.219,0.069,0.104,0.916,1938,,,0.4897,0.2636,0.327,0.2397,0.1569,0.398,0.069,0.106,0.934,0.181,0.1024,0.344,0.5296,0.0782,0.09,286,116,0.247,254,183,0.438,0.3769,0.2135,0.344,590,311,0.32,82600,15172,0.112,0.2098,0.2137,0.619,0.1329,0.1955,0.894,0.0315,0.1364,2.632,0.8759,0.3097,0.215,0.0431,0.0595,0.84,0.0,0.0207,,0.0,0.0207,,0.0293,0.035,0.726,0.1815,0.1014,0.34
420034035001,Tract 4035 · BG 1,42003403500,0.0,1206,408,0.206,495,226,0.278,35.6,19.8,0.338,0.2438,0.0581,0.145,0.2413,0.1632,0.411,0.8134,0.1791,0.134,0.1609,0.1007,0.38,0.0075,0.0147,1.198,0.0,0.01,,,,,28445,5362,0.115,0.1642,0.1732,0.641,0.1161,0.0986,0.516,0.5717,0.0772,0.082,0.2102,0.1143,0.331,495,226,0.278,0.0,0.0242,,1938,,,0.6869,0.4223,0.374,0.0727,0.0859,0.718,0.0,0.0343,,0.0,0.0343,,0.1515,0.1116,0.448,75,65,0.527,420,226,0.327,0.1973,0.1875,0.577,1038,553,0.324,95500,45194,0.288,0.2267,0.4333,1.162,0.0,0.16,,0.3952,0.411,0.632,0.6652,0.207,0.189,0.1042,0.1514,0.883,0.0,0.0266,,0.0554,0.0857,0.94,0.1441,0.1115,0.47,0.3354,0.3747,0.679
420034035002,Tract 4035 · BG 2,42003403500,0.0,659,310,0.286,341,136,0.242,48.9,12.6,0.157,0.0516,0.0787,0.927,0.1912,0.1246,0.396,0.8756,0.2111,0.147,0.091,0.1233,0.823,0.0,0.0182,,0.0334,0.0491,0.895,44148,22109,0.304,32881,6594,0.122,0.0273,0.0488,1.086,0.0,0.0259,,0.7424,0.1015,0.083,0.1498,0.092,0.373,417,165,0.241,0.1823,0.206,0.687,1938,,,0.8201,0.1108,0.082,0.1799,0.2133,0.721,0.0,0.0407,,0.0,0.0407,,0.2639,0.2484,0.572,90,92,0.621,251,113,0.274,0.2079,0.1536,0.449,,,,83100,11941,0.087,0.1778,0.3321,1.136,0.0,0.1333,,0.0837,0.1845,1.34,0.944,0.1657,0.107,0.0,0.0259,,0.056,0.0815,0.884,0.0,0.0259,,0.0,0.0259,,0.176,0.2448,0.846
420034035003,Tract 4035 · BG 3,42003403500,0.0,1162,434,0.227,574,175,0.185,38.2,19.1,0.304,0.1583,0.1747,0.671,0.1076,0.0647,0.366,0.8709,0.2195,0.153,0.0835,0.0652,0.475,0.0,0.0103,,0.0189,0.0275,0.883,36827,29258,0.483,28242,5610,0.121,0.1867,0.0787,0.256,0.0818,0.0951,0.706,0.5984,0.1788,0.182,0.444,0.2676,0.366,574,175,0.185,0.0,0.0209,,1938,,,0.7265,0.1545,0.129,0.122,0.1141,0.569,0.1516,0.1368,0.549,0.0,0.0296,,0.223,0.1374,0.375,128,88,0.418,446,161,0.219,0.1722,0.0889,0.314,886,693,0.475,62300,10856,0.106,0.4141,0.4409,0.647,0.1094,0.1803,1.002,0.2534,0.1417,0.34,0.7005,0.2621,0.227,0.0463,0.0718,0.941,0.1854,0.2059,0.675,0.0,0.0214,,0.0677,0.0739,0.663,0.1063,0.119,0.681
420034035004,Tract 4035 · BG 4,42003403500,0.0,780,289,0.225,413,139,0.205,42.3,7.9,0.114,0.3179,0.1557,0.298,0.2115,0.1096,0.315,0.9218,0.1334,0.088,0.0,0.0154,,0.0,0.0154,,0.05,0.0773,0.94,42132,22172,0.32,25958,6870,0.161,0.2244,0.1854,0.502,0.0,0.0496,,0.4238,0.195,0.28,0.2519,0.1152,0.278,413,139,0.205,0.0,0.0291,,1952,15,0.005,0.3874,0.1465,0.23,0.138,0.1155,0.509,0.0508,0.0856,1.023,0.385,0.2821,0.445,0.5593,0.2308,0.251,231,123,0.324,182,115,0.384,0.5154,0.2445,0.288,775,205,0.161,83200,21720,0.159,0.4459,0.3077,0.419,0.2165,0.2567,0.721,0.3132,0.4912,0.953,0.8182,0.1791,0.133,0.0,0.0496,,0.0909,0.121,0.809,0.0,0.0496,,0.0,0.0496,,0.3051,0.2664,0.531
420034035005,Tract 4035 · BG 5,42003403500,0.0,442,228,0.314,197,87,0.268,53.7,44.7,0.506,0.1968,0.1461,0.451,0.1335,0.1379,0.628,0.9593,0.0253,0.016,0.0,0.0271,,0.0,0.0271,,0.0,0.0271,,48776,18276,0.228,32297,13311,0.251,0.043,0.0697,0.985,0.1014,0.135,0.809,0.8338,0.1442,0.105,0.2028,0.2349,0.704,362,191,0.321,0.4558,0.3872,0.516,1938,,,0.6823,0.339,0.302,0.2652,0.2001,0.459,0.0442,0.0809,1.112,0.0,0.0469,,0.2234,0.1658,0.451,44,38,0.525,153,93,0.37,0.1357,0.0945,0.423,756,50,0.04,81900,10719,0.08,0.6364,0.8357,0.798,0.0682,0.1478,1.318,0.0,0.2218,,1.0,0.0,0.0,0.0,0.048,,0.0,0.048,,0.0,0.048,,0.0,0.048,,0.1675,0.2084,0.756
420034040001,Tract 4040 · BG 1,42003404000,0.0,1389,148,0.065,639,83,0.079,47.1,2.6,0.034,0.2088,0.0318,0.092,0.1836,0.0423,0.14,0.923,0.041,0.027,0.0266,0.0214,0.489,0.0079,0.0064,0.493,0.0166,0.015,0.551,65625,12750,0.118,42176,8452,0.122,0.1284,0.0561,0.266,0.0476,0.0257,0.328,0.6687,0.0437,0.04,0.2708,0.1053,0.236,776,81,0.063,0.1765,0.0617,0.213,1954,4,0.001,0.6456,0.0693,0.065,0.1624,0.059,0.221,0.0064,0.0173,1.63,0.0322,0.0403,0.761,0.2817,0.0656,0.142,180,48,0.162,459,83,0.11,0.288,0.0661,0.14,840,149,0.108,106900,6801,0.039,0.4389,0.182,0.252,0.2722,0.0983,0.22,0.1242,0.0482,0.236,0.7795,0.0678,0.053,0.0309,0.022,0.433,0.0126,0.0125,0.602,0.007,0.0098,0.847,0.0787,0.0406,0.314,0.0454,0.0252,0.338
420034050001,Tract 4050 · BG 1,42003405000,0.0,1040,149,0.087,475,65,0.083,54.0,4.5,0.051,0.1462,0.0312,0.13,0.2538,0.0382,0.092,0.9673,0.0433,0.027,0.0,0.0115,,0.0087,0.0066,0.465,0.0067,0.0115,1.038,77625,19501,0.153,44089,7696,0.106,0.0808,0.0342,0.257,0.0209,0.0151,0.439,0.6291,0.0827,0.08,0.2338,0.0329,0.086,523,60,0.07,0.0918,0.0525,0.348,1955,2,0.001,0.8738,0.0702,0.049,0.0306,0.0381,0.757,0.0,0.0324,,0.0,0.0324,,0.1389,0.095,0.415,66,46,0.424,409,57,0.085,0.125,0.1003,0.488,918,394,0.261,186300,27200,0.089,0.0,0.3636,,0.0,0.1818,,0.2176,0.0612,0.171,0.7148,0.0508,0.043,0.0107,0.0141,0.801,0.0071,0.0088,0.75,0.0,0.0214,,0.148,0.0645,0.265,0.0653,0.0442,0.411
420034060001,Tract 4060 · BG 1,42003406000,0.0,1832,314,0.104,748,106,0.086,42.9,1.4,0.02,0.2413,0.0554,0.14,0.1981,0.0291,0.089,0.9285,0.043,0.028,0.0,0.0066,,0.0202,0.0249,0.749,0.0,0.0066,,87583,18496,0.128,47443,11597,0.149,0.1261,0.078,0.376,0.0762,0.0737,0.588,0.6758,0.0883,0.079,0.3336,0.1019,0.186,773,104,0.082,0.0323,0.0334,0.627,1960,5,0.002,0.9366,0.0293,0.019,0.0181,0.0312,1.047,0.0,0.022,,0.0,0.022,,0.1096,0.0636,0.353,82,49,0.363,666,97,0.089,0.0869,0.0543,0.38,968,574,0.36,221700,19991,0.055,0.3049,0.3951,0.788,0.3049,0.3031,0.604,0.2087,0.1123,0.327,0.7533,0.0911,0.073,0.0,0.0134,,0.0078,0.01,0.775,0.0,0.0134,,0.1663,0.093,0.34,0.0307,0.0286,0.565
420034060002,Tract 4060 · BG 2,42003406000,0.0,365,95,0.158,180,47,0.159,63.3,5.0,0.048,0.0466,0.0963,1.257,0.4575,0.1012,0.134,1.0,0.0,0.0,0.0,0.0329,,0.0,0.0329,,0.0,0.0329,,87885,31880,0.221,57558,10252,0.108,0.0219,0.0252,0.699,0.0331,0.0482,0.885,0.5084,0.135,0.161,0.3283,0.0932,0.173,244,57,0.142,0.2623,0.1609,0.373,1980,17,0.005,0.7787,0.0304,0.024,0.0,0.0696,,0.0,0.0696,,0.0,0.0696,,0.05,0.0483,0.587,9,9,0.608,171,46,0.164,0.0548,0.0586,0.65,,,,217100,75499,0.211,0.0,2.6667,,0.0,1.3333,,0.0702,0.1865,1.616,0.7543,0.1546,0.125,0.0,0.0686,,0.0,0.0686,,0.0,0.0686,,0.1943,0.0886,0.277,0.0,0.0943,
420034070011,Tract 4070.01 · BG 1,42003407001,0.0,497,215,0.263,293,117,0.243,60.3,5.3,0.053,0.0,0.0683,,0.3783,0.1853,0.298,1.0,0.0,0.0,0.0,0.0241,,0.0,0.0241,,0.0,0.0241,,65804,40041,0.37,45247,16556,0.222,0.0,0.0341,,0.1893,0.265,0.851,0.6378,0.2499,0.238,0.0823,0.09,0.665,293,117,0.243,0.0,0.041,,1956,26,0.008,0.9249,0.1224,0.08,0.0,0.0579,,0.0,0.0579,,0.0,0.0579,,0.0785,0.1258,0.975,23,38,1.004,270,119,0.268,0.0986,0.1594,0.983,,,,114200,66856,0.356,0.0,1.0435,,0.0,0.5217,,0.3333,0.3452,0.629,0.8949,0.8261,0.561,0.0,0.0467,,0.0,0.0467,,0.0,0.0467,,0.0,0.0467,,0.0956,0.1204,0.766
420034070012,Tract 4070.01 · BG 2,42003407001,0.0,1384,371,0.163,621,151,0.148,36.6,13.4,0.223,0.2435,0.0839,0.209,0.1814,0.0764,0.256,0.9516,0.087,0.056,0.0,0.0087,,0.0029,0.005,1.051,0.0152,0.0235,0.941,66010,33052,0.304,32440,6656,0.125,0.1821,0.1803,0.602,0.0404,0.0686,1.033,0.6858,0.1078,0.096,0.1335,0.0941,0.428,621,151,0.148,0.0,0.0193,,1951,9,0.003,0.8003,0.1073,0.081,0.1031,0.1586,0.936,0.0209,0.0429,1.246,0.0,0.0273,,0.1932,0.1741,0.548,120,112,0.567,501,152,0.184,0.1915,0.1672,0.531,747,459,0.374,161200,35928,0.135,0.0,0.2,,0.0,0.1,,0.1996,0.1779,0.542,0.775,0.1525,0.12,0.0,0.0174,,0.0145,0.0317,1.326,0.0,0.0174,,0.1364,0.1185,0.528,0.0,0.0273,
420034070013,Tract 4070.01 · BG 3,42003407001,0.0,2064,475,0.14,726,186,0.156,45.3,5.2,0.07,0.2359,0.0702,0.181,0.1657,0.0432,0.159,0.9704,0.0805,0.05,0.0019,0.0043,1.361,0.0,0.0058,,0.0,0.0058,,107188,25761,0.146,72543,22309,0.187,0.049,0.034,0.422,0.0179,0.0267,0.907,0.6961,0.1269,0.111,0.4462,0.1156,0.158,852,228,0.163,0.1479,0.1461,0.601,1995,16,0.005,0.6209,0.2329,0.228,0.0035,0.0163,2.81,0.1033,0.1436,0.845,0.02,0.0343,1.044,0.0716,0.049,0.416,52,38,0.444,674,174,0.157,0.0397,0.0305,0.467,752,221,0.179,309400,38965,0.077,0.6154,0.622,0.614,0.2885,0.4106,0.865,0.1024,0.1073,0.637,0.697,0.3131,0.273,0.0,0.0104,,0.026,0.0391,0.912,0.0,0.0104,,0.2344,0.1334,0.346,0.0234,0.0403,1.045
420034070014,Tract 4070.01 · BG 4,42003407001,0.0,1702,587,0.21,847,229,0.164,67.3,3.4,0.031,0.0294,0.0361,0.746,0.5482,0.2573,0.285,0.9301,0.0783,0.051,0.0,0.0071,,0.0,0.0071,,0.0,0.0071,,113281,41160,0.221,59227,10601,0.109,0.0247,0.0397,0.977,0.0,0.0187,,0.3886,0.1132,0.177,0.3136,0.0697,0.135,905,239,0.161,0.0641,0.1002,0.951,1989,23,0.007,0.4044,0.0858,0.129,0.1448,0.1288,0.541,0.0,0.0188,,0.0,0.0188,,0.0484,0.0564,0.708,41,49,0.727,806,227,0.171,0.0429,0.0563,0.797,,,,336500,40473,0.073,0.3659,0.6615,1.099,0.0,0.2927,,0.1017,0.103,0.615,0.9252,0.1294,0.085,0.0,0.0187,,0.0,0.0187,,0.0,0.0187,,0.0639,0.0553,0.526,0.0,0.02,
420034070021,Tract 4070.02 · BG 1,42003407002,0.0,1225,341,0.169,479,109,0.138,36.0,14.3,0.241,0.2963,0.1354,0.278,0.2196,0.066,0.183,0.9951,0.0348,0.021,0.0,0.0098,,0.0049,0.0113,1.408,0.0,0.0098,,70393,6422,0.055,31433,8900,0.172,0.1078,0.0718,0.405,0.0,0.023,,0.5927,0.135,0.138,0.41,0.1655,0.245,504,111,0.134,0.0496,0.0806,0.988,1954,7,0.002,0.6786,0.148,0.133,0.1111,0.103,0.564,0.0357,0.0618,1.051,0.0,0.0337,,0.2505,0.1092,0.265,120,59,0.299,359,107,0.181,0.2446,0.1183,0.294,1033,707,0.416,251700,31379,0.076,0.15,0.288,1.167,0.0,0.1,,0.1866,0.1554,0.506,0.663,0.1348,0.124,0.0,0.0264,,0.0,0.0264,,0.0,0.0264,,0.2885,0.2355,0.496,0.0,0.0354,
420034070022,Tract 4070.02 · BG 2,42003407002,0.0,1385,400,0.176,687,169,0.15,50.8,9.8,0.117,0.109,0.0581,0.324,0.2484,0.0729,0.178,0.9538,0.0818,0.052,0.0,0.0087,,0.0,0.0087,,0.0101,0.0178,1.071,78155,71001,0.552,41733,15115,0.22,0.2318,0.242,0.635,0.0295,0.0442,0.912,0.4927,0.138,0.17,0.2721,0.1514,0.338,687,169,0.15,0.0,0.0175,,1957,7,0.002,0.9694,0.0809,0.051,0.0,0.0247,,0.0,0.0247,,0.0306,0.0533,1.061,0.2067,0.2318,0.682,142,163,0.698,545,132,0.147,0.1896,0.2398,0.769,,,,224800,41327,0.112,0.0,0.169,,0.0,0.0845,,0.0661,0.0934,0.859,0.7234,0.4022,0.338,0.0,0.0202,,0.0,0.0202,,0.0,0.0202,,0.1737,0.1429,0.5,0.0509,0.0627,0.748
420034070023,Tract 4070.02 · BG 3,42003407002,0.0,595,174,0.178,299,100,0.203,55.4,15.9,0.174,0.1412,0.1074,0.462,0.3697,0.1535,0.252,0.921,0.0902,0.06,0.0118,0.0199,1.027,0.0,0.0202,,0.0,0.0202,,69362,20041,0.176,46716,15507,0.202,0.1326,0.1751,0.803,0.0506,0.0829,0.995,0.6008,0.1855,0.188,0.2532,0.1582,0.38,299,100,0.203,0.0,0.0401,,1963,16,0.005,0.7692,0.1043,0.082,0.0,0.0568,,0.1104,0.168,0.925,0.0,0.0568,,0.1605,0.1759,0.666,48,55,0.697,251,97,0.235,0.2391,0.3021,0.768,,,,205400,59514,0.176,0.0,0.5,,0.0,0.25,,0.1514,0.1952,0.784,0.5967,0.1005,0.102,0.0933,0.1482,0.966,0.0,0.04,,0.0533,0.0906,1.033,0.1767,0.1455,0.501,0.0502,0.0912,1.105
420034070024,Tract 4070.02 · BG 4,42003407002,0.0,3376,755,0.136,1379,258,0.114,48.4,11.4,0.143,0.1819,0.0675,0.226,0.2755,0.0322,0.071,0.9505,0.0656,0.042,0.0,0.0036,,0.0,0.0036,,0.0,0.0036,,116726,27094,0.141,51224,7850,0.093,0.0216,0.0208,0.585,0.0108,0.0162,0.912,0.6299,0.1333,0.129,0.5442,0.162,0.181,1379,258,0.114,0.0,0.0087,,1983,5,0.002,0.8289,0.106,0.078,0.0,0.0123,,0.0,0.0123,,0.0515,0.0389,0.46,0.1022,0.073,0.434,141,104,0.448,1238,250,0.123,0.0572,0.0365,0.388,3065,2286,0.453,258100,35061,0.083,0.6241,0.4948,0.482,0.6241,0.4724,0.46,0.1139,0.0607,0.324,0.6232,0.134,0.131,0.0186,0.0208,0.68,0.0,0.007,,0.0,0.007,,0.2812,0.2262,0.489,0.0116,0.02,1.047
420034080011,Tract 4080.01 · BG 1,42003408001,0.0,1765,453,0.156,637,157,0.15,37.3,5.6,0.091,0.3065,0.084,0.167,0.1122,0.0482,0.261,0.8323,0.1218,0.089,0.0,0.0068,,0.0703,0.0656,0.567,0.0,0.0068,,163859,40463,0.15,60537,14550,0.146,0.1048,0.0931,0.54,0.0,0.012,,0.7485,0.0288,0.023,0.6863,0.0702,0.062,637,157,0.15,0.0,0.0188,,1979,36,0.011,0.8038,0.133,0.101,0.0251,0.0445,1.078,0.0251,0.0431,1.043,0.0,0.0266,,0.237,0.1129,0.29,151,81,0.326,486,139,0.174,0.2128,0.1122,0.321,1728,650,0.229,446200,57317,0.078,0.5894,0.3197,0.33,0.4768,0.2954,0.377,0.037,0.0865,1.419,0.8295,0.1429,0.105,0.0,0.012,,0.0189,0.0304,0.976,0.0,0.012,,0.1336,0.0865,0.394,0.0502,0.0583,0.705
420034080012,Tract 4080.01 · BG 2,42003408001,0.0,2000,411,0.125,758,140,0.112,44.9,6.7,0.091,0.254,0.0595,0.142,0.1855,0.0504,0.165,0.9065,0.0903,0.061,0.0155,0.0197,0.774,0.0115,0.0168,0.89,0.02,0.0317,0.965,108690,43716,0.245,61708,14196,0.14,0.0095,0.0169,1.083,0.0176,0.025,0.863,0.5991,0.0755,0.077,0.5802,0.1066,0.112,966,174,0.109,0.2153,0.1386,0.391,1981,18,0.006,0.7547,0.1134,0.091,0.0155,0.0314,1.23,0.0,0.0176,,0.0383,0.064,1.016,0.1029,0.0728,0.43,78,57,0.444,680,136,0.122,0.1042,0.0839,0.489,,,,409500,64359,0.096,0.2692,0.4597,1.038,0.0,0.1538,,0.1912,0.1139,0.362,0.7856,0.1187,0.092,0.0,0.0135,,0.0135,0.0222,1.004,0.0,0.0135,,0.1785,0.0837,0.285,0.0475,0.0405,0.518
420034080013,Tract 4080.01 · BG 3,42003408001,0.0,1799,679,0.229,722,203,0.171,55.3,13.0,0.143,0.1184,0.0555,0.285,0.4186,0.0711,0.103,0.9828,0.0727,0.045,0.0,0.0067,,0.0128,0.0165,0.787,0.0,0.0067,,135669,11735,0.053,61942,12797,0.126,0.0689,0.0489,0.431,0.0225,0.031,0.838,0.6949,0.2967,0.26,0.6005,0.0608,0.062,797,202,0.154,0.0941,0.1078,0.696,1980,23,0.007,0.6537,0.1951,0.181,0.0151,0.0279,1.128,0.0251,0.0436,1.056,0.2861,0.0942,0.2,0.2618,0.114,0.265,189,98,0.315,533,204,0.233,0.1624,0.0598,0.224,2623,627,0.145,277700,219017,0.479,0.381,0.1918,0.306,0.3175,0.1646,0.315,0.0694,0.0922,0.808,0.9185,0.1903,0.126,0.0,0.0119,,0.0,0.0119,,0.0,0.0119,,0.0338,0.0335,0.603,0.1177,0.1063,0.549
420034080021,Tract 4080.02 · BG 1,42003408002,0.0,2645,467,0.107,1157,238,0.125,57.8,14.1,0.148,0.2132,0.0551,0.157,0.3293,0.1023,0.189,0.9036,0.0978,0.066,0.0,0.0045,,0.0348,0.0457,0.799,0.0057,0.0098,1.048,112796,41699,0.225,58988,19538,0.201,0.042,0.0445,0.645,0.0487,0.0585,0.729,0.5702,0.1256,0.134,0.3194,0.0633,0.121,1247,238,0.116,0.0722,0.0798,0.672,1975,24,0.007,0.7827,0.1251,0.097,0.0136,0.0228,1.017,0.0168,0.0295,1.065,0.0,0.0136,,0.0363,0.0434,0.727,42,51,0.738,1115,253,0.138,0.0246,0.0304,0.75,,,,330700,40088,0.074,0.0,0.5714,,0.0,0.2857,,0.1883,0.1541,0.497,0.8079,0.1239,0.093,0.0,0.0102,,0.0213,0.0319,0.908,0.0,0.0102,,0.1307,0.0707,0.329,0.0,0.0147,
420034080022,Tract 4080.02 · BG 2,42003408002,0.0,1128,407,0.219,368,133,0.22,39.1,4.4,0.068,0.3369,0.0595,0.107,0.1436,0.0935,0.396,0.8617,0.1813,0.128,0.0,0.0106,,0.0505,0.0795,0.956,0.0257,0.0406,0.96,168947,50257,0.181,64613,18300,0.172,0.0,0.015,,0.037,0.0536,0.879,0.6403,0.138,0.131,0.7649,0.0666,0.053,368,133,0.22,0.0,0.0326,,1999,5,0.002,1.0,0.0,0.0,0.0,0.0461,,0.0,0.0461,,0.0,0.0461,,0.0,0.0326,,0,12,,368,133,0.22,0.0,0.0106,,,,,417900,49944,0.073,,,,,,,0.1957,0.2375,0.738,0.5662,0.1895,0.203,0.0,0.0256,,0.0,0.0256,,0.0,0.0256,,0.4038,0.1509,0.227,0.0,0.0461,
420034080023,Tract 4080.02 · BG 3,42003408002,0.0,2507,465,0.113,1096,235,0.13,51.5,7.7,0.091,0.1544,0.0548,0.216,0.2736,0.0724,0.161,0.9773,0.0285,0.018,0.0,0.0048,,0.0,0.0048,,0.0211,0.0325,0.934,87000,30570,0.214,51846,7417,0.087,0.0415,0.0479,0.702,0.0332,0.0388,0.711,0.61,0.1147,0.114,0.5412,0.11,0.124,1096,235,0.13,0.0,0.0109,,1983,7,0.002,0.8002,0.1331,0.101,0.0,0.0155,,0.0566,0.0518,0.557,0.0,0.0155,,0.0566,0.0449,0.483,62,51,0.5,1034,230,0.135,0.0247,0.0198,0.487,916,60,0.04,336100,37553,0.068,0.3065,0.5319,1.055,0.0,0.1935,,0.2408,0.1859,0.469,0.7272,0.1409,0.118,0.0,0.0093,,0.0,0.0093,,0.0,0.0093,,0.1924,0.1475,0.466,0.0182,0.0318,1.059
420034090011,Tract 4090.01 · BG 1,42003409001,0.0,818,244,0.181,324,98,0.184,56.1,4.4,0.048,0.1051,0.0778,0.45,0.3068,0.1017,0.202,0.8839,0.1709,0.118,0.0342,0.0105,0.187,0.0,0.0147,,0.0342,0.0553,0.982,196071,58145,0.18,83605,14601,0.106,0.0331,0.0559,1.027,0.0427,0.0694,0.989,0.5765,0.1266,0.133,0.7118,0.1863,0.159,324,98,0.184,0.0,0.037,,1994,13,0.004,0.8889,0.1317,0.09,0.0,0.0524,,0.0,0.0524,,0.0,0.0524,,0.0,0.037,,0,12,,324,98,0.184,0.0,0.0153,,,,,484600,110872,0.139,,,,,,,0.1296,0.1753,0.822,0.3515,0.2313,0.4,0.0,0.0297,,0.0,0.0297,,0.0,0.0297,,0.5866,0.2382,0.247,0.1111,0.1367,0.748
420034090012,Tract 4090.01 · BG 2,42003409001,0.0,2672,705,0.16,800,178,0.135,34.9,10.1,0.176,0.3402,0.1078,0.193,0.0902,0.0481,0.324,0.7575,0.093,0.075,0.1927,0.2665,0.841,0.0105,0.0117,0.676,0.0,0.0045,,217063,42251,0.118,79275,17549,0.135,0.0109,0.0183,1.025,0.0299,0.0342,0.695,0.7547,0.0677,0.055,0.8194,0.1321,0.098,835,183,0.133,0.0419,0.0652,0.946,1998,6,0.002,1.0,0.0,0.0,0.0,0.0203,,0.0,0.0203,,0.0,0.0203,,0.0188,0.0284,0.922,15,23,0.932,785,178,0.138,0.0112,0.0177,0.959,,,,575300,83856,0.089,1.0,1.3856,0.842,0.0,0.8,,0.093,0.0874,0.572,0.6514,0.1,0.093,0.0,0.009,,0.0,0.009,,0.0,0.009,,0.2869,0.1337,0.283,0.0,0.0212,
420034090013,Tract 4090.01 · BG 3,42003409001,0.0,3801,679,0.109,1360,230,0.103,40.8,4.7,0.07,0.2497,0.0596,0.145,0.1434,0.0442,0.187,0.7958,0.1203,0.092,0.0,0.0032,,0.1521,0.0735,0.294,0.0358,0.0349,0.594,179279,19164,0.065,71243,14058,0.12,0.0881,0.0929,0.641,0.0176,0.0232,0.8,0.5854,0.0764,0.079,0.7097,0.0725,0.062,1360,230,0.103,0.0,0.0088,,2001,5,0.002,0.6015,0.1021,0.103,0.0676,0.096,0.863,0.0,0.0125,,0.0,0.0125,,0.0985,0.0896,0.553,134,124,0.563,1226,241,0.119,0.1059,0.0976,0.561,3101,464,0.091,469100,36542,0.047,0.1119,0.2131,1.157,0.0,0.0896,,0.1395,0.0939,0.409,0.6025,0.0992,0.1,0.0,0.0072,,0.0371,0.0514,0.843,0.0,0.0072,,0.3299,0.0903,0.166,0.0,0.0125,
420034090014,Tract 4090.01 · BG 4,42003409001,0.0,2239,701,0.19,833,230,0.168,26.6,6.7,0.153,0.2506,0.0674,0.164,0.0701,0.0296,0.256,0.8263,0.3485,0.256,0.0,0.0054,,0.1014,0.0887,0.532,0.0,0.0054,,126131,35799,0.173,61504,17064,0.169,0.0496,0.058,0.712,0.0071,0.0124,1.062,0.7997,0.2015,0.153,0.8303,0.2442,0.179,997,284,0.173,0.1645,0.1712,0.633,2007,6,0.002,0.3521,0.0629,0.109,0.2748,0.2258,0.5,0.0682,0.0635,0.566,0.2688,0.1102,0.249,0.5786,0.2088,0.219,482,219,0.276,351,118,0.204,0.4721,0.231,0.297,1983,213,0.065,480400,225851,0.286,0.2427,0.1378,0.345,0.1888,0.1223,0.394,0.2877,0.2567,0.542,0.7048,0.0741,0.064,0.0,0.0086,,0.0,0.0086,,0.0,0.0086,,0.1587,0.0501,0.192,0.0,0.0204,
420034090021,Tract 4090.02 · BG 1,42003409002,0.0,2369,627,0.161,684,166,0.148,35.6,7.4,0.126,0.4023,0.0933,0.141,0.057,0.0278,0.296,0.9101,0.0898,0.06,0.0,0.0051,,0.0274,0.0295,0.654,0.0,0.0051,,250001,,,85079,13269,0.095,0.0,0.0072,,0.0,0.01,,0.7784,0.0607,0.047,0.8066,0.1749,0.132,684,166,0.148,0.0,0.0175,,2007,9,0.003,0.9137,0.0832,0.055,0.0,0.0248,,0.0,0.0248,,0.0,0.0248,,0.0,0.0175,,0,12,,684,166,0.148,0.0,0.0051,,,,,689500,162319,0.143,,,,,,,0.0906,0.0969,0.65,0.5518,0.2043,0.225,0.0,0.01,,0.0,0.01,,0.0,0.01,,0.3873,0.1167,0.183,0.0,0.0248,
420034090022,Tract 4090.02 · BG 2,42003409002,0.0,3325,779,0.142,1103,213,0.117,40.6,4.2,0.063,0.2929,0.0966,0.2,0.1026,0.0382,0.226,0.8797,0.1145,0.079,0.0042,0.0065,0.945,0.0761,0.0227,0.181,0.0141,0.0128,0.551,193941,26178,0.082,91094,16760,0.112,0.0508,0.0682,0.816,0.0213,0.0201,0.575,0.6289,0.2197,0.212,0.734,0.2748,0.228,1103,213,0.117,0.0,0.0109,,1999,5,0.002,0.8876,0.0469,0.032,0.0,0.0154,,0.0,0.0154,,0.0,0.0154,,0.0254,0.0277,0.663,28,31,0.673,1075,209,0.118,0.0265,0.0349,0.803,,,,696000,56901,0.05,0.0,0.8571,,0.0,0.4286,,0.2074,0.0823,0.241,0.7331,0.1295,0.107,0.0,0.0077,,0.0,0.0077,,0.0,0.0077,,0.2025,0.0795,0.239,0.0054,0.0141,1.578
420034100001,Tract 4100 · BG 1,42003410000,0.0,1194,221,0.113,483,68,0.086,48.3,8.1,0.102,0.2563,0.0488,0.116,0.2546,0.066,0.158,0.9045,0.0789,0.053,0.0092,0.0091,0.597,0.0017,0.0025,0.905,0.0268,0.0229,0.52,153125,26284,0.104,74640,9585,0.078,0.0193,0.0146,0.459,0.0143,0.0084,0.356,0.6002,0.1019,0.103,0.7282,0.1433,0.12,498,64,0.078,0.0301,0.0359,0.725,1964,9,0.003,0.8012,0.0927,0.07,0.0221,0.0312,0.86,0.0382,0.0323,0.515,0.0,0.0341,,0.0435,0.0262,0.366,21,13,0.376,462,67,0.088,0.0193,0.0112,0.353,556,140,0.153,508300,49479,0.059,0.4286,1.0454,1.483,0.0,0.5714,,0.1212,0.0449,0.225,0.6375,0.1445,0.138,0.0091,0.0107,0.716,0.0219,0.0175,0.488,0.0,0.0219,,0.3115,0.0488,0.095,0.0497,0.025,0.306
420034110011,Tract 4110.01 · BG 1,42003411001,0.0,2013,427,0.129,730,118,0.098,47.9,4.2,0.053,0.1674,0.0431,0.156,0.1292,0.0382,0.18,0.9086,0.0999,0.067,0.0,0.006,,0.0681,0.0316,0.283,0.0233,0.0279,0.726,250001,,,122368,24557,0.122,0.0452,0.0402,0.541,0.0291,0.0275,0.573,0.7094,0.1712,0.147,0.8108,0.1484,0.111,730,118,0.098,0.0,0.0164,,1993,12,0.004,1.0,0.0,0.0,0.0,0.0232,,0.0,0.0232,,0.0,0.0232,,0.0,0.0164,,0,12,,730,118,0.098,0.0,0.006,,,,,711200,160268,0.137,,,,,,,0.1863,0.1039,0.339,0.7556,0.0898,0.072,0.0,0.01,,0.0292,0.0318,0.662,0.0,0.01,,0.2152,0.0726,0.205,0.0,0.0232,
420034110012,Tract 4110.01 · BG 2,42003411001,0.0,2120,307,0.088,699,104,0.09,37.8,4.1,0.066,0.3236,0.0547,0.103,0.0802,0.0377,0.286,0.8033,0.0862,0.065,0.0,0.0057,,0.1373,0.0855,0.378,0.0429,0.0638,0.904,235481,30017,0.077,86134,9952,0.07,0.0,0.008,,0.047,0.0461,0.596,0.6205,0.0829,0.081,0.9047,0.0967,0.065,699,104,0.09,0.0,0.0172,,1997,3,0.001,0.8813,0.079,0.054,0.0,0.0243,,0.0,0.0243,,0.0,0.0243,,0.0887,0.0805,0.552,62,57,0.559,637,101,0.096,0.0896,0.0777,0.527,2792,109,0.024,630300,49077,0.047,0.0,0.3871,,0.0,0.1935,,0.0706,0.0752,0.647,0.5745,0.1126,0.119,0.0,0.0134,,0.0,0.0134,,0.0,0.0134,,0.3124,0.1268,0.247,0.0,0.0243,
420034110021,Tract 4110.02 · BG 1,42003411002,0.0,3521,473,0.082,1328,190,0.087,40.3,1.4,0.021,0.2633,0.0427,0.099,0.15,0.0376,0.153,0.6064,0.1007,0.101,0.0028,0.0057,1.213,0.3238,0.0913,0.171,0.0335,0.0312,0.566,165789,15674,0.057,81815,18290,0.136,0.0079,0.0093,0.723,0.0249,0.023,0.563,0.7232,0.0379,0.032,0.783,0.0768,0.06,1413,193,0.083,0.0602,0.0639,0.645,2013,1,0.0,0.4926,0.098,0.121,0.0226,0.022,0.59,0.1359,0.0681,0.305,0.0672,0.0452,0.408,0.2801,0.0733,0.159,372,111,0.181,956,170,0.108,0.1988,0.068,0.208,2208,444,0.122,511900,60877,0.072,0.2984,0.179,0.365,0.1532,0.1349,0.535,0.0638,0.0544,0.518,0.6479,0.0959,0.09,0.0345,0.0374,0.658,0.0,0.0064,,0.0,0.0064,,0.2878,0.0778,0.164,0.0136,0.0229,1.025
420034110022,Tract 4110.02 · BG 2,42003411002,0.0,2572,588,0.139,1060,258,0.148,45.1,5.4,0.073,0.2512,0.0955,0.231,0.2041,0.0295,0.088,0.7578,0.1207,0.097,0.0,0.0047,,0.1998,0.1216,0.37,0.0,0.0047,,115700,4266,0.022,68033,13473,0.12,0.0906,0.1056,0.708,0.0129,0.0216,1.013,0.6167,0.1154,0.114,0.7124,0.1378,0.118,1144,261,0.139,0.0734,0.0911,0.754,1987,4,0.001,0.7413,0.1197,0.098,0.0,0.0148,,0.0647,0.0833,0.783,0.0,0.0148,,0.0925,0.0848,0.558,98,93,0.577,962,245,0.155,0.0918,0.0789,0.523,1858,475,0.155,444900,14278,0.02,0.0,0.2449,,0.0,0.1224,,0.3119,0.2706,0.528,0.7084,0.1925,0.165,0.018,0.0283,0.953,0.0106,0.0161,0.921,0.0,0.0098,,0.231,0.0899,0.237,0.0,0.016,
420034120021,Tract 4120.02 · BG 1,42003412002,0.0,2326,417,0.109,884,262,0.18,37.3,4.1,0.067,0.2304,0.0461,0.122,0.1479,0.0292,0.12,0.687,0.0958,0.085,0.0047,0.0073,0.933,0.2042,0.1033,0.308,0.0671,0.0764,0.693,156818,57137,0.221,78837,8661,0.067,0.0,0.0073,,0.1203,0.1733,0.875,0.7432,0.101,0.083,0.7945,0.1077,0.082,884,262,0.18,0.0,0.0136,,1981,11,0.003,0.9706,0.0957,0.06,0.0,0.0192,,0.0,0.0192,,0.0,0.0192,,0.0351,0.0287,0.498,31,27,0.529,853,266,0.19,0.0477,0.0417,0.531,1837,768,0.254,511300,123249,0.147,0.0,0.7742,,0.0,0.3871,,0.1172,0.0745,0.386,0.6582,0.1204,0.111,0.0,0.0101,,0.0,0.0101,,0.0,0.0101,,0.2624,0.0725,0.168,0.0057,0.0176,1.891
420034120022,Tract 4120.02 · BG 2,42003412002,0.0,2633,374,0.086,898,138,0.093,40.2,2.3,0.035,0.3004,0.0378,0.077,0.1527,0.0335,0.133,0.8561,0.0446,0.032,0.0,0.0046,,0.0817,0.0409,0.305,0.0213,0.0291,0.831,198214,23470,0.072,85723,10068,0.071,0.0076,0.0119,0.95,0.0071,0.0106,0.906,0.7277,0.0593,0.05,0.8059,0.0789,0.06,929,153,0.1,0.0334,0.0546,0.995,1977,6,0.002,0.986,0.229,0.141,0.0,0.0183,,0.014,0.0288,1.251,0.0,0.0183,,0.0356,0.0352,0.601,32,32,0.608,866,133,0.093,0.0353,0.038,0.655,2167,1657,0.465,492500,47323,0.058,0.5938,0.7071,0.724,0.5938,0.2795,0.286,0.0647,0.052,0.489,0.6717,0.0668,0.06,0.0,0.0087,,0.013,0.015,0.702,0.0,0.0087,,0.2381,0.0782,0.2,0.0,0.0189,
420034120031,Tract 4120.03 · BG 1,42003412003,0.0,1890,461,0.148,597,123,0.125,44.1,5.4,0.074,0.3032,0.065,0.13,0.127,0.0517,0.248,0.7587,0.0654,0.052,0.1138,0.167,0.893,0.1148,0.0883,0.467,0.0,0.0063,,181477,43636,0.146,74578,18830,0.153,0.0,0.009,,0.0,0.0124,,0.7075,0.0976,0.084,0.7395,0.0808,0.066,597,123,0.125,0.0,0.0201,,1987,14,0.004,0.9816,0.0294,0.018,0.0,0.0284,,0.0,0.0284,,0.0,0.0284,,0.1055,0.1271,0.732,63,77,0.743,534,122,0.139,0.1212,0.1673,0.839,,,,447200,88325,0.12,0.7778,0.7889,0.617,0.7778,0.7166,0.56,0.0187,0.0682,2.214,0.7814,0.0948,0.074,0.0115,0.0175,0.927,0.0,0.0126,,0.0,0.0126,,0.1789,0.0909,0.309,0.0,0.0284,
420034120032,Tract 4120.03 · BG 2,42003412003,0.0,1893,465,0.149,729,147,0.123,44.1,10.7,0.147,0.2821,0.0861,0.186,0.2599,0.0762,0.178,0.7993,0.1174,0.089,0.0,0.0063,,0.0724,0.0663,0.557,0.0845,0.0732,0.526,157150,49544,0.192,76003,20780,0.166,0.0,0.009,,0.0,0.0122,,0.6765,0.1201,0.108,0.6911,0.1048,0.092,745,146,0.119,0.0215,0.0333,0.942,1985,1,0.0,0.5409,0.123,0.138,0.055,0.0841,0.929,0.0,0.0228,,0.0,0.0228,,0.1728,0.1609,0.566,126,120,0.579,603,154,0.155,0.1553,0.1358,0.531,2638,304,0.07,424400,47759,0.068,0.8333,0.4647,0.339,0.0,0.0952,,0.0,0.0563,,0.7366,0.0252,0.021,0.0,0.0122,,0.0,0.0122,,0.0,0.0122,,0.1976,0.0988,0.304,0.0,0.0233,
420034120033,Tract 4120.03 · BG 3,42003412003,0.0,2468,468,0.115,806,127,0.096,37.8,4.5,0.072,0.2735,0.0667,0.148,0.1163,0.04,0.209,0.925,0.0654,0.043,0.0,0.0049,,0.0434,0.0446,0.626,0.013,0.0156,0.732,205962,77605,0.229,99155,20277,0.124,0.0045,0.0084,1.144,0.0264,0.028,0.645,0.7401,0.0757,0.062,0.9181,0.0897,0.059,879,123,0.085,0.083,0.1029,0.753,1987,3,0.001,0.876,0.0675,0.047,0.0,0.0193,,0.0,0.0193,,0.0,0.0193,,0.0,0.0149,,0,12,,806,127,0.096,0.0,0.0049,,,,,563300,48106,0.052,,,,,,,0.1663,0.0876,0.32,0.6507,0.0673,0.063,0.0,0.0086,,0.0,0.0086,,0.0,0.0086,,0.2436,0.134,0.334,0.0,0.0211,
420034120041,Tract 4120.04 · BG 1,42003412004,0.0,1414,634,0.273,450,159,0.215,36.2,6.9,0.116,0.2567,0.0516,0.122,0.0983,0.0094,0.058,0.942,0.144,0.093,0.0177,0.0257,0.883,0.0219,0.0219,0.608,0.0,0.0085,,159190,13431,0.051,68885,18701,0.165,0.0078,0.0149,1.164,0.1165,0.1651,0.861,0.8381,0.2579,0.187,0.6119,0.3524,0.35,482,159,0.201,0.0664,0.0908,0.831,1964,15,0.005,0.9793,0.0668,0.041,0.0207,0.0393,1.15,0.0,0.0352,,0.0,0.0352,,0.0933,0.0605,0.394,42,31,0.449,408,159,0.237,0.0545,0.0398,0.444,1206,1039,0.524,374900,41737,0.068,0.0,0.5714,,0.0,0.2857,,0.0931,0.0945,0.617,0.8254,0.2428,0.179,0.0,0.0151,,0.0,0.0151,,0.0,0.0151,,0.1545,0.0335,0.132,0.2467,0.3457,0.852
420034120042,Tract 4120.04 · BG 2,42003412004,0.0,2611,402,0.094,1035,155,0.091,44.0,3.9,0.054,0.2344,0.0533,0.138,0.1475,0.0435,0.179,0.6239,0.0542,0.053,0.0,0.0046,,0.3405,0.1121,0.2,0.0042,0.0065,0.935,178309,71066,0.242,79823,13671,0.104,0.0226,0.0117,0.315,0.0458,0.0403,0.534,0.7113,0.0669,0.057,0.7556,0.0794,0.064,1145,116,0.062,0.0961,0.0789,0.499,2006,3,0.001,0.5371,0.077,0.087,0.0,0.0148,,0.0524,0.0398,0.462,0.0166,0.0197,0.723,0.1604,0.0714,0.271,166,78,0.286,869,151,0.106,0.1393,0.0653,0.285,1833,239,0.079,490500,46267,0.057,0.1386,0.1947,0.854,0.1386,0.1491,0.654,0.1611,0.0937,0.354,0.5672,0.0966,0.104,0.0289,0.0348,0.734,0.0,0.0084,,0.0,0.0084,,0.2745,0.0844,0.187,0.0242,0.0393,0.988
420034131001,Tract 4131 · BG 1,42003413100,0.0,987,277,0.171,336,81,0.147,47.9,9.9,0.126,0.1864,0.0804,0.262,0.1773,0.0687,0.236,0.771,0.1017,0.08,0.0709,0.1097,0.94,0.0233,0.0543,1.417,0.0253,0.042,1.007,250001,,,111790,29457,0.16,0.0,0.0172,,0.0259,0.0442,1.037,0.6852,0.108,0.096,0.7929,0.054,0.041,336,81,0.147,0.0,0.0357,,1985,3,0.001,1.0,0.0,0.0,0.0,0.0505,,0.0,0.0505,,0.0,0.0505,,0.0,0.0357,,0,12,,336,81,0.147,0.0,0.0122,,,,,750000,101893,0.083,,,,,,,0.0774,0.1307,1.027,0.582,0.1936,0.202,0.0,0.0221,,0.0,0.0221,,0.0,0.0221,,0.418,0.1769,0.257,0.0,0.0505,
420034131002,Tract 4131 · BG 2,42003413100,0.0,2028,614,0.184,963,224,0.141,44.5,8.1,0.111,0.1386,0.0533,0.234,0.1455,0.0524,0.219,0.859,0.1588,0.112,0.0,0.0059,,0.0444,0.035,0.479,0.0498,0.0459,0.56,62345,45490,0.444,44277,8424,0.116,0.1036,0.0935,0.549,0.0426,0.0376,0.537,0.6511,0.2678,0.25,0.5927,0.106,0.109,1001,217,0.132,0.038,0.0563,0.902,1983,2,0.001,0.4066,0.1613,0.241,0.008,0.0176,1.338,0.4615,0.1065,0.14,0.0,0.017,,0.5182,0.1035,0.121,499,153,0.186,464,173,0.227,0.4393,0.0885,0.122,1306,61,0.028,441900,141646,0.195,0.4289,0.172,0.244,0.1303,0.1027,0.479,0.3685,0.303,0.5,0.7071,0.1122,0.096,0.061,0.0468,0.466,0.0105,0.0172,0.999,0.0,0.0105,,0.1421,0.0742,0.317,0.0748,0.0769,0.626
420034131003,Tract 4131 · BG 3,42003413100,0.0,1462,640,0.266,481,168,0.212,39.4,14.8,0.228,0.2702,0.0962,0.216,0.2845,0.1622,0.347,0.7531,0.459,0.371,0.0041,0.0073,1.082,0.0,0.0082,,0.1484,0.1357,0.556,123806,69938,0.343,83528,32192,0.234,0.0,0.013,,0.0208,0.0317,0.927,0.4889,0.2351,0.292,0.5817,0.1586,0.166,557,177,0.193,0.1364,0.1388,0.618,1973,14,0.004,0.8187,0.1947,0.145,0.0,0.0305,,0.0826,0.103,0.759,0.0987,0.0942,0.58,0.3389,0.1932,0.347,163,109,0.407,318,150,0.287,0.1261,0.0567,0.273,,,,446300,29365,0.04,0.7546,0.5449,0.439,0.5583,0.5399,0.588,0.0346,0.1136,1.996,0.778,0.2469,0.193,0.0019,0.0096,3.018,0.0,0.0232,,0.0,0.0232,,0.2201,0.0913,0.252,0.2744,0.2137,0.473
420034131004,Tract 4131 · BG 4,42003413100,0.0,2385,491,0.125,891,159,0.108,42.0,3.5,0.051,0.2792,0.0591,0.129,0.1711,0.0447,0.159,0.7681,0.1477,0.117,0.0,0.005,,0.1149,0.0551,0.292,0.117,0.1217,0.633,171691,51374,0.182,94378,42813,0.276,0.0365,0.0269,0.449,0.0,0.0097,,0.7175,0.1072,0.091,0.6147,0.0753,0.075,929,157,0.103,0.0409,0.0653,0.97,1985,2,0.001,0.6857,0.1062,0.094,0.0,0.0183,,0.0603,0.0587,0.592,0.0,0.0183,,0.2503,0.0993,0.241,223,97,0.264,668,146,0.133,0.2595,0.1304,0.305,3094,515,0.101,391200,45490,0.071,0.5695,0.3512,0.375,0.2108,0.2908,0.839,0.1078,0.0928,0.524,0.5536,0.106,0.116,0.0252,0.036,0.87,0.0398,0.0477,0.73,0.0,0.0097,,0.3458,0.1307,0.23,0.0112,0.0224,1.211
420034132011,Tract 4132.01 · BG 1,42003413201,0.0,825,193,0.142,396,88,0.135,44.5,10.0,0.137,0.1515,0.0614,0.246,0.183,0.0731,0.243,0.9261,0.0945,0.062,0.0,0.0145,,0.0739,0.0781,0.642,0.0,0.0145,,109167,61448,0.342,65559,12292,0.114,0.0,0.0206,,0.0678,0.0524,0.47,0.6442,0.1013,0.096,0.6413,0.1372,0.13,396,88,0.135,0.0,0.0303,,1958,2,0.001,0.7576,0.2369,0.19,0.0,0.0429,,0.0682,0.0662,0.591,0.0707,0.1043,0.897,0.2298,0.1237,0.327,91,53,0.354,305,72,0.144,0.1758,0.1063,0.368,1165,308,0.161,312400,36124,0.07,0.2088,0.2803,0.816,0.0,0.1319,,0.0262,0.1111,2.575,0.7731,0.0325,0.026,0.0176,0.026,0.897,0.0,0.0264,,0.0,0.0264,,0.2093,0.1167,0.339,0.0,0.0429,
420034132012,Tract 4132.01 · BG 2,42003413201,0.0,1298,283,0.133,443,85,0.117,45.5,2.7,0.036,0.1988,0.069,0.211,0.2427,0.1132,0.283,0.8028,0.062,0.047,0.0,0.0092,,0.1402,0.1361,0.59,0.0508,0.0614,0.734,146513,18441,0.077,57868,8834,0.093,0.0547,0.04,0.444,0.0,0.0191,,0.5719,0.191,0.203,0.5207,0.0391,0.046,516,104,0.123,0.1415,0.1326,0.57,1967,5,0.002,0.7209,0.0594,0.05,0.0659,0.0723,0.667,0.0,0.0329,,0.0,0.0329,,0.0835,0.1117,0.813,37,50,0.821,406,85,0.127,0.0586,0.0783,0.813,,,,365500,31316,0.052,0.0,0.6486,,0.0,0.3243,,0.1182,0.1298,0.667,0.6604,0.1698,0.156,0.0153,0.0252,1.004,0.0,0.0204,,0.0,0.0204,,0.3056,0.0896,0.178,0.0406,0.0501,0.75
420034132013,Tract 4132.01 · BG 3,42003413201,0.0,1735,552,0.193,711,118,0.101,37.2,3.7,0.06,0.2986,0.0956,0.195,0.2092,0.0895,0.26,0.8576,0.1436,0.102,0.0133,0.0132,0.604,0.0346,0.043,0.756,0.038,0.0373,0.596,82650,22582,0.166,45699,5656,0.075,0.0427,0.0325,0.463,0.048,0.0359,0.454,0.71,0.1229,0.105,0.5833,0.1268,0.132,711,118,0.101,0.0,0.0169,,1970,5,0.002,0.6624,0.09,0.083,0.0,0.0239,,0.128,0.0981,0.466,0.0,0.0239,,0.2489,0.1107,0.27,177,84,0.288,534,110,0.125,0.1225,0.0418,0.207,1352,234,0.105,305200,31099,0.062,0.6836,0.3111,0.277,0.3616,0.3247,0.546,0.1124,0.0717,0.388,0.7151,0.1658,0.141,0.0,0.0141,,0.0,0.0141,,0.0,0.0141,,0.2614,0.0612,0.142,0.0281,0.0317,0.686
420034132021,Tract 4132.02 · BG 1,42003413202,0.0,1075,291,0.165,492,142,0.175,45.5,12.1,0.162,0.213,0.0533,0.152,0.294,0.1522,0.315,0.8074,0.1765,0.133,0.0112,0.0184,1.0,0.0251,0.0366,0.885,0.0363,0.0407,0.682,93523,7615,0.049,54925,10025,0.111,0.0344,0.0525,0.926,0.0,0.0223,,0.6102,0.233,0.232,0.5918,0.022,0.023,544,141,0.158,0.0956,0.1094,0.695,1964,14,0.004,0.671,0.1897,0.172,0.125,0.0793,0.386,0.0846,0.0938,0.674,0.0165,0.0322,1.185,0.1911,0.0878,0.279,94,51,0.33,398,137,0.209,0.1209,0.0606,0.304,1182,243,0.125,389600,239897,0.374,0.1489,0.3117,1.272,0.0,0.1277,,0.0603,0.0957,0.965,0.5772,0.132,0.139,0.0154,0.0248,0.977,0.0,0.0232,,0.0,0.0232,,0.305,0.1205,0.24,0.0,0.0345,
420034132022,Tract 4132.02 · BG 2,42003413202,0.0,1611,233,0.088,748,84,0.068,46.8,5.3,0.069,0.1552,0.0524,0.205,0.257,0.0576,0.136,0.9361,0.0543,0.035,0.0137,0.0185,0.824,0.0025,0.005,1.213,0.0354,0.0356,0.612,111071,40466,0.221,68806,10069,0.089,0.0348,0.0319,0.558,0.0263,0.0293,0.676,0.6684,0.0657,0.06,0.687,0.1035,0.092,767,83,0.066,0.0248,0.0364,0.893,1972,3,0.001,0.6454,0.0608,0.057,0.0248,0.0396,0.972,0.0782,0.0489,0.38,0.0965,0.083,0.523,0.1043,0.0848,0.494,78,64,0.499,670,82,0.074,0.0559,0.0414,0.451,1160,79,0.041,340000,38157,0.068,0.5769,0.6393,0.674,0.0641,0.1027,0.974,0.191,0.0916,0.292,0.6251,0.0902,0.088,0.0146,0.0223,0.93,0.0146,0.0234,0.977,0.0,0.0135,,0.2245,0.0936,0.253,0.012,0.0267,1.349
420034133001,Tract 4133 · BG 1,42003413300,0.0,1845,261,0.086,698,113,0.098,47.7,10.4,0.133,0.1837,0.0495,0.164,0.3165,0.0719,0.138,0.8846,0.0506,0.035,0.0173,0.0204,0.717,0.0184,0.0215,0.71,0.0569,0.0404,0.432,100781,22718,0.137,49793,9363,0.114,0.0348,0.0313,0.547,0.0399,0.0367,0.56,0.5452,0.0647,0.072,0.4671,0.0749,0.097,762,113,0.09,0.084,0.0604,0.437,1960,4,0.001,0.9606,0.1991,0.126,0.0,0.0223,,0.0,0.0223,,0.0184,0.0228,0.754,0.116,0.0706,0.37,81,51,0.383,617,122,0.12,0.114,0.0908,0.484,1750,326,0.113,328000,24288,0.045,0.6543,0.4933,0.458,0.1111,0.1715,0.938,0.1783,0.0879,0.3,0.6549,0.1121,0.104,0.0277,0.0285,0.624,0.0,0.0151,,0.0,0.0151,,0.2355,0.0825,0.213,0.0258,0.0291,0.686
420034133002,Tract 4133 · BG 2,42003413300,0.0,2196,358,0.099,931,138,0.09,48.3,5.9,0.074,0.2004,0.0507,0.154,0.2764,0.0433,0.095,0.929,0.0578,0.038,0.0,0.0055,,0.0301,0.0194,0.393,0.0164,0.0199,0.736,125022,14959,0.073,58179,5535,0.058,0.0128,0.0159,0.756,0.0684,0.0643,0.572,0.6271,0.0625,0.061,0.5797,0.0842,0.088,943,137,0.088,0.0127,0.0137,0.653,1969,3,0.001,0.8356,0.0779,0.057,0.0106,0.0212,1.213,0.0339,0.0319,0.572,0.0488,0.0256,0.319,0.1203,0.0708,0.358,112,68,0.369,819,135,0.1,0.1061,0.0698,0.4,2152,334,0.094,287600,17617,0.037,0.3661,0.2325,0.386,0.2946,0.1872,0.386,0.1404,0.0687,0.297,0.6759,0.0298,0.027,0.0,0.0114,,0.0,0.0114,,0.0,0.0114,,0.2433,0.1228,0.307,0.0419,0.0331,0.481
420034133003,Tract 4133 · BG 3,42003413300,0.0,450,139,0.188,197,52,0.16,55.6,21.2,0.232,0.1378,0.0948,0.418,0.3489,0.1047,0.182,0.9756,0.0679,0.042,0.0,0.0267,,0.0,0.0267,,0.0244,0.037,0.921,145156,28074,0.118,65120,9691,0.09,0.0378,0.0466,0.75,0.0537,0.0747,0.847,0.5284,0.1541,0.177,0.6158,0.1345,0.133,197,52,0.16,0.0,0.0609,,1974,3,0.001,0.9594,0.1049,0.066,0.0406,0.0892,1.335,0.0,0.0861,,0.0,0.0861,,0.0457,0.07,0.932,9,14,0.946,188,55,0.178,0.02,0.0305,0.927,,,,379100,33973,0.054,0.0,2.6667,,0.0,1.3333,,0.0426,0.1841,2.631,0.7938,0.0687,0.053,0.0,0.0619,,0.0,0.0619,,0.0,0.0619,,0.2062,0.1508,0.445,0.0,0.0861,
420034134001,Tract 4134 · BG 1,42003413400,0.0,1241,264,0.129,481,91,0.115,39.4,4.8,0.074,0.2176,0.0648,0.181,0.1402,0.0497,0.216,0.9033,0.2698,0.182,0.0,0.0097,,0.0,0.0097,,0.0153,0.0264,1.048,153633,48400,0.192,70958,10197,0.087,0.0097,0.0173,1.088,0.0337,0.0314,0.567,0.7741,0.0908,0.071,0.7603,0.0968,0.077,511,87,0.103,0.0587,0.0757,0.783,1965,3,0.001,0.9022,0.0465,0.031,0.0,0.0332,,0.0196,0.0406,1.261,0.0254,0.0329,0.787,0.0707,0.0673,0.579,34,33,0.59,447,91,0.124,0.0508,0.0513,0.614,2595,365,0.086,352100,31003,0.054,0.0,0.7059,,0.0,0.3529,,0.0626,0.0824,0.8,0.5177,0.0844,0.099,0.0,0.0163,,0.0,0.0163,,0.0163,0.0242,0.901,0.4348,0.1604,0.224,0.0249,0.0447,1.09
420034134002,Tract 4134 · BG 2,42003413400,0.0,1342,259,0.117,563,106,0.114,49.8,5.0,0.061,0.2154,0.0751,0.212,0.2951,0.0598,0.123,0.7765,0.0646,0.051,0.0186,0.0213,0.695,0.038,0.0433,0.693,0.149,0.1538,0.627,104583,24971,0.145,51908,5622,0.066,0.0112,0.0206,1.118,0.0325,0.0404,0.754,0.6645,0.0801,0.073,0.572,0.0469,0.05,656,114,0.106,0.1418,0.1116,0.479,1965,5,0.002,0.7348,0.065,0.054,0.0,0.0259,,0.0152,0.0304,1.211,0.1707,0.106,0.377,0.2362,0.089,0.229,133,56,0.256,430,78,0.11,0.1113,0.0407,0.222,2330,731,0.191,248900,42829,0.105,0.9248,0.3357,0.221,0.5639,0.0389,0.042,0.0279,0.0871,1.898,0.4199,0.1017,0.147,0.0312,0.0333,0.65,0.0,0.0178,,0.0,0.0178,,0.4169,0.1353,0.197,0.1776,0.0942,0.323
420034134003,Tract 4134 · BG 3,42003413400,0.0,1903,553,0.177,633,163,0.157,42.8,6.0,0.085,0.2985,0.0328,0.067,0.1692,0.0366,0.132,0.8602,0.1204,0.085,0.0042,0.0067,0.972,0.0709,0.0483,0.414,0.0257,0.0295,0.698,175677,53914,0.187,67817,9063,0.081,0.0042,0.0092,1.333,0.013,0.0221,1.031,0.6292,0.1257,0.121,0.8358,0.1366,0.099,633,163,0.157,0.0,0.019,,1972,3,0.001,0.9874,0.0498,0.031,0.0,0.0268,,0.0,0.0268,,0.0,0.0268,,0.0158,0.0233,0.898,10,15,0.912,623,164,0.16,0.0257,0.0387,0.914,,,,433600,35416,0.05,1.0,2.0785,1.264,0.0,1.2,,0.1059,0.071,0.407,0.7278,0.1588,0.133,0.06,0.0816,0.827,0.0132,0.0199,0.918,0.0,0.0144,,0.1667,0.0342,0.125,0.0916,0.0969,0.643
420034135001,Tract 4135 · BG 1,42003413500,0.0,507,212,0.254,298,104,0.212,55.0,18.1,0.2,0.1795,0.1222,0.414,0.4004,0.0896,0.136,1.0,0.0,0.0,0.0,0.0237,,0.0,0.0237,,0.0,0.0237,,165472,87949,0.323,77837,20282,0.158,0.0394,0.0635,0.978,0.0,0.0486,,0.5938,0.2244,0.23,0.6298,0.2267,0.219,298,104,0.212,0.0,0.0403,,1984,6,0.002,0.396,0.1555,0.239,0.0,0.0569,,0.0,0.0569,,0.0,0.0569,,0.0,0.0403,,0,12,,298,104,0.212,0.0,0.0237,,,,,252300,39292,0.095,,,,,,,0.2651,0.237,0.544,0.2641,0.1258,0.29,0.0,0.0519,,0.0346,0.0533,0.936,0.0,0.0519,,0.7013,0.3329,0.289,0.0,0.0569,
420034135002,Tract 4135 · BG 2,42003413500,0.0,2100,564,0.163,1001,203,0.123,49.4,8.3,0.102,0.161,0.0758,0.286,0.1933,0.0406,0.128,0.6924,0.2562,0.225,0.0048,0.009,1.143,0.2562,0.216,0.512,0.0081,0.0141,1.06,112163,41561,0.225,62379,14384,0.14,0.0621,0.0504,0.493,0.0,0.0097,,0.6668,0.1116,0.102,0.5931,0.1327,0.136,1054,209,0.121,0.0503,0.0791,0.956,1992,11,0.003,0.4677,0.1141,0.148,0.0,0.0161,,0.1471,0.1017,0.42,0.3036,0.1362,0.273,0.4216,0.1243,0.179,422,151,0.218,579,150,0.157,0.3767,0.1854,0.299,1759,55,0.019,329200,92244,0.17,0.4953,0.2393,0.294,0.2109,0.0913,0.263,0.1675,0.1138,0.413,0.7262,0.136,0.114,0.023,0.0364,0.961,0.0,0.0099,,0.0,0.0099,,0.2401,0.1217,0.308,0.03,0.0374,0.759
420034135003,Tract 4135 · BG 3,42003413500,0.0,1267,439,0.211,552,157,0.173,31.4,4.6,0.089,0.2242,0.089,0.241,0.1807,0.0462,0.155,0.9424,0.1437,0.093,0.0,0.0095,,0.0576,0.078,0.823,0.0,0.0095,,125870,45278,0.219,61538,17509,0.173,0.0845,0.0697,0.501,0.0283,0.0429,0.921,0.7538,0.1919,0.155,0.7201,0.1723,0.145,552,157,0.173,0.0,0.0217,,1970,9,0.003,0.5906,0.1727,0.178,0.0,0.0307,,0.3569,0.1938,0.33,0.0254,0.0497,1.192,0.3822,0.167,0.266,211,110,0.317,341,135,0.241,0.3015,0.1627,0.328,1373,41,0.018,382300,59655,0.095,0.5261,0.1373,0.159,0.2607,0.0866,0.202,0.1261,0.1454,0.701,0.5875,0.0223,0.023,0.0778,0.0807,0.631,0.0,0.0167,,0.0,0.0167,,0.2861,0.1605,0.341,0.0,0.0307,
420034135004,Tract 4135 · BG 4,42003413500,0.0,2843,509,0.109,1371,374,0.166,28.9,9.4,0.198,0.1031,0.0404,0.238,0.1892,0.0632,0.203,0.8885,0.0985,0.067,0.0292,0.0208,0.433,0.058,0.0499,0.523,0.0113,0.0132,0.714,58836,25222,0.261,38995,5129,0.08,0.0783,0.0475,0.369,0.0538,0.063,0.711,0.6829,0.1066,0.095,0.5626,0.142,0.153,1511,374,0.15,0.0927,0.0918,0.602,1975,7,0.002,0.2541,0.0634,0.152,0.0132,0.0211,0.971,0.4335,0.1882,0.264,0.2991,0.1204,0.245,0.779,0.153,0.119,1068,359,0.204,303,125,0.251,0.6359,0.1226,0.117,1091,105,0.059,267700,53758,0.122,0.264,0.1074,0.247,0.0861,0.0881,0.621,0.2343,0.2643,0.686,0.6069,0.1614,0.162,0.0129,0.0262,1.234,0.0627,0.0589,0.571,0.0105,0.0209,1.206,0.1195,0.0485,0.246,0.0394,0.0374,0.577
420034141011,Tract 4141.01 · BG 1,42003414101,0.0,1673,419,0.152,714,136,0.116,44.3,10.5,0.144,0.2128,0.0607,0.173,0.2128,0.048,0.137,0.954,0.0667,0.043,0.0012,0.0024,1.206,0.0305,0.0484,0.965,0.0,0.0072,,103125,31418,0.185,55522,11601,0.127,0.0628,0.0514,0.498,0.0,0.0132,,0.6701,0.1396,0.127,0.5728,0.0757,0.08,714,136,0.116,0.0,0.0168,,1981,4,0.001,0.619,0.1035,0.102,0.0,0.0238,,0.0,0.0238,,0.0,0.0238,,0.0462,0.0525,0.69,33,38,0.7,681,138,0.123,0.0397,0.0446,0.683,,,,296700,70421,0.144,0.0,0.7273,,0.0,0.3636,,0.1131,0.0991,0.533,0.7955,0.1699,0.13,0.0022,0.0055,1.508,0.0,0.0134,,0.0,0.0134,,0.1251,0.0752,0.365,0.0322,0.0528,0.996
420034141012,Tract 4141.01 · BG 2,42003414101,0.0,1827,473,0.157,582,150,0.157,35.0,2.2,0.038,0.3218,0.0735,0.139,0.1221,0.0636,0.317,0.977,0.0328,0.02,0.0,0.0066,,0.0,0.0066,,0.0,0.0066,,187202,64003,0.208,58811,13818,0.143,0.0,0.0093,,0.0391,0.0382,0.595,0.7519,0.1179,0.095,0.6791,0.0951,0.085,582,150,0.157,0.0,0.0206,,1981,26,0.008,1.0,0.0,0.0,0.0,0.0292,,0.0,0.0292,,0.0,0.0292,,0.0,0.0206,,0,12,,582,150,0.157,0.0,0.0066,,,,,413500,49171,0.072,,,,,,,0.1478,0.1398,0.575,0.7679,0.1486,0.118,0.0,0.0128,,0.0,0.0128,,0.0,0.0128,,0.1957,0.1285,0.399,0.0,0.0292,
420034141013,Tract 4141.01 · BG 3,42003414101,0.0,795,313,0.239,347,163,0.286,58.0,8.0,0.084,0.0704,0.0586,0.506,0.2453,0.042,0.104,0.966,0.1065,0.067,0.0,0.0151,,0.034,0.0576,1.031,0.0,0.0151,,145972,81483,0.339,64564,12483,0.118,0.0226,0.0373,1.001,0.0747,0.0823,0.67,0.6751,0.1153,0.104,0.4455,0.27,0.368,371,162,0.265,0.0647,0.0956,0.899,1972,25,0.008,0.7008,0.4205,0.365,0.0,0.0457,,0.0,0.0457,,0.2992,0.2257,0.459,0.3199,0.2323,0.441,111,96,0.526,236,107,0.276,0.1673,0.1145,0.416,1248,175,0.085,424200,33086,0.047,0.1622,0.2811,1.054,0.1622,0.2097,0.786,0.2331,0.2036,0.531,0.7026,0.03,0.026,0.0,0.0259,,0.0,0.0259,,0.0,0.0259,,0.2263,0.1789,0.481,0.0,0.0489,
420034141014,Tract 4141.01 · BG 4,42003414101,0.0,1222,592,0.294,390,174,0.271,39.9,33.4,0.509,0.1547,0.0609,0.239,0.1252,0.0201,0.098,0.9722,0.1099,0.069,0.0229,0.0351,0.932,0.0,0.0098,,0.0,0.0098,,173568,53438,0.187,66351,21747,0.199,0.0957,0.1419,0.901,0.0146,0.0226,0.945,0.7318,0.0582,0.048,0.875,0.3353,0.233,390,174,0.271,0.0,0.0308,,1995,3,0.001,1.0,0.0,0.0,0.0,0.0435,,0.0,0.0435,,0.0,0.0435,,0.0,0.0308,,0,12,,390,174,0.271,0.0,0.0098,,,,,431600,43651,0.061,,,,,,,0.3923,0.4271,0.662,0.7937,0.2958,0.227,0.0,0.0165,,0.0,0.0165,,0.0,0.0165,,0.2063,0.0494,0.146,0.0,0.0435,
420034141021,Tract 4141.02 · BG 1,42003414102,0.0,3209,798,0.151,1169,240,0.125,37.3,4.5,0.073,0.3073,0.0678,0.134,0.1888,0.0416,0.134,0.9043,0.122,0.082,0.0,0.0037,,0.0446,0.0406,0.554,0.0069,0.0117,1.039,132617,40781,0.187,62847,14352,0.139,0.0271,0.0265,0.593,0.0422,0.038,0.547,0.6836,0.1203,0.107,0.6804,0.1531,0.137,1298,263,0.123,0.0994,0.1005,0.615,1990,9,0.003,0.5716,0.1096,0.117,0.0,0.0131,,0.339,0.1051,0.188,0.047,0.039,0.505,0.3122,0.0746,0.145,365,115,0.192,804,203,0.153,0.2234,0.0438,0.119,1599,167,0.063,357400,19679,0.033,0.5863,0.1814,0.188,0.1863,0.1177,0.384,0.2201,0.1663,0.459,0.6816,0.2087,0.186,0.04,0.0292,0.444,0.0,0.0083,,0.0,0.0083,,0.2329,0.0553,0.144,0.0522,0.0495,0.577
420034141022,Tract 4141.02 · BG 2,42003414102,0.0,2268,457,0.122,947,160,0.103,52.3,6.4,0.074,0.2209,0.0679,0.187,0.2482,0.0616,0.151,0.9078,0.0802,0.054,0.0,0.0053,,0.0419,0.0469,0.68,0.0503,0.0533,0.644,94338,20069,0.129,49353,7581,0.093,0.0811,0.0536,0.402,0.0142,0.0181,0.773,0.6293,0.0861,0.083,0.6771,0.0508,0.046,947,160,0.103,0.0,0.0127,,1964,8,0.002,0.736,0.0799,0.066,0.0,0.0179,,0.0454,0.0393,0.527,0.0697,0.1025,0.894,0.1563,0.1185,0.461,148,115,0.472,799,142,0.108,0.0725,0.0513,0.43,,,,345700,33242,0.058,0.9189,0.391,0.259,0.5473,0.5076,0.564,0.1502,0.1035,0.419,0.8508,0.2977,0.213,0.0,0.0107,,0.0,0.0107,,0.0,0.0107,,0.1492,0.0737,0.3,0.1193,0.1093,0.557
420034141023,Tract 4141.02 · BG 3,42003414102,0.0,1298,301,0.141,622,138,0.135,53.7,8.8,0.1,0.1471,0.0563,0.233,0.2866,0.0762,0.162,0.8937,0.1335,0.091,0.0,0.0092,,0.0616,0.0741,0.731,0.0,0.0092,,138750,50046,0.219,102141,46956,0.279,0.0077,0.0235,1.85,0.0611,0.0639,0.636,0.698,0.1163,0.101,0.6739,0.0781,0.07,678,136,0.122,0.0826,0.0809,0.596,1983,6,0.002,0.7655,0.1073,0.085,0.0,0.025,,0.0,0.025,,0.0,0.025,,0.037,0.0492,0.808,23,31,0.819,599,136,0.138,0.0177,0.0235,0.807,,,,333900,82622,0.15,0.0,1.0435,,0.0,0.5217,,0.1419,0.1045,0.448,0.7304,0.1558,0.13,0.0,0.0163,,0.0,0.0163,,0.0,0.0163,,0.21,0.0837,0.242,0.0225,0.0414,1.118
420034142001,Tract 4142 · BG 1,42003414200,0.0,885,348,0.239,336,105,0.19,40.8,17.5,0.261,0.3616,0.1182,0.199,0.3243,0.0689,0.129,0.7842,0.394,0.305,0.0192,0.0307,0.972,0.0,0.0136,,0.0565,0.0923,0.993,69167,25887,0.228,32141,14135,0.267,0.0217,0.037,1.039,0.0,0.0467,,0.4454,0.1083,0.148,0.3478,0.0989,0.173,391,123,0.191,0.1407,0.2102,0.909,1957,4,0.001,0.8159,0.095,0.071,0.1407,0.2125,0.918,0.0,0.0434,,0.0,0.0434,,0.0,0.0357,,0,12,,336,105,0.19,0.0,0.0136,,,,,198200,29362,0.09,,,,,,,0.1994,0.1739,0.53,0.668,0.1718,0.156,0.0,0.0492,,0.0,0.0492,,0.0,0.0492,,0.332,0.1671,0.306,0.0,0.0505,
420034142002,Tract 4142 · BG 2,42003414200,0.0,1364,382,0.17,507,114,0.137,48.5,9.6,0.12,0.2207,0.0806,0.222,0.2295,0.0546,0.145,0.8035,0.3012,0.228,0.0,0.0088,,0.0,0.0088,,0.1349,0.1515,0.683,115954,14282,0.075,43061,8220,0.116,0.0209,0.0245,0.714,0.0,0.0162,,0.6676,0.1225,0.112,0.5765,0.0823,0.087,640,180,0.171,0.2078,0.2237,0.655,1971,21,0.006,0.7438,0.2727,0.223,0.0,0.0265,,0.1297,0.1453,0.681,0.1141,0.1825,0.973,0.0809,0.0828,0.623,41,43,0.638,466,118,0.154,0.0762,0.0784,0.626,,,,284600,49624,0.106,0.439,0.7151,0.99,0.0,0.2927,,0.133,0.1337,0.611,0.5494,0.1317,0.146,0.0,0.0162,,0.0,0.0162,,0.0,0.0162,,0.3126,0.1096,0.213,0.0,0.0335,
420034142003,Tract 4142 · BG 3,42003414200,0.0,1628,836,0.312,507,175,0.21,36.7,9.0,0.149,0.2844,0.1443,0.308,0.18,0.1232,0.416,0.949,0.1579,0.101,0.0,0.0074,,0.0,0.0074,,0.024,0.0399,1.013,250001,,,90370,13227,0.089,0.0885,0.1268,0.872,0.0408,0.0381,0.568,0.7728,0.3063,0.241,0.5663,0.3276,0.352,507,175,0.21,0.0,0.0237,,1984,8,0.002,1.0,0.0,0.0,0.0,0.0335,,0.0,0.0335,,0.0,0.0335,,0.0,0.0237,,0,12,,507,175,0.21,0.0,0.0074,,,,,552200,74168,0.082,,,,,,,0.075,0.1022,0.829,0.6106,0.4231,0.421,0.0,0.0151,,0.0013,0.0062,3.022,0.0,0.0151,,0.299,0.257,0.523,0.0,0.0335,
420034142004,Tract 4142 · BG 4,42003414200,0.0,2016,569,0.172,688,155,0.137,42.3,10.7,0.154,0.25,0.0887,0.216,0.1438,0.0406,0.171,0.9688,0.0829,0.052,0.0,0.006,,0.0223,0.0357,0.971,0.0,0.006,,201623,33377,0.101,94015,27346,0.177,0.0,0.0084,,0.0,0.0093,,0.7679,0.1749,0.138,0.8112,0.1681,0.126,772,182,0.143,0.1088,0.1177,0.658,1972,7,0.002,0.9197,0.2964,0.196,0.0,0.022,,0.0,0.022,,0.0,0.022,,0.1061,0.1168,0.669,73,82,0.683,615,140,0.138,0.1295,0.1596,0.749,,,,443100,73774,0.101,0.0,0.3288,,0.0,0.1644,,0.1138,0.1628,0.869,0.7428,0.0895,0.073,0.0,0.0093,,0.0,0.0093,,0.0,0.0093,,0.1834,0.1382,0.458,0.0247,0.0412,1.015
420034150011,Tract 4150.01 · BG 1,42003415001,0.0,958,225,0.143,324,80,0.15,42.7,8.0,0.114,0.1712,0.0609,0.216,0.2516,0.0664,0.16,0.9426,0.0611,0.039,0.0188,0.0106,0.343,0.0,0.0125,,0.0157,0.0248,0.962,96974,72349,0.454,77079,38330,0.302,0.0036,0.0165,2.81,0.0,0.0283,,0.5267,0.1443,0.167,0.6123,0.1488,0.148,324,80,0.15,0.0,0.037,,1958,7,0.002,1.0,0.0,0.0,0.0,0.0524,,0.0,0.0524,,0.0,0.0524,,0.2037,0.1878,0.561,66,63,0.58,258,68,0.16,0.1833,0.163,0.54,1400,328,0.142,401400,61583,0.093,0.4545,0.6632,0.887,0.0,0.1818,,0.1589,0.1645,0.629,0.6316,0.1616,0.156,0.0,0.0301,,0.0276,0.0491,1.083,0.0,0.0301,,0.213,0.126,0.36,0.0,0.0524,
420034150012,Tract 4150.01 · BG 2,42003415001,0.0,1356,239,0.107,514,96,0.114,45.6,5.3,0.071,0.2729,0.0661,0.147,0.2006,0.071,0.215,0.8621,0.0737,0.052,0.014,0.0205,0.889,0.045,0.051,0.689,0.0162,0.0271,1.017,96250,36377,0.23,73984,22463,0.185,0.0752,0.0532,0.43,0.0141,0.0216,0.935,0.6095,0.1016,0.101,0.6223,0.11,0.107,575,82,0.087,0.1061,0.1103,0.632,1957,14,0.004,0.9791,0.029,0.018,0.0,0.0295,,0.0,0.0295,,0.0,0.0295,,0.2237,0.1317,0.358,115,71,0.375,399,86,0.131,0.1429,0.0712,0.303,1442,539,0.227,477000,77495,0.099,0.3478,0.437,0.764,0.3478,0.3979,0.695,0.1378,0.1045,0.461,0.7559,0.1451,0.117,0.0127,0.0204,0.978,0.0174,0.0266,0.929,0.0,0.019,,0.1886,0.0897,0.289,0.0389,0.042,0.657
420034150013,Tract 4150.01 · BG 3,42003415001,0.0,2520,391,0.094,816,124,0.092,38.8,8.6,0.135,0.1996,0.0467,0.142,0.1004,0.0289,0.175,0.8349,0.0938,0.068,0.0468,0.0687,0.891,0.0937,0.0929,0.603,0.0016,0.0036,1.365,148511,23459,0.096,54124,10905,0.122,0.0512,0.031,0.368,0.0461,0.0478,0.631,0.7297,0.0817,0.068,0.5787,0.1242,0.13,878,120,0.083,0.0706,0.0654,0.563,2001,3,0.001,0.7232,0.1118,0.094,0.1116,0.0974,0.53,0.0,0.0193,,0.0,0.0193,,0.1176,0.0852,0.44,96,71,0.45,720,140,0.118,0.1277,0.1051,0.5,988,398,0.245,379100,51824,0.083,0.2188,0.2534,0.704,0.1042,0.1478,0.862,0.1986,0.1004,0.307,0.6028,0.1385,0.14,0.0021,0.0041,1.211,0.0041,0.0075,1.109,0.0,0.0083,,0.2531,0.1386,0.333,0.0196,0.035,1.084
420034150021,Tract 4150.02 · BG 1,42003415002,0.0,1049,158,0.092,487,81,0.101,57.4,8.4,0.089,0.1401,0.047,0.204,0.3785,0.0673,0.108,0.8265,0.0961,0.071,0.0162,0.0179,0.673,0.0867,0.0809,0.567,0.0229,0.0265,0.703,100724,37976,0.229,92191,24370,0.161,0.0346,0.0204,0.359,0.014,0.0239,1.037,0.5418,0.0488,0.055,0.5469,0.1026,0.114,521,85,0.099,0.0653,0.0566,0.527,1965,6,0.002,0.9578,0.0397,0.025,0.0,0.0326,,0.023,0.0414,1.091,0.0,0.0326,,0.0431,0.0446,0.629,21,22,0.637,466,82,0.107,0.0526,0.054,0.623,1112,27,0.015,371900,62297,0.102,0.0,1.1429,,0.0,0.5714,,0.3112,0.1603,0.313,0.7331,0.0684,0.057,0.0,0.0246,,0.0472,0.059,0.759,0.0,0.0246,,0.1684,0.0812,0.293,0.0164,0.0362,1.341
420034150022,Tract 4150.02 · BG 2,42003415002,0.0,1426,278,0.119,571,104,0.111,43.4,10.5,0.147,0.2384,0.0604,0.154,0.2335,0.0741,0.193,0.8485,0.1045,0.075,0.0028,0.0056,1.21,0.0168,0.0186,0.674,0.0484,0.0388,0.488,107863,24141,0.136,57120,12990,0.138,0.047,0.036,0.466,0.0,0.0209,,0.497,0.07,0.086,0.5095,0.1133,0.135,617,109,0.107,0.0746,0.0717,0.585,1959,10,0.003,0.8266,0.0488,0.036,0.0665,0.1081,0.989,0.0,0.0275,,0.081,0.0885,0.664,0.275,0.1346,0.298,157,82,0.318,414,88,0.129,0.1781,0.1221,0.417,1286,716,0.338,334900,32807,0.06,0.3694,0.4072,0.67,0.0828,0.1266,0.929,0.128,0.1016,0.482,0.8202,0.0714,0.053,0.0,0.0209,,0.0,0.0209,,0.0,0.0209,,0.0803,0.0347,0.263,0.0963,0.0953,0.601
420034160001,Tract 4160 · BG 1,42003416000,0.0,899,143,0.097,471,62,0.08,59.1,4.6,0.047,0.0634,0.0282,0.271,0.3192,0.0201,0.038,0.9399,0.0575,0.037,0.0,0.0133,,0.0178,0.0187,0.639,0.0211,0.0265,0.762,60179,11034,0.111,40231,7857,0.119,0.1535,0.0915,0.362,0.0275,0.0291,0.643,0.5566,0.0681,0.074,0.2328,0.0424,0.111,511,64,0.076,0.0783,0.0539,0.419,1963,6,0.002,0.5499,0.0877,0.097,0.0841,0.0577,0.417,0.0078,0.0262,2.038,0.0,0.0332,,0.1953,0.0606,0.189,92,31,0.205,379,54,0.087,0.2091,0.0885,0.257,964,66,0.042,134800,22880,0.103,0.3152,0.1284,0.248,0.1848,0.1268,0.417,0.1741,0.1021,0.357,0.7957,0.1818,0.139,0.0168,0.019,0.687,0.0192,0.0287,0.906,0.0,0.0288,,0.0841,0.041,0.296,0.0764,0.0331,0.263
420034160002,Tract 4160 · BG 2,42003416000,0.0,537,97,0.11,253,46,0.111,52.8,12.3,0.142,0.1881,0.0467,0.151,0.2533,0.0339,0.081,0.9106,0.0599,0.04,0.0,0.0223,,0.0056,0.0074,0.803,0.0093,0.0148,0.966,76964,23076,0.182,44153,4320,0.059,0.067,0.0468,0.424,0.0,0.0441,,0.6058,0.1013,0.102,0.3356,0.0934,0.169,294,47,0.097,0.1395,0.1065,0.464,1958,5,0.002,0.9898,0.0228,0.014,0.0,0.0577,,0.0,0.0577,,0.0,0.0577,,0.0356,0.031,0.529,9,8,0.54,244,44,0.11,0.0317,0.0292,0.562,,,,166400,18179,0.066,0.0,2.6667,,0.0,1.3333,,0.2049,0.1008,0.299,0.8038,0.1325,0.1,0.0,0.0453,,0.0,0.0453,,0.0,0.0453,,0.1132,0.0608,0.326,0.0237,0.0529,1.355
420034171001,Tract 4171 · BG 1,42003417100,0.0,658,184,0.17,328,79,0.146,57.2,5.5,0.058,0.1535,0.058,0.23,0.307,0.0438,0.087,0.9909,0.0239,0.015,0.0,0.0182,,0.0,0.0182,,0.0,0.0182,,52000,22091,0.258,42878,7280,0.103,0.0076,0.021,1.68,0.0609,0.0603,0.602,0.5436,0.1229,0.138,0.2755,0.1163,0.257,332,78,0.143,0.012,0.0209,1.054,1943,12,0.004,0.8524,0.0908,0.065,0.0663,0.0564,0.517,0.0181,0.045,1.513,0.0,0.0511,,0.247,0.1134,0.279,81,42,0.315,247,69,0.17,0.1657,0.075,0.275,1031,121,0.071,139600,9775,0.043,0.0988,0.2983,1.836,0.0988,0.1521,0.936,0.1781,0.1397,0.477,0.628,0.1058,0.102,0.1092,0.1448,0.806,0.0,0.041,,0.0,0.041,,0.1502,0.0984,0.398,0.1433,0.1396,0.592
420034171002,Tract 4171 · BG 2,42003417100,0.0,796,197,0.15,378,91,0.146,51.8,6.5,0.076,0.1746,0.0544,0.189,0.1131,0.0554,0.298,0.9711,0.0591,0.037,0.0,0.0151,,0.0,0.0151,,0.0101,0.0161,0.976,120000,52037,0.264,55215,13630,0.15,0.0101,0.0221,1.336,0.0251,0.0345,0.836,0.7019,0.1549,0.134,0.395,0.1079,0.166,385,91,0.144,0.0182,0.0309,1.032,1942,16,0.005,0.8545,0.1462,0.104,0.0597,0.0552,0.562,0.0468,0.0551,0.716,0.0,0.0441,,0.1455,0.0999,0.417,55,40,0.442,323,97,0.183,0.0779,0.0558,0.436,881,225,0.155,167300,39383,0.143,0.3818,0.5377,0.856,0.3818,0.3826,0.609,0.0372,0.0986,1.614,0.8627,0.1582,0.111,0.0258,0.0287,0.677,0.0,0.0258,,0.0,0.0258,,0.0815,0.0554,0.413,0.0608,0.0674,0.674
420034171003,Tract 4171 · BG 3,42003417100,0.0,671,200,0.181,369,102,0.168,54.7,23.3,0.259,0.0999,0.0485,0.296,0.4367,0.18,0.251,0.9389,0.1188,0.077,0.0,0.0179,,0.0,0.0179,,0.0537,0.0789,0.894,62066,19351,0.19,47167,10234,0.132,0.0194,0.028,0.88,0.0284,0.0466,0.997,0.6987,0.3087,0.269,0.327,0.1594,0.296,389,102,0.159,0.0514,0.0655,0.774,1961,17,0.005,0.9332,0.1257,0.082,0.0206,0.0452,1.335,0.0,0.0436,,0.0,0.0436,,0.2222,0.1116,0.305,82,47,0.348,287,96,0.203,0.1744,0.0905,0.315,1357,64,0.029,184000,14947,0.049,0.7439,0.326,0.266,0.0732,0.1145,0.951,0.0697,0.1154,1.006,0.7644,0.1277,0.102,0.0,0.0301,,0.0,0.0301,,0.0,0.0301,,0.1203,0.0614,0.31,0.0325,0.0353,0.661
420034172001,Tract 4172 · BG 1,42003417200,0.0,1194,161,0.082,580,74,0.078,40.9,12.4,0.184,0.2027,0.0574,0.172,0.2814,0.065,0.14,0.9657,0.1815,0.114,0.0101,0.0116,0.704,0.0008,0.0025,1.822,0.0067,0.0134,1.213,53750,30675,0.347,34429,4013,0.071,0.0863,0.0441,0.31,0.0885,0.0731,0.502,0.5777,0.1048,0.11,0.2007,0.0805,0.244,697,78,0.068,0.1679,0.0928,0.336,1953,6,0.002,0.5366,0.0893,0.101,0.1062,0.0612,0.351,0.1277,0.0738,0.351,0.1492,0.0546,0.223,0.5017,0.1043,0.126,291,71,0.148,289,58,0.122,0.3263,0.0773,0.144,511,343,0.408,126500,31146,0.15,0.3608,0.1307,0.22,0.0481,0.0537,0.679,0.0484,0.1116,1.401,0.798,0.0913,0.07,0.0376,0.0324,0.524,0.0198,0.0213,0.653,0.0,0.0238,,0.0693,0.0487,0.427,0.219,0.0926,0.257
420034180001,Tract 4180 · BG 1,42003418000,0.0,1661,220,0.081,780,83,0.065,46.9,4.8,0.062,0.1541,0.0354,0.14,0.2938,0.0363,0.075,0.9127,0.1572,0.105,0.0018,0.0024,0.807,0.0,0.0072,,0.0259,0.0257,0.603,75000,10482,0.085,40721,4626,0.069,0.068,0.0327,0.292,0.0891,0.0491,0.335,0.6411,0.0913,0.087,0.4227,0.0488,0.07,879,85,0.059,0.1126,0.0685,0.37,1955,2,0.001,0.8726,0.0235,0.016,0.0319,0.0217,0.413,0.0148,0.0265,1.089,0.0,0.0193,,0.2,0.0726,0.221,156,59,0.23,624,62,0.06,0.2024,0.1054,0.316,1148,161,0.085,196200,19354,0.06,0.2564,0.1707,0.405,0.1026,0.1018,0.604,0.117,0.061,0.317,0.7301,0.0353,0.029,0.0177,0.0212,0.728,0.0,0.0151,,0.0,0.0151,,0.1828,0.0592,0.197,0.0231,0.0188,0.494
420034190001,Tract 4190 · BG 1,42003419000,0.0,1214,236,0.118,449,93,0.126,57.4,11.5,0.122,0.1787,0.0661,0.225,0.4234,0.0878,0.126,0.9168,0.0643,0.043,0.0601,0.0404,0.408,0.0231,0.0285,0.751,0.0,0.0099,,76172,8540,0.068,35085,5959,0.103,0.146,0.1348,0.561,0.0,0.0279,,0.4212,0.1171,0.169,0.2405,0.1011,0.255,472,98,0.126,0.0487,0.0777,0.97,1956,3,0.001,0.8263,0.0969,0.071,0.0424,0.0524,0.751,0.0169,0.0373,1.338,0.0,0.036,,0.1893,0.1301,0.418,85,61,0.436,364,89,0.149,0.2004,0.1634,0.496,868,168,0.118,152700,39154,0.156,0.4706,0.3774,0.488,0.3647,0.3478,0.58,0.1374,0.0961,0.425,0.6767,0.1413,0.127,0.0,0.0279,,0.0,0.0279,,0.0,0.0279,,0.2349,0.1311,0.339,0.0334,0.0427,0.777
420034190002,Tract 4190 · BG 2,42003419000,0.0,719,244,0.206,404,149,0.224,42.8,18.6,0.264,0.1516,0.0767,0.307,0.1029,0.0607,0.358,0.9638,0.0794,0.05,0.0,0.0167,,0.0,0.0167,,0.0,0.0167,,49000,27723,0.344,33814,8660,0.156,0.243,0.0993,0.248,0.0199,0.0456,1.394,0.7426,0.1881,0.154,0.4337,0.2155,0.302,438,154,0.214,0.0776,0.0967,0.757,1954,11,0.003,0.7694,0.1948,0.154,0.0502,0.0587,0.71,0.1096,0.1044,0.579,0.0,0.0387,,0.2153,0.0745,0.21,87,44,0.307,317,145,0.278,0.1572,0.073,0.282,772,181,0.143,161800,16472,0.062,0.3678,0.3655,0.604,0.3678,0.2766,0.457,0.1987,0.1217,0.372,0.8761,0.1711,0.119,0.0,0.027,,0.0608,0.0602,0.602,0.0,0.027,,0.0631,0.0671,0.647,0.1559,0.0824,0.321
420034190003,Tract 4190 · BG 3,42003419000,0.0,1142,206,0.11,744,114,0.093,64.2,6.0,0.057,0.0464,0.0495,0.649,0.472,0.0872,0.112,0.9886,0.0325,0.02,0.0009,0.0035,2.429,0.0,0.0105,,0.0018,0.0035,1.211,75114,40241,0.326,78497,16328,0.126,0.0911,0.0606,0.405,0.0525,0.0467,0.541,0.5069,0.113,0.136,0.6733,0.0933,0.084,753,114,0.092,0.012,0.0185,0.941,1991,5,0.002,0.4183,0.1106,0.161,0.0345,0.0269,0.473,0.1288,0.0766,0.362,0.0,0.0225,,0.2957,0.0825,0.17,220,70,0.193,524,121,0.14,0.2414,0.0692,0.174,1039,117,0.068,375500,80844,0.131,0.4364,0.2457,0.342,0.3091,0.2249,0.442,0.2309,0.1484,0.391,0.8694,0.139,0.097,0.0429,0.067,0.949,0.0292,0.0439,0.913,0.0,0.0234,,0.0175,0.0287,0.996,0.0175,0.0312,1.087
420034200001,Tract 4200 · BG 1,42003420000,0.0,1439,191,0.081,910,144,0.096,53.8,6.5,0.073,0.1098,0.0481,0.266,0.3377,0.0958,0.173,0.8471,0.0445,0.032,0.0028,0.0042,0.908,0.1091,0.0779,0.434,0.0,0.0083,,60333,15555,0.157,47211,6690,0.086,0.1668,0.0805,0.293,0.025,0.0348,0.846,0.6116,0.0325,0.032,0.5086,0.1153,0.138,985,134,0.083,0.0761,0.0487,0.388,1953,8,0.002,0.2883,0.0653,0.138,0.135,0.0731,0.329,0.1716,0.0679,0.241,0.1949,0.0913,0.285,0.589,0.1279,0.132,536,144,0.163,374,74,0.12,0.517,0.1079,0.127,807,98,0.074,173000,23775,0.084,0.334,0.1479,0.269,0.1604,0.0827,0.313,0.0882,0.0795,0.548,0.691,0.0824,0.072,0.059,0.0673,0.694,0.0346,0.029,0.509,0.0,0.0154,,0.1449,0.0488,0.205,0.1989,0.1083,0.331
420034211001,Tract 4211 · BG 1,42003421100,0.0,1307,278,0.129,483,104,0.131,42.2,5.5,0.079,0.2915,0.0768,0.16,0.1614,0.0605,0.228,0.6695,0.111,0.101,0.0,0.0092,,0.2211,0.1351,0.371,0.0497,0.047,0.575,195197,138027,0.43,68842,13862,0.122,0.088,0.0869,0.6,0.0306,0.038,0.755,0.6617,0.0809,0.074,0.9552,0.061,0.039,483,104,0.131,0.0,0.0248,,1963,5,0.002,0.9441,0.077,0.05,0.0207,0.0395,1.16,0.0,0.0351,,0.0,0.0351,,0.0497,0.0528,0.645,24,26,0.659,459,102,0.135,0.0239,0.0273,0.694,,,,506400,90329,0.108,0.0,1.0,,0.0,0.5,,0.1394,0.15,0.654,0.6277,0.0668,0.065,0.0033,0.0083,1.513,0.0,0.02,,0.0,0.02,,0.3573,0.1483,0.252,0.0,0.0351,
420034211002,Tract 4211 · BG 2,42003421100,0.0,902,342,0.23,377,126,0.203,36.7,15.4,0.255,0.286,0.0957,0.203,0.1785,0.0694,0.236,0.8248,0.2297,0.169,0.1098,0.1564,0.866,0.0233,0.0274,0.716,0.0,0.0133,,98720,28155,0.173,44948,10767,0.146,0.1197,0.0978,0.496,0.0304,0.0491,0.982,0.5985,0.1526,0.155,0.5186,0.2046,0.24,401,133,0.202,0.0599,0.0978,0.993,1956,16,0.005,0.8628,0.1297,0.091,0.0873,0.1075,0.749,0.0499,0.0836,1.019,0.0,0.0423,,0.1167,0.0872,0.454,44,36,0.497,333,125,0.228,0.0754,0.0564,0.454,1138,1086,0.58,253800,60388,0.145,0.7045,0.7236,0.624,0.7045,0.5481,0.473,0.3453,0.2754,0.485,0.8185,0.1563,0.116,0.0,0.0357,,0.0,0.0357,,0.0,0.0357,,0.1815,0.1052,0.352,0.1883,0.2243,0.724
420034211003,Tract 4211 · BG 3,42003421100,0.0,2161,412,0.116,991,220,0.135,43.2,11.1,0.156,0.2457,0.0654,0.162,0.2379,0.0776,0.198,0.9491,0.0615,0.039,0.0,0.0056,,0.0315,0.0431,0.832,0.012,0.016,0.81,138661,48230,0.211,77557,18481,0.145,0.0449,0.0435,0.589,0.0,0.0123,,0.5631,0.0881,0.095,0.881,0.1334,0.092,1083,220,0.123,0.0849,0.0737,0.528,1983,16,0.005,0.5171,0.0738,0.087,0.0,0.0157,,0.0739,0.0853,0.702,0.3149,0.1446,0.279,0.3794,0.1643,0.263,376,183,0.296,615,140,0.138,0.2962,0.1389,0.285,2198,103,0.028,542600,58614,0.066,0.4814,0.1794,0.227,0.4415,0.1866,0.257,0.0878,0.087,0.603,0.8349,0.1233,0.09,0.0252,0.0352,0.848,0.0,0.0126,,0.0,0.0126,,0.1188,0.0742,0.38,0.0434,0.0395,0.554
420034211004,Tract 4211 · BG 4,42003421100,0.0,608,175,0.175,272,89,0.199,68.5,8.9,0.079,0.0938,0.0949,0.615,0.6102,0.0763,0.076,0.9062,0.0749,0.05,0.0592,0.0754,0.774,0.0345,0.0534,0.939,0.0,0.0197,,102778,25676,0.152,70075,26601,0.231,0.0124,0.0412,2.014,0.0353,0.0919,1.583,0.3085,0.1562,0.308,0.5045,0.1379,0.166,283,86,0.185,0.0389,0.0661,1.034,1973,3,0.001,0.3922,0.0942,0.146,0.0,0.06,,0.0,0.06,,0.6078,0.175,0.175,0.0,0.0441,,0,12,,272,89,0.199,0.0,0.0248,,,,,386700,61673,0.097,,,,,,,0.2022,0.2071,0.623,0.6159,0.3161,0.312,0.0,0.0732,,0.0,0.0732,,0.0,0.0732,,0.3841,0.2489,0.394,0.1544,0.1375,0.541
420034212001,Tract 4212 · BG 1,42003421200,0.0,1772,373,0.128,671,136,0.123,42.9,3.6,0.051,0.2246,0.056,0.152,0.1828,0.0391,0.13,0.8871,0.0786,0.054,0.0141,0.0677,2.915,0.0847,0.0706,0.507,0.004,0.0062,0.947,121094,48822,0.245,59159,11332,0.116,0.0366,0.0713,1.186,0.0979,0.0702,0.436,0.7462,0.0617,0.05,0.5578,0.051,0.056,742,145,0.119,0.0957,0.0952,0.605,1955,3,0.001,0.9569,0.0338,0.021,0.0431,0.0479,0.675,0.0,0.0229,,0.0,0.0229,,0.0015,0.0283,11.549,1,19,11.55,670,138,0.125,0.0045,0.0666,8.966,,,,331900,48929,0.09,1.0,20.7846,12.635,1.0,0.0,0.0,0.2313,0.1252,0.329,0.6746,0.054,0.049,0.0206,0.0377,1.112,0.0542,0.0462,0.518,0.0,0.013,,0.1909,0.0831,0.265,0.0745,0.0726,0.592
420034212002,Tract 4212 · BG 2,42003421200,0.0,985,279,0.172,379,101,0.162,41.6,11.9,0.174,0.2589,0.0688,0.162,0.1959,0.0575,0.178,0.8802,0.1547,0.107,0.0244,0.0276,0.688,0.0112,0.0139,0.754,0.0,0.0122,,106328,28249,0.162,58239,11413,0.119,0.067,0.0553,0.501,0.0237,0.0365,0.938,0.6842,0.137,0.122,0.6575,0.0014,0.001,387,101,0.159,0.0207,0.0305,0.898,1964,9,0.003,0.9793,0.0528,0.033,0.0,0.0439,,0.0,0.0439,,0.0,0.0439,,0.0211,0.0285,0.82,8,11,0.836,371,102,0.167,0.0162,0.0239,0.895,,,,358500,88975,0.151,0.0,3.0,,0.0,1.5,,0.0916,0.1088,0.722,0.7232,0.1914,0.161,0.0,0.0242,,0.0,0.0242,,0.0,0.0242,,0.1899,0.1093,0.35,0.0,0.0448,
420034212003,Tract 4212 · BG 3,42003421200,0.0,339,232,0.416,196,196,0.608,66.0,33.7,0.31,0.1445,0.0946,0.398,0.5015,0.4809,0.583,0.8643,0.2597,0.183,0.0,0.0354,,0.0,0.0354,,0.0,0.0354,,,,,58867,11588,0.12,0.0,0.0501,,0.0574,0.0754,0.799,0.4207,0.1839,0.266,0.8621,0.2826,0.199,196,196,0.608,0.0,0.0612,,1938,,,1.0,0.0,0.0,0.0,0.0866,,0.0,0.0866,,0.0,0.0866,,0.0,0.0612,,0,12,,196,196,0.608,0.0,0.0354,,,,,351500,27202,0.047,,,,,,,0.7041,0.7189,0.621,0.2737,0.1199,0.266,0.0632,0.0934,0.899,0.0,0.1263,,0.0,0.1263,,0.5789,0.5607,0.589,0.0,0.0866,
420034212004,Tract 4212 · BG 4,42003421200,0.0,1035,283,0.166,398,100,0.153,59.2,9.4,0.097,0.1874,0.0748,0.243,0.3816,0.0751,0.12,0.7942,0.0867,0.066,0.0058,0.0095,0.999,0.0425,0.0509,0.727,0.0367,0.0482,0.799,132917,39572,0.181,79885,20206,0.154,0.0242,0.0296,0.745,0.0214,0.0325,0.925,0.4839,0.091,0.114,0.7083,0.1423,0.122,473,106,0.136,0.1586,0.1458,0.559,1981,8,0.002,0.7653,0.1475,0.117,0.0,0.0359,,0.0,0.0359,,0.0,0.0359,,0.0653,0.058,0.54,26,24,0.561,372,96,0.157,0.0435,0.0388,0.542,,,,469200,80963,0.105,0.2308,0.8612,2.269,0.0,0.4615,,0.1909,0.1415,0.451,0.6921,0.1643,0.144,0.0,0.0305,,0.0,0.0305,,0.0,0.0305,,0.2595,0.1213,0.284,0.0,0.0426,
420034220001,Tract 4220 · BG 1,42003422000,0.0,1404,296,0.128,451,90,0.121,38.4,7.7,0.122,0.3376,0.0663,0.119,0.1916,0.0427,0.136,0.849,0.1002,0.072,0.0,0.0085,,0.084,0.0404,0.293,0.0,0.0085,,250001,,,105545,28582,0.165,0.0748,0.0743,0.604,0.06,0.0462,0.468,0.5911,0.0458,0.047,0.8447,0.0907,0.065,513,114,0.135,0.1209,0.1298,0.653,1973,4,0.001,1.0,0.0,0.0,0.0,0.0331,,0.0,0.0331,,0.0,0.0331,,0.0,0.0266,,0,12,,451,90,0.121,0.0,0.0085,,,,,905700,64659,0.043,,,,,,,0.3525,0.133,0.229,0.6418,0.1489,0.141,0.0,0.0213,,0.016,0.0263,1.002,0.0,0.0213,,0.3156,0.1182,0.228,0.0399,0.057,0.868
420034220002,Tract 4220 · BG 2,42003422000,0.0,621,233,0.228,214,64,0.182,47.9,10.1,0.128,0.1578,0.0813,0.313,0.2931,0.0535,0.111,0.9114,0.1245,0.083,0.0,0.0193,,0.0161,0.0167,0.629,0.0,0.0193,,244000,75917,0.189,160766,44350,0.168,0.0,0.0273,,0.096,0.1197,0.758,0.6083,0.1646,0.164,0.8976,0.424,0.287,231,71,0.187,0.0736,0.1191,0.984,1966,12,0.004,1.0,0.0,0.0,0.0,0.0735,,0.0,0.0735,,0.0,0.0735,,0.1402,0.1289,0.559,30,29,0.588,184,59,0.195,0.1014,0.0923,0.553,,,,1005100,156657,0.095,0.0,0.8,,0.0,0.4,,0.1196,0.1929,0.981,0.7705,0.1951,0.154,0.0,0.0411,,0.0514,0.0618,0.731,0.0,0.0411,,0.1781,0.1133,0.387,0.0,0.0793,
420034220003,Tract 4220 · BG 3,42003422000,0.0,831,377,0.276,280,80,0.174,45.4,5.8,0.078,0.3141,0.0861,0.167,0.1203,0.0383,0.193,0.8712,0.23,0.16,0.0,0.0144,,0.006,0.0092,0.933,0.0915,0.0788,0.524,217500,99880,0.279,131906,44808,0.207,0.0578,0.0726,0.764,0.0444,0.0482,0.659,0.7438,0.1841,0.15,0.9327,0.4021,0.262,280,80,0.174,0.0,0.0429,,1938,,,1.0,0.0,0.0,0.0,0.0606,,0.0,0.0606,,0.0,0.0606,,0.0,0.0429,,0,12,,280,80,0.174,0.0,0.0144,,,,,638300,323078,0.308,,,,,,,0.1464,0.1555,0.645,0.8302,0.234,0.171,0.0,0.0279,,0.0233,0.036,0.942,0.0256,0.0406,0.965,0.0605,0.0398,0.4,0.0,0.0606,
420034220004,Tract 4220 · BG 4,42003422000,0.0,2390,398,0.101,780,137,0.107,43.3,7.4,0.104,0.2766,0.0555,0.122,0.1741,0.0489,0.171,0.8732,0.0453,0.032,0.0096,0.0146,0.92,0.054,0.0456,0.513,0.0473,0.0385,0.495,250001,,,129175,26630,0.125,0.0067,0.0071,0.641,0.0467,0.0305,0.397,0.5612,0.0792,0.086,0.8288,0.0444,0.033,780,137,0.107,0.0,0.0154,,1973,5,0.002,0.809,0.0283,0.021,0.1141,0.1043,0.556,0.0295,0.0472,0.972,0.0,0.0218,,0.159,0.0933,0.357,124,76,0.373,656,129,0.12,0.151,0.1031,0.415,,,,910300,143323,0.096,0.0,0.1935,,0.0,0.0968,,0.2363,0.1012,0.26,0.6794,0.0967,0.086,0.0,0.0124,,0.0093,0.0153,1.004,0.0289,0.0418,0.88,0.2371,0.0876,0.225,0.0487,0.0479,0.598
420034230001,Tract 4230 · BG 1,42003423000,0.0,943,286,0.184,376,89,0.144,34.6,2.7,0.047,0.3022,0.0827,0.166,0.1071,0.0503,0.286,0.6384,0.0558,0.053,0.0,0.0127,,0.3563,0.2788,0.476,0.0,0.0127,,107000,53767,0.305,65752,17359,0.16,0.0,0.018,,0.0182,0.0245,0.82,0.6461,0.0323,0.03,0.7811,0.1627,0.127,404,97,0.146,0.0693,0.1126,0.988,1970,4,0.001,0.2327,0.102,0.267,0.1485,0.127,0.52,0.2673,0.0814,0.185,0.0124,0.0386,1.894,0.5479,0.172,0.191,206,81,0.239,170,59,0.211,0.5429,0.2471,0.277,1660,420,0.154,412200,86855,0.128,0.3932,0.1714,0.265,0.1311,0.1099,0.51,0.1176,0.2235,1.155,0.4375,0.1563,0.217,0.0856,0.0824,0.585,0.0486,0.0563,0.704,0.0093,0.0207,1.358,0.2755,0.1383,0.305,0.1011,0.062,0.373
420034230002,Tract 4230 · BG 2,42003423000,0.0,833,231,0.169,418,110,0.16,38.7,4.3,0.068,0.2677,0.1006,0.228,0.1573,0.0616,0.238,0.9892,0.0314,0.019,0.0108,0.019,1.067,0.0,0.0144,,0.0,0.0144,,90833,32034,0.214,58832,10216,0.106,0.0672,0.0572,0.517,0.021,0.0329,0.953,0.7616,0.1437,0.115,0.7457,0.1386,0.113,427,110,0.157,0.0211,0.0323,0.933,1938,,,0.5948,0.1548,0.158,0.2225,0.1211,0.331,0.1194,0.1029,0.524,0.0,0.0397,,0.201,0.0992,0.3,84,47,0.34,334,112,0.204,0.1741,0.094,0.328,1306,250,0.116,310300,91821,0.18,0.3333,0.3169,0.578,0.2262,0.2156,0.579,0.3862,0.2561,0.403,0.3511,0.1548,0.268,0.0458,0.0428,0.569,0.0865,0.0615,0.432,0.0,0.0305,,0.4351,0.1332,0.186,0.2153,0.1814,0.512
420034230003,Tract 4230 · BG 3,42003423000,0.0,1067,292,0.166,398,89,0.136,36.0,3.4,0.057,0.3299,0.1013,0.187,0.1218,0.051,0.254,0.9541,0.0937,0.06,0.0197,0.0314,0.97,0.0131,0.0146,0.675,0.0056,0.0102,1.102,128750,69080,0.326,66819,19322,0.176,0.0349,0.0263,0.459,0.0373,0.0411,0.671,0.7997,0.1052,0.08,0.7406,0.1487,0.122,543,115,0.129,0.267,0.1656,0.377,1938,,,0.523,0.1401,0.163,0.3775,0.1566,0.252,0.0847,0.1068,0.767,0.0,0.0313,,0.4045,0.1596,0.24,161,73,0.276,237,88,0.226,0.2924,0.1052,0.219,1176,81,0.042,436900,113421,0.158,0.559,0.2945,0.32,0.4348,0.2941,0.411,0.0759,0.1558,1.247,0.6573,0.193,0.178,0.0749,0.055,0.446,0.0243,0.0405,1.01,0.0,0.0225,,0.1629,0.078,0.291,0.0528,0.0664,0.765
420034240001,Tract 4240 · BG 1,42003424000,0.0,1005,266,0.161,387,108,0.17,37.3,10.6,0.173,0.205,0.0688,0.204,0.19,0.0731,0.234,0.9134,0.0975,0.065,0.001,0.003,1.817,0.0,0.0119,,0.0308,0.0511,1.007,91678,21385,0.142,51377,19674,0.233,0.0867,0.0865,0.606,0.0635,0.0552,0.528,0.6916,0.1072,0.094,0.3613,0.1204,0.203,387,108,0.17,0.0,0.031,,1938,,,0.5633,0.1261,0.136,0.1499,0.1438,0.583,0.0,0.0439,,0.0362,0.0663,1.114,0.2584,0.1659,0.39,100,70,0.426,287,93,0.197,0.2729,0.1574,0.351,1615,252,0.095,112200,77988,0.423,0.26,0.291,0.68,0.12,0.1704,0.863,0.2927,0.2206,0.458,0.7578,0.1574,0.126,0.0659,0.0582,0.537,0.0233,0.0341,0.89,0.0,0.0233,,0.1531,0.0876,0.348,0.0594,0.0603,0.617
420034240002,Tract 4240 · BG 2,42003424000,0.0,845,279,0.201,491,136,0.168,48.0,24.6,0.312,0.1917,0.2055,0.652,0.1574,0.1157,0.447,0.729,0.1992,0.166,0.1408,0.1725,0.745,0.0,0.0142,,0.0308,0.0353,0.696,,,,41234,8277,0.122,0.1858,0.1342,0.439,0.1259,0.1031,0.498,0.5675,0.1833,0.196,0.371,0.2023,0.331,552,148,0.163,0.1105,0.1158,0.637,1938,,,0.2826,0.1745,0.375,0.2917,0.1484,0.309,0.0145,0.0318,1.334,0.192,0.1179,0.373,0.5316,0.1551,0.177,261,105,0.245,230,130,0.344,0.5101,0.1226,0.146,1093,290,0.161,115000,92792,0.491,0.3333,0.2159,0.394,0.3333,0.2007,0.366,0.3435,0.3369,0.596,0.5185,0.1919,0.225,0.1254,0.1894,0.918,0.1624,0.1473,0.551,0.0,0.0342,,0.1481,0.1083,0.444,0.2485,0.1226,0.3
420034240003,Tract 4240 · BG 3,42003424000,0.0,473,162,0.208,354,112,0.192,55.6,25.0,0.273,0.0,0.0718,,0.4693,0.1132,0.147,0.7759,0.0185,0.014,0.0529,0.0696,0.8,0.0,0.0254,,0.1649,0.1817,0.67,29063,12951,0.271,37450,12538,0.204,0.315,0.1437,0.277,0.0698,0.0773,0.674,0.4545,0.1399,0.187,0.2798,0.1585,0.344,400,130,0.198,0.115,0.1504,0.795,1963,10,0.003,0.19,0.1087,0.348,0.17,0.1181,0.422,0.1075,0.102,0.577,0.305,0.1313,0.262,0.8051,0.1627,0.123,285,107,0.228,69,41,0.361,0.7611,0.1769,0.141,908,271,0.181,,,,0.4561,0.1899,0.253,0.2421,0.1742,0.437,0.0,0.4919,,0.7474,0.1535,0.125,0.0579,0.0906,0.951,0.0,0.0632,,0.0,0.0632,,0.0421,0.0654,0.944,0.3333,0.1507,0.275
420034240004,Tract 4240 · BG 4,42003424000,0.0,796,202,0.154,380,93,0.149,31.8,15.0,0.287,0.2261,0.1051,0.283,0.093,0.0692,0.453,0.8103,0.1903,0.143,0.1319,0.1611,0.743,0.0,0.0151,,0.0,0.0151,,64583,29574,0.278,36983,8006,0.132,0.1828,0.1566,0.521,0.0,0.0259,,0.7361,0.0489,0.04,0.2938,0.0961,0.199,464,132,0.173,0.181,0.1959,0.658,1955,10,0.003,0.2478,0.121,0.297,0.2155,0.1792,0.505,0.1121,0.1243,0.674,0.0,0.0366,,0.5237,0.1603,0.186,199,78,0.238,181,83,0.279,0.5176,0.1604,0.188,883,318,0.219,237500,64116,0.164,0.392,0.3537,0.549,0.1307,0.1364,0.635,0.2762,0.2777,0.611,0.5248,0.1473,0.171,0.1123,0.1459,0.789,0.0562,0.0404,0.437,0.0,0.0259,,0.2181,0.153,0.426,0.2342,0.1888,0.49
420034250001,Tract 4250 · BG 1,42003425000,0.0,854,320,0.228,295,103,0.212,38.8,5.8,0.091,0.2904,0.062,0.13,0.0773,0.059,0.464,0.808,0.1872,0.141,0.0644,0.1146,1.082,0.0187,0.0296,0.961,0.0234,0.0352,0.914,87788,18604,0.129,24809,3581,0.088,0.0773,0.0655,0.515,0.1624,0.1635,0.612,0.7077,0.0291,0.025,0.4573,0.1032,0.137,324,107,0.201,0.0895,0.1325,0.9,1952,7,0.002,0.7778,0.1477,0.115,0.0864,0.0966,0.68,0.0988,0.1003,0.617,0.0,0.0524,,0.4508,0.2494,0.336,133,87,0.398,162,70,0.263,0.3576,0.2185,0.371,950,433,0.277,162500,35955,0.135,0.3308,0.2156,0.396,0.0,0.0902,,0.2407,0.2504,0.632,0.7895,0.4284,0.33,0.0,0.0332,,0.0222,0.0349,0.957,0.0,0.0332,,0.1468,0.1584,0.656,0.0,0.0575,
420034250002,Tract 4250 · BG 2,42003425000,0.0,952,263,0.168,485,120,0.15,47.8,16.8,0.214,0.105,0.0805,0.466,0.2237,0.1096,0.298,0.9034,0.1057,0.071,0.0,0.0126,,0.0,0.0126,,0.063,0.0693,0.668,43323,11263,0.158,37087,10688,0.175,0.1912,0.1238,0.394,0.0962,0.1062,0.671,0.6714,0.1041,0.094,0.2245,0.0703,0.19,485,120,0.15,0.0,0.0247,,1951,18,0.006,0.668,0.1757,0.16,0.2351,0.1525,0.395,0.0247,0.0495,1.216,0.0,0.035,,0.4454,0.1594,0.218,216,94,0.265,269,98,0.221,0.44,0.174,0.24,996,180,0.11,132400,41911,0.192,0.4815,0.2957,0.373,0.1852,0.261,0.857,0.2714,0.1865,0.418,0.5803,0.173,0.181,0.1277,0.0811,0.386,0.0348,0.0532,0.929,0.0,0.0232,,0.1702,0.0835,0.298,0.1113,0.0774,0.422
420034250003,Tract 4250 · BG 3,42003425000,0.0,912,238,0.159,538,155,0.175,54.9,12.2,0.135,0.0768,0.0497,0.393,0.273,0.1056,0.235,0.8958,0.0788,0.053,0.0066,0.0119,1.103,0.0,0.0132,,0.0384,0.045,0.712,55636,16432,0.18,40930,7707,0.114,0.1623,0.0959,0.359,0.0244,0.0334,0.831,0.5843,0.1516,0.158,0.1765,0.1095,0.377,599,169,0.172,0.1018,0.1064,0.635,1938,,,0.5943,0.1506,0.154,0.1736,0.1312,0.459,0.1152,0.1447,0.763,0.1068,0.1018,0.579,0.5743,0.1812,0.192,309,132,0.26,229,104,0.276,0.4594,0.1595,0.211,823,186,0.137,89000,51925,0.355,0.6052,0.3384,0.34,0.3916,0.3216,0.499,0.0,0.1482,,0.7133,0.1832,0.156,0.0406,0.05,0.748,0.0271,0.0419,0.939,0.0,0.0271,,0.1377,0.0768,0.339,0.4015,0.1716,0.26
420034250004,Tract 4250 · BG 4,42003425000,0.0,646,316,0.297,310,126,0.247,43.6,23.9,0.333,0.1796,0.1287,0.436,0.2229,0.134,0.365,0.9799,0.1051,0.065,0.0,0.0186,,0.0,0.0186,,0.0,0.0186,,,,,27083,11317,0.254,0.3158,0.3341,0.643,0.0524,0.0755,0.875,0.5396,0.1448,0.163,0.227,0.1334,0.357,346,136,0.239,0.104,0.1506,0.88,1938,,,0.5896,0.2134,0.22,0.2543,0.2059,0.492,0.0809,0.0907,0.681,0.0,0.049,,0.6226,0.2441,0.238,193,109,0.343,117,74,0.384,0.6393,0.2979,0.283,1094,304,0.169,186900,43558,0.142,0.4508,0.2621,0.353,0.3109,0.269,0.526,0.0,0.2901,,0.7104,0.5609,0.48,0.0,0.0463,,0.1583,0.226,0.868,0.0,0.0463,,0.0849,0.0924,0.661,0.0839,0.0953,0.691
420034263001,Tract 4263 · BG 1,42003426300,0.0,1362,273,0.122,606,108,0.108,57.0,16.0,0.171,0.1498,0.064,0.26,0.3488,0.1025,0.179,0.9677,0.0659,0.041,0.0,0.0088,,0.0,0.0088,,0.0,0.0088,,89583,16214,0.11,41043,8162,0.121,0.0232,0.029,0.761,0.0,0.017,,0.6097,0.1292,0.129,0.3925,0.1155,0.179,606,108,0.108,0.0,0.0198,,1964,3,0.001,0.9686,0.0443,0.028,0.0,0.028,,0.0,0.028,,0.0,0.028,,0.0165,0.0296,1.089,10,18,1.094,596,106,0.108,0.0074,0.0132,1.087,,,,232500,28849,0.075,0.0,2.4,,0.0,1.2,,0.1628,0.1192,0.445,0.7372,0.3142,0.259,0.0,0.0175,,0.035,0.0529,0.918,0.0,0.0175,,0.1109,0.0661,0.362,0.0495,0.062,0.761
420034263002,Tract 4263 · BG 2,42003426300,0.0,1707,418,0.149,762,131,0.105,54.6,18.5,0.206,0.1927,0.062,0.196,0.3433,0.0709,0.126,0.9074,0.3133,0.21,0.0088,0.0133,0.92,0.0,0.007,,0.0,0.007,,109429,33803,0.188,54673,10578,0.118,0.048,0.0449,0.568,0.0422,0.0406,0.586,0.5899,0.0981,0.101,0.6742,0.082,0.074,762,131,0.105,0.0,0.0157,,1954,4,0.001,1.0,0.0,0.0,0.0,0.0223,,0.0,0.0223,,0.0,0.0223,,0.1089,0.0846,0.472,83,66,0.483,679,126,0.113,0.1332,0.1334,0.609,1163,481,0.251,258800,20421,0.048,0.4458,0.4255,0.58,0.4458,0.344,0.469,0.1532,0.0927,0.368,0.6515,0.1418,0.132,0.0014,0.0041,1.817,0.0,0.0165,,0.0,0.0165,,0.1377,0.1002,0.442,0.0,0.0223,
420034263003,Tract 4263 · BG 3,42003426300,0.0,2999,805,0.163,1081,196,0.11,41.7,1.9,0.028,0.2224,0.0411,0.112,0.1761,0.0566,0.195,0.8976,0.1395,0.094,0.0423,0.0589,0.846,0.026,0.035,0.818,0.0,0.004,,99656,45253,0.276,44397,7652,0.105,0.0547,0.0437,0.486,0.1727,0.1055,0.371,0.7001,0.1169,0.102,0.393,0.0475,0.074,1081,196,0.11,0.0,0.0111,,1960,5,0.002,0.9695,0.0606,0.038,0.0,0.0157,,0.0,0.0157,,0.0,0.0157,,0.062,0.075,0.736,67,82,0.744,1014,197,0.118,0.0704,0.0983,0.849,,,,233900,15399,0.04,0.0,0.3582,,0.0,0.1791,,0.1312,0.1131,0.524,0.7685,0.1748,0.138,0.0,0.009,,0.0,0.009,,0.0,0.009,,0.2143,0.0819,0.232,0.0,0.0157,
420034264001,Tract 4264 · BG 1,42003426400,0.0,969,378,0.237,410,151,0.224,36.0,6.7,0.113,0.3168,0.0996,0.191,0.2343,0.0694,0.18,0.9608,0.1082,0.068,0.0,0.0124,,0.0,0.0124,,0.0,0.0124,,61667,29198,0.288,37383,9608,0.156,0.0588,0.0708,0.731,0.0,0.0253,,0.7175,0.2025,0.172,0.5785,0.0996,0.105,446,156,0.213,0.0807,0.1108,0.835,1959,11,0.003,0.7646,0.3533,0.281,0.1614,0.2347,0.884,0.0,0.0381,,0.0359,0.0588,0.997,0.2805,0.2581,0.559,115,114,0.603,295,94,0.194,0.2208,0.1977,0.544,780,36,0.028,235700,21064,0.054,0.2435,0.1932,0.482,0.1043,0.1398,0.814,0.1017,0.1487,0.889,0.7389,0.2185,0.18,0.0,0.0253,,0.0,0.0253,,0.0,0.0253,,0.1705,0.1265,0.451,0.0293,0.0559,1.16
420034264002,Tract 4264 · BG 2,42003426400,0.0,947,289,0.186,492,136,0.168,52.8,8.9,0.102,0.1383,0.0721,0.317,0.2376,0.0825,0.211,0.9314,0.1222,0.08,0.0,0.0127,,0.0,0.0127,,0.0,0.0127,,80278,44640,0.338,38623,10932,0.172,0.1795,0.1504,0.509,0.1553,0.1331,0.521,0.6335,0.2007,0.193,0.3298,0.1343,0.247,492,136,0.168,0.0,0.0244,,1952,6,0.002,0.8293,0.1471,0.108,0.0732,0.0771,0.64,0.0,0.0345,,0.065,0.0573,0.536,0.1606,0.0937,0.355,79,51,0.392,413,135,0.199,0.1069,0.0688,0.391,947,713,0.458,194500,81895,0.256,0.4304,0.4323,0.611,0.2025,0.2742,0.823,0.2954,0.2462,0.507,0.8315,0.216,0.158,0.0,0.0263,,0.0,0.0263,,0.0,0.0263,,0.1291,0.0832,0.392,0.0752,0.1166,0.942
420034264003,Tract 4264 · BG 3,42003426400,0.0,807,341,0.257,417,140,0.204,43.3,23.7,0.333,0.1053,0.0933,0.539,0.2528,0.0815,0.196,0.9393,0.5472,0.354,0.0,0.0149,,0.0,0.0149,,0.0,0.0149,,95118,21073,0.135,41712,12703,0.185,0.176,0.1901,0.657,0.0958,0.0829,0.526,0.7659,0.4138,0.328,0.2557,0.0737,0.175,417,140,0.204,0.0,0.0288,,1958,10,0.003,0.7098,0.0735,0.063,0.1631,0.2094,0.781,0.0,0.0407,,0.0,0.0407,,0.3213,0.2616,0.495,134,118,0.535,283,103,0.221,0.3432,0.3301,0.585,1649,239,0.088,196300,33035,0.102,0.1119,0.2155,1.17,0.1119,0.1495,0.812,0.1095,0.1565,0.869,0.7201,0.071,0.06,0.0278,0.0435,0.952,0.0,0.0256,,0.0,0.0256,,0.2393,0.1497,0.38,0.0384,0.0675,1.069
420034264004,Tract 4264 · BG 4,42003426400,0.0,1466,309,0.128,715,169,0.144,51.4,6.5,0.077,0.1262,0.0649,0.313,0.2162,0.0692,0.195,0.8649,0.1124,0.079,0.0525,0.0673,0.779,0.0,0.0082,,0.015,0.0237,0.959,67951,18627,0.167,55240,19806,0.218,0.1671,0.1885,0.686,0.0,0.0125,,0.7295,0.0951,0.079,0.4083,0.1026,0.153,765,164,0.13,0.0654,0.1023,0.952,1952,5,0.002,0.8444,0.0604,0.043,0.0353,0.0453,0.78,0.0431,0.0538,0.758,0.0,0.0222,,0.1664,0.1313,0.48,119,98,0.501,596,147,0.15,0.1118,0.0774,0.421,1246,810,0.395,248300,27368,0.067,0.4958,0.7268,0.891,0.0,0.1008,,0.2064,0.1619,0.477,0.5513,0.1407,0.155,0.0138,0.023,1.018,0.0,0.0127,,0.0,0.0127,,0.2529,0.0786,0.189,0.0,0.0237,
420034267001,Tract 4267 · BG 1,42003426700,0.0,710,186,0.159,360,107,0.181,42.5,13.4,0.192,0.2408,0.1114,0.281,0.2592,0.1165,0.273,0.9775,0.0727,0.045,0.0099,0.0138,0.854,0.0,0.0169,,0.0,0.0169,,88929,38153,0.261,47923,11197,0.142,0.0225,0.0348,0.939,0.0,0.0392,,0.5677,0.0862,0.092,0.4942,0.177,0.218,398,121,0.185,0.0955,0.1093,0.696,1960,17,0.005,0.7387,0.0947,0.078,0.0,0.0426,,0.0,0.0426,,0.0,0.0426,,0.1,0.0749,0.455,36,29,0.49,324,108,0.203,0.0845,0.0845,0.608,1319,295,0.136,250000,21426,0.052,0.8056,0.689,0.52,0.0,0.3333,,0.1111,0.1043,0.571,0.6566,0.1011,0.094,0.0,0.0404,,0.0,0.0404,,0.0,0.0404,,0.2929,0.1736,0.36,0.0,0.0471,
420034267002,Tract 4267 · BG 2,42003426700,0.0,1542,466,0.184,773,167,0.131,45.8,14.1,0.187,0.1265,0.0857,0.412,0.2678,0.0272,0.062,0.88,0.1422,0.098,0.024,0.0309,0.784,0.0201,0.0299,0.903,0.0259,0.024,0.564,57390,24914,0.264,39872,4907,0.075,0.0798,0.0438,0.334,0.0,0.0138,,0.6381,0.1684,0.16,0.3413,0.056,0.1,833,164,0.12,0.072,0.0645,0.544,1969,7,0.002,0.5462,0.1663,0.185,0.066,0.035,0.322,0.1657,0.0985,0.362,0.1381,0.0679,0.299,0.4217,0.0863,0.124,326,97,0.181,447,174,0.237,0.3201,0.0312,0.059,1099,68,0.038,223800,35784,0.097,0.3804,0.2018,0.323,0.1135,0.0954,0.511,0.1007,0.1193,0.72,0.7077,0.3708,0.318,0.0,0.0149,,0.1169,0.169,0.879,0.0,0.0149,,0.0348,0.0292,0.51,0.0621,0.06,0.588
420034268001,Tract 4268 · BG 1,42003426800,0.0,1168,431,0.224,506,196,0.235,55.0,23.5,0.26,0.1396,0.0645,0.281,0.3373,0.1742,0.314,0.9606,0.0822,0.052,0.0,0.0103,,0.0,0.0103,,0.0342,0.0595,1.055,88333,33142,0.228,50474,6820,0.082,0.0,0.0145,,0.0,0.0169,,0.7045,0.3581,0.309,0.41,0.095,0.141,506,196,0.235,0.0,0.0237,,1968,6,0.002,0.9565,0.113,0.072,0.0,0.0335,,0.0,0.0335,,0.0,0.0335,,0.0,0.0237,,0,12,,506,196,0.235,0.0,0.0103,,,,,261300,50522,0.118,,,,,,,0.0791,0.1034,0.795,0.7514,0.1745,0.141,0.0,0.0169,,0.0,0.0169,,0.0,0.0169,,0.2486,0.1291,0.316,0.0257,0.0485,1.148
420034268002,Tract 4268 · BG 2,42003426800,0.0,2431,398,0.1,1040,153,0.089,50.5,6.4,0.077,0.1283,0.0602,0.285,0.3069,0.0531,0.105,0.9531,0.039,0.025,0.0008,0.0012,0.906,0.0029,0.0049,1.037,0.0078,0.0127,0.987,129746,23318,0.109,65916,12331,0.114,0.0111,0.0147,0.807,0.0215,0.0262,0.74,0.7266,0.1005,0.084,0.4374,0.1153,0.16,1040,153,0.089,0.0,0.0115,,1969,3,0.001,0.9356,0.0546,0.035,0.0,0.0163,,0.0,0.0163,,0.0,0.0163,,0.0192,0.0297,0.938,20,31,0.942,1020,157,0.094,0.0144,0.0225,0.95,,,,298500,25258,0.051,0.0,1.2,,0.0,0.6,,0.1333,0.0909,0.414,0.5595,0.1178,0.128,0.0,0.0078,,0.0,0.0078,,0.0,0.0078,,0.2477,0.0985,0.242,0.0106,0.0232,1.334
420034268003,Tract 4268 · BG 3,42003426800,0.0,1443,575,0.242,504,183,0.221,52.3,8.0,0.093,0.264,0.0909,0.209,0.2162,0.0312,0.088,0.9078,0.1876,0.126,0.0624,0.0916,0.893,0.0,0.0083,,0.0298,0.0506,1.032,131167,58420,0.271,53319,15136,0.173,0.0638,0.086,0.82,0.0566,0.0597,0.641,0.4624,0.2056,0.27,0.3682,0.0552,0.091,551,183,0.202,0.0853,0.1164,0.829,1969,9,0.003,0.9147,0.1342,0.089,0.0853,0.1184,0.844,0.0,0.0308,,0.0,0.0308,,0.0238,0.0428,1.092,12,22,1.114,492,181,0.224,0.0263,0.0445,1.028,,,,256300,67530,0.16,0.0,2.0,,0.0,1.0,,0.3171,0.1808,0.347,0.6828,0.5876,0.523,0.0,0.0232,,0.0,0.0232,,0.0,0.0232,,0.2843,0.2159,0.462,0.0,0.0337,
420034270001,Tract 4270 · BG 1,42003427000,0.0,1259,314,0.152,614,143,0.142,41.3,14.6,0.215,0.1025,0.0871,0.517,0.1978,0.0827,0.254,0.8856,0.1106,0.076,0.0397,0.0458,0.701,0.0,0.0095,,0.0405,0.0547,0.82,54069,15520,0.174,37123,9750,0.16,0.1994,0.128,0.39,0.0698,0.0841,0.732,0.7755,0.1505,0.118,0.2982,0.1063,0.217,783,171,0.133,0.2158,0.1146,0.323,1938,,,0.5415,0.1392,0.156,0.1711,0.0813,0.289,0.0,0.0217,,0.1162,0.1016,0.531,0.544,0.1757,0.196,334,133,0.242,280,113,0.245,0.4307,0.1539,0.217,1087,296,0.166,177600,85165,0.292,0.4611,0.2454,0.324,0.2216,0.153,0.42,0.1857,0.1494,0.489,0.6513,0.185,0.173,0.0617,0.0648,0.638,0.0085,0.018,1.288,0.0617,0.0824,0.811,0.0908,0.0625,0.418,0.1629,0.1354,0.505
420034270002,Tract 4270 · BG 2,42003427000,0.0,566,245,0.263,268,91,0.206,39.7,10.4,0.159,0.1537,0.1455,0.575,0.1272,0.1337,0.639,0.9717,0.1022,0.064,0.0106,0.0457,2.621,0.0,0.0212,,0.0177,0.029,0.999,76250,18831,0.15,36101,7595,0.128,0.1537,0.083,0.328,0.0,0.0372,,0.6743,0.0451,0.041,0.2063,0.0996,0.293,290,94,0.197,0.0759,0.1146,0.919,1938,,,0.2379,0.1144,0.292,0.1448,0.099,0.415,0.0759,0.0871,0.698,0.0345,0.0709,1.25,0.6269,0.2301,0.223,168,84,0.304,100,53,0.322,0.6052,0.2935,0.295,1044,120,0.07,111900,26258,0.143,0.3929,0.1838,0.284,0.2619,0.162,0.376,0.0,0.3394,,0.7833,0.1768,0.137,0.1022,0.1537,0.915,0.0,0.0372,,0.0,0.0372,,0.0526,0.0655,0.757,0.25,0.205,0.498
420034270003,Tract 4270 · BG 3,42003427000,0.0,1474,317,0.131,764,156,0.124,39.8,11.6,0.177,0.0821,0.043,0.318,0.1072,0.0503,0.285,0.808,0.0733,0.055,0.152,0.1303,0.521,0.0366,0.0571,0.948,0.0,0.0081,,76573,8375,0.066,69455,43308,0.379,0.1554,0.1008,0.394,0.06,0.0417,0.423,0.7805,0.0833,0.065,0.28,0.1204,0.261,1073,205,0.116,0.288,0.1244,0.263,1938,,,0.2302,0.0988,0.261,0.1678,0.0833,0.302,0.1156,0.0881,0.463,0.1491,0.1269,0.518,0.5969,0.1421,0.145,456,143,0.191,308,105,0.207,0.5054,0.1381,0.166,1005,258,0.156,118400,11220,0.058,0.2741,0.151,0.335,0.125,0.0953,0.464,0.1591,0.1781,0.681,0.3751,0.0665,0.108,0.0425,0.0536,0.767,0.1203,0.1134,0.573,0.0,0.0121,,0.2457,0.1488,0.368,0.267,0.1675,0.381
420034271001,Tract 4271 · BG 1,42003427100,0.0,1892,399,0.128,761,140,0.112,50.4,7.5,0.09,0.1501,0.0636,0.258,0.0978,0.0463,0.288,0.954,0.0224,0.014,0.0,0.0063,,0.0,0.0063,,0.0344,0.0529,0.936,119688,14098,0.072,56128,11848,0.128,0.0529,0.0591,0.68,0.0604,0.0504,0.507,0.7789,0.1143,0.089,0.3603,0.1109,0.187,761,140,0.112,0.0,0.0158,,1958,4,0.001,1.0,0.0,0.0,0.0,0.0223,,0.0,0.0223,,0.0,0.0223,,0.0197,0.0313,0.966,15,24,0.973,746,141,0.115,0.0079,0.0126,0.964,,,,250300,20638,0.05,1.0,1.3856,0.842,1.0,0.0,0.0,0.1072,0.1018,0.577,0.8581,0.1372,0.097,0.0,0.0104,,0.0,0.0104,,0.0,0.0104,,0.1168,0.0557,0.29,0.0,0.0223,
420034271002,Tract 4271 · BG 2,42003427100,0.0,1591,509,0.194,760,238,0.19,40.3,22.8,0.344,0.164,0.0613,0.227,0.3042,0.1268,0.253,0.9617,0.0944,0.06,0.0119,0.0197,1.005,0.0,0.0075,,0.0006,0.0019,1.813,97344,48149,0.301,62814,20830,0.202,0.0107,0.013,0.739,0.0,0.012,,0.7398,0.0794,0.065,0.4384,0.0765,0.106,760,238,0.19,0.0,0.0158,,1962,7,0.002,1.0,0.0,0.0,0.0,0.0223,,0.0,0.0223,,0.0,0.0223,,0.1263,0.1144,0.551,96,92,0.583,664,248,0.227,0.0958,0.0649,0.412,1804,336,0.113,256400,41915,0.099,0.1771,0.3024,1.038,0.0,0.125,,0.0738,0.0754,0.621,0.7796,0.3774,0.294,0.014,0.0225,0.977,0.0,0.012,,0.0,0.012,,0.1152,0.0721,0.38,0.0184,0.0325,1.071
420034271003,Tract 4271 · BG 3,42003427100,0.0,1730,404,0.142,713,179,0.153,43.9,16.8,0.233,0.1971,0.0632,0.195,0.2081,0.0617,0.18,0.9595,0.0637,0.04,0.0064,0.0103,0.985,0.0341,0.0456,0.812,0.0,0.0069,,127396,59367,0.283,60634,10674,0.107,0.0269,0.0281,0.635,0.0,0.0113,,0.7474,0.1488,0.121,0.5346,0.1315,0.15,818,206,0.153,0.1284,0.1318,0.624,1963,5,0.002,1.0,0.0,0.0,0.0,0.0207,,0.0,0.0207,,0.0,0.0207,,0.0252,0.0373,0.899,18,27,0.912,695,181,0.158,0.0434,0.0658,0.921,,,,254800,31137,0.074,0.0,1.3333,,0.0,0.6667,,0.0345,0.058,1.021,0.7187,0.0986,0.083,0.0153,0.0235,0.931,0.0,0.0115,,0.0,0.0115,,0.2526,0.1082,0.26,0.0252,0.0436,1.049
420034272001,Tract 4272 · BG 1,42003427200,0.0,894,334,0.227,497,151,0.185,46.4,14.6,0.191,0.0582,0.1142,1.194,0.2494,0.0681,0.166,0.9642,0.4946,0.312,0.0,0.0134,,0.0,0.0134,,0.0358,0.068,1.156,84417,28908,0.208,47385,11235,0.144,0.0246,0.0447,1.104,0.0,0.0223,,0.639,0.1858,0.177,0.4043,0.1446,0.217,497,151,0.185,0.0,0.0241,,1964,4,0.001,0.7827,0.3346,0.26,0.0543,0.0648,0.725,0.0,0.0341,,0.0,0.0341,,0.0785,0.0957,0.741,39,49,0.764,458,138,0.183,0.0928,0.1099,0.719,,,,210500,24632,0.071,0.0,0.6154,,0.0,0.3077,,0.238,0.1577,0.403,0.8141,0.2096,0.156,0.0,0.0223,,0.0,0.0223,,0.0,0.0223,,0.1859,0.1184,0.387,0.0885,0.0857,0.588
420034272002,Tract 4272 · BG 2,42003427200,0.0,1457,565,0.236,546,157,0.175,31.9,4.5,0.086,0.3185,0.113,0.216,0.0776,0.0506,0.396,0.9835,0.0871,0.054,0.0,0.0082,,0.0,0.0082,,0.0165,0.0309,1.141,126319,32134,0.155,45171,12065,0.162,0.199,0.2269,0.693,0.0,0.0161,,0.7492,0.1049,0.085,0.4757,0.0989,0.126,546,157,0.175,0.0,0.022,,1938,,,0.7399,0.1223,0.1,0.0,0.0311,,0.0,0.0311,,0.0,0.0311,,0.2729,0.1994,0.444,149,117,0.477,397,123,0.188,0.2533,0.2177,0.523,1604,431,0.163,189600,120574,0.387,0.6309,0.5909,0.569,0.6309,0.5742,0.553,0.0781,0.1559,1.214,0.6129,0.249,0.247,0.039,0.0421,0.656,0.0215,0.0313,0.885,0.0,0.0161,,0.1384,0.1405,0.617,0.0531,0.0559,0.639
420034272003,Tract 4272 · BG 3,42003427200,0.0,1140,431,0.23,613,216,0.214,60.2,30.2,0.305,0.0675,0.0632,0.569,0.3956,0.1313,0.202,0.8746,0.0878,0.061,0.0,0.0105,,0.0,0.0105,,0.0518,0.0756,0.888,57818,11923,0.125,40906,10532,0.157,0.1114,0.0679,0.37,0.1309,0.1402,0.651,0.6397,0.3415,0.325,0.2571,0.1081,0.256,692,214,0.188,0.1142,0.1222,0.651,1965,7,0.002,0.6561,0.1558,0.144,0.026,0.0474,1.107,0.0202,0.037,1.111,0.0,0.0245,,0.2039,0.1128,0.336,125,82,0.399,488,208,0.259,0.2684,0.1495,0.339,1141,36,0.019,254100,136649,0.327,0.256,0.2926,0.695,0.112,0.1687,0.916,0.2316,0.1281,0.336,0.8336,0.1372,0.1,0.0,0.0217,,0.0,0.0217,,0.0,0.0217,,0.0579,0.0979,1.028,0.0,0.0277,
420034272004,Tract 4272 · BG 4,42003427200,0.0,1283,391,0.185,758,194,0.156,54.8,11.2,0.124,0.053,0.0507,0.582,0.279,0.1243,0.271,0.8176,0.099,0.074,0.0569,0.0927,0.99,0.0,0.0094,,0.0772,0.0889,0.7,70987,45721,0.392,48750,11441,0.143,0.0,0.0137,,0.0,0.0142,,0.6938,0.165,0.145,0.3201,0.1286,0.244,758,194,0.156,0.0,0.0158,,1962,15,0.005,0.7375,0.1568,0.129,0.0554,0.0663,0.728,0.0,0.0224,,0.0237,0.0447,1.144,0.2124,0.1188,0.34,161,99,0.374,597,180,0.183,0.2019,0.1313,0.395,1540,451,0.178,207600,66419,0.194,0.5466,0.4137,0.46,0.4472,0.4139,0.563,0.2395,0.2165,0.549,0.7236,0.143,0.12,0.0451,0.0703,0.948,0.0214,0.0359,1.021,0.0,0.0142,,0.1068,0.1088,0.62,0.0607,0.0911,0.912
420034281001,Tract 4281 · BG 1,42003428100,0.0,539,179,0.202,275,92,0.203,57.8,19.5,0.205,0.1336,0.0589,0.268,0.2059,0.05,0.148,0.9276,0.1082,0.071,0.0,0.0223,,0.0167,0.0273,0.993,0.0148,0.0217,0.889,82292,42913,0.317,44370,11406,0.156,0.0263,0.0463,1.069,0.0459,0.0703,0.932,0.6408,0.3155,0.299,0.32,0.0429,0.082,275,92,0.203,0.0,0.0436,,1961,10,0.003,0.8182,0.1924,0.143,0.1455,0.1242,0.519,0.0,0.0617,,0.0,0.0617,,0.0764,0.072,0.573,21,21,0.608,254,92,0.22,0.1169,0.1142,0.594,,,,209000,34215,0.1,0.0,1.1429,,0.0,0.5714,,0.3189,0.3116,0.594,0.6632,0.2144,0.196,0.0825,0.0807,0.595,0.0,0.0412,,0.0,0.0412,,0.2337,0.1135,0.295,0.0,0.0617,
420034281002,Tract 4281 · BG 2,42003428100,0.0,566,125,0.134,300,72,0.146,45.6,15.9,0.212,0.1466,0.0985,0.408,0.2032,0.1067,0.319,0.9399,0.0431,0.028,0.0141,0.021,0.902,0.0,0.0212,,0.0336,0.0364,0.658,78295,13538,0.105,62163,24909,0.244,0.0212,0.035,1.004,0.0163,0.0241,0.9,0.7619,0.0964,0.077,0.287,0.1367,0.29,323,70,0.132,0.0712,0.1104,0.942,1938,,,0.8607,0.1041,0.074,0.1238,0.0852,0.418,0.0,0.0525,,0.0,0.0525,,0.15,0.0897,0.364,45,29,0.392,255,70,0.167,0.1625,0.096,0.359,1034,327,0.192,201600,37742,0.114,0.2444,0.5095,1.267,0.0,0.2667,,0.2,0.1933,0.587,0.4101,0.0723,0.107,0.0421,0.0465,0.672,0.0,0.0337,,0.0,0.0337,,0.3202,0.1414,0.268,0.0233,0.054,1.406
420034282001,Tract 4282 · BG 1,42003428200,0.0,382,101,0.161,174,41,0.143,50.0,13.0,0.158,0.144,0.0873,0.369,0.2382,0.0857,0.219,0.9869,0.0426,0.026,0.0,0.0314,,0.0,0.0314,,0.0131,0.0207,0.959,101786,22441,0.134,60034,15714,0.159,0.0,0.0444,,0.0,0.0482,,0.7477,0.1479,0.12,0.2702,0.0713,0.161,191,46,0.146,0.089,0.1291,0.882,1961,5,0.002,0.8953,0.0647,0.044,0.0366,0.078,1.294,0.0681,0.121,1.081,0.0,0.0889,,0.1149,0.1294,0.684,20,23,0.699,154,37,0.146,0.0942,0.1017,0.656,,,,194100,18585,0.058,0.0,1.2,,0.0,0.6,,0.0974,0.1965,1.227,0.8032,0.0446,0.034,0.0,0.0482,,0.012,0.0197,0.994,0.0,0.0482,,0.1004,0.1076,0.652,0.0632,0.1094,1.052
420034282002,Tract 4282 · BG 2,42003428200,0.0,1693,181,0.065,785,81,0.063,42.1,3.6,0.052,0.1742,0.0586,0.205,0.2245,0.0503,0.136,0.8358,0.0886,0.064,0.0945,0.0678,0.436,0.0195,0.0212,0.66,0.013,0.0171,0.799,80903,24278,0.182,42461,5752,0.082,0.0754,0.1015,0.818,0.0836,0.0838,0.61,0.6414,0.0531,0.05,0.3844,0.0925,0.146,802,82,0.062,0.0212,0.0248,0.712,1961,5,0.002,0.8017,0.0729,0.055,0.0499,0.0459,0.559,0.0,0.0212,,0.0,0.0212,,0.1274,0.0972,0.464,100,77,0.468,685,80,0.071,0.0951,0.0654,0.418,1061,157,0.09,215800,13782,0.039,0.39,0.5915,0.922,0.39,0.5538,0.863,0.2088,0.1281,0.373,0.7539,0.064,0.052,0.0585,0.0723,0.751,0.0167,0.0189,0.688,0.0,0.0143,,0.129,0.0574,0.271,0.0599,0.0817,0.83
420034291001,Tract 4291 · BG 1,42003429100,0.0,803,239,0.181,471,168,0.217,54.8,12.1,0.134,0.0959,0.0791,0.502,0.3587,0.0593,0.1,0.8481,0.3368,0.241,0.0971,0.1568,0.981,0.0075,0.0123,0.997,0.0324,0.0463,0.87,66250,38279,0.351,59113,15080,0.155,0.0274,0.0345,0.765,0.0565,0.0731,0.787,0.547,0.1952,0.217,0.4077,0.1932,0.288,509,174,0.208,0.0747,0.1111,0.904,1954,8,0.002,0.6935,0.29,0.254,0.0452,0.056,0.753,0.1866,0.2484,0.809,0.0,0.0333,,0.3121,0.2984,0.581,147,150,0.62,324,82,0.154,0.2765,0.239,0.526,969,365,0.229,251300,82041,0.198,0.0,0.1633,,0.0,0.0816,,0.2469,0.1667,0.41,0.7632,0.3241,0.258,0.0,0.0302,,0.0,0.0302,,0.0,0.0302,,0.2015,0.0627,0.189,0.0,0.036,
420034291002,Tract 4291 · BG 2,42003429100,0.0,1682,328,0.119,649,114,0.107,38.7,4.3,0.068,0.2628,0.0601,0.139,0.1724,0.073,0.257,0.9281,0.0677,0.044,0.0161,0.0206,0.779,0.0,0.0071,,0.0559,0.0536,0.583,86005,15470,0.109,48106,9097,0.115,0.079,0.044,0.338,0.0431,0.0539,0.761,0.6247,0.0465,0.045,0.4757,0.0865,0.111,683,118,0.105,0.0498,0.0786,0.96,1957,14,0.004,0.5051,0.1064,0.128,0.0805,0.0701,0.529,0.0761,0.0587,0.469,0.1464,0.0994,0.413,0.3606,0.104,0.175,234,79,0.205,415,111,0.163,0.2826,0.0656,0.141,1550,207,0.081,227800,56307,0.15,0.3077,0.18,0.356,0.0342,0.0587,1.044,0.1229,0.1229,0.608,0.6093,0.1264,0.126,0.0609,0.0464,0.463,0.0,0.0159,,0.0,0.0159,,0.2185,0.0782,0.218,0.0108,0.0261,1.47
420034292011,Tract 4292.01 · BG 1,42003429201,0.0,2020,429,0.129,760,169,0.135,50.8,7.3,0.087,0.2124,0.0472,0.135,0.1594,0.062,0.237,0.9545,0.0463,0.029,0.0,0.0059,,0.0074,0.0118,0.964,0.0361,0.0389,0.654,129688,28879,0.135,61848,11805,0.116,0.0045,0.0099,1.345,0.0265,0.0263,0.603,0.6759,0.1116,0.1,0.65,0.0396,0.037,797,184,0.14,0.0464,0.0694,0.909,1967,3,0.001,0.9348,0.3025,0.197,0.0,0.0213,,0.0652,0.074,0.69,0.0,0.0213,,0.0197,0.0299,0.922,15,23,0.932,745,169,0.138,0.0144,0.0216,0.913,,,,313800,35616,0.069,0.0,1.6,,0.0,0.8,,0.0362,0.0524,0.879,0.594,0.0449,0.046,0.0,0.0117,,0.0389,0.0572,0.892,0.0,0.0117,,0.2989,0.1498,0.305,0.0,0.0223,
420034292012,Tract 4292.01 · BG 2,42003429201,0.0,2781,390,0.085,1282,183,0.087,41.7,5.3,0.077,0.1881,0.0587,0.19,0.2341,0.0546,0.142,0.6631,0.0853,0.078,0.0687,0.0713,0.631,0.2291,0.1022,0.271,0.0137,0.0186,0.827,108458,9774,0.055,64329,14246,0.135,0.0849,0.0601,0.43,0.0126,0.0207,0.998,0.6795,0.0707,0.063,0.5948,0.1005,0.103,1422,202,0.086,0.0985,0.0939,0.58,1999,8,0.002,0.3214,0.0607,0.115,0.0176,0.0286,0.988,0.3812,0.1754,0.28,0.2623,0.0991,0.23,0.5741,0.0941,0.1,736,160,0.132,546,120,0.134,0.4329,0.0879,0.123,1483,132,0.054,339400,28264,0.051,0.3682,0.1966,0.325,0.1101,0.1406,0.777,0.2308,0.1156,0.304,0.5535,0.107,0.118,0.0485,0.0578,0.724,0.0173,0.0284,0.999,0.0,0.008,,0.2578,0.0715,0.169,0.0304,0.0263,0.526
420034292021,Tract 4292.02 · BG 1,42003429202,0.0,1330,350,0.16,484,104,0.131,42.4,4.0,0.057,0.2534,0.0646,0.155,0.2128,0.021,0.06,0.9496,0.0872,0.056,0.0,0.009,,0.0241,0.0378,0.956,0.018,0.0266,0.898,131413,32343,0.15,51547,6799,0.08,0.0431,0.0471,0.664,0.0108,0.0181,1.022,0.6442,0.1517,0.143,0.6202,0.1705,0.167,484,104,0.131,0.0,0.0248,,1963,3,0.001,0.9814,0.0286,0.018,0.0,0.0351,,0.0,0.0351,,0.0,0.0351,,0.0393,0.0426,0.659,19,21,0.672,465,102,0.133,0.0256,0.0293,0.697,,,,321900,41480,0.078,1.0,0.8807,0.535,0.6316,0.5597,0.539,0.1591,0.1005,0.384,0.6501,0.2997,0.28,0.0,0.0187,,0.0,0.0187,,0.0,0.0187,,0.2924,0.2438,0.507,0.0,0.0351,
420034292022,Tract 4292.02 · BG 2,42003429202,0.0,1487,269,0.11,711,100,0.085,51.2,7.5,0.089,0.1722,0.064,0.226,0.2663,0.0701,0.16,0.9731,0.0472,0.029,0.0081,0.0113,0.854,0.004,0.0195,2.936,0.0067,0.0093,0.844,99028,31383,0.193,55068,8685,0.096,0.0525,0.0437,0.507,0.0066,0.0117,1.084,0.6036,0.1011,0.102,0.6005,0.1086,0.11,753,102,0.082,0.0558,0.066,0.719,1972,3,0.001,0.5963,0.1296,0.132,0.0173,0.032,1.128,0.0359,0.0439,0.744,0.0478,0.0375,0.476,0.1378,0.0807,0.356,98,59,0.366,613,110,0.109,0.1512,0.0834,0.335,1552,612,0.24,249300,31454,0.077,0.0,0.2449,,0.0,0.1224,,0.1892,0.1166,0.375,0.7597,0.0747,0.06,0.0,0.0166,,0.0,0.0166,,0.0,0.0166,,0.232,0.0913,0.239,0.0338,0.0377,0.679
420034292023,Tract 4292.02 · BG 3,42003429202,0.0,1568,331,0.128,606,118,0.118,45.6,5.7,0.076,0.2277,0.0379,0.101,0.2704,0.0874,0.197,0.9388,0.0562,0.036,0.0,0.0077,,0.0096,0.0126,0.8,0.0287,0.0254,0.539,115417,13698,0.072,52451,7356,0.085,0.0332,0.0415,0.76,0.0881,0.0916,0.632,0.692,0.0452,0.04,0.5505,0.1784,0.197,650,119,0.111,0.0677,0.0728,0.654,1962,3,0.001,0.8415,0.0737,0.053,0.0185,0.0357,1.176,0.1185,0.0773,0.397,0.0,0.0261,,0.1964,0.0949,0.294,119,62,0.317,487,104,0.13,0.2098,0.108,0.313,1655,157,0.058,316200,25734,0.049,0.0756,0.2118,1.702,0.0756,0.1197,0.962,0.1684,0.1694,0.612,0.7616,0.0845,0.067,0.0276,0.032,0.706,0.0,0.0151,,0.0,0.0151,,0.1669,0.0713,0.26,0.0,0.028,
420034293001,Tract 4293 · BG 1,42003429300,0.0,1849,380,0.125,870,168,0.117,62.3,15.3,0.149,0.1563,0.0496,0.193,0.41,0.0982,0.146,0.9421,0.0585,0.038,0.0059,0.0064,0.651,0.0,0.0065,,0.0314,0.0379,0.734,76667,34004,0.27,54196,16510,0.185,0.0709,0.0686,0.588,0.0,0.0139,,0.5427,0.1561,0.175,0.4915,0.1917,0.237,870,168,0.117,0.0,0.0138,,1965,7,0.002,0.6598,0.1294,0.119,0.0,0.0195,,0.0207,0.0369,1.085,0.223,0.1162,0.317,0.2437,0.0973,0.243,212,94,0.27,658,170,0.157,0.1352,0.0505,0.227,902,52,0.035,289400,66921,0.141,0.8349,0.4253,0.31,0.3538,0.3894,0.669,0.0471,0.068,0.878,0.7002,0.2205,0.191,0.0,0.0139,,0.0185,0.027,0.888,0.0,0.0139,,0.2373,0.0859,0.22,0.1816,0.1043,0.349
420034293002,Tract 4293 · BG 2,42003429300,0.0,972,221,0.138,613,125,0.124,61.5,3.2,0.032,0.035,0.0637,1.107,0.4023,0.1106,0.167,0.9578,0.0688,0.044,0.0,0.0123,,0.0288,0.0427,0.901,0.0,0.0123,,49375,39565,0.487,51703,11790,0.139,0.1389,0.1085,0.475,0.0238,0.0361,0.923,0.5825,0.0502,0.052,0.4146,0.1387,0.203,613,125,0.124,0.0,0.0196,,1964,5,0.002,0.5661,0.1198,0.129,0.0212,0.0407,1.165,0.0,0.0277,,0.2838,0.1581,0.339,0.2838,0.1543,0.33,174,101,0.353,439,108,0.15,0.22,0.1111,0.307,1092,134,0.075,229600,33435,0.089,0.4195,0.2145,0.311,0.3161,0.1903,0.366,0.3508,0.2157,0.374,0.7985,0.1622,0.123,0.0,0.023,,0.0,0.023,,0.0,0.023,,0.1747,0.1555,0.541,0.0228,0.045,1.198
420034293003,Tract 4293 · BG 3,42003429300,0.0,2896,843,0.177,950,219,0.14,32.0,3.3,0.063,0.3291,0.0814,0.15,0.106,0.0393,0.225,0.7659,0.1643,0.13,0.0245,0.0384,0.951,0.1181,0.0904,0.465,0.0439,0.0448,0.621,116198,11393,0.06,46479,8497,0.111,0.0597,0.0665,0.677,0.0568,0.0618,0.661,0.7218,0.0979,0.082,0.563,0.0254,0.027,950,219,0.14,0.0,0.0126,,2010,49,0.015,0.8421,0.1243,0.09,0.0,0.0179,,0.0,0.0179,,0.0,0.0179,,0.24,0.1053,0.267,228,113,0.301,722,217,0.183,0.2251,0.104,0.281,2267,153,0.041,393700,61124,0.094,0.3202,0.3533,0.671,0.0,0.0526,,0.0748,0.0767,0.624,0.4138,0.0774,0.114,0.0,0.0089,,0.0,0.0089,,0.0,0.0089,,0.4747,0.2542,0.325,0.0,0.0179,
420034293004,Tract 4293 · BG 4,42003429300,0.0,1044,356,0.207,395,105,0.162,42.3,11.1,0.16,0.2356,0.0787,0.203,0.1331,0.0808,0.369,0.8966,0.115,0.078,0.0182,0.03,1.003,0.0,0.0115,,0.0575,0.0918,0.971,102318,60108,0.357,43201,10266,0.144,0.0374,0.0437,0.711,0.0,0.019,,0.7369,0.228,0.188,0.4963,0.1744,0.214,395,105,0.162,0.0,0.0304,,1974,4,0.001,0.8177,0.1087,0.081,0.0,0.043,,0.0,0.043,,0.0,0.043,,0.1241,0.1327,0.65,49,54,0.67,346,107,0.188,0.0958,0.1002,0.636,,,,288500,37132,0.078,0.0,0.4898,,0.0,0.2449,,0.2977,0.1876,0.383,0.4208,0.1645,0.238,0.0,0.0204,,0.0,0.0204,,0.0,0.0204,,0.3833,0.1622,0.257,0.0,0.043,
420034294001,Tract 4294 · BG 1,42003429400,0.0,789,524,0.404,323,161,0.303,34.3,5.0,0.089,0.3371,0.0824,0.149,0.1762,0.065,0.224,0.839,0.3375,0.245,0.0,0.0152,,0.161,0.1028,0.388,0.0,0.0152,,90302,45031,0.303,40390,6289,0.095,0.0,0.0215,,0.0351,0.033,0.572,0.7806,0.2797,0.218,0.4455,0.3835,0.523,387,171,0.269,0.1654,0.1279,0.47,1953,4,0.001,0.9276,0.1506,0.099,0.0,0.0439,,0.0517,0.0538,0.633,0.0207,0.0448,1.317,0.0557,0.0622,0.678,18,22,0.743,305,161,0.321,0.0228,0.0234,0.624,,,,283400,32595,0.07,0.0,1.3333,,0.0,0.6667,,0.1311,0.1186,0.55,0.3981,0.3243,0.495,0.0704,0.0886,0.765,0.0,0.0291,,0.0,0.0291,,0.3859,0.4919,0.775,0.0248,0.0511,1.253
420034294002,Tract 4294 · BG 2,42003429400,0.0,1729,379,0.133,714,132,0.112,52.0,6.7,0.078,0.1429,0.0761,0.324,0.2527,0.0606,0.146,0.8334,0.1136,0.083,0.0243,0.0331,0.829,0.0891,0.0899,0.613,0.0145,0.0223,0.939,106250,25093,0.144,48801,7504,0.093,0.1058,0.0678,0.389,0.046,0.0597,0.789,0.6267,0.0977,0.095,0.5198,0.1069,0.125,739,131,0.108,0.0338,0.0538,0.967,1958,4,0.001,0.8863,0.085,0.058,0.0338,0.051,0.916,0.0338,0.0281,0.506,0.0325,0.0334,0.626,0.1176,0.0577,0.298,84,44,0.318,630,133,0.128,0.1045,0.0786,0.457,956,587,0.373,265000,29337,0.067,0.4762,0.4322,0.552,0.2976,0.3992,0.815,0.2206,0.1113,0.307,0.7398,0.1304,0.107,0.0102,0.0156,0.932,0.0113,0.0167,0.898,0.0,0.0136,,0.1312,0.0596,0.276,0.035,0.0528,0.916
420034294003,Tract 4294 · BG 3,42003429400,0.0,1247,238,0.116,531,94,0.108,42.0,7.7,0.111,0.1788,0.064,0.217,0.1909,0.0555,0.177,0.8789,0.0727,0.05,0.02,0.031,0.941,0.0,0.0096,,0.085,0.0679,0.485,131094,25000,0.116,59094,13053,0.134,0.1187,0.0901,0.462,0.0145,0.018,0.755,0.7219,0.1363,0.115,0.6288,0.1302,0.126,595,110,0.112,0.1076,0.1228,0.694,1954,3,0.001,0.921,0.0841,0.056,0.0403,0.0617,0.93,0.0,0.0285,,0.0,0.0285,,0.0603,0.0689,0.695,32,37,0.703,499,97,0.118,0.0441,0.0539,0.743,,,,248400,39978,0.098,0.25,0.7095,1.725,0.25,0.2855,0.694,0.1543,0.1217,0.48,0.5034,0.151,0.182,0.0338,0.0311,0.559,0.0,0.0162,,0.0,0.0162,,0.3667,0.1385,0.23,0.0,0.032,
420034294004,Tract 4294 · BG 4,42003429400,0.0,624,186,0.181,247,60,0.148,39.0,8.8,0.137,0.2981,0.0979,0.2,0.1651,0.0704,0.259,0.984,0.0615,0.038,0.0,0.0192,,0.016,0.0252,0.956,0.0,0.0192,,76382,56907,0.453,48278,11235,0.141,0.1362,0.1314,0.587,0.0,0.0401,,0.6674,0.066,0.06,0.3541,0.1258,0.216,247,60,0.148,0.0,0.0486,,1960,8,0.002,0.7692,0.097,0.077,0.0,0.0687,,0.0567,0.0798,0.856,0.1741,0.1637,0.572,0.2308,0.1389,0.366,57,37,0.395,190,52,0.166,0.1571,0.109,0.422,1087,124,0.069,252900,42976,0.103,0.5614,0.5615,0.608,0.5614,0.4271,0.462,0.1053,0.1944,1.123,0.7192,0.1628,0.138,0.0,0.0411,,0.0,0.0411,,0.0,0.0411,,0.1747,0.1158,0.403,0.0283,0.0713,1.529
420034295001,Tract 4295 · BG 1,42003429500,0.0,1713,383,0.136,876,160,0.111,40.8,13.1,0.195,0.1623,0.0631,0.236,0.2528,0.0703,0.169,0.9282,0.0599,0.039,0.0426,0.0457,0.652,0.028,0.0451,0.978,0.0,0.007,,59868,30400,0.309,49297,10266,0.127,0.1045,0.068,0.395,0.0969,0.1155,0.724,0.61,0.1042,0.104,0.5053,0.0987,0.119,969,162,0.102,0.096,0.1145,0.725,1960,4,0.001,0.515,0.1262,0.149,0.0,0.0175,,0.0537,0.0605,0.685,0.3581,0.1198,0.203,0.3721,0.1176,0.192,326,119,0.222,550,119,0.132,0.2803,0.1046,0.227,648,496,0.465,252500,47622,0.115,0.6104,0.3318,0.33,0.2791,0.2333,0.508,0.0564,0.0827,0.892,0.7298,0.1201,0.1,0.0,0.0149,,0.0212,0.037,1.061,0.0,0.0149,,0.2117,0.1122,0.322,0.1655,0.1018,0.374
420034295002,Tract 4295 · BG 2,42003429500,0.0,2114,656,0.189,1181,264,0.136,42.8,7.9,0.112,0.0922,0.0552,0.364,0.2734,0.0853,0.19,0.859,0.1598,0.113,0.043,0.0379,0.536,0.0487,0.0413,0.515,0.0,0.0057,,56385,16680,0.18,42105,10748,0.155,0.0587,0.0471,0.488,0.0269,0.0332,0.75,0.5816,0.2531,0.265,0.4986,0.048,0.059,1287,281,0.133,0.0824,0.0931,0.687,1974,4,0.001,0.0901,0.0573,0.387,0.0,0.0132,,0.1088,0.0581,0.325,0.4802,0.1676,0.212,0.6147,0.1654,0.164,726,254,0.213,455,141,0.188,0.5265,0.2133,0.246,1199,142,0.072,172900,56285,0.198,0.5234,0.2655,0.308,0.062,0.061,0.598,0.222,0.1355,0.371,0.7463,0.1946,0.158,0.0456,0.0602,0.802,0.0,0.0127,,0.0,0.0127,,0.1879,0.122,0.395,0.0195,0.0294,0.918
420034295003,Tract 4295 · BG 3,42003429500,0.0,477,223,0.284,257,105,0.248,42.1,18.2,0.263,0.0713,0.0952,0.812,0.0755,0.1142,0.92,1.0,0.0,0.0,0.0,0.0252,,0.0,0.0252,,0.0,0.0252,,147872,61944,0.255,83406,22039,0.161,0.0,0.0356,,0.0,0.0369,,0.7336,0.182,0.151,0.5508,0.0793,0.088,257,105,0.248,0.0,0.0467,,1957,7,0.002,1.0,0.0,0.0,0.0,0.066,,0.0,0.066,,0.0,0.066,,0.0,0.0467,,0,12,,257,105,0.248,0.0,0.0252,,,,,289200,36869,0.077,,,,,,,0.1323,0.2342,1.076,0.7388,0.2121,0.175,0.0,0.0412,,0.0,0.0412,,0.0,0.0412,,0.2612,0.1864,0.434,0.0623,0.1049,1.024
420034296001,Tract 4296 · BG 1,42003429600,0.0,2504,425,0.103,1148,144,0.076,40.4,7.8,0.117,0.1661,0.0548,0.2,0.2448,0.0474,0.118,0.8438,0.099,0.071,0.0,0.0048,,0.0232,0.0253,0.663,0.1198,0.0805,0.409,84815,10842,0.078,45436,4849,0.065,0.0377,0.0268,0.432,0.0123,0.0162,0.801,0.6842,0.0803,0.071,0.4223,0.0487,0.07,1173,147,0.076,0.0213,0.0331,0.945,1975,14,0.004,0.4382,0.0802,0.111,0.0162,0.0205,0.77,0.2336,0.0706,0.184,0.1253,0.0706,0.343,0.4242,0.0634,0.091,487,95,0.119,661,117,0.108,0.3271,0.0792,0.147,1327,67,0.031,223600,14025,0.038,0.3101,0.1376,0.27,0.0534,0.0524,0.596,0.0817,0.0926,0.689,0.7969,0.1311,0.1,0.0135,0.0162,0.726,0.0114,0.0256,1.362,0.0,0.0086,,0.1368,0.0515,0.229,0.034,0.0429,0.767
420034296002,Tract 4296 · BG 2,42003429600,0.0,1116,299,0.163,515,127,0.15,31.8,3.9,0.075,0.224,0.0705,0.191,0.1057,0.044,0.253,0.8468,0.1092,0.078,0.0941,0.0709,0.458,0.0,0.0108,,0.0421,0.0461,0.666,88942,17171,0.117,44895,6874,0.093,0.1031,0.09,0.531,0.0364,0.0439,0.733,0.8691,0.1378,0.096,0.4598,0.1372,0.181,519,126,0.148,0.0077,0.0153,1.207,1961,16,0.005,0.5607,0.194,0.21,0.1195,0.1022,0.52,0.0886,0.1236,0.848,0.0,0.0327,,0.2971,0.1051,0.215,153,66,0.262,362,130,0.218,0.2401,0.0735,0.186,1296,187,0.088,223100,23554,0.064,0.4641,0.4058,0.532,0.1307,0.2419,1.125,0.0359,0.0868,1.469,0.6117,0.053,0.053,0.0186,0.025,0.815,0.0,0.0172,,0.0,0.0172,,0.3539,0.2496,0.429,0.0252,0.0466,1.121
420034297001,Tract 4297 · BG 1,42003429700,0.0,1333,331,0.151,649,141,0.132,53.6,8.2,0.093,0.1118,0.0484,0.263,0.3196,0.0915,0.174,0.9152,0.3146,0.209,0.042,0.0629,0.91,0.0,0.009,,0.0,0.009,,56563,7924,0.085,38991,8709,0.136,0.1613,0.1401,0.528,0.0425,0.0581,0.832,0.5515,0.0541,0.06,0.3629,0.0781,0.131,740,127,0.104,0.123,0.0894,0.442,1965,2,0.001,0.8027,0.1112,0.084,0.0,0.0229,,0.0,0.0229,,0.0554,0.0413,0.453,0.1649,0.0819,0.302,107,58,0.33,542,130,0.146,0.1589,0.0993,0.38,1011,481,0.289,233300,36785,0.096,0.271,0.2299,0.516,0.0841,0.1226,0.886,0.2952,0.1878,0.387,0.7655,0.1296,0.103,0.019,0.0265,0.848,0.0,0.019,,0.0,0.019,,0.1506,0.0976,0.394,0.0308,0.0331,0.653
420034297002,Tract 4297 · BG 2,42003429700,0.0,861,243,0.172,331,88,0.162,41.9,11.2,0.162,0.2404,0.0884,0.224,0.2892,0.09,0.189,0.9954,0.0374,0.023,0.0,0.0139,,0.0,0.0139,,0.0,0.0139,,78494,17753,0.137,30577,5352,0.106,0.0214,0.0247,0.703,0.0312,0.0472,0.922,0.5398,0.0544,0.061,0.3689,0.1315,0.217,359,100,0.169,0.078,0.1178,0.918,1959,4,0.001,0.8747,0.3436,0.239,0.1253,0.1274,0.618,0.0,0.0473,,0.0,0.0473,,0.139,0.1055,0.461,46,37,0.489,285,91,0.194,0.1986,0.1893,0.579,1603,733,0.278,221000,23083,0.063,1.0,0.2784,0.169,0.1739,0.2456,0.858,0.3053,0.2243,0.447,0.7477,0.3144,0.256,0.0,0.0365,,0.0,0.0365,,0.0,0.0365,,0.2219,0.1056,0.289,0.0906,0.1416,0.95
420034301001,Tract 4301 · BG 1,42003430100,0.0,628,192,0.186,252,69,0.166,35.6,4.8,0.082,0.2197,0.0569,0.157,0.1417,0.0621,0.266,0.8662,0.0698,0.049,0.0685,0.0669,0.594,0.0,0.0191,,0.0,0.0191,,90278,18391,0.124,37101,9185,0.15,0.2118,0.2112,0.606,0.1057,0.1029,0.592,0.725,0.0917,0.077,0.316,0.128,0.246,271,79,0.177,0.0701,0.1126,0.976,1952,5,0.002,0.7232,0.0676,0.057,0.2362,0.1652,0.425,0.0,0.0626,,0.0,0.0626,,0.2302,0.1326,0.35,58,37,0.388,194,59,0.185,0.1768,0.1029,0.354,964,254,0.16,197100,40953,0.126,0.3276,0.4131,0.767,0.1897,0.267,0.856,0.2371,0.2561,0.657,0.7879,0.1074,0.083,0.0,0.0364,,0.0364,0.0408,0.682,0.0,0.0364,,0.1455,0.0886,0.37,0.1071,0.1024,0.581
420034301002,Tract 4301 · BG 2,42003430100,0.0,1253,251,0.122,681,182,0.162,40.2,4.0,0.06,0.1596,0.0416,0.159,0.154,0.0823,0.325,0.9186,0.0587,0.039,0.0271,0.0339,0.759,0.0,0.0096,,0.0128,0.0198,0.942,69063,15843,0.139,40484,6018,0.09,0.1245,0.1175,0.574,0.0254,0.0221,0.53,0.8428,0.1214,0.088,0.3409,0.108,0.193,684,183,0.163,0.0044,0.0116,1.613,1958,11,0.003,0.6243,0.2319,0.226,0.3289,0.2091,0.387,0.0365,0.0323,0.537,0.0,0.0248,,0.3818,0.2067,0.329,260,157,0.367,421,107,0.155,0.261,0.1295,0.302,1055,95,0.055,215600,22272,0.063,0.4731,0.4534,0.583,0.4538,0.4545,0.609,0.1021,0.0807,0.48,0.7299,0.0924,0.077,0.014,0.0194,0.844,0.0966,0.1559,0.981,0.0,0.014,,0.1374,0.0579,0.256,0.1498,0.1975,0.802
420034302001,Tract 4302 · BG 1,42003430200,0.0,1042,432,0.252,436,165,0.23,34.8,12.5,0.218,0.1996,0.0713,0.217,0.1488,0.0626,0.256,0.7937,0.4514,0.346,0.0,0.0115,,0.0,0.0115,,0.0,0.0115,,124628,50887,0.248,56709,10263,0.11,0.0,0.0163,,0.103,0.0779,0.46,0.7712,0.1896,0.149,0.7042,0.196,0.169,436,165,0.23,0.0,0.0275,,1970,20,0.006,0.75,0.397,0.322,0.0,0.0389,,0.0,0.0389,,0.25,0.2232,0.543,0.2798,0.2112,0.459,122,103,0.513,314,117,0.227,0.2169,0.1739,0.487,1379,432,0.19,354200,27111,0.047,0.7377,0.7297,0.601,0.1721,0.2281,0.806,0.0,0.1081,,0.7795,0.1692,0.132,0.0,0.0184,,0.0,0.0184,,0.0,0.0184,,0.1348,0.1117,0.504,0.0436,0.0744,1.038
420034302002,Tract 4302 · BG 2,42003430200,0.0,1502,579,0.234,564,165,0.178,42.8,14.9,0.212,0.1232,0.0835,0.412,0.1605,0.0391,0.148,0.8742,0.1253,0.087,0.0007,0.002,1.809,0.0,0.008,,0.0899,0.1299,0.879,65029,29062,0.272,30042,8209,0.166,0.0846,0.0519,0.373,0.0476,0.0504,0.643,0.6059,0.0959,0.096,0.3165,0.1714,0.329,564,165,0.178,0.0,0.0213,,1938,,,0.5656,0.1921,0.206,0.3032,0.1784,0.358,0.0,0.0301,,0.1312,0.094,0.436,0.4344,0.1772,0.248,245,123,0.305,319,143,0.273,0.2912,0.1722,0.359,625,457,0.444,212300,50437,0.144,0.4204,0.2961,0.428,0.0776,0.1204,0.944,0.1724,0.173,0.61,0.6774,0.1928,0.173,0.0,0.0184,,0.0,0.0184,,0.0,0.0184,,0.1582,0.1655,0.636,0.0957,0.0777,0.493
420034302003,Tract 4302 · BG 3,42003430200,0.0,1042,394,0.23,408,155,0.231,28.4,6.7,0.143,0.2092,0.0985,0.286,0.0691,0.0564,0.496,0.7438,0.1692,0.138,0.0912,0.1457,0.971,0.0278,0.0359,0.785,0.1372,0.1597,0.708,82950,17135,0.126,36356,9744,0.163,0.1555,0.1682,0.658,0.0229,0.0339,0.9,0.7715,0.126,0.099,0.471,0.2546,0.329,408,155,0.231,0.0,0.0294,,1948,13,0.004,0.701,0.0996,0.086,0.0245,0.0522,1.295,0.0833,0.0973,0.71,0.1912,0.2562,0.815,0.2966,0.2449,0.502,121,110,0.553,287,119,0.252,0.2975,0.2163,0.442,1137,78,0.042,214300,43478,0.123,0.0826,0.2145,1.577,0.0,0.0992,,0.2857,0.2696,0.574,0.9037,0.1321,0.089,0.0,0.0193,,0.0,0.0193,,0.0,0.0193,,0.0963,0.0719,0.454,0.0,0.0416,
420034302004,Tract 4302 · BG 4,42003430200,0.0,291,166,0.347,159,93,0.356,54.6,15.8,0.176,0.1478,0.1652,0.68,0.3299,0.2424,0.447,1.0,0.0,0.0,0.0,0.0412,,0.0,0.0412,,0.0,0.0412,,131544,10117,0.047,86869,38995,0.273,0.0,0.0583,,0.0,0.0612,,0.7903,0.2136,0.164,0.6492,0.2696,0.252,159,93,0.356,0.0,0.0755,,1938,,,0.5283,0.1939,0.223,0.1069,0.1934,1.099,0.0,0.1067,,0.0,0.1067,,0.1069,0.178,1.012,17,30,1.073,142,88,0.377,0.0584,0.0976,1.015,,,,252900,116436,0.28,1.0,1.2226,0.743,0.0,0.7059,,0.0,0.239,,0.9643,0.1137,0.072,0.0,0.0612,,0.0,0.0612,,0.0,0.0612,,0.0,0.0612,,0.0,0.1067,
420034302005,Tract 4302 · BG 5,42003430200,0.0,775,322,0.253,294,103,0.213,40.3,12.1,0.183,0.2206,0.0776,0.214,0.1045,0.0755,0.439,0.7639,0.0961,0.076,0.0645,0.0629,0.593,0.0,0.0155,,0.0684,0.1019,0.906,99868,28135,0.171,39840,9898,0.151,0.0,0.0219,,0.0446,0.0684,0.932,0.6135,0.1121,0.111,0.565,0.0615,0.066,294,103,0.213,0.0,0.0408,,1949,13,0.004,0.7007,0.1462,0.127,0.2653,0.1866,0.428,0.0,0.0577,,0.0,0.0577,,0.2653,0.1893,0.434,78,62,0.483,216,87,0.245,0.1548,0.1028,0.404,1016,196,0.117,217800,15362,0.043,0.5897,0.3392,0.35,0.2308,0.3086,0.813,0.0,0.1571,,0.8159,0.1873,0.14,0.0,0.033,,0.0,0.033,,0.0,0.033,,0.1841,0.1465,0.484,0.0476,0.0928,1.185
420034311001,Tract 4311 · BG 1,42003431100,0.0,1777,358,0.122,900,153,0.103,36.5,4.8,0.08,0.1548,0.0517,0.203,0.1784,0.0703,0.239,0.7867,0.101,0.078,0.1075,0.0604,0.342,0.0096,0.0128,0.813,0.018,0.0256,0.865,69063,6169,0.054,52908,12963,0.149,0.1148,0.0597,0.316,0.0672,0.047,0.425,0.7142,0.097,0.083,0.5693,0.0814,0.087,908,154,0.103,0.0088,0.0131,0.906,1938,,,0.4196,0.1074,0.156,0.2643,0.111,0.255,0.1222,0.0723,0.36,0.1531,0.091,0.361,0.5678,0.0968,0.104,511,123,0.146,389,115,0.18,0.4305,0.0911,0.129,988,135,0.083,241800,35266,0.089,0.4012,0.1612,0.244,0.1429,0.1102,0.469,0.1954,0.13,0.404,0.568,0.0848,0.091,0.0473,0.06,0.771,0.0099,0.0156,0.961,0.0,0.0118,,0.3185,0.1021,0.195,0.0911,0.0632,0.421
420034311002,Tract 4311 · BG 2,42003431100,0.0,1416,270,0.116,757,153,0.123,39.9,4.1,0.062,0.1349,0.0717,0.323,0.1843,0.0699,0.23,0.8482,0.0403,0.029,0.0855,0.0731,0.52,0.0078,0.0112,0.877,0.0367,0.0368,0.609,59280,17203,0.176,43710,7862,0.109,0.096,0.0633,0.401,0.0376,0.0328,0.529,0.7119,0.1276,0.109,0.4411,0.1191,0.164,848,162,0.116,0.1073,0.0909,0.515,1938,,,0.3868,0.0994,0.156,0.2913,0.0951,0.198,0.1427,0.0837,0.357,0.0566,0.0398,0.428,0.5033,0.1146,0.138,381,116,0.185,376,103,0.167,0.4132,0.1209,0.178,956,77,0.049,200000,41878,0.127,0.4226,0.176,0.253,0.2835,0.174,0.373,0.1809,0.1639,0.551,0.5919,0.0644,0.066,0.0,0.0148,,0.0493,0.0678,0.836,0.0,0.0148,,0.2602,0.1039,0.243,0.2166,0.0959,0.269
420034314001,Tract 4314 · BG 1,42003431400,0.0,1845,256,0.084,874,101,0.07,35.6,3.5,0.06,0.2152,0.0523,0.148,0.1398,0.0524,0.228,0.8341,0.1047,0.076,0.078,0.0381,0.296,0.0043,0.0048,0.679,0.0098,0.0118,0.738,73135,8399,0.07,42993,6734,0.095,0.0282,0.0194,0.417,0.0171,0.0179,0.634,0.774,0.127,0.1,0.4363,0.0707,0.099,888,100,0.068,0.0158,0.0145,0.56,1942,7,0.002,0.5529,0.0911,0.1,0.1982,0.0592,0.182,0.0968,0.0388,0.243,0.0169,0.0207,0.744,0.3822,0.0627,0.1,334,67,0.122,540,103,0.116,0.3049,0.0524,0.104,1117,61,0.033,182400,34346,0.114,0.2814,0.0972,0.21,0.1108,0.0683,0.375,0.1556,0.0869,0.34,0.654,0.0746,0.069,0.0141,0.0131,0.566,0.0185,0.0157,0.516,0.0,0.0106,,0.2174,0.0742,0.207,0.024,0.0236,0.598
420034315001,Tract 4315 · BG 1,42003431500,0.0,291,123,0.257,124,43,0.211,34.5,6.4,0.113,0.2302,0.1278,0.338,0.0928,0.1477,0.968,0.89,0.185,0.126,0.0515,0.0972,1.147,0.0,0.0412,,0.0584,0.0715,0.744,113500,43358,0.232,51407,10787,0.128,0.079,0.0729,0.56,0.1117,0.1594,0.868,0.8393,0.1031,0.075,0.7059,0.0609,0.052,189,65,0.209,0.3439,0.3116,0.551,1938,,,0.4974,0.2922,0.357,0.0476,0.1003,1.281,0.3492,0.2231,0.388,0.0635,0.1124,1.076,0.5,0.1801,0.219,62,31,0.304,62,36,0.353,0.2687,0.0932,0.211,1050,327,0.189,230400,37904,0.1,0.1774,0.4239,1.452,0.0,0.1935,,0.1452,0.5533,2.317,0.3892,0.1932,0.302,0.1018,0.1256,0.75,0.0479,0.0694,0.881,0.0,0.0719,,0.3593,0.2303,0.39,0.0726,0.1466,1.227
420034315002,Tract 4315 · BG 2,42003431500,0.0,1412,474,0.204,579,188,0.197,35.5,2.7,0.046,0.1707,0.051,0.182,0.1459,0.0674,0.281,0.772,0.2244,0.177,0.1409,0.1199,0.517,0.0085,0.0132,0.941,0.0,0.0085,,103295,71767,0.422,44881,10870,0.147,0.0453,0.0312,0.419,0.0621,0.0746,0.73,0.7644,0.1937,0.154,0.4591,0.0802,0.106,634,189,0.181,0.0868,0.0943,0.661,1938,,,0.2445,0.0932,0.232,0.2224,0.1322,0.361,0.4401,0.2855,0.394,0.0789,0.055,0.424,0.6891,0.2517,0.222,399,195,0.297,180,95,0.321,0.5215,0.2544,0.297,969,223,0.14,285500,23955,0.051,0.3459,0.1607,0.282,0.1153,0.0799,0.421,0.4667,0.455,0.593,0.847,0.2767,0.199,0.0,0.0149,,0.01,0.0153,0.935,0.0,0.0149,,0.0896,0.0777,0.527,0.0518,0.0482,0.565
420034315003,Tract 4315 · BG 3,42003431500,0.0,783,250,0.194,514,166,0.196,49.7,20.0,0.245,0.0907,0.0771,0.517,0.2171,0.0896,0.251,0.9029,0.0492,0.033,0.0792,0.1147,0.881,0.0,0.0153,,0.0179,0.0196,0.667,46522,24743,0.323,48938,22172,0.275,0.1252,0.1203,0.584,0.0475,0.0506,0.648,0.6798,0.1547,0.138,0.449,0.1656,0.224,708,194,0.167,0.274,0.1783,0.396,1957,11,0.003,0.1455,0.0732,0.306,0.226,0.1282,0.345,0.1723,0.158,0.557,0.4209,0.1574,0.227,0.7763,0.1745,0.137,399,157,0.239,115,63,0.333,0.6117,0.1188,0.118,863,73,0.051,201800,71721,0.216,0.4662,0.2781,0.363,0.1579,0.1479,0.569,0.0261,0.2866,6.679,0.5835,0.2231,0.232,0.0564,0.0566,0.61,0.0304,0.0417,0.835,0.0,0.026,,0.2061,0.105,0.31,0.286,0.1263,0.268
420034315004,Tract 4315 · BG 4,42003431500,0.0,604,299,0.301,305,104,0.207,33.1,11.0,0.202,0.3146,0.2374,0.459,0.1887,0.0735,0.237,0.8974,0.203,0.138,0.0166,0.0269,0.989,0.0364,0.0354,0.591,0.0132,0.0222,1.02,47875,26198,0.333,34360,19392,0.343,0.3146,0.4233,0.818,0.0279,0.0437,0.952,0.6932,0.1965,0.172,0.5239,0.1949,0.226,337,112,0.202,0.095,0.151,0.967,1944,5,0.002,0.4866,0.1396,0.174,0.273,0.2191,0.488,0.0742,0.0736,0.603,0.092,0.0826,0.546,0.4459,0.2177,0.297,136,81,0.362,169,77,0.277,0.2649,0.0672,0.154,906,98,0.066,189400,78420,0.252,0.2426,0.1819,0.456,0.0662,0.0871,0.8,0.5799,0.4156,0.436,0.7913,0.2163,0.166,0.0485,0.0798,0.999,0.034,0.0563,1.008,0.0,0.0583,,0.0825,0.0849,0.625,0.0623,0.0712,0.695
420034323001,Tract 4323 · BG 1,42003432300,0.0,603,144,0.145,385,89,0.141,55.2,23.1,0.254,0.0431,0.0803,1.132,0.2504,0.1033,0.251,0.9138,0.1262,0.084,0.0663,0.061,0.559,0.0,0.0199,,0.0199,0.0328,1.003,79821,12720,0.097,61618,15983,0.158,0.0643,0.0333,0.315,0.0,0.0281,,0.74,0.1223,0.1,0.3563,0.1767,0.302,413,98,0.144,0.0678,0.1102,0.988,1946,5,0.002,0.7482,0.1088,0.088,0.0557,0.0622,0.679,0.1332,0.1033,0.471,0.0291,0.0519,1.086,0.2052,0.143,0.424,79,58,0.446,306,75,0.149,0.1479,0.1011,0.416,950,155,0.099,150000,48264,0.196,0.1266,0.3109,1.493,0.1266,0.1656,0.795,0.0817,0.1148,0.854,0.7618,0.1211,0.097,0.0,0.0298,,0.0,0.0298,,0.0,0.0298,,0.2382,0.1457,0.372,0.0,0.0441,
420034323002,Tract 4323 · BG 2,42003432300,0.0,1524,228,0.091,980,215,0.133,51.7,11.4,0.134,0.1312,0.0865,0.401,0.3038,0.1363,0.273,0.8104,0.1706,0.128,0.1293,0.1005,0.473,0.0558,0.0605,0.659,0.0026,0.0105,2.43,42561,26369,0.377,37697,6406,0.103,0.1706,0.1276,0.455,0.0375,0.0378,0.613,0.5838,0.0917,0.095,0.3205,0.1016,0.193,1057,222,0.128,0.0728,0.0809,0.675,1962,11,0.003,0.2753,0.0877,0.194,0.0482,0.0556,0.701,0.0615,0.0859,0.849,0.6008,0.1776,0.18,0.7,0.145,0.126,686,207,0.183,294,110,0.227,0.6122,0.1623,0.161,834,396,0.289,182800,19292,0.064,0.2799,0.1489,0.323,0.1793,0.1463,0.496,0.5068,0.2525,0.303,0.4277,0.1422,0.202,0.0578,0.0706,0.742,0.1185,0.1646,0.845,0.0,0.0173,,0.3555,0.1296,0.222,0.3643,0.1773,0.296
420034324001,Tract 4324 · BG 1,42003432400,0.0,683,172,0.153,497,114,0.139,60.7,8.2,0.082,0.0278,0.0614,1.341,0.3367,0.0851,0.154,0.8609,0.1338,0.094,0.0703,0.0635,0.549,0.0366,0.0564,0.936,0.0,0.0176,,51775,21094,0.248,96451,49710,0.313,0.1142,0.0788,0.419,0.033,0.0369,0.679,0.5925,0.0836,0.086,0.4962,0.134,0.164,540,112,0.126,0.0796,0.0492,0.375,1961,8,0.002,0.2148,0.1098,0.311,0.2556,0.135,0.321,0.0,0.0314,,0.4944,0.1567,0.193,0.6016,0.1408,0.142,299,98,0.199,198,79,0.243,0.5125,0.1097,0.13,1125,97,0.052,130800,102575,0.477,0.3579,0.1545,0.263,0.1204,0.1173,0.592,0.2323,0.2466,0.645,0.6196,0.1726,0.169,0.0272,0.0399,0.892,0.0,0.0326,,0.0,0.0326,,0.1793,0.115,0.39,0.1529,0.0852,0.339
420034324002,Tract 4324 · BG 2,42003432400,0.0,957,262,0.166,452,152,0.204,40.4,21.0,0.316,0.0637,0.0625,0.596,0.2205,0.112,0.309,0.5517,0.1206,0.133,0.3751,0.2299,0.373,0.0,0.0125,,0.0648,0.071,0.666,38214,24712,0.393,24658,5894,0.145,0.1327,0.113,0.518,0.0158,0.0249,0.956,0.5636,0.1785,0.192,0.1427,0.0738,0.315,516,150,0.177,0.124,0.1126,0.552,1957,12,0.004,0.3488,0.1403,0.244,0.2093,0.138,0.401,0.405,0.2688,0.403,0.0368,0.0456,0.753,0.6018,0.2823,0.285,272,157,0.351,180,50,0.169,0.3856,0.2066,0.326,824,121,0.089,119500,22835,0.116,0.7279,0.35,0.292,0.4669,0.2966,0.386,0.3667,0.2606,0.432,0.7364,0.0998,0.082,0.1308,0.1936,0.9,0.0201,0.0332,1.002,0.0,0.0241,,0.0463,0.0529,0.695,0.1969,0.2157,0.666
420034324003,Tract 4324 · BG 3,42003432400,0.0,907,238,0.16,396,105,0.161,35.7,5.0,0.085,0.2503,0.1008,0.245,0.1047,0.0633,0.367,0.8445,0.1065,0.077,0.0937,0.0939,0.609,0.0176,0.0216,0.743,0.0143,0.024,1.016,49028,43090,0.534,38091,9239,0.147,0.1929,0.11,0.347,0.069,0.0769,0.677,0.7029,0.1138,0.098,0.5084,0.1021,0.122,423,108,0.155,0.0638,0.1003,0.956,1938,,,0.4965,0.1372,0.168,0.3712,0.2067,0.339,0.0591,0.0884,0.91,0.0,0.0401,,0.6338,0.2306,0.221,251,113,0.274,145,68,0.285,0.4956,0.221,0.271,1020,328,0.195,198400,25295,0.078,0.7052,0.2551,0.22,0.6335,0.2725,0.261,0.1241,0.2465,1.207,0.5482,0.1379,0.153,0.0918,0.1451,0.961,0.0,0.0282,,0.0,0.0282,,0.1788,0.1043,0.355,0.2601,0.216,0.505
420034340001,Tract 4340 · BG 1,42003434000,0.0,861,130,0.092,350,66,0.115,33.8,1.9,0.034,0.2973,0.0443,0.09,0.108,0.0318,0.179,0.7213,0.0925,0.078,0.0848,0.059,0.423,0.0151,0.0161,0.648,0.0813,0.046,0.344,93790,7517,0.049,52489,7484,0.087,0.1034,0.0494,0.29,0.0482,0.0407,0.514,0.7669,0.088,0.07,0.692,0.0919,0.081,401,76,0.115,0.1272,0.0994,0.475,1938,,,0.7232,0.06,0.05,0.2394,0.1157,0.294,0.0,0.0423,,0.0,0.0423,,0.3629,0.1221,0.205,127,49,0.235,223,40,0.109,0.24,0.0739,0.187,1594,229,0.087,313200,43154,0.084,0.5748,0.1578,0.167,0.2992,0.1184,0.241,0.2511,0.139,0.337,0.5499,0.0718,0.079,0.0399,0.0322,0.49,0.0067,0.011,1.005,0.0044,0.0088,1.209,0.3614,0.128,0.215,0.0486,0.0313,0.391
420034340002,Tract 4340 · BG 2,42003434000,0.0,1058,174,0.1,447,82,0.112,44.4,6.4,0.088,0.1938,0.0306,0.096,0.2183,0.0854,0.238,0.9357,0.0391,0.025,0.0444,0.0448,0.613,0.0028,0.0047,1.008,0.0085,0.0074,0.531,104972,27265,0.158,58061,5041,0.053,0.0473,0.0242,0.312,0.0312,0.021,0.41,0.7276,0.1938,0.162,0.605,0.1523,0.153,455,82,0.11,0.0176,0.0217,0.752,1938,,,0.7495,0.1291,0.105,0.1648,0.065,0.24,0.0286,0.0402,0.855,0.0,0.0373,,0.2685,0.0422,0.096,120,29,0.147,327,83,0.154,0.1767,0.042,0.144,1163,201,0.105,359400,20039,0.034,0.1667,0.1767,0.645,0.1417,0.1028,0.441,0.1284,0.0885,0.419,0.6461,0.0931,0.088,0.0528,0.0394,0.453,0.0,0.0211,,0.0,0.0211,,0.2676,0.0495,0.112,0.047,0.0411,0.532
420034350001,Tract 4350 · BG 1,42003435000,0.0,1427,316,0.135,608,97,0.097,42.3,8.4,0.121,0.2362,0.0656,0.169,0.1808,0.0425,0.143,0.8809,0.2742,0.189,0.0456,0.0466,0.622,0.0035,0.007,1.208,0.0427,0.0337,0.48,74479,18210,0.149,37857,5341,0.086,0.1193,0.0892,0.455,0.0287,0.0235,0.497,0.5874,0.0673,0.07,0.4201,0.1033,0.149,650,92,0.086,0.0646,0.0577,0.543,1938,,,0.8138,0.09,0.067,0.1138,0.0816,0.435,0.0185,0.0229,0.755,0.0169,0.023,0.824,0.176,0.072,0.249,107,47,0.267,501,99,0.12,0.1619,0.0853,0.32,1171,81,0.042,202900,23737,0.071,0.5607,0.3481,0.377,0.2617,0.3261,0.758,0.2535,0.1108,0.266,0.6905,0.0829,0.073,0.0093,0.0154,1.006,0.0078,0.0108,0.842,0.0,0.0187,,0.2613,0.1003,0.233,0.0526,0.0516,0.596
420034350002,Tract 4350 · BG 2,42003435000,0.0,1038,213,0.125,504,83,0.1,39.4,5.1,0.079,0.1753,0.0601,0.208,0.1522,0.0491,0.196,0.6551,0.1141,0.106,0.0636,0.0514,0.491,0.0,0.0116,,0.2042,0.1643,0.489,61223,3993,0.04,32545,4971,0.093,0.1076,0.0591,0.334,0.0358,0.0315,0.534,0.6235,0.1735,0.169,0.4116,0.0539,0.08,526,82,0.095,0.0418,0.0567,0.824,1958,5,0.002,0.4316,0.1082,0.152,0.0266,0.0491,1.122,0.3517,0.101,0.175,0.154,0.0938,0.37,0.5774,0.09,0.095,291,66,0.138,213,47,0.134,0.5616,0.1311,0.142,1054,111,0.064,163600,17089,0.063,0.6323,0.2102,0.202,0.1993,0.081,0.247,0.1596,0.1712,0.652,0.8143,0.0853,0.064,0.0131,0.0205,0.947,0.0,0.0225,,0.0,0.0225,,0.1238,0.0586,0.288,0.0833,0.0477,0.348
420034370001,Tract 4370 · BG 1,42003437000,0.0,4188,460,0.067,1458,163,0.068,36.8,2.7,0.045,0.2765,0.0581,0.128,0.1299,0.0307,0.143,0.8918,0.0618,0.042,0.0072,0.0086,0.726,0.0248,0.0184,0.451,0.0322,0.0267,0.504,177212,34629,0.119,67316,8849,0.08,0.0387,0.0366,0.575,0.0537,0.0794,0.898,0.803,0.0744,0.056,0.7326,0.0955,0.079,1562,185,0.072,0.0666,0.0693,0.633,2005,3,0.001,0.7362,0.0651,0.054,0.009,0.0177,1.202,0.1761,0.064,0.221,0.0461,0.0331,0.436,0.2051,0.0521,0.154,299,83,0.169,1159,162,0.085,0.1268,0.0516,0.248,1701,61,0.022,549800,34943,0.039,0.3445,0.2119,0.374,0.1104,0.1474,0.812,0.1173,0.095,0.492,0.6013,0.1061,0.107,0.0,0.0051,,0.0042,0.0067,0.97,0.0,0.0051,,0.335,0.1005,0.182,0.0,0.0116,
420034370002,Tract 4370 · BG 2,42003437000,0.0,3040,462,0.092,1164,182,0.095,50.7,6.5,0.078,0.1921,0.0539,0.171,0.3263,0.0737,0.137,0.926,0.047,0.031,0.0102,0.0111,0.66,0.0487,0.0558,0.696,0.0026,0.0046,1.06,133707,25418,0.116,58486,8109,0.084,0.0322,0.0249,0.471,0.0232,0.0282,0.74,0.5254,0.0741,0.086,0.5489,0.0644,0.071,1175,182,0.094,0.0094,0.0153,0.99,1996,7,0.002,0.6085,0.0836,0.083,0.0128,0.0228,1.083,0.046,0.0415,0.549,0.0102,0.0213,1.266,0.0206,0.0247,0.728,24,29,0.735,1140,184,0.098,0.0116,0.0136,0.712,,,,415800,37883,0.055,0.0,1.0,,0.0,0.5,,0.236,0.0895,0.23,0.6948,0.142,0.124,0.0,0.0098,,0.0,0.0098,,0.0,0.0098,,0.2087,0.0921,0.268,0.0,0.0146,
420034390001,Tract 4390 · BG 1,42003439000,0.0,1468,169,0.07,581,53,0.055,48.9,4.4,0.055,0.1873,0.0346,0.112,0.2459,0.0194,0.048,0.8583,0.1392,0.099,0.0204,0.0299,0.889,0.0177,0.0128,0.439,0.0129,0.0101,0.475,165987,21701,0.079,88417,9844,0.068,0.0497,0.0332,0.406,0.0185,0.0132,0.436,0.6588,0.0729,0.067,0.6503,0.0339,0.032,627,62,0.06,0.0734,0.0714,0.592,1962,4,0.001,0.9904,0.1369,0.084,0.0032,0.0197,3.759,0.0064,0.0207,1.975,0.0,0.0271,,0.0551,0.0323,0.357,32,19,0.361,549,57,0.063,0.0538,0.0349,0.394,1098,106,0.059,437500,66797,0.093,0.3125,0.7984,1.553,0.3125,0.4643,0.903,0.1694,0.0533,0.191,0.624,0.0214,0.021,0.0051,0.0063,0.753,0.0115,0.0139,0.736,0.0,0.0153,,0.312,0.0903,0.176,0.0361,0.0205,0.344
420034455001,Tract 4455 · BG 1,42003445500,0.0,1154,281,0.148,435,99,0.138,41.2,9.8,0.145,0.2764,0.0598,0.131,0.1811,0.073,0.245,0.8163,0.1251,0.093,0.0477,0.0327,0.417,0.0,0.0104,,0.0243,0.0333,0.834,165707,109970,0.403,62932,16480,0.159,0.1153,0.0745,0.393,0.0162,0.026,0.973,0.7746,0.1717,0.135,0.5648,0.0466,0.05,495,121,0.149,0.1212,0.13,0.652,1938,,,0.7697,0.0257,0.02,0.1111,0.098,0.536,0.0202,0.0401,1.207,0.099,0.1434,0.881,0.2759,0.1802,0.397,120,83,0.42,315,81,0.156,0.1859,0.1128,0.369,847,28,0.02,472700,98328,0.126,0.575,0.417,0.441,0.375,0.4468,0.724,0.1556,0.1418,0.554,0.5663,0.2825,0.303,0.0125,0.0182,0.886,0.0998,0.0587,0.358,0.0,0.0187,,0.3027,0.1645,0.33,0.177,0.1566,0.538
420034455002,Tract 4455 · BG 2,42003445500,0.0,1428,252,0.107,669,125,0.114,45.0,10.9,0.147,0.1961,0.0436,0.135,0.2661,0.0632,0.144,0.8922,0.0664,0.045,0.014,0.0152,0.66,0.0,0.0084,,0.0462,0.0568,0.748,107813,18087,0.102,80670,16229,0.122,0.0819,0.0561,0.416,0.1268,0.092,0.441,0.5352,0.0882,0.1,0.7354,0.0947,0.078,847,156,0.112,0.2102,0.1227,0.355,1938,,,0.5903,0.0998,0.103,0.111,0.1017,0.557,0.1251,0.0691,0.336,0.1523,0.0543,0.217,0.2571,0.0963,0.228,172,72,0.254,497,109,0.133,0.2066,0.1037,0.305,1112,155,0.085,428400,85968,0.122,0.4709,0.3362,0.434,0.4012,0.319,0.483,0.2072,0.1106,0.324,0.4919,0.1557,0.192,0.0,0.0216,,0.0847,0.0665,0.478,0.0,0.0216,,0.4072,0.1392,0.208,0.1271,0.086,0.411
420034455003,Tract 4455 · BG 3,42003445500,0.0,1241,312,0.153,538,95,0.107,34.6,3.2,0.056,0.2006,0.0563,0.17,0.0862,0.0416,0.293,0.8461,0.1215,0.087,0.0177,0.0205,0.702,0.0,0.0097,,0.0089,0.0127,0.871,97897,29184,0.181,53100,11877,0.136,0.0475,0.037,0.473,0.0695,0.0812,0.71,0.8352,0.1437,0.105,0.6073,0.0938,0.094,571,110,0.117,0.0578,0.0921,0.969,1947,10,0.003,0.5166,0.1546,0.182,0.0368,0.0404,0.668,0.296,0.1112,0.228,0.0473,0.0726,0.933,0.4331,0.1232,0.173,233,78,0.204,305,95,0.189,0.3546,0.1077,0.185,953,30,0.019,556200,395508,0.432,0.4936,0.2623,0.323,0.1631,0.1213,0.452,0.4754,0.2885,0.369,0.4504,0.0576,0.078,0.0,0.0145,,0.1828,0.1031,0.343,0.0109,0.0179,0.999,0.3136,0.201,0.39,0.0428,0.0379,0.539
420034460001,Tract 4460 · BG 1,42003446000,0.0,722,127,0.107,258,42,0.099,42.3,2.3,0.033,0.2812,0.0405,0.087,0.1787,0.0339,0.115,0.9127,0.061,0.041,0.0,0.0166,,0.0,0.0166,,0.0526,0.0518,0.598,250001,,,150495,24328,0.098,0.0346,0.0239,0.42,0.0229,0.0224,0.595,0.584,0.057,0.059,0.7936,0.0306,0.023,280,40,0.087,0.0786,0.0742,0.574,1938,,,0.9786,0.0436,0.027,0.0214,0.0478,1.357,0.0,0.0606,,0.0,0.0606,,0.1357,0.0864,0.387,35,23,0.399,223,40,0.109,0.0831,0.0477,0.349,2188,759,0.211,921000,63896,0.042,0.0,0.6857,,0.0,0.3429,,0.1794,0.1253,0.425,0.7295,0.101,0.084,0.0,0.0411,,0.0171,0.0202,0.718,0.0,0.0411,,0.2534,0.0621,0.149,0.0116,0.049,2.561
420034460002,Tract 4460 · BG 2,42003446000,0.0,865,119,0.084,339,57,0.102,48.6,8.9,0.111,0.2532,0.0478,0.115,0.2428,0.0543,0.136,0.926,0.038,0.025,0.0104,0.0126,0.738,0.0139,0.0149,0.653,0.0301,0.0168,0.341,180208,38729,0.131,98549,14760,0.091,0.0254,0.0205,0.491,0.0507,0.0363,0.435,0.6392,0.1159,0.11,0.8262,0.0365,0.027,373,59,0.096,0.0912,0.0655,0.437,1945,4,0.001,0.9357,0.0381,0.025,0.0161,0.0359,1.356,0.0,0.0455,,0.0241,0.0417,1.051,0.0796,0.0391,0.298,27,14,0.315,312,56,0.109,0.0559,0.0328,0.357,1167,542,0.282,737400,86932,0.072,0.1852,0.8066,2.648,0.1852,0.2408,0.791,0.1987,0.0904,0.276,0.549,0.0547,0.061,0.0098,0.0122,0.755,0.0221,0.0169,0.465,0.0368,0.0414,0.684,0.3407,0.0748,0.134,0.0206,0.0186,0.547
420034470001,Tract 4470 · BG 1,42003447000,0.0,1530,266,0.106,651,155,0.145,42.3,8.2,0.118,0.2157,0.0634,0.179,0.1954,0.0109,0.034,0.8797,0.084,0.058,0.0157,0.0094,0.365,0.0118,0.0089,0.461,0.0327,0.016,0.298,93083,41026,0.268,51187,8704,0.103,0.0629,0.023,0.223,0.0382,0.0185,0.294,0.5514,0.1006,0.111,0.3978,0.0796,0.122,672,154,0.139,0.0312,0.0304,0.592,1956,14,0.004,0.8155,0.1961,0.146,0.1696,0.2341,0.839,0.0,0.0253,,0.0,0.0253,,0.232,0.2411,0.632,151,161,0.648,500,46,0.056,0.1784,0.1711,0.583,1106,91,0.05,254700,39946,0.095,0.6954,0.7383,0.645,0.0,0.0795,,0.218,0.0649,0.181,0.7152,0.0615,0.052,0.0,0.0188,,0.0047,0.0062,0.807,0.0,0.0188,,0.2081,0.0426,0.124,0.0445,0.0413,0.563
420034480001,Tract 4480 · BG 1,42003448000,0.0,1096,143,0.079,558,67,0.073,44.3,1.7,0.023,0.1989,0.0505,0.154,0.26,0.0438,0.102,0.8066,0.0945,0.071,0.0484,0.0248,0.311,0.0082,0.0063,0.466,0.0374,0.0408,0.662,66346,17925,0.164,41941,5319,0.077,0.0575,0.0218,0.23,0.0478,0.0491,0.625,0.6236,0.0432,0.042,0.3717,0.0576,0.094,629,61,0.059,0.1129,0.0513,0.276,1938,,,0.5548,0.0788,0.086,0.1669,0.0687,0.25,0.0,0.027,,0.1049,0.0466,0.27,0.4301,0.0984,0.139,240,62,0.157,318,50,0.096,0.333,0.1094,0.2,959,216,0.137,156000,23061,0.09,0.2833,0.1036,0.222,0.0542,0.0392,0.44,0.1887,0.1233,0.397,0.7042,0.0825,0.071,0.0573,0.0469,0.498,0.0,0.0229,,0.0,0.0229,,0.1908,0.0664,0.212,0.1326,0.0611,0.28
420034490001,Tract 4490 · BG 1,42003449000,0.0,887,250,0.171,367,107,0.177,41.9,22.9,0.332,0.2041,0.0676,0.201,0.221,0.0817,0.225,0.761,0.0765,0.061,0.0,0.0135,,0.0169,0.0243,0.875,0.0902,0.0795,0.536,79596,13243,0.101,36532,8882,0.148,0.0778,0.0755,0.59,0.0949,0.0796,0.509,0.6336,0.0328,0.031,0.2824,0.1662,0.358,503,114,0.138,0.2704,0.1,0.225,1957,4,0.001,0.9821,0.0603,0.037,0.008,0.0266,2.034,0.0,0.0337,,0.0,0.0337,,0.1335,0.1447,0.659,49,55,0.682,318,93,0.178,0.1432,0.1538,0.653,1438,163,0.069,177300,16329,0.056,0.5306,0.6532,0.748,0.0,0.2449,,0.2233,0.1927,0.525,0.7235,0.125,0.105,0.0,0.0296,,0.1037,0.1447,0.848,0.0,0.0296,,0.1309,0.0593,0.276,0.0272,0.0418,0.933
420034490002,Tract 4490 · BG 2,42003449000,0.0,1254,199,0.096,608,87,0.087,56.1,6.4,0.069,0.1491,0.0424,0.173,0.2679,0.0372,0.084,0.9394,0.0589,0.038,0.0,0.0096,,0.0359,0.0298,0.504,0.0239,0.0268,0.682,83500,21306,0.155,52429,6468,0.075,0.0271,0.0185,0.415,0.048,0.0527,0.667,0.6361,0.091,0.087,0.3288,0.0376,0.07,641,85,0.081,0.0515,0.0542,0.64,1971,5,0.002,0.8487,0.0671,0.048,0.0421,0.0267,0.386,0.0078,0.0225,1.752,0.0,0.0265,,0.1184,0.0754,0.387,72,47,0.397,536,83,0.094,0.0921,0.0623,0.412,1066,146,0.083,222400,19877,0.054,0.4028,0.4334,0.654,0.4028,0.3232,0.488,0.2183,0.098,0.273,0.6656,0.0806,0.074,0.0078,0.0124,0.966,0.0156,0.0247,0.966,0.0,0.0187,,0.2535,0.0795,0.191,0.0395,0.0483,0.743
420034507001,Tract 4507 · BG 1,42003450700,0.0,1181,425,0.219,482,154,0.194,40.2,8.3,0.126,0.199,0.0571,0.174,0.1499,0.0409,0.166,0.7578,0.107,0.086,0.0466,0.0498,0.649,0.0,0.0102,,0.1075,0.0656,0.371,108417,62120,0.348,44449,10752,0.147,0.0677,0.0553,0.496,0.0117,0.0175,0.913,0.7522,0.1446,0.117,0.4643,0.19,0.249,657,162,0.15,0.2664,0.1606,0.367,1938,,,0.8493,0.1086,0.078,0.0548,0.0547,0.607,0.0868,0.0914,0.641,0.0,0.0258,,0.1183,0.0762,0.392,57,41,0.437,425,144,0.206,0.067,0.0448,0.406,1263,434,0.209,169600,35208,0.126,0.3333,0.4882,0.89,0.3333,0.3245,0.592,0.1671,0.1016,0.37,0.565,0.1015,0.109,0.0515,0.0422,0.499,0.0,0.0163,,0.0,0.0163,,0.206,0.2238,0.661,0.0,0.0352,
420034507002,Tract 4507 · BG 2,42003450700,0.0,1671,383,0.139,872,189,0.132,38.8,5.0,0.078,0.1616,0.053,0.199,0.2095,0.048,0.139,0.7762,0.0844,0.066,0.0443,0.0338,0.464,0.0,0.0072,,0.0371,0.0465,0.762,60127,14033,0.142,42209,9271,0.134,0.1903,0.1233,0.394,0.0703,0.0676,0.585,0.6527,0.0977,0.091,0.3413,0.0945,0.168,927,189,0.124,0.0593,0.068,0.696,1938,,,0.5761,0.0915,0.097,0.0712,0.054,0.461,0.0539,0.0605,0.682,0.2546,0.1112,0.265,0.4771,0.1137,0.145,416,134,0.196,456,125,0.167,0.3968,0.1255,0.192,958,105,0.067,186500,22565,0.074,0.3341,0.1812,0.33,0.2332,0.1506,0.393,0.1294,0.1395,0.655,0.6512,0.1443,0.135,0.0124,0.0212,1.036,0.0102,0.0167,0.999,0.0,0.0135,,0.2438,0.0955,0.238,0.172,0.0816,0.289
420034508001,Tract 4508 · BG 1,42003450800,0.0,827,448,0.329,367,139,0.23,43.7,37.8,0.526,0.2709,0.1891,0.424,0.3833,0.2743,0.435,0.4401,0.2938,0.406,0.5212,0.4452,0.519,0.0314,0.0307,0.593,0.0,0.0145,,64029,7883,0.075,32133,10676,0.202,0.029,0.0468,0.98,0.0251,0.0399,0.965,0.703,0.1031,0.089,0.2339,0.0882,0.229,457,143,0.19,0.1969,0.1615,0.499,1945,8,0.003,0.5667,0.2054,0.22,0.4048,0.2089,0.314,0.0,0.0371,,0.0,0.0371,,0.6703,0.2737,0.248,246,137,0.339,121,65,0.327,0.7461,0.3751,0.306,942,232,0.15,151300,89361,0.359,0.2886,0.1658,0.349,0.1179,0.117,0.603,0.4215,0.4125,0.595,0.5363,0.0703,0.08,0.0,0.0281,,0.0,0.0281,,0.0,0.0281,,0.1756,0.1321,0.457,0.0,0.0462,
420034508002,Tract 4508 · BG 2,42003450800,0.0,1016,420,0.251,544,132,0.148,52.7,6.1,0.07,0.0128,0.0371,1.762,0.3799,0.2057,0.329,0.7057,0.4123,0.355,0.2815,0.2563,0.554,0.0,0.0118,,0.0,0.0118,,27200,5620,0.126,26474,5488,0.126,0.1673,0.0573,0.208,0.1104,0.086,0.473,0.334,0.1129,0.205,0.195,0.1756,0.547,565,131,0.141,0.0372,0.0398,0.651,1949,10,0.003,0.3487,0.1393,0.243,0.085,0.066,0.472,0.0885,0.0631,0.433,0.3912,0.1369,0.213,0.7721,0.0897,0.071,420,113,0.164,124,78,0.382,0.6301,0.1312,0.127,746,162,0.132,85100,3945,0.028,0.5452,0.1907,0.213,0.2976,0.1407,0.287,0.2177,0.3136,0.876,0.7315,0.1582,0.131,0.0336,0.0537,0.974,0.1443,0.1837,0.774,0.0,0.0403,,0.0034,0.0064,1.165,0.3989,0.1754,0.267
420034508003,Tract 4508 · BG 3,42003450800,0.0,722,194,0.163,324,94,0.176,44.3,13.0,0.178,0.0928,0.0613,0.401,0.2161,0.0847,0.238,0.8102,0.1325,0.099,0.0443,0.092,1.262,0.0,0.0166,,0.1247,0.1358,0.662,85682,24230,0.172,42125,6799,0.098,0.0416,0.0429,0.628,0.024,0.0392,0.992,0.7618,0.1528,0.122,0.3725,0.1351,0.22,324,94,0.176,0.0,0.037,,1938,,,0.9599,0.118,0.075,0.0,0.0524,,0.0,0.0524,,0.0,0.0524,,0.0401,0.0638,0.966,13,21,0.982,311,98,0.192,0.018,0.0287,0.968,,,,167000,111242,0.405,0.0,1.8462,,0.0,0.9231,,0.4598,0.3231,0.427,0.7207,0.337,0.284,0.0,0.0246,,0.078,0.116,0.904,0.0,0.0246,,0.152,0.1835,0.734,0.0,0.0524,
420034511011,Tract 4511.01 · BG 1,42003451101,0.0,2304,367,0.097,942,147,0.095,46.3,5.6,0.074,0.2561,0.0465,0.11,0.2856,0.068,0.145,0.9345,0.0516,0.034,0.0035,0.0056,0.983,0.0026,0.0048,1.11,0.0573,0.0623,0.661,134612,27221,0.123,70076,6904,0.06,0.0074,0.0116,0.955,0.0154,0.0193,0.762,0.534,0.1362,0.155,0.5396,0.0468,0.053,967,148,0.093,0.0259,0.0412,0.968,1983,6,0.002,0.6794,0.0677,0.061,0.0383,0.06,0.952,0.0817,0.0523,0.389,0.0,0.0175,,0.0924,0.0783,0.515,87,75,0.524,855,131,0.093,0.0553,0.0488,0.536,,,,397200,49061,0.075,0.2069,0.2409,0.708,0.1034,0.1339,0.787,0.0643,0.0495,0.467,0.6173,0.1077,0.106,0.0,0.0125,,0.0,0.0125,,0.0,0.0125,,0.3493,0.1115,0.194,0.0138,0.0275,1.209
420034511012,Tract 4511.01 · BG 2,42003451101,0.0,1294,409,0.192,606,146,0.146,53.3,8.0,0.091,0.0974,0.0635,0.397,0.2968,0.0358,0.073,0.891,0.1177,0.08,0.0386,0.0334,0.525,0.0085,0.0097,0.692,0.0209,0.0326,0.949,96929,74572,0.468,58356,9003,0.094,0.0197,0.0185,0.571,0.0902,0.1104,0.744,0.6587,0.1635,0.151,0.4925,0.0895,0.111,635,145,0.139,0.0457,0.0701,0.933,1965,2,0.001,0.874,0.1204,0.084,0.0,0.0267,,0.0457,0.0399,0.531,0.0346,0.0592,1.039,0.1485,0.1116,0.457,90,71,0.48,516,137,0.161,0.1124,0.0721,0.39,,,,291300,44518,0.093,0.2444,0.4197,1.044,0.2444,0.3504,0.872,0.1008,0.1028,0.62,0.8012,0.1841,0.14,0.0,0.0177,,0.0074,0.0129,1.069,0.0,0.0177,,0.1649,0.0693,0.255,0.0363,0.062,1.038
420034511021,Tract 4511.02 · BG 1,42003451102,0.0,1890,532,0.171,836,219,0.159,34.8,9.6,0.168,0.1836,0.1053,0.349,0.155,0.0731,0.287,0.7206,0.1572,0.133,0.0,0.0063,,0.0873,0.0625,0.435,0.1069,0.1097,0.624,96284,14050,0.089,88302,66168,0.456,0.0206,0.0308,0.907,0.0041,0.0065,0.957,0.7848,0.0197,0.015,0.6055,0.1047,0.105,867,220,0.154,0.0358,0.0464,0.789,1977,12,0.004,0.3922,0.1242,0.193,0.1776,0.116,0.397,0.1696,0.1669,0.598,0.1995,0.1057,0.322,0.5586,0.1816,0.198,467,195,0.254,369,140,0.231,0.4799,0.1704,0.216,1161,58,0.03,292300,39371,0.082,0.1585,0.1322,0.507,0.0835,0.1192,0.868,0.0,0.092,,0.7822,0.1594,0.124,0.0,0.0101,,0.0134,0.0206,0.933,0.0,0.0101,,0.2044,0.0874,0.26,0.0,0.0203,
420034511022,Tract 4511.02 · BG 2,42003451102,0.0,963,571,0.36,330,110,0.203,38.4,20.1,0.318,0.2825,0.1826,0.393,0.2025,0.149,0.447,0.6563,0.4748,0.44,0.08,0.0841,0.64,0.001,0.0031,1.788,0.0,0.0125,,84953,26606,0.19,43684,28079,0.391,0.0094,0.0168,1.088,0.0,0.0313,,0.544,0.1347,0.15,0.4158,0.1352,0.198,372,123,0.201,0.1129,0.1008,0.543,1970,6,0.002,0.7984,0.1332,0.101,0.0269,0.0509,1.15,0.086,0.1006,0.711,0.0511,0.0903,1.075,0.2455,0.2538,0.629,81,88,0.66,249,94,0.229,0.4111,0.5275,0.78,1618,924,0.347,264200,36740,0.085,0.0,0.2963,,0.0,0.1481,,0.253,0.2539,0.61,0.6292,0.4218,0.407,0.0,0.0313,,0.0,0.0313,,0.0,0.0313,,0.2324,0.154,0.403,0.0576,0.1018,1.075
420034511023,Tract 4511.02 · BG 3,42003451102,0.0,2117,604,0.173,1024,265,0.157,49.2,12.7,0.157,0.1644,0.0613,0.227,0.3056,0.0864,0.172,0.8177,0.1237,0.092,0.0529,0.0576,0.662,0.1058,0.1467,0.843,0.0184,0.0186,0.615,83519,37747,0.275,51103,10428,0.124,0.0968,0.0684,0.429,0.0312,0.0327,0.638,0.554,0.1646,0.181,0.5302,0.1515,0.174,1059,257,0.148,0.0331,0.0532,0.979,1968,3,0.001,0.6072,0.1518,0.152,0.0831,0.1185,0.867,0.2823,0.137,0.295,0.0151,0.0259,1.043,0.21,0.096,0.278,215,113,0.32,809,266,0.2,0.1437,0.0648,0.274,1043,679,0.396,223900,54647,0.148,0.4279,0.5448,0.774,0.4279,0.5361,0.762,0.2114,0.1969,0.566,0.5795,0.3029,0.318,0.007,0.0117,1.013,0.0091,0.0136,0.913,0.0,0.0121,,0.3189,0.2423,0.462,0.0791,0.1199,0.922
420034511024,Tract 4511.02 · BG 4,42003451102,0.0,1461,43,0.018,0,12,,19.7,0.4,0.012,0.0096,0.025,1.585,0.0,0.0285,,0.7556,0.056,0.045,0.1116,0.0402,0.219,0.0383,0.0267,0.423,0.0575,0.0328,0.347,,,,6796,1398,0.125,,,,0.0494,0.0422,0.519,0.4298,0.0714,0.101,0.0,2.4,,0,12,,,,,,,,,,,,,,,,,,,,,,,0,12,,0,12,,,,,,,,,,,,,,,,,,,,0.4011,0.0986,0.149,0.0933,0.0691,0.451,0.278,0.1058,0.231,0.0,0.0224,,0.1679,0.116,0.42,,,
420034511041,Tract 4511.04 · BG 1,42003451104,0.0,2048,507,0.15,641,144,0.137,37.4,2.6,0.042,0.3257,0.0593,0.111,0.0825,0.0329,0.242,0.9302,0.084,0.055,0.0186,0.0255,0.834,0.0166,0.0216,0.79,0.0,0.0059,,191369,20086,0.064,64811,10228,0.096,0.0,0.0083,,0.0057,0.0094,0.999,0.7371,0.1195,0.099,0.7246,0.0678,0.057,641,144,0.137,0.0,0.0187,,2003,5,0.002,0.9828,0.0414,0.026,0.0,0.0265,,0.0,0.0265,,0.0,0.0265,,0.0,0.0187,,0,12,,641,144,0.137,0.0,0.0059,,,,,417100,28086,0.041,,,,,,,0.0702,0.0718,0.622,0.5484,0.0898,0.1,0.0,0.0114,,0.0484,0.0786,0.987,0.0,0.0114,,0.3207,0.0712,0.135,0.0,0.0265,
420034511042,Tract 4511.04 · BG 2,42003451104,0.0,1735,412,0.144,679,164,0.147,52.1,13.6,0.159,0.1775,0.0539,0.185,0.2646,0.109,0.251,0.9343,0.0797,0.052,0.0392,0.051,0.792,0.0035,0.0057,1.003,0.0046,0.008,1.054,118350,29643,0.152,54195,7368,0.083,0.0173,0.0182,0.639,0.0256,0.0263,0.623,0.6346,0.1924,0.184,0.4131,0.0837,0.123,719,173,0.146,0.0556,0.0711,0.777,1976,2,0.001,0.9485,0.0885,0.057,0.0,0.0236,,0.0,0.0236,,0.0097,0.0235,1.467,0.0236,0.0274,0.707,16,19,0.722,663,163,0.149,0.0093,0.0108,0.707,,,,278000,32274,0.071,1.0,1.0753,0.654,0.4375,0.5409,0.752,0.1463,0.2083,0.866,0.5833,0.1124,0.117,0.0,0.0132,,0.0,0.0132,,0.0,0.0132,,0.3147,0.1213,0.234,0.0,0.025,
420034511051,Tract 4511.05 · BG 1,42003451105,0.0,2483,1439,0.352,797,245,0.187,37.5,18.5,0.3,0.0298,0.0246,0.502,0.085,0.0671,0.48,0.9263,0.2309,0.152,0.0,0.0048,,0.0246,0.028,0.693,0.0222,0.0251,0.689,106350,40634,0.232,44033,5398,0.075,0.0588,0.0272,0.281,0.1101,0.1061,0.586,0.8028,0.1818,0.138,0.5547,0.1176,0.129,906,268,0.18,0.1203,0.1367,0.691,1971,10,0.003,0.4713,0.2291,0.296,0.0397,0.0465,0.711,0.3974,0.1522,0.233,0.0784,0.088,0.683,0.3049,0.1081,0.215,243,114,0.285,554,244,0.268,0.1816,0.141,0.472,1631,241,0.09,189900,34647,0.111,0.6461,0.1881,0.177,0.3374,0.2357,0.425,0.1264,0.1699,0.818,0.8766,0.2789,0.193,0.0,0.0071,,0.0,0.0071,,0.0,0.0071,,0.0573,0.0323,0.343,0.0326,0.0551,1.027
420034511052,Tract 4511.05 · BG 2,42003451105,0.0,990,334,0.205,384,133,0.211,28.5,14.6,0.311,0.1323,0.1062,0.488,0.1162,0.0669,0.35,0.7525,0.2343,0.189,0.0667,0.0407,0.371,0.1323,0.1288,0.592,0.001,0.002,1.198,66837,44982,0.409,43666,15335,0.213,0.1018,0.1493,0.892,0.0463,0.0489,0.641,0.7544,0.2078,0.167,0.4596,0.2183,0.289,444,155,0.212,0.1351,0.2087,0.939,1969,41,0.013,0.3468,0.1424,0.25,0.1892,0.2217,0.712,0.1982,0.1972,0.605,0.0946,0.095,0.61,0.4948,0.2063,0.254,190,103,0.33,194,88,0.276,0.4221,0.2203,0.317,1008,160,0.096,255500,57284,0.136,0.4105,0.4322,0.64,0.0,0.0632,,0.0,0.175,,0.5955,0.3552,0.363,0.0,0.0194,,0.0016,0.0032,1.187,0.0,0.0194,,0.267,0.3301,0.752,0.0,0.0442,
420034511053,Tract 4511.05 · BG 3,42003451105,0.0,2553,479,0.114,961,169,0.107,36.0,10.3,0.174,0.2405,0.0664,0.168,0.1038,0.0436,0.255,0.7548,0.0375,0.03,0.0858,0.1223,0.867,0.0748,0.1013,0.823,0.0231,0.033,0.868,141250,62437,0.269,61890,15033,0.148,0.0198,0.0199,0.612,0.0135,0.0223,1.004,0.7915,0.1062,0.082,0.5254,0.0696,0.08,961,169,0.107,0.0,0.0125,,1992,16,0.005,0.5088,0.0871,0.104,0.0645,0.0627,0.591,0.2154,0.122,0.344,0.2112,0.1526,0.439,0.5203,0.1316,0.154,500,154,0.187,461,113,0.149,0.3495,0.127,0.221,1430,378,0.161,418300,40774,0.059,0.356,0.2248,0.384,0.216,0.2076,0.584,0.1822,0.1519,0.507,0.7783,0.1052,0.082,0.0,0.0084,,0.0,0.0084,,0.0,0.0084,,0.1699,0.0958,0.343,0.0,0.0177,
420034513001,Tract 4513 · BG 1,42003451300,0.0,767,278,0.22,353,119,0.205,49.7,8.9,0.109,0.1499,0.1143,0.463,0.103,0.0771,0.455,0.8344,0.0852,0.062,0.0456,0.0698,0.93,0.0834,0.0875,0.637,0.0365,0.0558,0.93,176103,109366,0.378,113804,41886,0.224,0.0821,0.1292,0.956,0.0287,0.0474,1.004,0.6884,0.1283,0.113,0.6546,0.2213,0.206,353,119,0.205,0.0,0.034,,1995,37,0.011,0.7507,0.1335,0.108,0.0765,0.121,0.962,0.0,0.0481,,0.0,0.0481,,0.1275,0.12,0.572,45,45,0.608,308,124,0.245,0.1447,0.1502,0.631,,,,427900,416172,0.591,0.3333,0.641,1.169,0.3333,0.4444,0.811,0.3701,0.3617,0.594,0.7841,0.079,0.061,0.0568,0.0836,0.894,0.0,0.0273,,0.0,0.0273,,0.1205,0.1546,0.78,0.0,0.0481,
420034513002,Tract 4513 · BG 2,42003451300,0.0,1521,584,0.233,610,302,0.301,44.9,13.1,0.177,0.2801,0.0262,0.057,0.3439,0.1518,0.268,0.643,0.074,0.07,0.025,0.0342,0.832,0.0427,0.0395,0.561,0.0,0.0079,,74255,13889,0.114,36259,7371,0.124,0.0197,0.0336,1.036,0.0,0.0162,,0.6398,0.1476,0.14,0.3826,0.2083,0.331,610,302,0.301,0.0,0.0197,,1965,11,0.003,1.0,0.0,0.0,0.0,0.0278,,0.0,0.0278,,0.0,0.0278,,0.0459,0.0509,0.674,28,34,0.738,582,304,0.318,0.069,0.0929,0.818,,,,274000,14253,0.032,0.0,0.8571,,0.0,0.4286,,0.39,0.3908,0.609,0.7725,0.2708,0.213,0.0,0.0169,,0.0,0.0169,,0.0,0.0169,,0.1531,0.0818,0.325,0.0,0.0278,
420034513003,Tract 4513 · BG 3,42003451300,0.0,1091,322,0.179,547,161,0.179,57.6,11.4,0.12,0.1677,0.0773,0.28,0.396,0.1277,0.196,0.9404,0.0828,0.054,0.0,0.011,,0.0,0.011,,0.0,0.011,,,,,54802,8849,0.098,0.0128,0.0243,1.151,0.0127,0.0228,1.091,0.5011,0.1218,0.148,0.5598,0.0944,0.103,562,159,0.172,0.0267,0.042,0.957,1983,11,0.003,0.6014,0.2033,0.206,0.0801,0.0733,0.557,0.0516,0.0608,0.716,0.0,0.0302,,0.0567,0.0656,0.703,31,37,0.726,516,161,0.19,0.0403,0.0462,0.696,,,,241800,47080,0.118,0.5806,0.9517,0.996,0.0,0.3871,,0.1744,0.115,0.401,0.6824,0.0792,0.071,0.0322,0.0523,0.987,0.0,0.0258,,0.0,0.0258,,0.2554,0.1266,0.301,0.0,0.031,
420034513004,Tract 4513 · BG 4,42003451300,0.0,1574,321,0.124,624,117,0.114,46.3,5.1,0.067,0.216,0.0659,0.185,0.141,0.0514,0.222,0.8628,0.1286,0.091,0.0,0.0076,,0.1156,0.0851,0.447,0.0,0.0076,,147895,22342,0.092,81553,14844,0.111,0.0,0.0108,,0.0393,0.0447,0.692,0.7196,0.1215,0.103,0.5511,0.1197,0.132,637,116,0.111,0.0204,0.0328,0.976,1989,13,0.004,0.8932,0.0886,0.06,0.0298,0.0404,0.823,0.0,0.0266,,0.0,0.0266,,0.0962,0.0648,0.41,60,42,0.426,564,120,0.129,0.075,0.0662,0.537,2634,236,0.054,299300,71730,0.146,0.45,0.5019,0.678,0.2,0.3025,0.919,0.0284,0.0736,1.578,0.6682,0.1736,0.158,0.0152,0.0219,0.876,0.0,0.014,,0.0,0.014,,0.2185,0.0909,0.253,0.0288,0.0515,1.085
420034513005,Tract 4513 · BG 5,42003451300,0.0,995,364,0.222,426,122,0.174,56.7,21.0,0.225,0.2121,0.1048,0.3,0.3628,0.0749,0.126,0.9206,0.1237,0.082,0.0221,0.0404,1.111,0.0171,0.0264,0.94,0.0,0.0121,,129211,96968,0.456,98328,27608,0.171,0.0706,0.0891,0.767,0.0152,0.0244,0.979,0.5025,0.1546,0.187,0.6258,0.1947,0.189,426,122,0.174,0.0,0.0282,,1972,29,0.009,0.6737,0.1608,0.145,0.1221,0.2008,1.0,0.0,0.0398,,0.2042,0.2371,0.706,0.3263,0.1408,0.262,139,72,0.315,287,107,0.227,0.1445,0.0513,0.216,1099,62,0.034,558300,270599,0.295,0.6259,0.6907,0.671,0.0,0.0863,,0.1847,0.1753,0.577,0.9513,0.0831,0.053,0.0,0.0308,,0.0,0.0308,,0.0,0.0308,,0.0487,0.0766,0.956,0.0,0.0398,
420034513006,Tract 4513 · BG 6,42003451300,0.0,1116,539,0.294,405,218,0.327,49.1,25.8,0.319,0.2321,0.0982,0.257,0.2832,0.1517,0.326,1.0,0.0,0.0,0.0,0.0108,,0.0,0.0108,,0.0,0.0108,,131875,60372,0.278,59261,13573,0.139,0.0394,0.0293,0.452,0.0339,0.053,0.95,0.5846,0.1036,0.108,0.53,0.1316,0.151,457,225,0.299,0.1138,0.1682,0.898,1975,7,0.002,0.9256,0.1254,0.082,0.0,0.0371,,0.0,0.0371,,0.0744,0.0581,0.475,0.084,0.0555,0.402,34,29,0.519,371,207,0.339,0.0494,0.0406,0.499,,,,318600,138139,0.264,1.0,0.6113,0.372,1.0,0.0,0.0,0.0916,0.1658,1.1,0.7474,0.1887,0.154,0.0,0.0251,,0.0,0.0251,,0.0,0.0251,,0.2213,0.178,0.489,0.084,0.063,0.456
420034520001,Tract 4520 · BG 1,42003452000,0.0,520,275,0.321,243,123,0.308,63.5,5.4,0.052,0.0538,0.0807,0.911,0.3558,0.2567,0.439,0.8231,0.0669,0.049,0.0077,0.0128,1.014,0.0,0.0231,,0.1346,0.2053,0.927,160689,68969,0.261,63621,14548,0.139,0.002,0.0307,9.49,0.0,0.0433,,0.563,0.1503,0.162,0.2743,0.1513,0.335,286,136,0.289,0.1503,0.2231,0.902,1974,29,0.009,0.7727,0.2097,0.165,0.1469,0.1282,0.531,0.0,0.0593,,0.0,0.0593,,0.2675,0.1966,0.447,65,58,0.542,178,102,0.348,0.2693,0.2406,0.543,2387,257,0.065,216200,59863,0.168,0.0,0.3692,,0.0,0.1846,,0.0899,0.2211,1.495,0.823,0.3006,0.222,0.0,0.0494,,0.0,0.0494,,0.0,0.0494,,0.0658,0.1117,1.031,0.0,0.0698,
420034520002,Tract 4520 · BG 2,42003452000,0.0,1363,408,0.182,734,210,0.174,59.2,6.2,0.064,0.0587,0.0449,0.465,0.2597,0.0571,0.134,0.9765,0.0573,0.036,0.0,0.0088,,0.0154,0.0245,0.967,0.0015,0.0044,1.815,134063,47376,0.215,75536,14029,0.113,0.0161,0.0199,0.749,0.0188,0.031,1.003,0.6804,0.131,0.117,0.3834,0.0822,0.13,734,210,0.174,0.0,0.0163,,1980,16,0.005,0.7153,0.1471,0.125,0.0436,0.037,0.515,0.0177,0.0314,1.077,0.0,0.0231,,0.0831,0.052,0.381,61,42,0.419,673,206,0.186,0.056,0.0425,0.461,1227,878,0.435,291900,35662,0.074,0.2131,0.4495,1.282,0.2131,0.2932,0.836,0.0877,0.0774,0.537,0.7981,0.0336,0.026,0.0,0.014,,0.0,0.014,,0.0023,0.007,1.812,0.1494,0.0968,0.394,0.0204,0.0361,1.073
420034520003,Tract 4520 · BG 3,42003452000,0.0,1735,414,0.145,667,183,0.167,36.6,7.7,0.128,0.1965,0.069,0.213,0.0968,0.0497,0.312,0.9522,0.3144,0.201,0.0,0.0069,,0.0,0.0069,,0.0138,0.0228,1.003,118179,49326,0.254,45611,7974,0.106,0.0265,0.0319,0.731,0.0,0.0106,,0.8034,0.1004,0.076,0.3544,0.1602,0.275,724,207,0.174,0.0787,0.1237,0.955,1960,9,0.003,0.7831,0.1231,0.096,0.1008,0.1122,0.676,0.0,0.0234,,0.0,0.0234,,0.2564,0.1307,0.31,171,99,0.352,496,174,0.213,0.2732,0.1476,0.328,1291,144,0.068,228900,15934,0.042,0.5731,0.4299,0.456,0.4327,0.3951,0.555,0.1089,0.1124,0.627,0.7896,0.1179,0.091,0.0264,0.0425,0.979,0.0,0.0106,,0.0,0.0106,,0.0933,0.059,0.384,0.0,0.0254,
420034520004,Tract 4520 · BG 4,42003452000,0.0,3080,592,0.117,1206,301,0.152,36.9,8.2,0.135,0.2779,0.0687,0.15,0.1244,0.0601,0.294,0.764,0.1769,0.141,0.0276,0.0356,0.785,0.1633,0.2189,0.815,0.0133,0.0209,0.957,102955,27635,0.163,42022,6382,0.092,0.0234,0.0184,0.476,0.0884,0.1193,0.82,0.6256,0.1351,0.131,0.4069,0.1273,0.19,1206,301,0.152,0.0,0.01,,1990,17,0.005,0.7803,0.1324,0.103,0.0141,0.0242,1.046,0.0315,0.0354,0.682,0.0,0.0141,,0.2297,0.1583,0.419,277,203,0.446,929,273,0.179,0.1461,0.1328,0.552,774,9,0.007,284900,181206,0.387,0.4765,0.2953,0.377,0.1336,0.1062,0.483,0.1206,0.0813,0.41,0.6957,0.2058,0.18,0.023,0.0354,0.938,0.0,0.0098,,0.0,0.0098,,0.1083,0.0719,0.404,0.0,0.0141,
420034530031,Tract 4530.03 · BG 1,42003453003,0.0,1395,215,0.094,465,78,0.102,45.2,5.2,0.07,0.1441,0.0465,0.196,0.1534,0.0389,0.154,0.8946,0.0604,0.041,0.0201,0.014,0.424,0.0323,0.0297,0.56,0.0143,0.0171,0.723,117050,15018,0.078,50212,8742,0.106,0.0728,0.0427,0.357,0.056,0.0576,0.625,0.6548,0.0696,0.065,0.4331,0.0781,0.11,465,78,0.102,0.0,0.0258,,1975,6,0.002,0.8495,0.0925,0.066,0.0,0.0365,,0.0,0.0365,,0.0,0.0365,,0.0946,0.0536,0.344,44,26,0.359,421,79,0.114,0.0877,0.0601,0.417,1266,528,0.254,283000,28307,0.061,0.0227,0.4744,12.688,0.0,0.2727,,0.1615,0.0925,0.348,0.6758,0.0927,0.083,0.043,0.0278,0.393,0.0482,0.0449,0.566,0.0,0.0156,,0.2044,0.0662,0.197,0.0323,0.0444,0.837
420034530032,Tract 4530.03 · BG 2,42003453003,0.0,558,169,0.184,255,76,0.181,56.8,10.3,0.11,0.1398,0.0588,0.256,0.2079,0.0612,0.179,0.9444,0.4012,0.258,0.0,0.0215,,0.0,0.0215,,0.0502,0.059,0.715,86250,22075,0.156,38925,5896,0.092,0.0287,0.0292,0.619,0.0122,0.0207,1.033,0.6854,0.1934,0.172,0.4311,0.2486,0.351,275,76,0.168,0.0727,0.0661,0.553,1964,1,0.0,0.9491,0.0747,0.048,0.0364,0.0691,1.156,0.0,0.0617,,0.0,0.0617,,0.2157,0.1032,0.291,55,31,0.343,200,73,0.222,0.2706,0.1852,0.416,1425,806,0.344,176900,26596,0.091,0.1818,0.4546,1.52,0.1818,0.2527,0.845,0.09,0.1754,1.185,0.8,0.2354,0.179,0.0,0.0369,,0.0,0.0369,,0.0,0.0369,,0.1231,0.0766,0.378,0.0,0.0666,
420034530041,Tract 4530.04 · BG 1,42003453004,0.0,2229,793,0.216,910,393,0.263,41.6,6.6,0.096,0.2239,0.0728,0.198,0.1489,0.0478,0.195,0.8084,0.3995,0.3,0.0,0.0054,,0.0063,0.0101,0.975,0.0,0.0054,,103542,44106,0.259,50631,10923,0.131,0.0036,0.0104,1.759,0.0,0.0082,,0.8421,0.0945,0.068,0.5632,0.1645,0.178,910,393,0.263,0.0,0.0132,,1993,4,0.001,0.6967,0.3144,0.274,0.0,0.0186,,0.0,0.0186,,0.0176,0.0305,1.056,0.1374,0.1078,0.477,125,112,0.545,785,386,0.299,0.1422,0.1242,0.531,,,,226800,16422,0.044,0.0,0.192,,0.0,0.096,,0.0611,0.0625,0.622,0.7935,0.1816,0.139,0.0,0.0082,,0.0,0.0082,,0.0,0.0082,,0.2065,0.1076,0.317,0.0,0.0186,
420034530042,Tract 4530.04 · BG 2,42003453004,0.0,1361,343,0.153,705,169,0.146,34.6,2.7,0.047,0.1433,0.0667,0.283,0.2314,0.0768,0.202,0.7502,0.0692,0.056,0.0257,0.0414,0.978,0.1271,0.0939,0.449,0.036,0.0326,0.55,67775,25059,0.225,46740,7486,0.097,0.1043,0.0908,0.529,0.0527,0.0757,0.873,0.7613,0.1364,0.109,0.5431,0.1571,0.176,890,175,0.12,0.2079,0.1704,0.498,1989,4,0.001,0.2067,0.1191,0.35,0.0,0.0191,,0.3596,0.1547,0.262,0.0,0.0191,,0.3418,0.1016,0.181,241,92,0.232,464,147,0.193,0.421,0.121,0.175,1279,153,0.073,212500,44407,0.127,0.444,0.3724,0.51,0.029,0.057,1.193,0.3901,0.2124,0.331,0.6966,0.0825,0.072,0.0,0.0142,,0.0,0.0142,,0.0,0.0142,,0.3034,0.1544,0.309,0.0979,0.104,0.646
420034530043,Tract 4530.04 · BG 3,42003453004,0.0,3038,642,0.128,1351,272,0.122,41.1,7.9,0.117,0.1863,0.04,0.131,0.1415,0.0429,0.184,0.7136,0.116,0.099,0.0158,0.0181,0.697,0.0569,0.0482,0.515,0.1043,0.0789,0.46,90809,30184,0.202,48275,9614,0.121,0.074,0.0582,0.478,0.0,0.0075,,0.6757,0.1128,0.102,0.4636,0.0834,0.109,1587,286,0.11,0.1487,0.1102,0.451,1994,2,0.001,0.3875,0.1313,0.206,0.0139,0.0232,1.016,0.1815,0.0795,0.266,0.1916,0.0914,0.29,0.4856,0.072,0.09,656,164,0.152,695,239,0.209,0.4908,0.0959,0.119,1787,164,0.056,234700,19200,0.05,0.6479,0.2007,0.188,0.2454,0.1345,0.333,0.1683,0.1305,0.471,0.6434,0.1734,0.164,0.0006,0.0012,1.203,0.0048,0.0095,1.203,0.0,0.0072,,0.3001,0.0846,0.171,0.0192,0.0328,1.037
420034530044,Tract 4530.04 · BG 4,42003453004,0.0,511,220,0.262,284,118,0.253,47.5,17.7,0.227,0.1703,0.1738,0.621,0.1057,0.1155,0.664,0.7808,0.0985,0.077,0.0411,0.0682,1.009,0.0372,0.0726,1.187,0.0744,0.1211,0.99,86157,16423,0.116,53086,11099,0.127,0.0372,0.0687,1.124,0.0,0.034,,0.8005,0.1814,0.138,0.5193,0.2082,0.244,284,118,0.253,0.0,0.0423,,1984,3,0.001,0.5951,0.135,0.138,0.0669,0.1137,1.033,0.2711,0.2225,0.499,0.0,0.0598,,0.3134,0.2338,0.454,89,76,0.519,195,87,0.271,0.2681,0.184,0.417,1313,238,0.11,226100,22954,0.062,0.2135,0.3777,1.075,0.0,0.1348,,0.0,0.1741,,0.7394,0.1764,0.145,0.0,0.034,,0.1076,0.1744,0.985,0.0,0.034,,0.0992,0.1099,0.674,0.0669,0.1137,1.033
420034550001,Tract 4550 · BG 1,42003455000,0.0,1489,142,0.058,689,88,0.078,44.6,2.5,0.034,0.1551,0.0243,0.095,0.2048,0.0232,0.069,0.8852,0.1117,0.077,0.0343,0.0462,0.82,0.0034,0.004,0.727,0.0047,0.008,1.041,93036,14297,0.093,48318,8591,0.108,0.0804,0.0516,0.39,0.0303,0.0193,0.389,0.6856,0.0624,0.055,0.2806,0.0629,0.136,705,88,0.076,0.0227,0.0254,0.68,1951,9,0.003,0.8142,0.0885,0.066,0.0312,0.0241,0.469,0.0851,0.0413,0.295,0.0,0.0241,,0.2061,0.0629,0.186,142,47,0.201,547,90,0.1,0.1847,0.0634,0.209,1096,276,0.153,190700,25052,0.08,0.2535,0.1522,0.365,0.1479,0.147,0.604,0.0859,0.0666,0.471,0.7597,0.0922,0.074,0.0071,0.007,0.602,0.033,0.0315,0.58,0.0,0.0141,,0.1143,0.0234,0.124,0.0479,0.0302,0.383
420034560011,Tract 4560.01 · BG 1,42003456001,0.0,1162,280,0.146,445,110,0.15,39.5,8.9,0.137,0.2711,0.0944,0.212,0.1222,0.0541,0.269,0.7969,0.1369,0.104,0.0318,0.0563,1.074,0.1033,0.0715,0.421,0.0,0.0103,,137902,16779,0.074,53451,8615,0.098,0.1274,0.1446,0.69,0.0151,0.0239,0.963,0.756,0.0547,0.044,0.4246,0.0857,0.123,478,103,0.131,0.069,0.1057,0.93,1966,22,0.007,0.6967,0.1101,0.096,0.1025,0.1117,0.662,0.0,0.0355,,0.0,0.0355,,0.2629,0.182,0.421,117,86,0.447,328,86,0.159,0.1472,0.0952,0.393,1380,57,0.025,390500,57867,0.09,0.6581,0.4322,0.399,0.5897,0.4488,0.463,0.0732,0.1206,1.002,0.7489,0.1108,0.09,0.0,0.0184,,0.0123,0.0182,0.901,0.0,0.0184,,0.1608,0.0758,0.287,0.1079,0.1161,0.654
420034560012,Tract 4560.01 · BG 2,42003456001,0.0,3491,523,0.091,1217,191,0.095,41.6,4.1,0.06,0.2667,0.0417,0.095,0.1553,0.0493,0.193,0.8737,0.0629,0.044,0.0221,0.0221,0.609,0.0352,0.0279,0.481,0.0212,0.0221,0.634,129904,25682,0.12,58704,9713,0.101,0.0132,0.0161,0.744,0.0055,0.0076,0.845,0.6893,0.0486,0.043,0.471,0.0563,0.073,1227,192,0.095,0.0081,0.0122,0.907,1994,4,0.001,0.9112,0.0157,0.01,0.0163,0.021,0.783,0.0,0.0138,,0.0,0.0138,,0.0526,0.0402,0.465,64,50,0.475,1153,187,0.099,0.0713,0.0656,0.559,954,149,0.095,366600,39020,0.065,0.0,0.375,,0.0,0.1875,,0.1188,0.0741,0.379,0.7562,0.0369,0.03,0.0,0.0066,,0.0,0.0066,,0.0,0.0066,,0.2045,0.0703,0.209,0.0,0.0139,
420034560031,Tract 4560.03 · BG 1,42003456003,0.0,958,351,0.223,286,88,0.187,39.1,11.3,0.176,0.4081,0.0448,0.067,0.1148,0.0698,0.37,0.8382,0.2055,0.149,0.023,0.0398,1.054,0.1211,0.1048,0.526,0.0104,0.0195,1.133,,,,50521,14513,0.175,0.1628,0.1546,0.577,0.0,0.0316,,0.6702,0.1667,0.151,0.5446,0.1413,0.158,338,117,0.21,0.1538,0.2367,0.935,1985,21,0.006,0.784,0.2149,0.167,0.1036,0.1212,0.712,0.0651,0.1186,1.108,0.0,0.0502,,0.2552,0.1282,0.305,73,43,0.358,213,88,0.251,0.2098,0.1156,0.335,985,248,0.153,573900,94271,0.1,0.7671,0.5314,0.421,0.3014,0.5039,1.016,0.3005,0.2441,0.494,0.7211,0.2342,0.197,0.0,0.0316,,0.0,0.0316,,0.0,0.0316,,0.1684,0.1519,0.548,0.0,0.0593,
420034560032,Tract 4560.03 · BG 2,42003456003,0.0,833,232,0.169,430,105,0.148,51.3,8.2,0.097,0.1645,0.0976,0.361,0.3013,0.0948,0.191,0.8427,0.1792,0.129,0.1176,0.1254,0.648,0.0396,0.0467,0.717,0.0,0.0144,,87941,30795,0.213,52045,10184,0.119,0.0,0.0204,,0.0,0.0289,,0.5804,0.1003,0.105,0.5549,0.1388,0.152,487,116,0.145,0.117,0.1765,0.916,1969,7,0.002,0.7495,0.1134,0.092,0.0,0.0348,,0.0,0.0348,,0.0,0.0348,,0.0,0.0279,,0,12,,430,105,0.148,0.0,0.0144,,,,,243800,26671,0.067,,,,,,,0.1372,0.1238,0.548,0.7078,0.159,0.137,0.0655,0.0809,0.751,0.0,0.0302,,0.0,0.0302,,0.2267,0.1361,0.365,0.0,0.0395,
420034560033,Tract 4560.03 · BG 3,42003456003,0.0,3454,690,0.121,1036,201,0.118,37.4,3.9,0.063,0.3674,0.0541,0.09,0.051,0.0298,0.355,0.5735,0.0832,0.088,0.0,0.0035,,0.3486,0.1286,0.224,0.0275,0.029,0.641,179205,38614,0.131,68703,12039,0.107,0.0084,0.0104,0.746,0.0076,0.0119,0.948,0.764,0.2122,0.169,0.7146,0.0411,0.035,1131,190,0.102,0.084,0.0747,0.541,2006,5,0.002,0.7427,0.0608,0.05,0.0363,0.0599,1.004,0.046,0.0693,0.917,0.0186,0.0326,1.066,0.0772,0.0807,0.635,80,85,0.646,956,180,0.114,0.0428,0.034,0.482,1442,405,0.171,447700,93015,0.126,0.0,0.3,,0.0,0.15,,0.1077,0.0716,0.404,0.6952,0.0862,0.075,0.026,0.0238,0.557,0.0,0.0066,,0.0,0.0066,,0.2539,0.0806,0.193,0.0454,0.0422,0.565
420034560034,Tract 4560.03 · BG 4,42003456003,0.0,2268,713,0.191,897,197,0.134,48.8,19.3,0.24,0.231,0.1112,0.293,0.1825,0.0352,0.117,0.8228,0.1481,0.109,0.0216,0.0342,0.961,0.1393,0.1318,0.575,0.0088,0.0147,1.016,171784,23271,0.082,79093,19013,0.146,0.0287,0.0319,0.676,0.0,0.0097,,0.6679,0.1321,0.12,0.676,0.072,0.065,897,197,0.134,0.0,0.0134,,1998,3,0.001,0.5117,0.0861,0.102,0.0212,0.0368,1.055,0.0167,0.0297,1.079,0.0,0.0189,,0.0881,0.0905,0.625,79,83,0.639,818,208,0.155,0.0565,0.0656,0.707,,,,330000,40420,0.074,0.1899,0.3489,1.117,0.0,0.1519,,0.0795,0.072,0.551,0.6699,0.1187,0.108,0.0274,0.0369,0.818,0.0,0.0097,,0.0,0.0097,,0.3027,0.2145,0.431,0.0669,0.0716,0.651
420034560041,Tract 4560.04 · BG 1,42003456004,0.0,2943,634,0.131,1210,184,0.092,41.6,9.9,0.145,0.2175,0.0706,0.197,0.2429,0.0554,0.139,0.7394,0.0638,0.052,0.053,0.0395,0.453,0.0173,0.0276,0.969,0.1189,0.1099,0.562,86474,21171,0.149,47534,8031,0.103,0.0409,0.0323,0.48,0.0173,0.0194,0.682,0.644,0.1151,0.109,0.6459,0.1287,0.121,1269,222,0.106,0.0465,0.0633,0.828,1984,12,0.004,0.3641,0.1196,0.2,0.0,0.0134,,0.1214,0.0759,0.38,0.2372,0.0953,0.244,0.262,0.0935,0.217,317,123,0.236,893,200,0.136,0.1598,0.0621,0.236,1177,115,0.059,332200,56431,0.103,0.7066,0.3336,0.287,0.2618,0.255,0.592,0.1344,0.0926,0.419,0.5564,0.0963,0.105,0.0,0.0082,,0.015,0.0215,0.869,0.0,0.0082,,0.3568,0.1106,0.188,0.057,0.0715,0.762
420034560042,Tract 4560.04 · BG 2,42003456004,0.0,714,251,0.214,229,130,0.345,67.3,8.6,0.078,0.0686,0.0882,0.781,0.605,0.1265,0.127,0.8333,0.1732,0.126,0.0896,0.0672,0.456,0.056,0.0903,0.98,0.0,0.0168,,58551,43756,0.454,27651,5050,0.111,0.0603,0.0782,0.788,0.0921,0.1306,0.862,0.2286,0.1334,0.355,0.2241,0.1217,0.33,269,144,0.325,0.1487,0.2242,0.917,1980,8,0.002,0.2491,0.1071,0.261,0.0,0.0631,,0.0,0.0631,,0.7509,0.2888,0.234,0.7074,0.3366,0.289,162,120,0.45,67,46,0.417,0.5128,0.2926,0.347,1189,726,0.371,359100,169997,0.288,0.7284,0.2896,0.242,0.7284,0.2596,0.217,0.209,0.5764,1.677,0.6581,0.5132,0.474,0.094,0.1953,1.263,0.0,0.1026,,0.0,0.1026,,0.2479,0.3848,0.944,0.4454,0.3385,0.462
420034560043,Tract 4560.04 · BG 3,42003456004,0.0,2637,657,0.151,1133,211,0.113,35.9,14.1,0.239,0.1957,0.0629,0.196,0.1414,0.038,0.164,0.8756,0.0917,0.064,0.022,0.0174,0.48,0.03,0.043,0.872,0.0178,0.0289,0.984,100481,27462,0.166,53761,9443,0.107,0.0258,0.0354,0.834,0.0223,0.0251,0.683,0.8074,0.104,0.078,0.6185,0.0753,0.074,1133,211,0.113,0.0,0.0106,,1990,9,0.003,0.3274,0.1034,0.192,0.0,0.015,,0.2674,0.1264,0.287,0.0274,0.0306,0.679,0.323,0.113,0.213,366,145,0.241,767,182,0.144,0.2466,0.083,0.205,1201,188,0.095,218000,71199,0.199,0.0765,0.0927,0.737,0.0437,0.0661,0.919,0.2177,0.1396,0.39,0.7966,0.1653,0.126,0.0,0.0069,,0.0,0.0069,,0.0,0.0069,,0.1783,0.074,0.252,0.0,0.015,
420034571001,Tract 4571 · BG 1,42003457100,0.0,723,156,0.131,327,75,0.139,40.1,8.8,0.133,0.1701,0.0515,0.184,0.231,0.0732,0.193,0.8741,0.0897,0.062,0.047,0.0487,0.63,0.0,0.0166,,0.0,0.0166,,92875,22469,0.147,42209,7495,0.108,0.065,0.0622,0.581,0.0112,0.0177,0.96,0.7177,0.0764,0.065,0.3024,0.102,0.205,366,76,0.126,0.1066,0.0986,0.563,1952,7,0.002,0.888,0.076,0.052,0.071,0.0809,0.692,0.0,0.0464,,0.0,0.0464,,0.1988,0.1363,0.417,65,47,0.44,262,66,0.153,0.1694,0.1049,0.376,1284,737,0.349,181300,24876,0.083,0.1538,0.2889,1.142,0.0,0.1846,,0.2137,0.1456,0.414,0.7103,0.148,0.127,0.0322,0.031,0.586,0.0,0.0276,,0.0,0.0276,,0.1839,0.078,0.258,0.0153,0.0423,1.683
420034571002,Tract 4571 · BG 2,42003457100,0.0,710,201,0.172,368,81,0.134,42.2,12.1,0.174,0.1408,0.0842,0.363,0.2042,0.0806,0.24,0.8944,0.3553,0.242,0.0056,0.014,1.51,0.0,0.0169,,0.0014,0.0028,1.204,45357,19882,0.266,36968,9273,0.152,0.1984,0.0848,0.26,0.2414,0.1959,0.493,0.6527,0.1773,0.165,0.2321,0.0794,0.208,401,80,0.121,0.0823,0.0908,0.671,1957,14,0.004,0.2668,0.1072,0.244,0.1421,0.0848,0.363,0.2893,0.1326,0.279,0.1945,0.0915,0.286,0.8804,0.0985,0.068,324,80,0.15,44,32,0.442,0.8899,0.1297,0.089,804,216,0.163,,,,0.3549,0.1515,0.26,0.1173,0.1073,0.556,0.4318,0.7997,1.126,0.7208,0.0996,0.084,0.0,0.039,,0.0195,0.0285,0.888,0.0,0.039,,0.0,0.039,,0.2391,0.1101,0.28
420034572001,Tract 4572 · BG 1,42003457200,0.0,456,164,0.219,251,80,0.194,36.9,8.1,0.133,0.1711,0.119,0.423,0.1711,0.116,0.412,0.875,0.1695,0.118,0.0965,0.1315,0.828,0.0,0.0263,,0.0,0.0263,,50972,13707,0.163,41357,15143,0.223,0.1206,0.1018,0.513,0.0648,0.096,0.9,0.7751,0.1262,0.099,0.3726,0.1888,0.308,338,97,0.174,0.2574,0.2217,0.524,1941,7,0.002,0.784,0.1733,0.134,0.145,0.1672,0.701,0.0355,0.0682,1.169,0.0,0.0502,,0.243,0.1528,0.382,61,43,0.429,190,72,0.23,0.2368,0.1609,0.413,950,201,0.129,148100,46678,0.192,0.623,0.4,0.39,0.4262,0.2787,0.398,0.1684,0.2353,0.849,0.573,0.176,0.187,0.0,0.0438,,0.0,0.0438,,0.0,0.0438,,0.3467,0.1813,0.318,0.0757,0.1152,0.925
420034572002,Tract 4572 · BG 2,42003457200,0.0,659,249,0.23,386,124,0.195,44.3,6.3,0.086,0.2382,0.1664,0.424,0.1184,0.0659,0.338,0.8589,0.155,0.11,0.0,0.0182,,0.0,0.0182,,0.0273,0.0397,0.882,60750,19407,0.194,36658,8381,0.139,0.1472,0.0949,0.392,0.0378,0.0575,0.923,0.7143,0.1925,0.164,0.3146,0.1137,0.22,402,119,0.18,0.0398,0.0432,0.66,1957,4,0.001,0.7761,0.2168,0.17,0.1219,0.1403,0.7,0.102,0.0771,0.46,0.0,0.0422,,0.2591,0.1553,0.364,100,68,0.413,286,130,0.276,0.1517,0.0858,0.344,954,64,0.041,119300,58759,0.299,0.69,0.4682,0.413,0.52,0.4723,0.552,0.2308,0.1548,0.408,0.8661,0.1792,0.126,0.0,0.0342,,0.0,0.0342,,0.0,0.0342,,0.0513,0.0558,0.662,0.3316,0.3274,0.6
420034572003,Tract 4572 · BG 3,42003457200,0.0,1104,265,0.146,557,132,0.144,46.2,5.4,0.071,0.1585,0.0568,0.218,0.24,0.0825,0.209,0.9402,0.0492,0.032,0.0009,0.0027,1.818,0.0,0.0109,,0.0217,0.0322,0.9,80924,14318,0.108,48355,7691,0.097,0.0299,0.0241,0.491,0.0199,0.0303,0.927,0.5717,0.0482,0.051,0.3473,0.0949,0.166,651,166,0.155,0.1444,0.1364,0.574,1954,3,0.001,0.8848,0.1345,0.092,0.0415,0.0434,0.636,0.0,0.0261,,0.0737,0.032,0.264,0.1993,0.1028,0.314,111,63,0.345,446,126,0.172,0.2044,0.1133,0.337,1202,604,0.305,168100,43017,0.156,0.3153,0.2415,0.466,0.0901,0.1153,0.778,0.1076,0.1007,0.569,0.6825,0.1067,0.095,0.0399,0.0445,0.678,0.0494,0.0499,0.613,0.0,0.0228,,0.2281,0.1205,0.321,0.0646,0.0928,0.873
420034572004,Tract 4572 · BG 4,42003457200,0.0,1034,231,0.136,614,142,0.141,44.2,9.6,0.132,0.1509,0.0745,0.3,0.3288,0.1196,0.221,0.7921,0.0563,0.043,0.1267,0.0915,0.439,0.0,0.0116,,0.0,0.0116,,54565,15297,0.17,38668,7884,0.124,0.1721,0.1289,0.455,0.0913,0.116,0.773,0.552,0.075,0.083,0.3757,0.0924,0.149,624,139,0.135,0.016,0.0238,0.902,1952,11,0.003,0.4455,0.076,0.104,0.149,0.1191,0.486,0.1619,0.0944,0.355,0.2083,0.1534,0.448,0.5554,0.1537,0.168,341,123,0.219,273,83,0.185,0.4662,0.1502,0.196,872,68,0.047,190700,41855,0.133,0.2815,0.2525,0.545,0.0557,0.0826,0.902,0.0293,0.124,2.572,0.7308,0.1149,0.096,0.0,0.0256,,0.062,0.0839,0.823,0.0,0.0256,,0.2073,0.1156,0.339,0.2329,0.1462,0.382
420034580011,Tract 4580.01 · BG 1,42003458001,0.0,2190,435,0.121,823,142,0.105,46.0,6.6,0.087,0.2507,0.0694,0.168,0.2032,0.0613,0.183,0.9014,0.0712,0.048,0.0521,0.0691,0.807,0.0311,0.0332,0.65,0.0032,0.0054,1.035,125705,25868,0.125,52975,7402,0.085,0.0032,0.0074,1.409,0.0068,0.011,0.979,0.668,0.0612,0.056,0.5169,0.0459,0.054,823,142,0.105,0.0,0.0146,,2005,3,0.001,0.6756,0.1305,0.117,0.0,0.0206,,0.0522,0.0547,0.636,0.0,0.0206,,0.1908,0.0771,0.246,157,69,0.267,666,151,0.138,0.1502,0.0662,0.268,2549,272,0.065,396500,66567,0.102,0.4459,0.2527,0.344,0.2229,0.1931,0.527,0.3018,0.168,0.338,0.7175,0.0975,0.083,0.0114,0.0147,0.784,0.0,0.0105,,0.0,0.0105,,0.1921,0.0784,0.248,0.0,0.0206,
420034580012,Tract 4580.01 · BG 2,42003458001,0.0,2150,386,0.109,1052,181,0.105,54.5,6.0,0.067,0.1158,0.044,0.231,0.327,0.0652,0.121,0.8,0.0922,0.07,0.0526,0.0446,0.516,0.0893,0.0569,0.387,0.0033,0.0051,0.949,100278,30737,0.186,92503,16628,0.109,0.0628,0.0298,0.288,0.025,0.0329,0.8,0.6217,0.0611,0.06,0.6289,0.0501,0.048,1144,183,0.097,0.0804,0.0758,0.573,2001,3,0.001,0.4607,0.091,0.12,0.0,0.0148,,0.1652,0.0777,0.286,0.0472,0.0324,0.417,0.2918,0.0728,0.152,307,93,0.184,745,164,0.134,0.2481,0.0699,0.171,1747,117,0.041,464700,49075,0.064,0.4397,0.2159,0.298,0.1336,0.1375,0.626,0.2228,0.1127,0.308,0.6276,0.1571,0.152,0.0026,0.0042,1.005,0.0,0.0103,,0.0,0.0103,,0.3416,0.0886,0.158,0.0,0.0161,
420034580021,Tract 4580.02 · BG 1,42003458002,0.0,775,277,0.217,279,77,0.168,40.4,4.5,0.068,0.2981,0.0452,0.092,0.1148,0.0705,0.373,0.6903,0.1181,0.104,0.0181,0.0303,1.019,0.0361,0.0593,0.997,0.0735,0.0905,0.748,101518,34356,0.206,40007,11591,0.176,0.0181,0.034,1.145,0.0,0.0288,,0.7647,0.1523,0.121,0.4136,0.1505,0.221,316,83,0.16,0.1171,0.113,0.587,1955,3,0.001,0.8861,0.1529,0.105,0.0443,0.087,1.193,0.0,0.0537,,0.0443,0.0784,1.076,0.2043,0.1549,0.461,57,46,0.491,222,64,0.175,0.2748,0.2019,0.447,,,,203100,111534,0.334,1.0,0.3129,0.19,0.7544,0.3123,0.252,0.1532,0.1869,0.742,0.6779,0.1234,0.111,0.0433,0.0726,1.021,0.0,0.0288,,0.0,0.0288,,0.1827,0.0854,0.284,0.0287,0.0629,1.334
420034580022,Tract 4580.02 · BG 2,42003458002,0.0,2124,517,0.148,804,191,0.144,44.1,7.2,0.099,0.2232,0.0682,0.186,0.1959,0.0724,0.225,0.976,0.038,0.024,0.0042,0.0065,0.934,0.0,0.0056,,0.0,0.0056,,121500,38711,0.194,53687,12127,0.137,0.0351,0.0354,0.614,0.0384,0.0335,0.531,0.6832,0.0312,0.028,0.4564,0.1153,0.154,862,214,0.151,0.0673,0.1066,0.963,1959,14,0.004,0.8411,0.1385,0.1,0.0,0.0197,,0.0,0.0197,,0.0,0.0197,,0.0336,0.0352,0.637,27,29,0.653,777,189,0.148,0.0269,0.028,0.633,2036,1974,0.589,342900,20578,0.036,0.0,0.8889,,0.0,0.4444,,0.1287,0.0883,0.417,0.584,0.1265,0.132,0.0,0.0109,,0.0,0.0109,,0.0,0.0109,,0.2861,0.1111,0.236,0.0,0.0211,
420034580023,Tract 4580.02 · BG 3,42003458002,0.0,1733,369,0.129,970,223,0.14,61.8,6.5,0.064,0.0439,0.0336,0.466,0.4599,0.0963,0.127,0.9325,0.0504,0.033,0.0335,0.0677,1.23,0.0,0.0069,,0.034,0.0491,0.877,90750,20672,0.138,69544,16732,0.146,0.0271,0.0279,0.625,0.0239,0.0276,0.702,0.5305,0.1041,0.119,0.3589,0.0727,0.123,970,223,0.14,0.0,0.0124,,1997,13,0.004,0.5103,0.133,0.158,0.0,0.0175,,0.0,0.0175,,0.0,0.0175,,0.168,0.1359,0.491,163,137,0.511,807,189,0.142,0.1281,0.1169,0.555,1352,479,0.215,277500,59828,0.131,0.5767,0.2789,0.294,0.1166,0.1701,0.887,0.3011,0.1649,0.333,0.7972,0.1743,0.133,0.0152,0.0229,0.917,0.0,0.014,,0.0,0.014,,0.1772,0.0973,0.334,0.0979,0.0973,0.604
420034591011,Tract 4591.01 · BG 1,42003459101,0.0,1760,232,0.08,683,76,0.068,35.8,6.5,0.11,0.2352,0.0638,0.165,0.175,0.0453,0.157,0.8835,0.0593,0.041,0.0943,0.0958,0.617,0.0068,0.0108,0.959,0.0,0.0068,,87821,12641,0.088,43580,6076,0.085,0.1119,0.0774,0.42,0.0171,0.0265,0.944,0.6797,0.0701,0.063,0.4258,0.077,0.11,713,84,0.072,0.0421,0.0474,0.685,1962,5,0.002,0.892,0.0724,0.049,0.0266,0.0452,1.031,0.0,0.0238,,0.0,0.0238,,0.2138,0.0891,0.253,146,63,0.262,537,96,0.109,0.2382,0.1054,0.269,1153,139,0.073,257000,24314,0.058,0.9658,0.1382,0.087,0.3493,0.1591,0.277,0.1713,0.114,0.405,0.6638,0.0649,0.059,0.0,0.013,,0.0,0.013,,0.0,0.013,,0.2375,0.0879,0.225,0.0439,0.0471,0.651
420034591021,Tract 4591.02 · BG 1,42003459102,0.0,2310,538,0.142,895,191,0.13,46.1,4.5,0.059,0.184,0.0763,0.252,0.232,0.0648,0.17,0.8576,0.0845,0.06,0.0403,0.0581,0.878,0.0342,0.0243,0.431,0.0576,0.0587,0.619,135804,25722,0.115,65677,11097,0.103,0.0416,0.0379,0.555,0.02,0.0221,0.674,0.6349,0.1155,0.111,0.5172,0.1281,0.151,914,190,0.126,0.0208,0.0325,0.951,1974,11,0.003,0.9606,0.0921,0.058,0.0263,0.0464,1.075,0.0,0.0186,,0.0,0.0186,,0.0927,0.1337,0.877,83,121,0.886,812,198,0.148,0.087,0.1195,0.835,,,,380900,81345,0.13,1.0,2.0049,1.219,0.1205,0.1821,0.919,0.0862,0.0689,0.486,0.6548,0.1944,0.181,0.0,0.0097,,0.0,0.0097,,0.0,0.0097,,0.1771,0.0789,0.271,0.038,0.042,0.672
420034591022,Tract 4591.02 · BG 2,42003459102,0.0,915,403,0.268,382,136,0.216,53.4,9.4,0.107,0.1104,0.096,0.529,0.3104,0.1785,0.35,0.9639,0.084,0.053,0.0,0.0131,,0.0,0.0131,,0.0,0.0131,,110507,17040,0.094,50876,12534,0.15,0.0197,0.0332,1.026,0.0,0.0244,,0.5597,0.163,0.177,0.3175,0.104,0.199,382,136,0.216,0.0,0.0314,,1982,7,0.002,0.6387,0.168,0.16,0.0,0.0444,,0.0471,0.0804,1.038,0.0,0.0444,,0.1806,0.2294,0.772,69,91,0.802,313,100,0.194,0.1596,0.2,0.762,,,,288700,67653,0.142,0.0,0.3478,,0.0,0.1739,,0.1086,0.1538,0.86,0.7886,0.3418,0.263,0.0,0.0244,,0.0,0.0244,,0.0,0.0244,,0.2114,0.093,0.267,0.0471,0.078,1.006
420034591023,Tract 4591.02 · BG 3,42003459102,0.0,3301,535,0.099,1237,196,0.096,42.3,6.9,0.099,0.2236,0.0607,0.165,0.2293,0.0493,0.131,0.9206,0.0542,0.036,0.013,0.0132,0.614,0.027,0.0324,0.731,0.0285,0.0431,0.92,121932,11026,0.055,56495,7864,0.085,0.0624,0.0417,0.406,0.0468,0.0509,0.661,0.6416,0.1226,0.116,0.4391,0.0967,0.134,1297,199,0.093,0.0463,0.0729,0.958,1988,6,0.002,0.5412,0.0984,0.111,0.0239,0.0247,0.629,0.2398,0.1081,0.274,0.0401,0.0379,0.575,0.3654,0.1264,0.21,452,172,0.231,785,143,0.111,0.3179,0.1221,0.233,1827,86,0.029,331500,53115,0.097,0.1084,0.1035,0.581,0.0708,0.082,0.704,0.0446,0.0613,0.835,0.7569,0.1636,0.131,0.014,0.0214,0.927,0.0,0.0077,,0.0,0.0077,,0.1557,0.0889,0.347,0.0146,0.0275,1.15
420034592011,Tract 4592.01 · BG 1,42003459201,0.0,2178,665,0.186,837,194,0.141,45.2,14.3,0.192,0.2176,0.103,0.288,0.2723,0.114,0.255,0.882,0.3707,0.256,0.0041,0.0068,0.996,0.0,0.0055,,0.0,0.0055,,108819,43284,0.242,54714,17870,0.199,0.0115,0.0137,0.728,0.015,0.0237,0.959,0.6657,0.1388,0.127,0.4449,0.0624,0.085,885,209,0.144,0.0542,0.0849,0.952,1990,6,0.002,0.5672,0.1485,0.159,0.0,0.0192,,0.0,0.0192,,0.0,0.0192,,0.0382,0.0433,0.689,32,37,0.703,805,194,0.147,0.023,0.0262,0.693,,,,161100,48663,0.184,0.5312,0.9001,1.03,0.0,0.375,,0.1752,0.18,0.625,0.5454,0.0586,0.065,0.0,0.0103,,0.0933,0.1404,0.914,0.0,0.0103,,0.2235,0.1384,0.377,0.0167,0.0308,1.118
420034592012,Tract 4592.01 · BG 2,42003459201,0.0,2311,433,0.114,1380,277,0.122,33.1,3.9,0.072,0.0649,0.0307,0.288,0.1328,0.0529,0.242,0.7404,0.1894,0.156,0.0446,0.0574,0.783,0.0727,0.0501,0.419,0.1034,0.12,0.706,75806,27778,0.223,58810,8940,0.092,0.0629,0.0376,0.364,0.0006,0.0017,1.821,0.808,0.2021,0.152,0.473,0.1011,0.13,1454,296,0.124,0.0509,0.0819,0.978,2004,15,0.005,0.2682,0.0995,0.225,0.0358,0.0326,0.553,0.2462,0.1287,0.318,0.4395,0.1355,0.187,0.742,0.0715,0.059,1024,228,0.135,356,162,0.277,0.6812,0.114,0.102,1659,87,0.032,350000,175528,0.305,0.4756,0.1835,0.235,0.1689,0.1141,0.41,0.236,0.3716,0.957,0.8435,0.0445,0.032,0.0146,0.012,0.5,0.0,0.007,,0.0,0.007,,0.0736,0.0438,0.362,0.0116,0.02,1.047
420034592013,Tract 4592.01 · BG 3,42003459201,0.0,2020,433,0.13,976,216,0.135,39.0,4.1,0.064,0.2099,0.0603,0.175,0.1812,0.0771,0.259,0.8079,0.0193,0.015,0.0381,0.0403,0.642,0.1045,0.1157,0.673,0.0094,0.0152,0.983,77692,47186,0.369,55003,11018,0.122,0.0841,0.11,0.795,0.0,0.0105,,0.6904,0.1199,0.106,0.5483,0.1214,0.135,1060,204,0.117,0.0792,0.0854,0.655,1989,8,0.002,0.5349,0.0929,0.106,0.1547,0.1311,0.515,0.084,0.0946,0.685,0.2264,0.0963,0.259,0.3391,0.1125,0.202,331,132,0.242,645,186,0.175,0.3089,0.1298,0.255,1978,284,0.087,323700,71769,0.135,0.3112,0.3083,0.602,0.1239,0.1331,0.653,0.1783,0.1909,0.651,0.7552,0.1325,0.107,0.007,0.0103,0.897,0.0,0.0105,,0.0,0.0105,,0.1503,0.1053,0.426,0.0789,0.0996,0.768
420034592014,Tract 4592.01 · BG 4,42003459201,0.0,739,275,0.226,350,118,0.205,37.8,29.7,0.478,0.18,0.1056,0.357,0.2517,0.0956,0.231,0.8904,0.1142,0.078,0.0338,0.0513,0.921,0.0447,0.0684,0.931,0.0,0.0162,,72500,47864,0.401,44073,7952,0.11,0.0,0.023,,0.0,0.036,,0.5495,0.198,0.219,0.4671,0.2022,0.263,350,118,0.205,0.0,0.0343,,1966,27,0.008,0.5314,0.1764,0.202,0.0543,0.0905,1.013,0.0429,0.0753,1.068,0.2771,0.1764,0.387,0.4286,0.1916,0.272,150,84,0.34,200,91,0.277,0.3532,0.1838,0.316,1355,635,0.285,231300,69295,0.182,0.26,0.2828,0.661,0.0,0.08,,0.07,0.1934,1.68,0.5556,0.1308,0.143,0.0,0.036,,0.0,0.036,,0.0,0.036,,0.4444,0.1764,0.241,0.0571,0.0985,1.047
420034592021,Tract 4592.02 · BG 1,42003459202,0.0,655,87,0.081,474,61,0.078,45.0,8.4,0.113,0.0321,0.0524,0.993,0.2702,0.0646,0.145,0.9221,0.0171,0.011,0.0198,0.0166,0.508,0.0183,0.0212,0.705,0.0183,0.0166,0.551,69167,8488,0.075,60878,8084,0.081,0.1252,0.0925,0.449,0.0293,0.0268,0.557,0.7539,0.0688,0.055,0.6032,0.1,0.101,500,54,0.066,0.052,0.0416,0.487,1974,2,0.001,0.054,0.0557,0.627,0.016,0.0288,1.094,0.172,0.0524,0.185,0.0,0.0339,,0.289,0.1298,0.273,137,64,0.284,337,29,0.052,0.287,0.116,0.246,1496,256,0.104,157100,4910,0.019,0.4891,0.3726,0.463,0.438,0.3623,0.503,0.181,0.0931,0.313,0.6767,0.0751,0.067,0.0345,0.034,0.6,0.0086,0.0107,0.754,0.0,0.0259,,0.2414,0.0771,0.194,0.0253,0.0179,0.429
420034600011,Tract 4600.01 · BG 1,42003460001,0.0,1492,453,0.185,658,150,0.139,59.1,12.1,0.124,0.0905,0.0656,0.441,0.3485,0.0771,0.134,0.8492,0.1629,0.117,0.1408,0.1696,0.733,0.0,0.008,,0.0101,0.0151,0.914,63085,38106,0.367,38072,8453,0.135,0.117,0.0954,0.496,0.0,0.0177,,0.4924,0.0878,0.108,0.3146,0.0818,0.158,658,150,0.139,0.0,0.0182,,1956,2,0.001,0.8693,0.1216,0.085,0.0,0.0258,,0.0836,0.0529,0.385,0.0,0.0258,,0.1687,0.1344,0.484,111,92,0.504,547,151,0.168,0.0751,0.0578,0.468,1620,294,0.11,234400,29056,0.075,1.0,0.2941,0.179,0.8108,0.4696,0.352,0.3035,0.164,0.328,0.6462,0.18,0.169,0.0214,0.0281,0.796,0.0,0.0184,,0.0,0.0184,,0.3047,0.1469,0.293,0.1733,0.1697,0.595
420034600012,Tract 4600.01 · BG 2,42003460001,0.0,1624,530,0.198,608,246,0.246,48.6,20.5,0.256,0.2562,0.045,0.107,0.1872,0.0618,0.201,0.9347,0.1013,0.066,0.0172,0.0182,0.643,0.0,0.0074,,0.0,0.0074,,82381,17646,0.13,41697,7506,0.109,0.0334,0.035,0.637,0.0153,0.0239,0.947,0.7533,0.231,0.186,0.404,0.2255,0.339,608,246,0.246,0.0,0.0197,,1979,37,0.011,0.8438,0.1882,0.136,0.023,0.0431,1.139,0.0576,0.0654,0.69,0.0,0.0279,,0.2697,0.2981,0.672,164,193,0.715,444,142,0.194,0.1979,0.2555,0.785,1142,302,0.161,300000,94324,0.191,0.0915,0.1665,1.106,0.0,0.0732,,0.1441,0.1524,0.643,0.6862,0.5096,0.452,0.0394,0.0594,0.917,0.0,0.0135,,0.0,0.0135,,0.2745,0.1792,0.397,0.1201,0.1109,0.561
420034600013,Tract 4600.01 · BG 3,42003460001,0.0,1726,391,0.138,875,183,0.127,49.1,4.4,0.054,0.1315,0.0662,0.306,0.1964,0.0659,0.204,0.9195,0.092,0.061,0.0168,0.0258,0.933,0.011,0.0172,0.95,0.0081,0.0126,0.945,90095,5436,0.037,49264,6462,0.08,0.055,0.0537,0.593,0.0122,0.019,0.951,0.6491,0.0458,0.043,0.49,0.1433,0.178,922,187,0.123,0.051,0.0807,0.962,1962,3,0.001,0.8525,0.1039,0.074,0.0,0.0184,,0.0,0.0184,,0.0,0.0184,,0.0,0.0137,,0,12,,875,183,0.127,0.0,0.007,,,,,220200,30143,0.083,,,,,,,0.1406,0.1184,0.512,0.7651,0.119,0.095,0.0,0.012,,0.0,0.012,,0.0,0.012,,0.1727,0.1015,0.357,0.056,0.0508,0.551
420034600021,Tract 4600.02 · BG 1,42003460002,0.0,1289,344,0.162,602,128,0.129,36.0,3.5,0.059,0.2211,0.1026,0.282,0.0745,0.0369,0.301,0.8697,0.0813,0.057,0.014,0.023,1.0,0.038,0.0604,0.967,0.0528,0.0549,0.632,85700,14822,0.105,62567,24105,0.234,0.1978,0.1977,0.607,0.0548,0.0675,0.748,0.7629,0.1191,0.095,0.5611,0.134,0.145,602,128,0.129,0.0,0.0199,,2010,9,0.003,0.2907,0.0803,0.168,0.1146,0.1188,0.63,0.1495,0.0817,0.332,0.1794,0.1011,0.343,0.5847,0.1384,0.144,352,112,0.193,250,83,0.202,0.5299,0.1175,0.135,1853,281,0.092,268000,49977,0.113,0.3097,0.161,0.316,0.1562,0.1116,0.434,0.132,0.1713,0.789,0.6644,0.1741,0.159,0.0,0.0166,,0.0,0.0166,,0.0,0.0166,,0.2583,0.1043,0.246,0.0316,0.0396,0.763
420034600022,Tract 4600.02 · BG 2,42003460002,0.0,1603,339,0.129,697,135,0.118,61.3,8.7,0.086,0.1117,0.0551,0.3,0.4517,0.0694,0.093,0.937,0.2726,0.177,0.0087,0.0142,0.99,0.0069,0.0124,1.098,0.0306,0.0545,1.084,99866,30999,0.189,53587,7879,0.089,0.0954,0.0712,0.454,0.0382,0.0399,0.635,0.4561,0.0851,0.113,0.4549,0.1153,0.154,795,162,0.124,0.1233,0.1078,0.532,1977,3,0.001,0.7572,0.0302,0.024,0.0138,0.026,1.143,0.0,0.0213,,0.1447,0.1103,0.464,0.0445,0.0392,0.536,31,28,0.549,666,133,0.121,0.0249,0.0224,0.546,1650,1431,0.527,255000,31550,0.075,0.5484,0.8143,0.903,0.5484,0.4621,0.512,0.1321,0.0873,0.402,0.5421,0.0789,0.088,0.0,0.0191,,0.0,0.0191,,0.0238,0.0408,1.039,0.3895,0.1763,0.275,0.0617,0.0597,0.588
420034600023,Tract 4600.02 · BG 3,42003460002,0.0,815,352,0.263,282,92,0.198,41.9,12.2,0.177,0.2871,0.1246,0.264,0.238,0.0346,0.088,0.7755,0.1879,0.147,0.2245,0.3385,0.917,0.0,0.0147,,0.0,0.0147,,96600,34843,0.219,48100,16363,0.207,0.0135,0.0249,1.12,0.0,0.0306,,0.6479,0.1894,0.178,0.401,0.134,0.203,282,92,0.198,0.0,0.0426,,1984,7,0.002,0.8546,0.1479,0.105,0.0,0.0602,,0.0,0.0602,,0.0,0.0602,,0.1915,0.2292,0.728,54,67,0.754,228,93,0.248,0.2754,0.3413,0.753,,,,289200,31024,0.065,0.0,0.4444,,0.0,0.2222,,0.193,0.2284,0.719,0.5536,0.3088,0.339,0.0,0.0306,,0.0,0.0306,,0.0,0.0306,,0.4082,0.3324,0.495,0.0,0.0602,
420034610001,Tract 4610 · BG 1,42003461000,0.0,1085,160,0.09,594,47,0.048,43.4,5.1,0.071,0.1327,0.043,0.197,0.2276,0.0186,0.05,0.8968,0.0857,0.058,0.0276,0.0208,0.457,0.0,0.0111,,0.0424,0.0345,0.494,61094,9017,0.09,42042,4526,0.065,0.1336,0.043,0.196,0.0427,0.0305,0.434,0.7058,0.1259,0.108,0.3054,0.057,0.113,614,42,0.042,0.0326,0.0325,0.606,1949,5,0.002,0.6368,0.0764,0.073,0.3062,0.0736,0.146,0.0228,0.0312,0.833,0.0,0.0276,,0.4714,0.0847,0.109,280,55,0.119,314,49,0.095,0.435,0.1429,0.2,941,75,0.048,170900,16132,0.057,0.2857,0.0992,0.211,0.1214,0.048,0.24,0.1624,0.0907,0.339,0.7653,0.0681,0.054,0.0129,0.0111,0.526,0.0241,0.0239,0.602,0.0,0.0193,,0.1334,0.0634,0.289,0.0438,0.0224,0.311
420034621001,Tract 4621 · BG 1,42003462100,0.0,316,171,0.329,183,92,0.306,56.2,25.9,0.28,0.0348,0.1226,2.141,0.2848,0.1982,0.423,1.0,0.0,0.0,0.0,0.038,,0.0,0.038,,0.0,0.038,,25649,4028,0.095,21806,9230,0.257,0.5348,0.3312,0.376,0.0,0.1091,,0.3607,0.138,0.233,0.0382,0.0956,1.521,289,112,0.236,0.3668,0.2496,0.414,1955,32,0.01,0.2284,0.2292,0.61,0.3633,0.2326,0.389,0.1972,0.23,0.709,0.0,0.0587,,0.3497,0.2301,0.4,64,53,0.503,119,71,0.363,0.4367,0.2726,0.379,,,,32300,19029,0.358,1.0,0.3248,0.197,1.0,0.0,0.0,0.3445,0.5162,0.911,0.8545,0.2411,0.172,0.0,0.1091,,0.0,0.1091,,0.0,0.1091,,0.1455,0.2163,0.904,0.1311,0.1613,0.748
420034621002,Tract 4621 · BG 2,42003462100,0.0,742,297,0.243,363,123,0.206,55.1,6.9,0.076,0.0,0.0457,,0.3086,0.167,0.329,0.9569,0.0843,0.054,0.0189,0.0259,0.834,0.0,0.0162,,0.0,0.0162,,103264,20853,0.123,52613,7916,0.091,0.004,0.0065,0.984,0.0,0.0316,,0.5121,0.0929,0.11,0.3609,0.1255,0.211,363,123,0.206,0.0,0.0331,,1964,3,0.001,0.9669,0.1227,0.077,0.0,0.0468,,0.0,0.0468,,0.0,0.0468,,0.0854,0.0715,0.509,31,28,0.549,332,116,0.212,0.0665,0.0518,0.474,,,,151200,30242,0.122,1.0,0.9853,0.599,0.5161,0.8481,0.999,0.0783,0.1266,0.983,0.6368,0.2231,0.213,0.0237,0.0381,0.977,0.0,0.0316,,0.0,0.0316,,0.2158,0.1128,0.318,0.0496,0.0848,1.04
420034621003,Tract 4621 · BG 3,42003462100,0.0,1446,426,0.179,612,183,0.182,26.0,5.3,0.124,0.4385,0.093,0.129,0.0864,0.0336,0.236,0.4661,0.1224,0.16,0.5221,0.3074,0.358,0.0118,0.0205,1.058,0.0,0.0083,,32941,15180,0.28,17455,7351,0.256,0.4336,0.3274,0.459,0.0,0.0305,,0.4108,0.0712,0.105,0.1215,0.0755,0.378,643,185,0.175,0.0482,0.0765,0.965,1963,7,0.002,0.5677,0.0729,0.078,0.0389,0.049,0.766,0.0,0.0264,,0.0202,0.0399,1.2,0.5605,0.2112,0.229,343,165,0.292,269,96,0.217,0.6549,0.2317,0.215,1334,52,0.024,116400,80948,0.423,0.2595,0.199,0.466,0.0,0.035,,0.0892,0.1502,1.023,0.434,0.1295,0.181,0.0,0.0305,,0.1701,0.2201,0.787,0.0,0.0305,,0.0584,0.0679,0.707,0.183,0.1529,0.508
420034626001,Tract 4626 · BG 1,42003462600,0.0,937,291,0.189,391,104,0.162,35.3,18.5,0.319,0.2401,0.0997,0.252,0.1473,0.0889,0.367,0.7364,0.1353,0.112,0.2412,0.1792,0.452,0.0,0.0128,,0.0224,0.0334,0.907,62750,37266,0.361,25509,7070,0.168,0.2785,0.2099,0.458,0.1418,0.1063,0.456,0.7091,0.0561,0.048,0.1321,0.0772,0.356,514,142,0.168,0.2393,0.2035,0.517,1938,,,0.823,0.1735,0.128,0.177,0.1505,0.517,0.0,0.033,,0.0,0.033,,0.5524,0.1935,0.213,216,95,0.267,175,76,0.264,0.6179,0.2192,0.216,1165,108,0.056,59400,21945,0.225,0.3009,0.2401,0.485,0.1806,0.1825,0.615,0.0,0.1939,,0.5859,0.1452,0.151,0.0661,0.0639,0.588,0.0,0.0264,,0.0,0.0264,,0.0925,0.1049,0.689,0.0844,0.0957,0.689
420034626002,Tract 4626 · BG 2,42003462600,0.0,767,247,0.196,383,132,0.21,42.8,15.5,0.22,0.0756,0.122,0.981,0.1473,0.0921,0.38,0.7275,0.2035,0.17,0.1069,0.1067,0.607,0.0,0.0156,,0.0769,0.0474,0.374,69107,37652,0.331,37420,8489,0.138,0.2073,0.1116,0.327,0.082,0.1282,0.951,0.7743,0.0936,0.074,0.2517,0.186,0.449,383,132,0.21,0.0,0.0313,,1948,17,0.005,0.6893,0.1879,0.166,0.1932,0.162,0.51,0.1175,0.1862,0.964,0.0,0.0443,,0.4778,0.182,0.232,183,94,0.312,200,117,0.356,0.4407,0.1511,0.208,1566,1029,0.399,117500,68675,0.355,0.4317,0.3127,0.44,0.4317,0.2913,0.41,0.145,0.1577,0.661,0.7738,0.1453,0.114,0.1131,0.0616,0.331,0.0437,0.0718,1.0,0.0,0.0238,,0.0694,0.0671,0.587,0.329,0.1993,0.368
420034626003,Tract 4626 · BG 3,42003462600,0.0,534,215,0.245,286,122,0.259,35.6,18.5,0.316,0.1835,0.1914,0.634,0.1798,0.0713,0.241,0.7584,0.1752,0.14,0.1367,0.1148,0.511,0.0,0.0225,,0.0,0.0225,,38125,22473,0.358,26272,7477,0.173,0.4251,0.234,0.335,0.136,0.1225,0.548,0.5229,0.1673,0.195,0.1582,0.1393,0.535,286,122,0.259,0.0,0.042,,1938,,,0.5909,0.113,0.116,0.2273,0.1572,0.42,0.042,0.0765,1.108,0.0,0.0593,,0.3916,0.1741,0.27,112,69,0.375,174,97,0.339,0.4774,0.2833,0.361,922,749,0.494,93000,67930,0.444,0.5625,0.4453,0.481,0.4821,0.4351,0.549,0.523,0.3221,0.374,0.7766,0.1564,0.122,0.1777,0.146,0.5,0.0,0.0609,,0.0,0.0609,,0.0457,0.0724,0.963,0.2343,0.1911,0.496
420034626004,Tract 4626 · BG 4,42003462600,0.0,1552,512,0.201,629,197,0.19,33.8,10.5,0.189,0.3325,0.1392,0.254,0.1211,0.0645,0.324,0.3853,0.1051,0.166,0.4981,0.2696,0.329,0.0,0.0077,,0.0,0.0077,,58121,3301,0.035,29650,3547,0.073,0.0064,0.009,0.853,0.3075,0.1906,0.377,0.7942,0.0802,0.061,0.2242,0.1955,0.53,767,215,0.17,0.1799,0.1088,0.368,1948,17,0.005,0.4433,0.1153,0.158,0.2021,0.1288,0.387,0.0847,0.0815,0.585,0.0,0.0221,,0.6741,0.2688,0.242,424,215,0.308,205,75,0.222,0.6036,0.2385,0.24,1026,244,0.145,107000,6746,0.038,0.1627,0.1273,0.475,0.0,0.0283,,0.2537,0.2402,0.576,0.8028,0.1588,0.12,0.1025,0.1079,0.64,0.0,0.0186,,0.0,0.0186,,0.0155,0.026,1.019,0.2369,0.2688,0.69
420034639001,Tract 4639 · BG 1,42003463900,0.0,1447,524,0.22,705,248,0.214,53.2,12.3,0.141,0.0864,0.0407,0.286,0.1327,0.0303,0.139,0.4278,0.0683,0.097,0.2142,0.2284,0.648,0.0,0.0083,,0.2101,0.2851,0.825,59777,22656,0.23,31163,7461,0.146,0.2557,0.1419,0.337,0.0112,0.0162,0.884,0.7369,0.2642,0.218,0.1083,0.0382,0.215,748,250,0.203,0.0575,0.0889,0.94,1952,12,0.004,0.75,0.3304,0.268,0.0227,0.0326,0.873,0.0,0.0227,,0.0,0.0227,,0.4199,0.2941,0.426,296,232,0.476,409,137,0.204,0.4734,0.333,0.428,1143,341,0.181,85000,11089,0.079,0.5304,0.1528,0.175,0.2466,0.2567,0.633,0.2934,0.2001,0.415,0.5087,0.2751,0.329,0.0462,0.0497,0.654,0.0533,0.0464,0.529,0.0,0.0123,,0.0503,0.0376,0.455,0.1121,0.0708,0.384
420034639002,Tract 4639 · BG 2,42003463900,0.0,460,238,0.315,310,152,0.298,38.1,25.2,0.402,0.1935,0.097,0.305,0.2239,0.1385,0.376,0.6087,0.2706,0.27,0.3326,0.1961,0.358,0.0239,0.0574,1.459,0.0,0.0261,,,,,34040,16396,0.293,0.3543,0.178,0.305,0.0,0.0714,,0.4528,0.1608,0.216,0.1375,0.1093,0.483,470,184,0.238,0.3404,0.2178,0.389,1938,,,0.2915,0.1511,0.315,0.1851,0.2307,0.758,0.0383,0.0454,0.721,0.317,0.2138,0.41,0.7548,0.2644,0.213,234,141,0.366,76,49,0.392,0.5435,0.1472,0.165,1298,386,0.181,,,,0.3889,0.2582,0.404,0.235,0.1542,0.399,0.0921,0.4426,2.921,0.9345,0.214,0.139,0.0,0.0714,,0.0,0.0714,,0.0,0.0714,,0.0,0.0714,,0.5,0.3062,0.372
420034639003,Tract 4639 · BG 3,42003463900,0.0,1146,449,0.238,424,181,0.26,34.0,8.8,0.157,0.3368,0.0444,0.08,0.1623,0.1126,0.422,0.596,0.1295,0.132,0.233,0.1559,0.407,0.0,0.0105,,0.0,0.0105,,48247,10076,0.127,16433,4423,0.164,0.2364,0.1685,0.433,0.2557,0.2071,0.492,0.4156,0.177,0.259,0.0,0.0329,,493,187,0.231,0.14,0.1447,0.629,1938,,,0.7505,0.1721,0.139,0.0223,0.0414,1.127,0.1014,0.1595,0.956,0.0,0.0344,,0.434,0.1883,0.264,184,112,0.37,240,156,0.395,0.3805,0.2351,0.376,1169,283,0.147,43500,20861,0.292,0.3913,0.244,0.379,0.0652,0.1012,0.943,0.1125,0.1514,0.818,0.6679,0.2825,0.257,0.2481,0.1965,0.481,0.0458,0.071,0.943,0.0,0.0458,,0.0,0.0458,,0.3797,0.2107,0.337
420034643001,Tract 4643 · BG 1,42003464300,0.0,1527,421,0.168,640,135,0.128,40.3,4.9,0.074,0.2554,0.1097,0.261,0.1388,0.0373,0.163,0.7629,0.1517,0.121,0.1356,0.156,0.7,0.0223,0.0342,0.933,0.0,0.0079,,76510,41475,0.33,36617,8869,0.147,0.204,0.1715,0.511,0.0,0.0136,,0.763,0.1244,0.099,0.221,0.0693,0.191,640,135,0.128,0.0,0.0188,,1938,,,0.6656,0.1096,0.1,0.1062,0.0706,0.404,0.0766,0.092,0.73,0.1016,0.1449,0.868,0.3672,0.1827,0.302,235,127,0.329,405,118,0.177,0.3078,0.1786,0.353,911,209,0.139,171200,19498,0.069,0.5021,0.3234,0.391,0.5021,0.311,0.377,0.1136,0.1001,0.536,0.8016,0.1695,0.129,0.0272,0.0308,0.688,0.0215,0.0323,0.912,0.0,0.0136,,0.059,0.0482,0.497,0.2047,0.1554,0.462
420034643002,Tract 4643 · BG 2,42003464300,0.0,802,293,0.222,467,123,0.16,42.2,10.7,0.154,0.1247,0.0845,0.412,0.1696,0.05,0.179,0.8479,0.1664,0.119,0.1185,0.0715,0.367,0.0,0.015,,0.0337,0.0496,0.896,78555,19409,0.15,50721,11583,0.139,0.0486,0.051,0.637,0.026,0.0405,0.947,0.8219,0.166,0.123,0.3546,0.1144,0.196,467,123,0.16,0.0,0.0257,,1938,,,0.5632,0.1544,0.167,0.1649,0.1494,0.551,0.0964,0.1113,0.702,0.1756,0.1382,0.479,0.4411,0.1401,0.193,206,85,0.251,261,96,0.224,0.3117,0.0764,0.149,831,211,0.154,141400,47813,0.206,0.3447,0.2941,0.519,0.1893,0.1988,0.638,0.2031,0.2501,0.749,0.516,0.2464,0.29,0.0569,0.0829,0.886,0.0,0.0214,,0.0,0.0214,,0.2847,0.1349,0.288,0.152,0.107,0.428
420034643003,Tract 4643 · BG 3,42003464300,0.0,970,297,0.186,427,125,0.178,36.2,17.0,0.285,0.2639,0.1047,0.241,0.2206,0.0931,0.257,0.8309,0.0342,0.025,0.0474,0.0801,1.027,0.0113,0.0628,3.366,0.0144,0.018,0.759,48806,17041,0.212,30848,7478,0.147,0.0979,0.0831,0.516,0.1122,0.125,0.678,0.6968,0.1555,0.136,0.2221,0.132,0.361,427,125,0.178,0.0,0.0281,,1942,7,0.002,0.8009,0.1506,0.114,0.0679,0.0685,0.613,0.0585,0.0737,0.765,0.0281,0.052,1.124,0.3888,0.1662,0.26,166,86,0.315,261,102,0.238,0.3,0.1612,0.327,1060,392,0.225,141600,27440,0.118,0.4759,0.3409,0.435,0.1928,0.1857,0.586,0.1916,0.1683,0.534,0.7701,0.0492,0.039,0.0424,0.081,1.161,0.0089,0.0266,1.809,0.0,0.0268,,0.1406,0.1007,0.435,0.0656,0.0601,0.557
420034644001,Tract 4644 · BG 1,42003464400,0.0,1172,590,0.306,511,249,0.296,39.4,29.3,0.452,0.192,0.0903,0.286,0.2696,0.1131,0.255,0.622,0.3131,0.306,0.2517,0.0927,0.224,0.0,0.0102,,0.0,0.0102,,28398,25963,0.556,19542,7231,0.225,0.349,0.3335,0.581,0.0,0.0294,,0.4308,0.1547,0.218,0.1868,0.2566,0.835,600,257,0.26,0.1483,0.1322,0.542,1963,27,0.008,0.5067,0.2767,0.332,0.3017,0.1649,0.332,0.0267,0.0417,0.951,0.0,0.0283,,0.6106,0.1656,0.165,312,174,0.339,199,179,0.547,0.6084,0.2396,0.239,1118,321,0.175,83700,14154,0.103,0.1827,0.1652,0.55,0.109,0.1055,0.589,0.7085,0.6952,0.596,0.3744,0.2406,0.391,0.041,0.069,1.023,0.0,0.0308,,0.0,0.0308,,0.1846,0.1293,0.426,0.1644,0.1694,0.626
420034644002,Tract 4644 · BG 2,42003464400,0.0,707,364,0.313,406,157,0.235,39.7,21.4,0.328,0.1839,0.1704,0.563,0.1216,0.0705,0.352,0.5559,0.0466,0.051,0.0778,0.0905,0.708,0.0,0.017,,0.0,0.017,,26491,11695,0.268,20527,8095,0.24,0.3904,0.2371,0.369,0.0535,0.0864,0.982,0.5511,0.1804,0.199,0.0499,0.0601,0.732,478,175,0.223,0.1506,0.1491,0.602,1960,8,0.002,0.3598,0.1887,0.319,0.1674,0.1533,0.557,0.0439,0.0717,0.992,0.1527,0.1265,0.503,0.8054,0.1748,0.132,327,145,0.27,79,65,0.5,0.8105,0.1962,0.147,791,226,0.174,90200,52506,0.354,0.4771,0.3013,0.384,0.2263,0.1716,0.461,0.1013,0.4262,2.559,0.8173,0.6464,0.481,0.0,0.0399,,0.0,0.0399,,0.0,0.0399,,0.1528,0.2432,0.968,0.2094,0.2422,0.703
420034644003,Tract 4644 · BG 3,42003464400,0.0,854,473,0.337,357,183,0.312,36.8,17.0,0.281,0.1827,0.0539,0.179,0.26,0.1024,0.239,0.5117,0.2415,0.287,0.2307,0.097,0.256,0.0386,0.0377,0.593,0.0,0.0141,,,,,22475,8281,0.224,0.4239,0.1965,0.282,0.3778,0.1829,0.294,0.5599,0.2399,0.26,0.0387,0.0427,0.671,539,216,0.244,0.3377,0.1503,0.271,1938,,,0.525,0.2274,0.263,0.0779,0.0825,0.644,0.0575,0.0963,1.018,0.0501,0.0501,0.607,0.6667,0.2445,0.223,238,150,0.383,119,105,0.536,0.5773,0.1276,0.134,1098,49,0.027,,,,0.7815,0.3828,0.298,0.7815,0.3727,0.29,0.042,0.2726,3.944,0.0607,0.068,0.681,0.0,0.0486,,0.3806,0.4786,0.764,0.0,0.0486,,0.2632,0.1587,0.367,0.3697,0.1155,0.19
420034656001,Tract 4656 · BG 1,42003465600,0.0,1229,279,0.138,691,125,0.11,39.5,10.9,0.168,0.1904,0.1082,0.345,0.1839,0.066,0.218,0.6566,0.1798,0.166,0.2238,0.2171,0.59,0.0382,0.0579,0.921,0.0407,0.0421,0.629,36892,11343,0.187,48056,17915,0.227,0.0692,0.0581,0.51,0.1745,0.1358,0.473,0.8121,0.0799,0.06,0.3486,0.1208,0.211,752,140,0.113,0.0811,0.0959,0.719,1948,8,0.002,0.1556,0.0758,0.296,0.1915,0.1145,0.364,0.258,0.147,0.346,0.1981,0.1017,0.312,0.7019,0.1076,0.093,485,115,0.144,206,79,0.233,0.6306,0.0346,0.033,986,160,0.099,195400,34482,0.107,0.6722,0.1759,0.159,0.5711,0.1742,0.185,0.1359,0.1815,0.812,0.5502,0.2213,0.245,0.1979,0.1473,0.453,0.0435,0.0502,0.702,0.0,0.018,,0.1964,0.1032,0.32,0.3632,0.1269,0.212
420034656002,Tract 4656 · BG 2,42003465600,0.0,1141,286,0.152,628,133,0.129,56.0,12.1,0.131,0.0894,0.0509,0.346,0.4058,0.1226,0.184,0.9045,0.1297,0.087,0.0131,0.0172,0.796,0.0053,0.0131,1.512,0.064,0.0763,0.725,55139,28583,0.315,39604,7612,0.117,0.1596,0.0901,0.343,0.0748,0.055,0.447,0.5184,0.0408,0.048,0.4281,0.1978,0.281,680,144,0.129,0.0765,0.0747,0.594,1938,,,0.4691,0.1719,0.223,0.2647,0.1186,0.272,0.0824,0.078,0.576,0.1588,0.1016,0.389,0.5016,0.1009,0.122,315,92,0.178,313,126,0.245,0.4206,0.0765,0.111,923,128,0.084,202600,18898,0.057,0.619,0.2368,0.233,0.2222,0.1621,0.443,0.0831,0.1195,0.875,0.7909,0.1319,0.101,0.0079,0.0097,0.744,0.002,0.0098,3.036,0.0,0.0237,,0.1972,0.1286,0.396,0.1417,0.0907,0.389
420034658001,Tract 4658 · BG 1,42003465800,0.0,1507,318,0.128,749,145,0.118,36.8,4.8,0.079,0.2077,0.0696,0.204,0.1466,0.0428,0.177,0.7313,0.0533,0.044,0.077,0.0705,0.557,0.0803,0.1088,0.824,0.0836,0.0763,0.555,66354,21998,0.202,40910,9115,0.135,0.1273,0.0699,0.334,0.0188,0.0279,0.901,0.6808,0.0606,0.054,0.3373,0.098,0.177,816,156,0.116,0.0821,0.0718,0.532,1938,,,0.4926,0.0859,0.106,0.3468,0.1287,0.226,0.1373,0.0905,0.401,0.0,0.0208,,0.4393,0.1405,0.194,329,123,0.227,420,105,0.152,0.28,0.0874,0.19,1130,104,0.056,222800,33481,0.091,0.5046,0.1856,0.224,0.1337,0.1306,0.594,0.1619,0.1139,0.428,0.7241,0.0875,0.074,0.0391,0.0591,0.919,0.0,0.0147,,0.0,0.0147,,0.2088,0.0992,0.289,0.0734,0.0583,0.483
420034658002,Tract 4658 · BG 2,42003465800,0.0,1345,407,0.184,562,218,0.236,43.4,21.9,0.307,0.232,0.0682,0.179,0.0944,0.0357,0.23,0.8491,0.1438,0.103,0.1086,0.1151,0.645,0.0,0.0089,,0.0223,0.0305,0.831,107727,80063,0.452,54303,12318,0.138,0.0531,0.0387,0.442,0.039,0.0421,0.656,0.8121,0.2189,0.164,0.411,0.2262,0.335,562,218,0.236,0.0,0.0214,,1938,,,0.7633,0.2615,0.208,0.194,0.1247,0.391,0.0053,0.023,2.624,0.0,0.0302,,0.2349,0.1094,0.283,132,80,0.368,430,223,0.315,0.1627,0.1103,0.412,1188,677,0.346,169300,23283,0.084,0.553,0.4293,0.472,0.2273,0.1613,0.431,0.0465,0.0834,1.09,0.7341,0.3715,0.308,0.0275,0.0402,0.891,0.0012,0.0037,1.799,0.0,0.015,,0.1423,0.073,0.312,0.0534,0.0614,0.699
420034658003,Tract 4658 · BG 3,42003465800,0.0,739,213,0.175,389,115,0.18,48.4,7.8,0.098,0.1083,0.0623,0.35,0.2043,0.1099,0.327,0.8525,0.1345,0.096,0.0731,0.0756,0.629,0.0,0.0162,,0.0,0.0162,,90347,29363,0.198,50945,9015,0.108,0.0609,0.0823,0.821,0.0694,0.076,0.666,0.6409,0.1746,0.166,0.3333,0.1286,0.235,498,125,0.153,0.2189,0.1184,0.329,1951,10,0.003,0.5703,0.1001,0.107,0.3193,0.1504,0.286,0.0,0.0341,,0.0,0.0341,,0.2031,0.1019,0.305,79,46,0.354,310,112,0.22,0.2043,0.1112,0.331,1063,517,0.296,221100,21754,0.06,0.0,0.3038,,0.0,0.1519,,0.1871,0.1543,0.501,0.6343,0.2969,0.285,0.0,0.0299,,0.0,0.0299,,0.0,0.0299,,0.3308,0.0931,0.171,0.0488,0.077,0.958
420034687001,Tract 4687 · BG 1,42003468700,0.0,1179,223,0.115,548,79,0.088,32.1,5.0,0.095,0.2154,0.0746,0.21,0.2095,0.051,0.148,0.7888,0.0926,0.071,0.0543,0.0385,0.431,0.0204,0.0303,0.905,0.0059,0.0084,0.861,69848,13290,0.116,42396,11252,0.161,0.281,0.1726,0.373,0.0431,0.0594,0.837,0.7016,0.0759,0.066,0.3698,0.0884,0.145,616,74,0.073,0.1104,0.0801,0.441,1938,,,0.5195,0.0891,0.104,0.3019,0.1113,0.224,0.0,0.0275,,0.0747,0.0411,0.335,0.5146,0.1106,0.131,282,73,0.157,266,69,0.158,0.5512,0.1364,0.15,818,172,0.128,210300,70789,0.205,0.266,0.1437,0.328,0.1596,0.1357,0.517,0.1165,0.1287,0.671,0.7761,0.1377,0.108,0.0066,0.0148,1.36,0.0299,0.029,0.591,0.0,0.0199,,0.1493,0.062,0.253,0.031,0.0348,0.681
420034687002,Tract 4687 · BG 2,42003468700,0.0,716,251,0.213,295,69,0.142,45.6,21.4,0.285,0.0573,0.0572,0.607,0.2109,0.0113,0.032,0.9539,0.1304,0.083,0.0293,0.0606,1.256,0.0,0.0168,,0.0,0.0168,,113295,26732,0.143,46113,7668,0.101,0.007,0.0208,1.811,0.0229,0.0211,0.559,0.7657,0.1317,0.105,0.3357,0.0721,0.131,295,69,0.142,0.0,0.0407,,1942,12,0.004,0.9017,0.1011,0.068,0.0983,0.0617,0.381,0.0,0.0575,,0.0,0.0575,,0.1729,0.0933,0.328,51,30,0.358,244,67,0.167,0.1634,0.0843,0.314,1185,136,0.07,168100,20922,0.076,0.1373,0.445,1.971,0.0,0.2353,,0.1598,0.1116,0.424,0.6441,0.2176,0.205,0.0895,0.0661,0.449,0.0537,0.0618,0.7,0.0,0.0239,,0.0855,0.0624,0.444,0.0169,0.0487,1.748
420034688001,Tract 4688 · BG 1,42003468800,0.0,608,180,0.18,389,129,0.202,39.7,14.2,0.217,0.2237,0.0851,0.231,0.2697,0.157,0.354,0.847,0.1511,0.108,0.1118,0.1341,0.729,0.0,0.0197,,0.0033,0.0115,2.12,20551,12838,0.38,21511,3634,0.103,0.1546,0.1077,0.424,0.0,0.0502,,0.5064,0.1533,0.184,0.2965,0.139,0.285,423,124,0.178,0.0804,0.0916,0.693,1956,7,0.002,0.4208,0.1434,0.207,0.0567,0.0701,0.751,0.026,0.0467,1.091,0.4539,0.1532,0.205,0.7069,0.1535,0.132,275,109,0.241,114,60,0.32,0.5587,0.1408,0.153,428,112,0.159,106300,30129,0.172,0.2945,0.2595,0.536,0.0,0.0436,,0.4298,0.5592,0.791,0.6402,0.1457,0.138,0.0,0.0502,,0.0418,0.0602,0.874,0.0,0.0502,,0.1046,0.1307,0.759,0.2828,0.1625,0.349
420034688002,Tract 4688 · BG 2,42003468800,0.0,767,228,0.181,367,112,0.186,38.4,5.9,0.093,0.1512,0.0788,0.317,0.1173,0.1099,0.569,0.8057,0.1405,0.106,0.1121,0.1368,0.742,0.0626,0.096,0.933,0.0196,0.0321,0.997,72375,42483,0.357,38125,8927,0.142,0.1167,0.1194,0.622,0.0,0.022,,0.8211,0.0519,0.038,0.2635,0.0754,0.174,367,112,0.186,0.0,0.0327,,1956,9,0.003,0.5504,0.096,0.106,0.2752,0.1491,0.329,0.0,0.0462,,0.1199,0.1955,0.991,0.4768,0.2271,0.29,175,99,0.344,192,72,0.228,0.3598,0.1776,0.3,984,250,0.154,111700,20621,0.112,0.6571,0.3886,0.36,0.4971,0.4169,0.51,0.1406,0.1939,0.838,0.7088,0.0939,0.081,0.0,0.022,,0.0,0.022,,0.0275,0.0413,0.913,0.174,0.0898,0.314,0.1608,0.2011,0.76
420034688003,Tract 4688 · BG 3,42003468800,0.0,1125,323,0.175,667,146,0.133,45.5,10.6,0.142,0.0516,0.0415,0.489,0.248,0.1213,0.297,0.8996,0.1518,0.103,0.0,0.0107,,0.0471,0.0707,0.913,0.0,0.0107,,97689,23321,0.145,68452,20179,0.179,0.0347,0.0279,0.489,0.0093,0.0148,0.965,0.8022,0.1498,0.113,0.3926,0.0177,0.027,687,148,0.131,0.0291,0.0476,0.994,1994,40,0.012,0.3654,0.1137,0.189,0.1572,0.0952,0.368,0.0,0.0247,,0.0,0.0247,,0.1994,0.0971,0.296,133,71,0.325,534,166,0.189,0.1884,0.0919,0.297,855,216,0.154,194800,23782,0.074,0.3534,0.2286,0.393,0.0752,0.1134,0.917,0.1742,0.0984,0.343,0.6195,0.3174,0.312,0.0062,0.0096,0.946,0.0345,0.0526,0.928,0.0,0.0148,,0.2746,0.2102,0.465,0.0135,0.0286,1.291
420034689001,Tract 4689 · BG 1,42003468900,0.0,1097,259,0.144,717,207,0.176,53.8,14.8,0.167,0.103,0.0581,0.343,0.268,0.1178,0.267,0.8669,0.0916,0.064,0.0164,0.0353,1.309,0.041,0.0399,0.591,0.0647,0.1138,1.069,80547,50522,0.381,52373,11317,0.131,0.0283,0.0242,0.522,0.0474,0.0552,0.707,0.7605,0.0905,0.072,0.5315,0.1382,0.158,807,235,0.177,0.1115,0.0884,0.482,1946,4,0.001,0.777,0.1155,0.09,0.0471,0.0371,0.48,0.0805,0.0874,0.659,0.0,0.021,,0.4351,0.1978,0.276,312,168,0.327,405,144,0.216,0.3473,0.153,0.268,1208,474,0.239,166400,29717,0.109,0.1442,0.1336,0.563,0.125,0.1239,0.603,0.316,0.2413,0.464,0.7552,0.1518,0.122,0.0719,0.0704,0.595,0.0,0.0166,,0.0,0.0166,,0.0941,0.0515,0.333,0.0865,0.1185,0.833
420034689002,Tract 4689 · BG 2,42003468900,0.0,654,216,0.201,324,101,0.19,47.0,7.9,0.102,0.208,0.0828,0.242,0.2034,0.0791,0.236,0.7232,0.0711,0.06,0.1361,0.1477,0.66,0.0428,0.072,1.023,0.0321,0.0335,0.635,97344,31267,0.195,53198,18464,0.211,0.0933,0.0972,0.634,0.0776,0.0848,0.665,0.6969,0.2047,0.179,0.4024,0.1615,0.244,363,104,0.174,0.1074,0.1172,0.663,1954,3,0.001,0.6942,0.1236,0.108,0.1212,0.1265,0.635,0.1488,0.1246,0.509,0.0,0.0468,,0.3117,0.186,0.363,101,68,0.409,223,79,0.215,0.3077,0.2015,0.398,897,389,0.264,265900,46439,0.106,0.3564,0.3238,0.552,0.3564,0.25,0.426,0.2332,0.1923,0.501,0.6626,0.2174,0.2,0.0429,0.0678,0.96,0.0,0.0368,,0.0,0.0368,,0.2515,0.1157,0.28,0.1019,0.1219,0.727
420034689003,Tract 4689 · BG 3,42003468900,0.0,1832,423,0.14,910,196,0.131,39.1,3.9,0.061,0.2544,0.1323,0.316,0.191,0.0758,0.241,0.6403,0.0518,0.049,0.2549,0.1909,0.455,0.0109,0.0106,0.591,0.0317,0.0369,0.709,48909,16957,0.211,32984,7019,0.129,0.1528,0.1644,0.654,0.0623,0.0516,0.503,0.7383,0.1102,0.091,0.2816,0.1075,0.232,969,199,0.125,0.0609,0.067,0.668,1957,9,0.003,0.2962,0.1019,0.209,0.0588,0.049,0.506,0.0681,0.0502,0.448,0.5387,0.1146,0.129,0.6945,0.1063,0.093,632,167,0.161,278,115,0.251,0.6736,0.1306,0.118,1037,143,0.084,124500,59450,0.29,0.2674,0.1447,0.329,0.057,0.05,0.534,0.2374,0.2298,0.588,0.4758,0.1786,0.228,0.1042,0.0659,0.384,0.0158,0.0258,0.995,0.0,0.0126,,0.4042,0.1789,0.269,0.1934,0.1037,0.326
420034690001,Tract 4690 · BG 1,42003469000,0.0,1008,251,0.151,521,160,0.187,55.6,15.1,0.165,0.1399,0.0869,0.378,0.2688,0.1088,0.246,1.0,0.0,0.0,0.0,0.0119,,0.0,0.0119,,0.0,0.0119,,83365,43358,0.316,57686,10282,0.108,0.0694,0.0974,0.853,0.0,0.0215,,0.6173,0.1515,0.149,0.5239,0.1596,0.185,550,161,0.178,0.0527,0.0561,0.647,1951,5,0.002,1.0,0.0,0.0,0.0,0.0309,,0.0,0.0309,,0.0,0.0309,,0.0192,0.036,1.14,10,19,1.155,511,161,0.192,0.0208,0.0363,1.06,,,,255300,22571,0.054,1.0,2.0785,1.264,0.0,1.2,,0.0626,0.0932,0.905,0.6792,0.1899,0.17,0.0283,0.0442,0.949,0.0,0.0226,,0.0,0.0226,,0.2925,0.1654,0.344,0.0,0.0326,
420034690002,Tract 4690 · BG 2,42003469000,0.0,2259,310,0.083,1082,178,0.1,48.7,8.2,0.102,0.1784,0.0486,0.166,0.2718,0.0864,0.193,0.8579,0.0811,0.057,0.0274,0.0299,0.661,0.0633,0.0649,0.624,0.0,0.0053,,94382,9924,0.064,53815,8020,0.091,0.0731,0.0516,0.43,0.0,0.0095,,0.663,0.0867,0.08,0.5294,0.102,0.117,1082,178,0.1,0.0,0.0111,,1965,3,0.001,0.9473,0.02,0.013,0.0,0.0157,,0.0527,0.0733,0.846,0.0,0.0157,,0.0619,0.0732,0.719,67,80,0.726,1015,175,0.105,0.0697,0.0712,0.622,,,,260400,24312,0.057,0.0,0.3582,,0.0,0.1791,,0.2443,0.1278,0.318,0.6547,0.1072,0.1,0.0008,0.0024,1.82,0.0088,0.0166,1.154,0.0,0.0095,,0.3039,0.1107,0.222,0.1081,0.1007,0.566
420034690003,Tract 4690 · BG 3,42003469000,0.0,1566,362,0.141,829,177,0.13,34.5,7.3,0.129,0.1169,0.063,0.328,0.1954,0.0866,0.27,0.7561,0.1341,0.108,0.0434,0.0533,0.747,0.1232,0.0894,0.441,0.0,0.0077,,69653,46559,0.406,48437,8485,0.106,0.0466,0.0466,0.608,0.009,0.0147,0.99,0.7563,0.1517,0.122,0.4864,0.0956,0.12,913,186,0.124,0.092,0.1001,0.662,1967,20,0.006,0.5444,0.1182,0.132,0.0186,0.0342,1.115,0.0548,0.053,0.589,0.3823,0.2042,0.325,0.6369,0.1769,0.169,528,185,0.213,301,116,0.234,0.5862,0.2044,0.212,1736,440,0.154,217800,58433,0.163,0.3011,0.169,0.341,0.1402,0.1513,0.656,0.2292,0.1945,0.516,0.702,0.1968,0.17,0.0781,0.091,0.708,0.0,0.0116,,0.0,0.0116,,0.188,0.1321,0.427,0.082,0.0645,0.478
420034703001,Tract 4703 · BG 1,42003470300,0.0,1644,379,0.14,793,173,0.133,48.6,5.4,0.068,0.16,0.0484,0.184,0.2391,0.0843,0.214,0.854,0.1052,0.075,0.0158,0.0191,0.735,0.0347,0.0418,0.733,0.0061,0.0084,0.839,73427,13932,0.115,57299,12743,0.135,0.0377,0.0377,0.607,0.0,0.0158,,0.5356,0.1716,0.195,0.5024,0.1114,0.135,845,183,0.132,0.0615,0.0673,0.665,1971,4,0.001,0.6272,0.0615,0.06,0.0,0.0201,,0.0,0.0201,,0.3266,0.1426,0.265,0.3039,0.1472,0.294,241,128,0.323,552,128,0.141,0.1655,0.0862,0.317,1186,94,0.048,232000,34840,0.091,0.3154,0.1566,0.302,0.1784,0.1463,0.498,0.1486,0.1043,0.427,0.6509,0.1149,0.107,0.0,0.0158,,0.0171,0.0314,1.116,0.0092,0.0157,1.036,0.2569,0.1292,0.306,0.0996,0.0745,0.454
420034703002,Tract 4703 · BG 2,42003470300,0.0,2230,326,0.089,990,121,0.074,64.2,2.3,0.022,0.0928,0.0388,0.254,0.4673,0.0299,0.039,0.9547,0.0668,0.043,0.0444,0.0407,0.558,0.0,0.0054,,0.0,0.0054,,90278,30106,0.203,47105,6473,0.084,0.016,0.0138,0.522,0.027,0.0287,0.647,0.4139,0.0679,0.1,0.4772,0.0596,0.076,1101,118,0.065,0.1008,0.0755,0.455,1959,4,0.001,0.7856,0.0485,0.038,0.0073,0.0154,1.288,0.0,0.0154,,0.1962,0.0538,0.167,0.2131,0.0701,0.2,211,74,0.213,779,108,0.084,0.1814,0.11,0.369,2300,1253,0.331,254900,20330,0.048,0.5687,0.1065,0.114,0.3365,0.1097,0.198,0.2452,0.1076,0.267,0.7687,0.1485,0.117,0.0,0.0145,,0.0,0.0145,,0.0,0.0145,,0.2181,0.1118,0.312,0.0606,0.0409,0.411
420034704001,Tract 4704 · BG 1,42003470400,0.0,786,224,0.173,372,90,0.147,54.6,19.2,0.214,0.1005,0.0658,0.398,0.3028,0.0626,0.126,0.9784,0.3933,0.244,0.0,0.0153,,0.0,0.0153,,0.0,0.0153,,112976,27575,0.148,53809,10070,0.114,0.0509,0.0549,0.656,0.0528,0.0574,0.661,0.5956,0.082,0.084,0.5631,0.1878,0.203,372,90,0.147,0.0,0.0323,,1955,1,0.0,1.0,0.0,0.0,0.0,0.0456,,0.0,0.0456,,0.0,0.0456,,0.0188,0.0292,0.944,7,11,0.955,365,88,0.147,0.0293,0.0463,0.962,,,,249700,28866,0.07,0.0,3.4286,,0.0,1.7143,,0.0247,0.0949,2.339,0.6755,0.1401,0.126,0.0,0.0291,,0.0,0.0291,,0.0,0.0291,,0.201,0.0988,0.299,0.1129,0.1488,0.801
420034704002,Tract 4704 · BG 2,42003470400,0.0,889,380,0.26,413,186,0.274,56.5,2.8,0.03,0.1417,0.0762,0.327,0.1901,0.1147,0.367,0.6569,0.336,0.311,0.0,0.0135,,0.045,0.074,1.0,0.2981,0.3618,0.738,136528,25543,0.114,48521,9951,0.125,0.0079,0.0188,1.451,0.0068,0.0109,0.976,0.5522,0.3514,0.387,0.3135,0.021,0.041,413,186,0.274,0.0,0.0291,,,,,0.9734,0.1133,0.071,0.0266,0.0411,0.939,0.0,0.0411,,0.0,0.0411,,0.0436,0.0598,0.834,18,26,0.878,395,187,0.288,0.0202,0.0279,0.839,,,,255300,27357,0.065,0.0,1.3333,,0.0,0.6667,,0.1013,0.1032,0.62,0.6349,0.3988,0.382,0.0,0.0272,,0.0,0.0272,,0.0,0.0272,,0.3651,0.2312,0.385,0.0,0.0411,
420034704003,Tract 4704 · BG 3,42003470400,0.0,1396,273,0.119,590,110,0.113,37.7,6.0,0.097,0.2521,0.0616,0.148,0.1719,0.0467,0.165,0.9327,0.05,0.033,0.0,0.0086,,0.0064,0.0107,1.006,0.0186,0.0219,0.715,108256,15147,0.085,58317,15891,0.166,0.043,0.0335,0.474,0.0326,0.0432,0.806,0.6575,0.0733,0.068,0.4925,0.0912,0.113,652,105,0.098,0.0951,0.0845,0.54,1954,3,0.001,0.796,0.0469,0.036,0.0,0.026,,0.0,0.026,,0.204,0.0863,0.257,0.1644,0.1005,0.372,97,62,0.389,493,87,0.107,0.0854,0.0504,0.359,2138,811,0.231,240200,12058,0.031,0.9278,0.2686,0.176,0.8763,0.2625,0.182,0.0568,0.079,0.845,0.7366,0.1222,0.101,0.0159,0.0243,0.929,0.0,0.0174,,0.0,0.0174,,0.152,0.0714,0.286,0.1407,0.0938,0.406
420034705011,Tract 4705.01 · BG 1,42003470501,0.0,3496,706,0.123,1436,353,0.149,30.6,2.2,0.044,0.2938,0.0748,0.155,0.0272,0.0219,0.489,0.3524,0.1783,0.307,0.0049,0.0077,0.958,0.5418,0.1446,0.162,0.0066,0.0154,1.422,101667,19063,0.114,44425,10298,0.141,0.1433,0.1595,0.676,0.0073,0.0167,1.381,0.7562,0.1074,0.086,0.7434,0.2052,0.168,1436,353,0.149,0.0,0.0084,,1979,9,0.003,0.1936,0.0891,0.28,0.0306,0.0364,0.722,0.4506,0.198,0.267,0.2444,0.1592,0.396,0.8788,0.1051,0.073,1262,345,0.166,174,87,0.304,0.8526,0.1517,0.108,1280,101,0.048,,,,0.0151,0.0314,1.266,0.0,0.0095,,0.0862,0.2282,1.609,0.3501,0.1423,0.247,0.0417,0.036,0.524,0.0011,0.0127,7.293,0.0,0.0063,,0.5697,0.2418,0.258,0.0689,0.0494,0.435
420034705012,Tract 4705.01 · BG 2,42003470501,0.0,1223,315,0.157,836,186,0.135,59.4,14.9,0.152,0.0327,0.0498,0.925,0.4137,0.1111,0.163,0.9313,0.0767,0.05,0.0417,0.0695,1.013,0.009,0.0162,1.094,0.0,0.0098,,68512,16770,0.149,51336,10824,0.128,0.1398,0.1008,0.438,0.1221,0.0913,0.455,0.581,0.1377,0.144,0.5908,0.1783,0.183,941,186,0.12,0.1116,0.1245,0.678,1974,5,0.002,0.0085,0.0201,1.439,0.0744,0.0932,0.762,0.3741,0.1549,0.252,0.2179,0.092,0.257,0.4031,0.1211,0.183,337,126,0.227,499,152,0.185,0.4636,0.1769,0.232,1315,135,0.062,162400,11536,0.043,0.2641,0.2045,0.471,0.1869,0.167,0.543,0.2565,0.1536,0.364,0.5074,0.1548,0.185,0.0376,0.0574,0.927,0.0213,0.0551,1.576,0.0,0.0196,,0.1555,0.0817,0.319,0.0825,0.0903,0.665
420034705021,Tract 4705.02 · BG 1,42003470502,0.0,1422,350,0.15,586,132,0.137,42.2,10.3,0.148,0.1477,0.064,0.264,0.2082,0.033,0.096,0.8523,0.1392,0.099,0.0134,0.0216,0.98,0.0394,0.054,0.833,0.0,0.0084,,115238,29401,0.155,53109,10298,0.118,0.0345,0.0337,0.594,0.0264,0.0409,0.943,0.6881,0.1704,0.151,0.6415,0.0765,0.073,672,120,0.109,0.128,0.1335,0.634,1963,5,0.002,0.8199,0.1098,0.081,0.0446,0.0545,0.742,0.0,0.0253,,0.0625,0.0741,0.72,0.0887,0.0724,0.496,52,44,0.514,534,136,0.155,0.0745,0.0628,0.512,1857,577,0.189,281900,56843,0.123,0.3846,0.4392,0.694,0.2308,0.2858,0.753,0.0936,0.0652,0.423,0.6539,0.0907,0.084,0.0,0.0148,,0.0456,0.0607,0.81,0.0,0.0148,,0.2599,0.0824,0.193,0.0512,0.0458,0.543
420034705022,Tract 4705.02 · BG 2,42003470502,0.0,1390,303,0.133,558,120,0.131,59.3,14.1,0.145,0.1568,0.0693,0.268,0.3755,0.024,0.039,0.9223,0.1046,0.069,0.0446,0.0271,0.369,0.0,0.0086,,0.0288,0.0383,0.81,114167,17244,0.092,46042,6021,0.079,0.0195,0.0196,0.611,0.0452,0.0348,0.469,0.5789,0.095,0.1,0.4598,0.1071,0.142,659,132,0.122,0.1533,0.1237,0.491,1960,3,0.001,0.6783,0.0773,0.069,0.0,0.0258,,0.0091,0.0236,1.578,0.302,0.091,0.183,0.0806,0.0934,0.704,45,53,0.716,513,117,0.139,0.0464,0.0492,0.644,1181,301,0.155,265800,11631,0.027,0.8222,0.6988,0.517,0.1333,0.1572,0.717,0.1949,0.0983,0.306,0.7959,0.094,0.072,0.0355,0.0388,0.665,0.0,0.0178,,0.0,0.0178,,0.1317,0.0959,0.443,0.0215,0.0385,1.088
420034706001,Tract 4706 · BG 1,42003470600,0.0,1825,348,0.116,871,135,0.094,42.4,7.8,0.112,0.1337,0.0829,0.377,0.1786,0.0521,0.177,0.8515,0.2153,0.154,0.0849,0.1393,0.997,0.023,0.0337,0.89,0.0142,0.0245,1.046,56806,15869,0.17,40151,7709,0.117,0.1534,0.1531,0.607,0.0769,0.0681,0.538,0.7894,0.0868,0.067,0.348,0.1222,0.213,979,126,0.078,0.1103,0.0711,0.392,1951,6,0.002,0.4903,0.1098,0.136,0.0644,0.0581,0.549,0.2676,0.1096,0.249,0.0,0.0173,,0.3812,0.1129,0.18,332,111,0.203,539,131,0.148,0.374,0.1525,0.248,645,376,0.354,161000,18994,0.072,0.1747,0.1933,0.673,0.1446,0.1804,0.758,0.3191,0.1736,0.331,0.7253,0.0881,0.074,0.0481,0.0419,0.529,0.0114,0.0182,0.975,0.0,0.0105,,0.1251,0.0687,0.334,0.0103,0.0211,1.242
420034706002,Tract 4706 · BG 2,42003470600,0.0,450,213,0.288,268,107,0.243,39.7,1.3,0.02,0.06,0.1247,1.263,0.1422,0.1075,0.46,0.8511,0.5661,0.404,0.0511,0.0878,1.045,0.0044,0.0109,1.492,0.0089,0.0173,1.181,66250,7565,0.069,40798,8587,0.128,0.02,0.0416,1.265,0.0,0.0336,,0.844,0.2274,0.164,0.3504,0.1549,0.269,268,107,0.243,0.0,0.0448,,1943,15,0.005,0.3619,0.1457,0.245,0.3209,0.2827,0.536,0.1828,0.1941,0.645,0.0,0.0633,,0.597,0.2919,0.297,160,101,0.384,108,65,0.366,0.5133,0.2805,0.332,1164,741,0.387,117600,59676,0.308,0.1625,0.171,0.64,0.0812,0.0931,0.696,0.1759,0.3416,1.18,0.7563,0.2934,0.236,0.0,0.0336,,0.0,0.0336,,0.0336,0.0591,1.068,0.1821,0.1138,0.38,0.2575,0.1889,0.446
420034706003,Tract 4706 · BG 3,42003470600,0.0,519,209,0.245,257,85,0.201,64.1,6.6,0.063,0.0328,0.078,1.447,0.4586,0.2593,0.344,0.8208,0.1112,0.082,0.0,0.0231,,0.1079,0.1195,0.673,0.0,0.0231,,65268,28730,0.268,39924,11273,0.172,0.0289,0.0486,1.022,0.0538,0.0789,0.891,0.5179,0.2067,0.243,0.0602,0.0807,0.815,313,86,0.167,0.1789,0.1214,0.413,1946,13,0.004,0.7188,0.1622,0.137,0.1789,0.1273,0.433,0.1022,0.0932,0.554,0.0,0.0542,,0.2335,0.1396,0.364,60,41,0.415,197,78,0.241,0.1445,0.0886,0.373,988,268,0.165,148200,37921,0.156,0.5333,0.5446,0.621,0.25,0.3432,0.834,0.132,0.2087,0.961,0.8883,0.2143,0.147,0.0728,0.0948,0.791,0.0,0.0583,,0.0,0.0583,,0.0388,0.0599,0.937,0.0389,0.0767,1.199
420034710001,Tract 4710 · BG 1,42003471000,0.0,1234,130,0.064,675,97,0.087,48.4,5.3,0.067,0.1272,0.026,0.124,0.2196,0.0365,0.101,0.9182,0.0475,0.031,0.0235,0.0193,0.499,0.0065,0.0064,0.605,0.0032,0.0032,0.605,67829,6303,0.056,50688,9127,0.109,0.081,0.036,0.27,0.0656,0.0412,0.382,0.6817,0.0624,0.056,0.2453,0.0547,0.135,761,81,0.065,0.113,0.0444,0.239,1948,7,0.002,0.6991,0.0563,0.049,0.1537,0.0832,0.329,0.0867,0.0444,0.311,0.0158,0.0112,0.431,0.3111,0.0514,0.1,210,46,0.133,465,94,0.123,0.2796,0.0587,0.128,954,54,0.034,150200,19985,0.081,0.219,0.1296,0.36,0.0905,0.0883,0.593,0.1333,0.0601,0.274,0.6594,0.0731,0.067,0.0673,0.0441,0.398,0.019,0.0158,0.505,0.0,0.0175,,0.1374,0.0574,0.254,0.0978,0.0336,0.209
420034721001,Tract 4721 · BG 1,42003472100,0.0,1125,283,0.153,612,148,0.147,35.2,5.0,0.086,0.1484,0.0812,0.332,0.1413,0.0408,0.175,0.7653,0.0119,0.009,0.0124,0.022,1.075,0.0,0.0107,,0.0978,0.112,0.696,69375,23009,0.202,45958,7559,0.1,0.0436,0.0262,0.365,0.0202,0.0207,0.623,0.8215,0.0909,0.067,0.4953,0.0631,0.077,720,143,0.121,0.15,0.094,0.381,1938,,,0.3597,0.1009,0.17,0.2194,0.0919,0.255,0.2958,0.1221,0.251,0.0778,0.0573,0.448,0.6275,0.1216,0.118,384,119,0.188,228,81,0.216,0.5282,0.1308,0.151,1207,158,0.08,230000,49427,0.131,0.276,0.1178,0.259,0.0781,0.0604,0.47,0.0658,0.1475,1.363,0.4806,0.058,0.073,0.1656,0.1082,0.397,0.0213,0.0232,0.66,0.0,0.0151,,0.2447,0.1017,0.253,0.0784,0.0447,0.347
420034721002,Tract 4721 · BG 2,42003472100,0.0,1135,318,0.17,574,102,0.108,42.3,4.8,0.069,0.1718,0.1001,0.354,0.1348,0.0455,0.205,0.8044,0.3145,0.238,0.1903,0.1362,0.435,0.0,0.0106,,0.0,0.0106,,78381,9133,0.071,49559,12339,0.151,0.1445,0.164,0.69,0.0292,0.0258,0.538,0.7962,0.2541,0.194,0.4746,0.1217,0.156,574,102,0.108,0.0,0.0209,,1938,,,0.8118,0.1654,0.124,0.176,0.1162,0.402,0.0,0.0296,,0.0,0.0296,,0.3171,0.1002,0.192,182,66,0.22,392,105,0.163,0.2749,0.1274,0.282,1279,164,0.078,194100,39754,0.125,0.7967,0.1859,0.142,0.5604,0.1929,0.209,0.148,0.1292,0.531,0.4533,0.114,0.153,0.144,0.0669,0.282,0.1013,0.0695,0.417,0.0,0.016,,0.228,0.1138,0.303,0.1551,0.1048,0.411
420034722001,Tract 4722 · BG 1,42003472200,0.0,1241,233,0.114,567,87,0.093,41.3,6.0,0.088,0.2119,0.0821,0.235,0.2103,0.0707,0.204,0.838,0.0933,0.068,0.1023,0.0997,0.592,0.0,0.0097,,0.0,0.0097,,79663,18658,0.142,36686,5710,0.095,0.0653,0.0624,0.581,0.1191,0.0787,0.402,0.7288,0.0779,0.065,0.4275,0.1253,0.178,589,96,0.099,0.0374,0.0454,0.739,1938,,,0.6452,0.1223,0.115,0.2564,0.1162,0.275,0.0407,0.0466,0.695,0.0,0.0288,,0.3369,0.1121,0.202,191,70,0.223,376,91,0.147,0.2288,0.0964,0.256,1079,306,0.172,208200,30070,0.088,0.3874,0.2663,0.418,0.1832,0.1817,0.603,0.242,0.2093,0.526,0.5118,0.1478,0.176,0.0502,0.0474,0.574,0.0455,0.0492,0.658,0.0,0.0188,,0.2057,0.102,0.302,0.1323,0.0892,0.41
420034722002,Tract 4722 · BG 2,42003472200,0.0,955,273,0.174,621,210,0.206,45.2,13.7,0.184,0.0555,0.0558,0.611,0.0827,0.0604,0.444,0.9026,0.137,0.092,0.0346,0.0331,0.583,0.0084,0.0123,0.895,0.0377,0.0544,0.878,76595,25778,0.205,55175,10928,0.12,0.133,0.1508,0.689,0.1227,0.1842,0.912,0.8323,0.1448,0.106,0.5215,0.1632,0.19,648,210,0.197,0.0417,0.065,0.948,1938,,,0.284,0.1201,0.257,0.1698,0.0913,0.327,0.2346,0.2023,0.524,0.0154,0.033,1.3,0.5491,0.2749,0.304,341,206,0.367,280,83,0.18,0.4521,0.2102,0.283,1031,327,0.193,263100,30264,0.07,0.6217,0.4542,0.444,0.3079,0.3889,0.768,0.1607,0.2162,0.818,0.5404,0.1753,0.197,0.1317,0.0655,0.302,0.0,0.018,,0.0,0.018,,0.2695,0.0848,0.191,0.029,0.0377,0.791
420034723001,Tract 4723 · BG 1,42003472300,0.0,990,216,0.133,551,119,0.131,37.0,4.7,0.077,0.103,0.0591,0.349,0.1616,0.0997,0.375,0.9434,0.0626,0.04,0.0242,0.0278,0.697,0.0,0.0121,,0.0182,0.0136,0.454,80938,33870,0.254,47256,9190,0.118,0.0798,0.0442,0.337,0.0476,0.0367,0.468,0.8391,0.0956,0.069,0.4585,0.0494,0.065,579,118,0.124,0.0484,0.0526,0.662,1938,,,0.4231,0.1436,0.206,0.2763,0.0738,0.162,0.19,0.0891,0.285,0.0,0.0293,,0.5517,0.1144,0.126,304,91,0.182,247,105,0.258,0.504,0.1225,0.148,1030,97,0.057,181900,35429,0.118,0.4408,0.1698,0.234,0.1908,0.1366,0.435,0.3077,0.3437,0.679,0.5819,0.1241,0.13,0.0708,0.0574,0.493,0.0375,0.0379,0.614,0.0,0.0167,,0.2722,0.0702,0.157,0.1488,0.0932,0.381
420034723002,Tract 4723 · BG 2,42003472300,0.0,809,193,0.145,392,87,0.135,37.3,5.4,0.088,0.1088,0.0772,0.431,0.1508,0.0623,0.251,0.8554,0.2868,0.204,0.042,0.061,0.882,0.0136,0.017,0.76,0.0779,0.0946,0.739,92500,33387,0.219,59162,12983,0.133,0.026,0.0219,0.512,0.0452,0.0297,0.399,0.7975,0.0404,0.031,0.5827,0.0754,0.079,510,95,0.113,0.2314,0.1324,0.348,1938,,,0.6608,0.1476,0.136,0.2745,0.1174,0.26,0.051,0.0557,0.664,0.0,0.0333,,0.2857,0.1393,0.296,112,60,0.326,280,69,0.15,0.1841,0.075,0.248,1116,27,0.015,236600,21600,0.055,0.5179,0.3904,0.458,0.0,0.1071,,0.175,0.1426,0.495,0.6703,0.1105,0.1,0.0801,0.0667,0.506,0.0273,0.0285,0.633,0.0,0.0219,,0.2113,0.0683,0.197,0.1811,0.1551,0.521
420034724001,Tract 4724 · BG 1,42003472400,0.0,961,274,0.173,394,79,0.122,37.3,2.7,0.044,0.2601,0.0901,0.21,0.1561,0.0316,0.123,0.9344,0.0924,0.06,0.0,0.0125,,0.0052,0.0092,1.08,0.0291,0.0202,0.422,87833,9768,0.068,41132,4643,0.069,0.0676,0.0497,0.447,0.061,0.0535,0.533,0.7633,0.128,0.102,0.6044,0.1475,0.148,429,86,0.122,0.0816,0.068,0.507,1938,,,0.7389,0.2053,0.169,0.1259,0.0756,0.365,0.0396,0.0422,0.648,0.0,0.0396,,0.1244,0.0528,0.258,49,23,0.285,345,79,0.139,0.0739,0.0322,0.265,945,208,0.134,225200,21140,0.057,0.1429,0.4852,2.065,0.0,0.2449,,0.1478,0.0979,0.403,0.4409,0.0832,0.115,0.1126,0.0565,0.305,0.0169,0.024,0.863,0.0,0.0225,,0.4053,0.2194,0.329,0.066,0.0416,0.383
420034724002,Tract 4724 · BG 2,42003472400,0.0,847,159,0.114,402,106,0.16,38.9,6.6,0.103,0.1629,0.0631,0.235,0.2054,0.1187,0.351,0.9115,0.0772,0.052,0.0059,0.0082,0.843,0.0,0.0142,,0.0815,0.1111,0.829,96500,42494,0.268,54049,9948,0.112,0.0649,0.0674,0.631,0.0284,0.0334,0.717,0.7287,0.1008,0.084,0.5653,0.0956,0.103,402,106,0.16,0.0,0.0299,,1938,,,1.0,0.0,0.0,0.0,0.0422,,0.0,0.0422,,0.0,0.0422,,0.0522,0.0478,0.556,21,20,0.579,381,106,0.169,0.0354,0.0324,0.556,1639,1001,0.371,236500,29340,0.075,0.8095,0.8766,0.658,0.4286,0.4654,0.66,0.1181,0.0726,0.373,0.5331,0.0964,0.11,0.0331,0.0323,0.593,0.0623,0.0687,0.671,0.0,0.0233,,0.2996,0.0987,0.2,0.0075,0.0333,2.714
420034731001,Tract 4731 · BG 1,42003473100,0.0,1394,417,0.182,498,129,0.157,39.6,6.1,0.094,0.3113,0.0607,0.119,0.1105,0.0468,0.258,0.8508,0.1341,0.096,0.0,0.0086,,0.0789,0.0745,0.574,0.0086,0.0141,0.997,204783,53811,0.16,85513,27389,0.195,0.0158,0.0178,0.684,0.0066,0.0102,0.946,0.7439,0.1676,0.137,0.7705,0.1404,0.111,516,133,0.157,0.0349,0.0535,0.933,1958,7,0.002,0.8391,0.1002,0.073,0.0,0.0329,,0.0523,0.052,0.604,0.0,0.0329,,0.1084,0.0859,0.481,54,45,0.507,444,126,0.173,0.0595,0.0523,0.534,1375,860,0.38,493000,90758,0.112,0.7222,0.4554,0.383,0.2222,0.3208,0.877,0.2072,0.1393,0.409,0.7765,0.4006,0.314,0.1032,0.1622,0.956,0.0,0.0159,,0.0,0.0159,,0.0847,0.0857,0.615,0.0241,0.0464,1.171
420034731002,Tract 4731 · BG 2,42003473100,0.0,497,180,0.22,230,77,0.204,49.9,20.8,0.253,0.2072,0.1483,0.435,0.2575,0.1308,0.309,0.9014,0.1521,0.103,0.004,0.0079,1.196,0.0,0.0241,,0.0282,0.0513,1.107,235143,66646,0.172,113600,25098,0.134,0.0503,0.0661,0.798,0.0,0.0502,,0.596,0.1168,0.119,0.6658,0.1946,0.178,230,77,0.204,0.0,0.0522,,1938,,,1.0,0.0,0.0,0.0,0.0738,,0.0,0.0738,,0.0,0.0738,,0.0304,0.0556,1.11,7,13,1.129,223,76,0.207,0.0143,0.0261,1.106,,,,465600,139237,0.182,0.0,3.4286,,0.0,1.7143,,0.0852,0.1793,1.279,0.2762,0.207,0.456,0.0084,0.0165,1.195,0.0,0.0502,,0.0,0.0502,,0.682,0.1706,0.152,0.0,0.0738,
420034731003,Tract 4731 · BG 3,42003473100,0.0,893,402,0.274,369,130,0.214,41.5,24.0,0.352,0.3684,0.1954,0.322,0.1534,0.1002,0.397,0.7044,0.4335,0.374,0.0045,0.0099,1.34,0.0,0.0134,,0.0,0.0134,,105647,81853,0.471,52253,22333,0.26,0.0,0.019,,0.0,0.031,,0.6548,0.1185,0.11,0.7177,0.1812,0.153,416,133,0.194,0.113,0.1766,0.95,1946,21,0.007,0.3413,0.1583,0.282,0.2308,0.1644,0.433,0.1635,0.16,0.595,0.1995,0.2187,0.666,0.5881,0.2748,0.284,217,127,0.356,152,84,0.336,0.3774,0.1577,0.254,1087,370,0.207,353700,107927,0.185,0.4009,0.3662,0.555,0.0968,0.151,0.949,0.1184,0.2798,1.436,0.615,0.1411,0.139,0.0,0.031,,0.0,0.031,,0.0,0.031,,0.385,0.1561,0.246,0.1463,0.2241,0.931
420034731004,Tract 4731 · BG 4,42003473100,0.0,614,278,0.275,285,132,0.282,45.1,12.5,0.168,0.2394,0.1311,0.333,0.2801,0.1513,0.328,0.8339,0.1291,0.094,0.0,0.0195,,0.0163,0.025,0.933,0.0,0.0195,,132952,68372,0.313,76938,26032,0.206,0.0,0.0276,,0.0303,0.0548,1.098,0.7066,0.2658,0.229,0.9091,0.5609,0.375,407,148,0.221,0.2998,0.2845,0.577,1938,,,0.5995,0.1719,0.174,0.0467,0.0846,1.102,0.2064,0.2019,0.595,0.0,0.0417,,0.3614,0.2636,0.443,103,89,0.525,182,88,0.294,0.1678,0.1235,0.447,1157,540,0.284,347700,40191,0.07,0.3301,0.249,0.459,0.3301,0.1459,0.269,0.033,0.19,3.503,0.6562,0.541,0.501,0.0,0.0375,,0.0,0.0375,,0.0,0.0375,,0.3438,0.1946,0.344,0.0526,0.0975,1.126
420034731005,Tract 4731 · BG 5,42003473100,0.0,1193,491,0.25,554,152,0.167,36.5,16.1,0.268,0.2724,0.1233,0.275,0.1769,0.049,0.168,0.9899,0.0582,0.036,0.0,0.0101,,0.0101,0.0154,0.929,0.0,0.0101,,100781,44897,0.271,46398,13344,0.175,0.0461,0.0409,0.54,0.0,0.0145,,0.8526,0.1798,0.128,0.7204,0.2783,0.235,554,152,0.167,0.0,0.0217,,1938,,,0.4675,0.2219,0.289,0.0487,0.0812,1.013,0.1191,0.1018,0.519,0.3646,0.1348,0.225,0.5325,0.1475,0.168,295,115,0.237,259,142,0.333,0.2892,0.0246,0.052,671,200,0.181,368400,76407,0.126,0.2237,0.2125,0.577,0.0814,0.1318,0.985,0.3475,0.4226,0.739,0.5357,0.1973,0.224,0.052,0.0652,0.762,0.1536,0.1126,0.446,0.0339,0.0512,0.919,0.2249,0.0497,0.134,0.2599,0.1335,0.312
420034732001,Tract 4732 · BG 1,42003473200,0.0,818,154,0.114,401,69,0.105,46.2,7.2,0.095,0.1711,0.0846,0.3,0.2298,0.0879,0.233,0.7335,0.1011,0.084,0.0147,0.0231,0.956,0.121,0.1338,0.672,0.022,0.0241,0.666,92574,52468,0.345,59467,14035,0.143,0.121,0.0811,0.407,0.0454,0.0532,0.714,0.6125,0.1097,0.109,0.5094,0.1395,0.167,401,69,0.105,0.0,0.0299,,1957,8,0.002,0.4464,0.0918,0.125,0.0948,0.0886,0.568,0.0,0.0423,,0.4115,0.1494,0.221,0.4988,0.1404,0.171,200,66,0.201,201,54,0.163,0.4377,0.1301,0.181,1233,155,0.076,283100,12636,0.027,0.4,0.1829,0.278,0.16,0.1022,0.388,0.2239,0.2082,0.565,0.4347,0.1619,0.226,0.1116,0.083,0.452,0.0641,0.0669,0.634,0.0,0.0285,,0.2922,0.1639,0.341,0.1796,0.1109,0.376
420034732002,Tract 4732 · BG 2,42003473200,0.0,1176,173,0.089,565,88,0.095,37.1,5.1,0.084,0.2398,0.0778,0.197,0.1548,0.0592,0.233,0.9184,0.0053,0.004,0.0204,0.0245,0.729,0.0051,0.0076,0.907,0.0,0.0102,,67034,24230,0.22,70826,23984,0.206,0.0306,0.0271,0.538,0.0131,0.0196,0.906,0.7919,0.0787,0.06,0.6401,0.1174,0.112,599,109,0.111,0.0568,0.0879,0.941,1938,,,0.3122,0.0763,0.149,0.2554,0.1547,0.368,0.2604,0.1074,0.251,0.1586,0.0774,0.297,0.646,0.1435,0.135,365,99,0.165,200,50,0.152,0.4723,0.1234,0.159,1250,166,0.081,363900,107219,0.179,0.4438,0.1367,0.187,0.2027,0.1103,0.331,0.17,0.2071,0.741,0.6317,0.1624,0.156,0.0177,0.0257,0.882,0.0341,0.0487,0.869,0.0,0.0164,,0.2838,0.1266,0.271,0.1044,0.0773,0.45
420034732003,Tract 4732 · BG 3,42003473200,0.0,1234,327,0.161,623,139,0.136,42.8,12.6,0.179,0.1677,0.0439,0.159,0.3541,0.066,0.113,0.8079,0.0675,0.051,0.0259,0.0342,0.801,0.0,0.0097,,0.1467,0.1169,0.484,111771,42786,0.233,65953,10692,0.099,0.0673,0.0597,0.54,0.0,0.0203,,0.5635,0.1272,0.137,0.6898,0.0599,0.053,674,123,0.111,0.0757,0.0804,0.646,1952,14,0.004,0.4318,0.1613,0.227,0.0341,0.0387,0.689,0.2552,0.1214,0.289,0.2656,0.0746,0.171,0.3258,0.1304,0.243,203,93,0.278,420,118,0.171,0.2634,0.172,0.397,1059,181,0.104,305000,35433,0.071,0.2266,0.1666,0.447,0.2266,0.1314,0.353,0.2095,0.1227,0.356,0.4315,0.1792,0.252,0.0,0.0205,,0.0205,0.0264,0.78,0.0,0.0205,,0.4812,0.1435,0.181,0.1204,0.114,0.576
420034733001,Tract 4733 · BG 1,42003473300,0.0,1196,386,0.196,484,139,0.175,47.9,5.2,0.066,0.2734,0.0944,0.21,0.2968,0.0675,0.138,0.8771,0.1443,0.1,0.0518,0.093,1.09,0.0109,0.0291,1.625,0.0602,0.0916,0.925,88056,76177,0.526,50289,14623,0.177,0.0435,0.0569,0.795,0.0,0.0243,,0.5612,0.1671,0.181,0.5556,0.1322,0.145,684,177,0.157,0.2924,0.2074,0.431,1966,7,0.002,0.5497,0.1532,0.169,0.0,0.0248,,0.0,0.0248,,0.4152,0.1519,0.222,0.3492,0.183,0.319,169,101,0.363,315,101,0.195,0.175,0.0901,0.313,,,,376000,65399,0.106,0.8817,0.1771,0.122,0.6982,0.2913,0.254,0.2254,0.1902,0.513,0.527,0.1525,0.176,0.0,0.0232,,0.0,0.0232,,0.0,0.0232,,0.3533,0.1857,0.32,0.2293,0.1558,0.413
420034733002,Tract 4733 · BG 2,42003473300,0.0,1612,521,0.196,706,226,0.195,45.4,7.4,0.099,0.206,0.077,0.227,0.1886,0.1229,0.396,0.9373,0.0501,0.033,0.0006,0.0019,1.813,0.062,0.0959,0.94,0.0,0.0074,,136618,23478,0.104,64738,15512,0.146,0.1427,0.1752,0.746,0.0252,0.0388,0.938,0.9,0.1497,0.101,0.712,0.3252,0.278,706,226,0.195,0.0,0.017,,1948,17,0.005,0.7054,0.2269,0.196,0.1275,0.095,0.453,0.0439,0.0323,0.447,0.0,0.024,,0.2054,0.0975,0.288,145,83,0.348,561,222,0.241,0.2313,0.1627,0.428,1415,424,0.182,337000,19086,0.034,0.4759,0.466,0.595,0.4,0.4561,0.693,0.041,0.0827,1.226,0.5405,0.2639,0.297,0.0552,0.0481,0.529,0.0009,0.0017,1.193,0.0,0.0107,,0.3019,0.0946,0.191,0.0,0.024,
420034733003,Tract 4733 · BG 3,42003473300,0.0,1049,356,0.206,416,121,0.177,35.8,7.6,0.129,0.3317,0.1172,0.215,0.1554,0.0663,0.259,0.9418,0.1021,0.066,0.0,0.0114,,0.0143,0.0243,1.033,0.02,0.0327,0.992,126944,35290,0.169,56212,14660,0.159,0.0,0.0162,,0.0681,0.0724,0.647,0.7978,0.1324,0.101,0.7461,0.1118,0.091,416,121,0.177,0.0,0.0288,,1948,4,0.001,0.9688,0.0972,0.061,0.0312,0.0617,1.2,0.0,0.0408,,0.0,0.0408,,0.0769,0.0985,0.778,32,42,0.798,384,128,0.203,0.0811,0.118,0.884,,,,319700,80062,0.152,0.0,0.75,,0.0,0.375,,0.0729,0.1479,1.233,0.6541,0.1573,0.146,0.0,0.0226,,0.0,0.0226,,0.0,0.0226,,0.3214,0.1241,0.235,0.0,0.0408,
420034733004,Tract 4733 · BG 4,42003473300,0.0,936,304,0.197,389,125,0.195,49.2,19.8,0.245,0.2447,0.0804,0.2,0.3632,0.0424,0.071,0.9177,0.1394,0.092,0.0053,0.0224,2.546,0.0321,0.0502,0.952,0.0449,0.0646,0.875,97708,15215,0.095,51080,11198,0.133,0.1505,0.0953,0.385,0.0265,0.0464,1.064,0.5601,0.2147,0.233,0.6049,0.1737,0.175,389,125,0.195,0.0,0.0308,,1938,,,0.6452,0.1476,0.139,0.108,0.1586,0.893,0.0,0.0436,,0.2031,0.1403,0.42,0.3548,0.216,0.37,138,95,0.418,251,99,0.24,0.1649,0.0964,0.355,857,648,0.46,342700,29036,0.052,0.471,0.2591,0.334,0.1667,0.2423,0.884,0.1554,0.1807,0.707,0.505,0.1694,0.204,0.047,0.0783,1.012,0.0396,0.0613,0.941,0.0,0.0297,,0.4084,0.1897,0.282,0.1697,0.1313,0.471
420034733005,Tract 4733 · BG 5,42003473300,0.0,1016,492,0.294,416,232,0.339,33.3,2.6,0.047,0.1585,0.1055,0.405,0.0413,0.074,1.089,0.9488,0.0616,0.039,0.0,0.0118,,0.0,0.0118,,0.0217,0.0349,0.979,153780,4101,0.016,60367,15996,0.161,0.0,0.0167,,0.0,0.0164,,0.8561,0.1964,0.139,0.5762,0.0939,0.099,416,232,0.339,0.0,0.0288,,1959,24,0.007,0.9351,0.1241,0.081,0.0,0.0408,,0.0,0.0408,,0.0168,0.0749,2.704,0.4255,0.451,0.644,177,212,0.728,239,104,0.265,0.3346,0.361,0.656,2218,105,0.029,308300,53934,0.106,0.0,0.1356,,0.0,0.0678,,0.0669,0.1666,1.512,0.4645,0.3543,0.464,0.0219,0.0318,0.885,0.0,0.0164,,0.0,0.0164,,0.3033,0.2317,0.464,0.0,0.0408,
420034734011,Tract 4734.01 · BG 1,42003473401,0.0,986,344,0.212,357,118,0.201,39.3,1.7,0.026,0.3195,0.0557,0.106,0.0781,0.0451,0.351,0.8002,0.1714,0.13,0.0,0.0122,,0.0396,0.0456,0.701,0.0,0.0122,,96708,56832,0.357,69956,20718,0.18,0.0568,0.0703,0.752,0.0,0.023,,0.7127,0.0487,0.042,0.5287,0.1648,0.19,357,118,0.201,0.0,0.0336,,1942,6,0.002,0.7227,0.1716,0.144,0.0392,0.074,1.148,0.1989,0.2313,0.707,0.0392,0.069,1.069,0.4398,0.2843,0.393,157,114,0.441,200,73,0.222,0.3529,0.2793,0.481,,,,432700,59893,0.084,0.3885,0.417,0.652,0.0892,0.1243,0.847,0.035,0.1675,2.91,0.4667,0.1235,0.161,0.0294,0.0296,0.612,0.0118,0.0212,1.094,0.0235,0.0323,0.834,0.4686,0.2712,0.352,0.1989,0.2313,0.707
420034734012,Tract 4734.01 · BG 2,42003473401,0.0,699,261,0.227,319,95,0.181,42.8,8.2,0.116,0.2089,0.0914,0.266,0.1302,0.0725,0.338,0.97,0.0848,0.053,0.0,0.0172,,0.0,0.0172,,0.0,0.0172,,107227,19362,0.11,53432,7353,0.084,0.0129,0.0259,1.225,0.0257,0.0386,0.914,0.774,0.14,0.11,0.4557,0.2111,0.282,319,95,0.181,0.0,0.0376,,1944,7,0.002,0.5643,0.1507,0.162,0.116,0.0985,0.516,0.0658,0.1053,0.973,0.0,0.0532,,0.4545,0.2331,0.312,145,86,0.361,174,47,0.164,0.3834,0.2803,0.444,864,779,0.548,357100,95964,0.163,0.0,0.1655,,0.0,0.0828,,0.2011,0.2922,0.883,0.7602,0.2256,0.18,0.1559,0.0973,0.38,0.0288,0.0419,0.885,0.0,0.0288,,0.0288,0.0369,0.78,0.2006,0.1798,0.545
420034734013,Tract 4734.01 · BG 3,42003473401,0.0,956,203,0.129,437,92,0.128,37.3,5.7,0.093,0.1998,0.0875,0.266,0.137,0.0619,0.275,0.9006,0.0217,0.015,0.0157,0.0228,0.882,0.0157,0.027,1.046,0.0,0.0126,,77604,34504,0.27,81603,24267,0.181,0.0209,0.0228,0.662,0.0274,0.0458,1.017,0.7011,0.0228,0.02,0.673,0.0903,0.082,475,92,0.118,0.08,0.0956,0.726,1949,16,0.005,0.3663,0.072,0.119,0.1158,0.1098,0.576,0.3747,0.1363,0.221,0.1263,0.1076,0.518,0.5561,0.1582,0.173,243,86,0.215,194,52,0.163,0.41,0.1405,0.208,923,69,0.045,581000,115598,0.121,0.3169,0.1671,0.321,0.1523,0.1202,0.48,0.0412,0.1746,2.574,0.5581,0.1301,0.142,0.0863,0.079,0.557,0.1004,0.0617,0.374,0.0,0.0211,,0.1866,0.0945,0.308,0.222,0.1224,0.335
420034734014,Tract 4734.01 · BG 4,42003473401,0.0,1294,347,0.163,421,92,0.133,40.2,5.3,0.08,0.3771,0.0411,0.066,0.1406,0.0395,0.171,0.8995,0.0642,0.043,0.0162,0.0204,0.764,0.0332,0.0549,1.005,0.0224,0.0287,0.78,207969,77410,0.226,106240,30025,0.172,0.058,0.0469,0.492,0.0,0.0219,,0.6458,0.0661,0.062,0.8411,0.13,0.094,474,97,0.124,0.1118,0.1073,0.583,1956,6,0.002,0.8354,0.0963,0.07,0.0,0.0358,,0.1646,0.1117,0.413,0.0,0.0358,,0.1235,0.0985,0.485,52,43,0.503,369,92,0.152,0.0765,0.0737,0.586,843,290,0.209,686500,79897,0.071,0.3846,0.5383,0.851,0.3846,0.3605,0.57,0.1491,0.1005,0.41,0.484,0.1565,0.197,0.0527,0.0372,0.429,0.0923,0.1028,0.677,0.0,0.0226,,0.2881,0.1182,0.249,0.0475,0.065,0.832
420034734021,Tract 4734.02 · BG 1,42003473402,0.0,1035,243,0.143,504,118,0.142,48.8,7.4,0.092,0.2135,0.0653,0.186,0.2473,0.0885,0.218,0.8396,0.0391,0.028,0.0,0.0116,,0.0213,0.0246,0.704,0.0415,0.0601,0.879,63684,29682,0.283,67910,30943,0.277,0.1111,0.1122,0.614,0.1408,0.1281,0.553,0.5847,0.1034,0.107,0.5198,0.0818,0.096,536,129,0.146,0.0597,0.0978,0.996,1962,7,0.002,0.5373,0.1129,0.128,0.0149,0.0328,1.336,0.0541,0.0618,0.694,0.3937,0.2181,0.337,0.5079,0.1488,0.178,256,96,0.228,248,70,0.172,0.257,0.0704,0.167,931,173,0.113,404500,71693,0.108,0.707,0.3694,0.318,0.5742,0.3628,0.384,0.2218,0.1562,0.428,0.6506,0.1917,0.179,0.0,0.0289,,0.0723,0.0734,0.617,0.0,0.0289,,0.2337,0.1311,0.341,0.1369,0.1009,0.448
420034734022,Tract 4734.02 · BG 2,42003473402,0.0,1167,613,0.319,410,159,0.236,36.4,10.0,0.167,0.3093,0.1203,0.236,0.0626,0.0187,0.182,0.9923,0.0578,0.035,0.0,0.0103,,0.0,0.0103,,0.0069,0.0114,1.015,165147,47678,0.176,58820,15936,0.165,0.0034,0.0039,0.69,0.0577,0.0456,0.481,0.8943,0.1714,0.117,0.6297,0.3661,0.353,421,161,0.232,0.0261,0.0391,0.91,1955,7,0.002,0.7102,0.2726,0.233,0.0784,0.073,0.567,0.0,0.0403,,0.0,0.0403,,0.2244,0.0628,0.17,92,44,0.291,318,167,0.319,0.1833,0.0471,0.156,1722,136,0.048,403800,212930,0.321,0.6739,0.3974,0.358,0.0,0.1304,,0.0346,0.1149,2.02,0.3878,0.2521,0.395,0.0219,0.0226,0.629,0.0496,0.039,0.478,0.0,0.0175,,0.2434,0.0762,0.19,0.0,0.0414,
420034734023,Tract 4734.02 · BG 3,42003473402,0.0,1592,250,0.095,576,81,0.085,45.9,6.2,0.082,0.2563,0.0627,0.149,0.2513,0.0485,0.117,0.9717,0.0313,0.02,0.0,0.0075,,0.0276,0.0247,0.544,0.0,0.0075,,161250,45612,0.172,83304,14927,0.109,0.0,0.0107,,0.0,0.0166,,0.5993,0.057,0.058,0.8102,0.0522,0.039,639,107,0.102,0.0986,0.1146,0.707,1957,5,0.002,0.8106,0.0954,0.072,0.0125,0.0265,1.286,0.0,0.0266,,0.0125,0.0265,1.286,0.0,0.0208,,0,12,,576,81,0.085,0.0,0.0075,,,,,406100,36882,0.055,,,,,,,0.0816,0.0929,0.692,0.662,0.1064,0.098,0.0503,0.0381,0.461,0.0,0.0168,,0.0,0.0168,,0.2444,0.0881,0.219,0.0,0.0295,
420034735001,Tract 4735 · BG 1,42003473500,0.0,795,340,0.26,243,74,0.185,45.2,22.9,0.308,0.3975,0.1896,0.29,0.0881,0.0594,0.41,0.9145,0.1602,0.107,0.0,0.0151,,0.0088,0.0172,1.188,0.0767,0.079,0.626,250001,,,118856,29792,0.152,0.0075,0.0194,1.561,0.0224,0.0351,0.953,0.6905,0.2005,0.176,0.9667,0.4437,0.279,243,74,0.185,0.0,0.0494,,1938,,,1.0,0.0,0.0,0.0,0.0698,,0.0,0.0698,,0.0,0.0698,,0.0412,0.0646,0.955,10,16,0.973,233,74,0.193,0.0377,0.0569,0.916,,,,663800,109132,0.1,0.0,2.4,,0.0,1.2,,0.176,0.1775,0.613,0.596,0.2983,0.304,0.0516,0.0527,0.621,0.0258,0.0415,0.978,0.0,0.0344,,0.3009,0.0823,0.166,0.0,0.0698,
420034735002,Tract 4735 · BG 2,42003473500,0.0,910,345,0.23,330,104,0.192,41.3,9.1,0.134,0.2505,0.0851,0.207,0.1341,0.0593,0.269,0.8868,0.467,0.32,0.0,0.0132,,0.0,0.0132,,0.0176,0.0255,0.882,193333,22222,0.07,72703,15970,0.134,0.0,0.0186,,0.0159,0.0251,0.957,0.7031,0.191,0.165,0.8797,0.3531,0.244,330,104,0.192,0.0,0.0364,,1951,7,0.002,0.9091,0.3998,0.267,0.0,0.0514,,0.0394,0.0776,1.198,0.0515,0.0824,0.973,0.0909,0.0958,0.641,30,33,0.669,300,92,0.186,0.1121,0.1213,0.658,,,,381600,55802,0.089,0.5667,0.8865,0.951,0.0,0.4,,0.0567,0.1172,1.258,0.4777,0.2629,0.335,0.0749,0.0773,0.627,0.0344,0.057,1.007,0.0,0.0243,,0.3016,0.2239,0.451,0.0,0.0514,
420034735003,Tract 4735 · BG 3,42003473500,0.0,1942,272,0.085,632,92,0.088,45.1,3.3,0.044,0.2765,0.0611,0.134,0.1967,0.0394,0.122,0.7822,0.0814,0.063,0.0165,0.0179,0.659,0.0407,0.0309,0.462,0.0803,0.0754,0.57,139286,42718,0.186,54946,7938,0.088,0.0334,0.047,0.856,0.0068,0.0113,1.005,0.6023,0.0929,0.094,0.62,0.0978,0.096,761,125,0.1,0.1695,0.1605,0.576,1947,9,0.003,0.8791,0.1053,0.073,0.0302,0.0509,1.023,0.0631,0.0555,0.535,0.0053,0.0189,2.19,0.0728,0.0688,0.575,46,44,0.581,586,95,0.099,0.0854,0.0789,0.562,,,,451300,54044,0.073,0.5,0.5,0.608,0.3696,0.4128,0.679,0.198,0.1219,0.374,0.6628,0.1484,0.136,0.0174,0.0206,0.718,0.007,0.0104,0.902,0.0,0.014,,0.2779,0.0728,0.159,0.0142,0.0303,1.294
420034736011,Tract 4736.01 · BG 1,42003473601,0.0,1037,303,0.178,392,116,0.18,43.0,9.0,0.127,0.2758,0.0905,0.199,0.1871,0.0507,0.165,0.7821,0.3022,0.235,0.0,0.0116,,0.0289,0.0267,0.56,0.0,0.0116,,184167,99253,0.328,105057,28951,0.168,0.2035,0.2023,0.604,0.0,0.0245,,0.661,0.0801,0.074,0.8038,0.3041,0.23,392,116,0.18,0.0,0.0306,,1955,2,0.001,1.0,0.0,0.0,0.0,0.0433,,0.0,0.0433,,0.0,0.0433,,0.0,0.0306,,0,12,,392,116,0.18,0.0,0.0116,,,,,673800,76591,0.069,,,,,,,0.125,0.1228,0.597,0.6141,0.173,0.171,0.0121,0.0199,0.997,0.0,0.0242,,0.0,0.0242,,0.3414,0.129,0.23,0.0,0.0433,
420034736012,Tract 4736.01 · BG 2,42003473601,0.0,1559,277,0.108,642,142,0.134,46.1,8.4,0.111,0.2514,0.0591,0.143,0.3329,0.0847,0.155,0.8845,0.0497,0.034,0.0398,0.0352,0.538,0.0,0.0077,,0.0263,0.0311,0.718,175577,79645,0.276,88610,16994,0.117,0.0353,0.0466,0.801,0.0463,0.0537,0.705,0.5836,0.1113,0.116,0.7215,0.1187,0.1,699,140,0.122,0.0815,0.0458,0.342,1958,6,0.002,0.6681,0.125,0.114,0.02,0.0356,1.081,0.0887,0.0543,0.372,0.113,0.0671,0.361,0.215,0.0911,0.258,138,66,0.291,504,127,0.153,0.1247,0.0583,0.284,2444,1241,0.309,461800,29512,0.039,0.6812,0.2361,0.211,0.3986,0.2279,0.348,0.0794,0.0838,0.642,0.6515,0.1469,0.137,0.0,0.0188,,0.0,0.0188,,0.0,0.0188,,0.3281,0.1007,0.187,0.1402,0.0836,0.363
420034736013,Tract 4736.01 · BG 3,42003473601,0.0,1409,255,0.11,570,89,0.095,48.4,5.4,0.068,0.2158,0.062,0.175,0.2292,0.0677,0.18,0.8722,0.0885,0.062,0.0305,0.0458,0.912,0.039,0.0463,0.721,0.0277,0.0251,0.55,121071,41296,0.207,53375,5973,0.068,0.0192,0.0182,0.577,0.0116,0.0153,0.801,0.6728,0.0659,0.06,0.7929,0.1028,0.079,622,94,0.092,0.0836,0.0956,0.695,1946,4,0.001,0.8473,0.0772,0.055,0.0,0.0273,,0.0322,0.0517,0.978,0.1045,0.0856,0.498,0.1035,0.0773,0.454,59,45,0.464,511,88,0.105,0.067,0.0536,0.486,1328,99,0.045,314100,41315,0.08,0.2203,0.4717,1.302,0.0,0.2034,,0.1448,0.086,0.361,0.6711,0.1251,0.113,0.0756,0.0537,0.432,0.004,0.0093,1.414,0.0,0.0159,,0.2334,0.0871,0.227,0.0,0.0298,
420034736021,Tract 4736.02 · BG 1,42003473602,0.0,440,163,0.225,186,58,0.19,33.9,19.8,0.355,0.2364,0.1581,0.407,0.1909,0.1127,0.359,0.9818,0.0703,0.044,0.0,0.0273,,0.0,0.0273,,0.0,0.0273,,170069,42153,0.151,59997,9456,0.096,0.0,0.0386,,0.0431,0.0685,0.965,0.7589,0.1756,0.141,0.6935,0.1738,0.152,273,95,0.212,0.3187,0.2712,0.517,1955,2,0.001,1.0,0.0,0.0,0.0,0.0622,,0.0,0.0622,,0.0,0.0622,,0.0591,0.1059,1.089,11,20,1.105,175,59,0.205,0.0773,0.131,1.031,,,,316300,35968,0.069,1.0,1.8895,1.149,0.0,1.0909,,0.0457,0.1954,2.599,0.8643,0.5181,0.364,0.0,0.0543,,0.0,0.0543,,0.0,0.0543,,0.1357,0.1418,0.635,0.0,0.0912,
420034736022,Tract 4736.02 · BG 2,42003473602,0.0,1985,507,0.155,700,130,0.113,49.1,13.3,0.165,0.2222,0.0682,0.186,0.3149,0.0875,0.169,0.6665,0.0137,0.012,0.0,0.006,,0.1668,0.135,0.492,0.0,0.006,,137708,44243,0.195,57720,12638,0.133,0.0353,0.0395,0.681,0.0,0.0132,,0.5673,0.0751,0.08,0.6484,0.1024,0.096,700,130,0.113,0.0,0.0171,,1955,2,0.001,0.9814,0.2572,0.159,0.0,0.0242,,0.0,0.0242,,0.0,0.0242,,0.1257,0.1119,0.541,88,80,0.553,612,139,0.138,0.1263,0.1069,0.515,1917,338,0.107,354700,46190,0.079,0.1364,0.312,1.391,0.1364,0.2039,0.909,0.1879,0.1009,0.326,0.4879,0.08,0.1,0.0,0.0132,,0.0,0.0132,,0.0,0.0132,,0.3852,0.1401,0.221,0.0571,0.0615,0.654
420034736023,Tract 4736.02 · BG 3,42003473602,0.0,752,218,0.176,326,94,0.175,55.4,7.9,0.087,0.1316,0.0773,0.357,0.3152,0.1266,0.244,0.9043,0.147,0.099,0.0,0.016,,0.0957,0.1328,0.843,0.0,0.016,,144219,68011,0.287,63986,12996,0.123,0.0612,0.0861,0.856,0.0,0.0265,,0.6603,0.1172,0.108,0.6016,0.1355,0.137,326,94,0.175,0.0,0.0368,,1955,3,0.001,0.9049,0.056,0.038,0.0,0.0521,,0.0491,0.0839,1.039,0.0,0.0521,,0.0491,0.0754,0.934,16,25,0.95,310,87,0.171,0.0652,0.0979,0.914,,,,258800,52610,0.124,0.0,1.5,,0.0,0.75,,0.1258,0.1593,0.77,0.7439,0.1701,0.139,0.0,0.0265,,0.0155,0.0305,1.199,0.0,0.0265,,0.1501,0.0938,0.38,0.0,0.0521,
420034736024,Tract 4736.02 · BG 4,42003473602,0.0,1184,239,0.123,665,122,0.112,67.4,10.5,0.095,0.1334,0.0911,0.415,0.5304,0.0861,0.099,0.7872,0.1103,0.085,0.076,0.0483,0.386,0.1368,0.1098,0.488,0.0,0.0101,,66083,23747,0.218,54652,9947,0.111,0.0975,0.0741,0.462,0.0,0.0341,,0.3336,0.1128,0.206,0.4786,0.1148,0.146,665,122,0.112,0.0,0.018,,1973,4,0.001,0.1759,0.0662,0.229,0.012,0.0254,1.285,0.0226,0.0415,1.118,0.7895,0.1274,0.098,0.4977,0.1504,0.184,331,117,0.215,334,83,0.151,0.4799,0.1481,0.188,1387,151,0.066,151300,46378,0.186,0.4834,0.2088,0.263,0.2598,0.1043,0.244,0.3653,0.1883,0.313,0.5824,0.2529,0.264,0.0483,0.0774,0.975,0.0,0.0341,,0.0,0.0341,,0.3267,0.1296,0.241,0.2632,0.1256,0.29
420034741011,Tract 4741.01 · BG 1,42003474101,0.0,2213,485,0.133,855,160,0.114,41.3,3.2,0.047,0.3073,0.0601,0.119,0.1401,0.0298,0.129,0.7858,0.1115,0.086,0.0,0.0054,,0.0985,0.0438,0.27,0.0325,0.0364,0.679,107938,39504,0.222,49201,7564,0.093,0.0859,0.0712,0.504,0.046,0.0352,0.465,0.6904,0.1579,0.139,0.6687,0.0598,0.054,878,156,0.108,0.0262,0.0407,0.945,1958,4,0.001,0.9043,0.051,0.034,0.0239,0.0376,0.956,0.0433,0.0294,0.413,0.0159,0.0284,1.083,0.1696,0.0767,0.275,145,71,0.298,710,141,0.121,0.1534,0.0676,0.268,1731,500,0.176,320600,18475,0.035,0.5931,0.3727,0.382,0.4759,0.391,0.5,0.1887,0.1004,0.323,0.6202,0.2924,0.287,0.0125,0.0192,0.932,0.0,0.0107,,0.0,0.0107,,0.3405,0.1491,0.266,0.007,0.0175,1.515
420034741012,Tract 4741.01 · BG 2,42003474101,0.0,2129,445,0.127,643,99,0.094,42.3,3.1,0.045,0.2912,0.043,0.09,0.1212,0.0384,0.193,0.8713,0.0884,0.062,0.007,0.0107,0.923,0.0573,0.0405,0.43,0.0211,0.0269,0.773,244750,21650,0.054,101702,24179,0.145,0.0183,0.0186,0.618,0.0195,0.0207,0.645,0.7265,0.1013,0.085,0.8691,0.2748,0.192,643,99,0.094,0.0,0.0187,,1990,24,0.007,1.0,0.0,0.0,0.0,0.0264,,0.0,0.0264,,0.0,0.0264,,0.0,0.0187,,0,12,,643,99,0.094,0.0,0.0056,,,,,600600,65059,0.066,,,,,,,0.2255,0.1043,0.281,0.4518,0.0123,0.017,0.0413,0.0573,0.843,0.0118,0.0135,0.695,0.0,0.0118,,0.4154,0.1689,0.247,0.0,0.0264,
420034741021,Tract 4741.02 · BG 1,42003474102,0.0,2125,284,0.081,785,102,0.079,44.9,8.6,0.116,0.2725,0.0636,0.142,0.2414,0.0414,0.104,0.8894,0.0569,0.039,0.0009,0.0019,1.213,0.0762,0.0517,0.412,0.0,0.0056,,210694,31337,0.09,87771,10547,0.073,0.0273,0.0256,0.571,0.0342,0.036,0.639,0.5914,0.0471,0.048,0.8196,0.0733,0.054,894,106,0.072,0.1219,0.0906,0.452,1972,5,0.002,0.8177,0.0702,0.052,0.0,0.019,,0.0123,0.026,1.287,0.1141,0.0783,0.417,0.1096,0.0764,0.424,86,61,0.431,699,86,0.075,0.0495,0.0338,0.415,,,,615100,59840,0.059,0.6395,0.1861,0.177,0.3953,0.2265,0.348,0.1474,0.0803,0.331,0.5494,0.107,0.118,0.0054,0.0097,1.09,0.0413,0.0441,0.65,0.0,0.013,,0.367,0.0939,0.155,0.1478,0.0845,0.347
420034741022,Tract 4741.02 · BG 2,42003474102,0.0,1522,425,0.17,558,140,0.153,39.5,5.0,0.077,0.3042,0.0394,0.079,0.1689,0.0366,0.132,0.8384,0.3259,0.236,0.0959,0.1461,0.926,0.0112,0.0161,0.878,0.0,0.0079,,193750,83163,0.261,64912,12186,0.114,0.0322,0.0329,0.621,0.0155,0.0228,0.897,0.6982,0.0413,0.036,0.7416,0.0758,0.062,588,136,0.141,0.051,0.0859,1.024,1955,5,0.002,0.8384,0.0362,0.026,0.0,0.0289,,0.0,0.0289,,0.1616,0.0905,0.341,0.1864,0.1125,0.367,104,68,0.397,454,118,0.158,0.0976,0.0549,0.342,1407,371,0.16,433500,28452,0.04,0.7019,0.4181,0.362,0.5865,0.418,0.433,0.0617,0.08,0.789,0.6693,0.1678,0.152,0.0,0.0159,,0.0,0.0159,,0.0,0.0159,,0.3081,0.096,0.189,0.1326,0.1075,0.493
420034742011,Tract 4742.01 · BG 1,42003474201,0.0,1233,236,0.116,420,69,0.1,52.5,6.8,0.079,0.1768,0.0526,0.181,0.3114,0.0858,0.168,0.7956,0.0781,0.06,0.0308,0.0344,0.678,0.15,0.114,0.462,0.0,0.0097,,192500,47784,0.151,79916,13557,0.103,0.0381,0.0289,0.46,0.0633,0.0404,0.388,0.6412,0.0639,0.061,0.7892,0.2164,0.167,433,66,0.093,0.03,0.0483,0.978,1974,2,0.001,0.8152,0.0883,0.066,0.0162,0.0346,1.299,0.0231,0.0424,1.117,0.0,0.0392,,0.0786,0.0581,0.45,33,25,0.461,387,67,0.105,0.056,0.045,0.489,1607,713,0.27,471900,46387,0.06,0.303,0.7239,1.452,0.303,0.3568,0.716,0.1189,0.0887,0.454,0.6063,0.1511,0.151,0.0397,0.032,0.491,0.0,0.019,,0.0,0.019,,0.3143,0.051,0.099,0.0143,0.0356,1.516
420034742012,Tract 4742.01 · BG 2,42003474201,0.0,1417,280,0.12,513,124,0.147,45.7,7.7,0.102,0.1934,0.0399,0.125,0.1517,0.0338,0.135,0.8243,0.1081,0.08,0.0,0.0085,,0.1397,0.0808,0.352,0.0134,0.0203,0.92,165990,8533,0.031,64668,8927,0.084,0.0064,0.0105,1.006,0.081,0.1161,0.872,0.7534,0.1194,0.096,0.7095,0.2217,0.19,532,124,0.142,0.0357,0.0482,0.82,1968,2,0.001,1.0,0.0,0.0,0.0,0.0319,,0.0,0.0319,,0.0,0.0319,,0.0253,0.0266,0.638,13,14,0.655,500,125,0.152,0.0141,0.0153,0.658,,,,401600,42793,0.065,0.4615,1.6699,2.199,0.0,0.9231,,0.172,0.0837,0.296,0.6438,0.1277,0.121,0.0125,0.0135,0.657,0.0,0.015,,0.0,0.015,,0.2662,0.0557,0.127,0.0078,0.0261,2.034
420034742021,Tract 4742.02 · BG 1,42003474202,0.0,2277,404,0.108,1049,136,0.079,53.1,6.4,0.073,0.1647,0.0746,0.275,0.3588,0.0482,0.082,0.8147,0.116,0.087,0.0272,0.0304,0.678,0.1282,0.1204,0.571,0.0299,0.0312,0.635,111594,39729,0.216,88099,15076,0.104,0.0331,0.0313,0.575,0.0467,0.0405,0.528,0.5346,0.1332,0.151,0.6914,0.1513,0.133,1112,122,0.067,0.0567,0.0608,0.653,1984,5,0.002,0.4442,0.1053,0.144,0.0,0.0153,,0.0459,0.0452,0.599,0.4424,0.1344,0.185,0.4948,0.1038,0.128,519,128,0.15,530,125,0.143,0.388,0.0687,0.108,2216,123,0.034,542800,134753,0.151,0.5145,0.1513,0.179,0.2505,0.1089,0.264,0.0736,0.0859,0.709,0.8041,0.1427,0.108,0.0122,0.019,0.945,0.0,0.0122,,0.0,0.0122,,0.15,0.0905,0.367,0.0677,0.0492,0.442
420034742022,Tract 4742.02 · BG 2,42003474202,0.0,3304,643,0.118,1035,192,0.113,41.4,6.0,0.088,0.2588,0.0308,0.072,0.1238,0.0483,0.237,0.885,0.0906,0.062,0.0,0.0036,,0.0754,0.0398,0.321,0.0121,0.0195,0.981,199194,28103,0.086,68339,9518,0.085,0.0015,0.0042,1.685,0.0252,0.0231,0.559,0.5751,0.1914,0.202,0.7707,0.0713,0.056,1035,192,0.113,0.0,0.0116,,1971,5,0.002,0.9681,0.0465,0.029,0.0,0.0164,,0.0,0.0164,,0.0,0.0164,,0.0,0.0116,,0,12,,1035,192,0.113,0.0,0.0036,,,,,444800,29232,0.04,,,,,,,0.1865,0.1452,0.474,0.523,0.0752,0.087,0.0816,0.0556,0.415,0.0,0.0084,,0.0,0.0084,,0.3452,0.047,0.083,0.0,0.0164,
420034742031,Tract 4742.03 · BG 1,42003474203,0.0,1372,418,0.185,573,212,0.225,43.9,12.3,0.17,0.2668,0.1081,0.246,0.2216,0.0952,0.261,0.9227,0.1212,0.08,0.0,0.0087,,0.0394,0.0352,0.543,0.035,0.0506,0.88,85083,40449,0.289,53803,8714,0.098,0.0,0.0124,,0.0,0.0173,,0.6065,0.0788,0.079,0.6902,0.1709,0.15,579,212,0.223,0.0104,0.0168,0.988,1958,4,0.001,1.0,0.0,0.0,0.0,0.0293,,0.0,0.0293,,0.0,0.0293,,0.0244,0.0355,0.884,14,21,0.912,559,212,0.231,0.0386,0.0601,0.945,,,,320100,88405,0.168,0.0,1.7143,,0.0,0.8571,,0.0608,0.0697,0.697,0.6921,0.2308,0.203,0.0345,0.0382,0.673,0.0,0.0173,,0.0,0.0173,,0.2101,0.0689,0.199,0.0,0.0296,
420034742032,Tract 4742.03 · BG 2,42003474203,0.0,584,183,0.19,254,69,0.165,57.1,16.0,0.17,0.1747,0.0852,0.297,0.3408,0.0816,0.146,0.9007,0.1618,0.109,0.0,0.0205,,0.0993,0.1069,0.654,0.0,0.0205,,111667,80931,0.441,75122,22866,0.185,0.0719,0.0843,0.713,0.0346,0.0505,0.887,0.5996,0.1128,0.114,0.7342,0.1241,0.103,254,69,0.165,0.0,0.0472,,1969,10,0.003,1.0,0.0,0.0,0.0,0.0668,,0.0,0.0668,,0.0,0.0668,,0.0,0.0472,,0,12,,254,69,0.165,0.0,0.0207,,,,,383000,45307,0.072,,,,,,,0.2717,0.1611,0.361,0.6165,0.2244,0.221,0.0,0.043,,0.0,0.043,,0.0,0.043,,0.3082,0.0634,0.125,0.0394,0.078,1.205
420034742033,Tract 4742.03 · BG 3,42003474203,0.0,2687,413,0.093,865,110,0.077,41.3,5.5,0.081,0.281,0.0539,0.117,0.1682,0.0315,0.114,0.8869,0.1927,0.132,0.0004,0.0011,1.821,0.0521,0.0291,0.339,0.0257,0.0295,0.699,182212,37277,0.124,76463,12239,0.097,0.0041,0.0054,0.799,0.0241,0.0188,0.476,0.7275,0.057,0.048,0.7625,0.07,0.056,888,104,0.071,0.0259,0.0416,0.975,1976,2,0.001,1.0,0.0,0.0,0.0,0.0191,,0.0,0.0191,,0.0,0.0191,,0.0,0.0139,,0,12,,865,110,0.077,0.0,0.0045,,,,,411100,26613,0.039,,,,,,,0.1422,0.076,0.325,0.5787,0.0934,0.098,0.0447,0.031,0.422,0.0,0.0085,,0.0,0.0085,,0.3298,0.0554,0.102,0.0,0.0196,
420034751011,Tract 4751.01 · BG 1,42003475101,0.0,968,446,0.28,491,222,0.275,49.6,14.8,0.181,0.1457,0.0721,0.301,0.3006,0.136,0.275,1.0,0.0,0.0,0.0,0.0124,,0.0,0.0124,,0.0,0.0124,,118196,30118,0.155,55183,20334,0.224,0.155,0.2474,0.971,0.0426,0.0628,0.895,0.6326,0.2209,0.212,0.4724,0.0565,0.073,491,222,0.275,0.0,0.0244,,1952,7,0.002,1.0,0.0,0.0,0.0,0.0346,,0.0,0.0346,,0.0,0.0346,,0.2281,0.339,0.904,112,174,0.944,379,154,0.247,0.2025,0.2912,0.874,,,,281900,34898,0.075,0.0,0.2143,,0.0,0.1071,,0.2348,0.3307,0.856,0.6957,0.5427,0.474,0.0557,0.0576,0.629,0.0,0.0223,,0.0,0.0223,,0.2486,0.2873,0.702,0.0,0.0346,
420034751012,Tract 4751.01 · BG 2,42003475101,0.0,613,256,0.254,302,105,0.211,58.1,5.3,0.055,0.1126,0.0895,0.483,0.3263,0.101,0.188,0.9429,0.1123,0.072,0.0571,0.1067,1.136,0.0,0.0196,,0.0,0.0196,,77833,34377,0.268,51720,15596,0.183,0.0375,0.0695,1.126,0.0,0.0346,,0.6003,0.1878,0.19,0.421,0.1474,0.213,338,111,0.2,0.1065,0.1346,0.768,1952,5,0.002,0.9231,0.0912,0.06,0.0,0.0502,,0.0,0.0502,,0.0,0.0502,,0.0861,0.1324,0.935,26,41,0.959,276,101,0.222,0.0424,0.0645,0.924,,,,206300,54161,0.16,1.0,0.7994,0.486,0.0,0.4615,,0.0942,0.1537,0.992,0.804,0.0459,0.035,0.0,0.0346,,0.1239,0.1945,0.954,0.0,0.0346,,0.072,0.0685,0.578,0.0662,0.1108,1.017
420034751013,Tract 4751.01 · BG 3,42003475101,0.0,1375,389,0.172,630,174,0.168,52.2,11.5,0.134,0.1927,0.0795,0.251,0.3127,0.1186,0.23,0.92,0.1485,0.098,0.0,0.0087,,0.0218,0.0417,1.163,0.008,0.0166,1.259,125606,65585,0.317,64085,11874,0.113,0.0487,0.0582,0.727,0.0749,0.0853,0.692,0.6131,0.1486,0.147,0.5324,0.1011,0.115,630,174,0.168,0.0,0.019,,1958,2,0.001,0.6889,0.1351,0.119,0.0,0.0269,,0.0,0.0269,,0.2746,0.2519,0.558,0.3222,0.139,0.262,203,104,0.311,427,141,0.201,0.2009,0.097,0.294,1544,315,0.124,238700,71996,0.183,0.5074,0.5653,0.677,0.4532,0.565,0.758,0.1171,0.1149,0.597,0.7391,0.2,0.165,0.021,0.0319,0.924,0.0,0.018,,0.0,0.018,,0.2144,0.1046,0.297,0.1635,0.1941,0.722
420034751014,Tract 4751.01 · BG 4,42003475101,0.0,1608,306,0.116,994,187,0.114,58.0,8.6,0.09,0.0665,0.058,0.53,0.4285,0.0812,0.115,0.9795,0.023,0.014,0.0087,0.0148,1.036,0.0,0.0075,,0.0,0.0075,,60670,12113,0.121,55936,12548,0.136,0.0256,0.0293,0.695,0.0145,0.0226,0.948,0.5523,0.1082,0.119,0.3589,0.0689,0.117,1193,186,0.095,0.1668,0.1093,0.398,1980,6,0.002,0.1609,0.0809,0.305,0.0,0.0142,,0.1651,0.0684,0.252,0.6739,0.1308,0.118,0.839,0.0948,0.069,834,183,0.133,160,72,0.274,0.6999,0.0824,0.072,1448,81,0.034,220800,32047,0.088,0.5264,0.17,0.196,0.247,0.1372,0.338,0.0938,0.2451,1.59,0.6671,0.1054,0.096,0.0184,0.0265,0.877,0.0,0.0147,,0.0,0.0147,,0.2705,0.1349,0.303,0.1408,0.0873,0.377
420034751021,Tract 4751.02 · BG 1,42003475102,0.0,1735,228,0.08,679,56,0.05,45.4,3.7,0.05,0.2144,0.0569,0.161,0.2755,0.0477,0.105,0.9014,0.0703,0.047,0.0052,0.0075,0.874,0.0219,0.0269,0.748,0.0,0.0069,,113036,15591,0.084,48192,5324,0.067,0.0127,0.0164,0.787,0.088,0.0829,0.573,0.5833,0.0764,0.08,0.4138,0.0646,0.095,703,62,0.054,0.0341,0.0397,0.707,1955,2,0.001,0.9602,0.0371,0.024,0.0142,0.0213,0.91,0.0,0.0241,,0.0,0.0241,,0.0604,0.0335,0.337,41,23,0.341,638,60,0.057,0.0507,0.0375,0.449,1526,299,0.119,242500,14392,0.036,0.5366,0.4347,0.493,0.1951,0.1903,0.593,0.0972,0.0571,0.357,0.6535,0.0941,0.088,0.0382,0.0238,0.379,0.0109,0.0204,1.136,0.0,0.0164,,0.1951,0.0548,0.171,0.0177,0.0182,0.625
420034752001,Tract 4752 · BG 1,42003475200,0.0,901,315,0.213,329,101,0.187,45.1,11.5,0.155,0.2253,0.0969,0.262,0.1476,0.0619,0.255,0.9978,0.4931,0.3,0.0,0.0133,,0.0,0.0133,,0.0011,0.0033,1.811,78750,57902,0.447,39865,10078,0.154,0.0455,0.0604,0.807,0.0,0.0243,,0.7063,0.2574,0.222,0.6197,0.1094,0.107,329,101,0.187,0.0,0.0365,,1962,7,0.002,1.0,0.0,0.0,0.0,0.0516,,0.0,0.0516,,0.0,0.0516,,0.0,0.0365,,0,12,,329,101,0.187,0.0,0.0133,,,,,243800,46587,0.116,,,,,,,0.1003,0.1291,0.782,0.6105,0.1612,0.16,0.1724,0.0882,0.311,0.0,0.0243,,0.0,0.0243,,0.0345,0.0519,0.916,0.0,0.0516,
420034752002,Tract 4752 · BG 2,42003475200,0.0,1993,524,0.16,786,196,0.152,42.5,7.7,0.11,0.2188,0.071,0.197,0.1194,0.0393,0.2,0.8274,0.1503,0.11,0.001,0.0025,1.511,0.0953,0.106,0.676,0.0421,0.0433,0.624,123295,22647,0.112,59238,11426,0.117,0.0497,0.0503,0.616,0.0228,0.0254,0.676,0.7693,0.0939,0.074,0.5869,0.0861,0.089,857,206,0.146,0.0828,0.1114,0.818,1957,2,0.001,0.7491,0.1333,0.108,0.0093,0.0205,1.336,0.0,0.0198,,0.2415,0.0953,0.24,0.3028,0.0992,0.199,238,98,0.25,548,179,0.199,0.231,0.1186,0.312,1734,134,0.047,296300,87700,0.18,0.1975,0.179,0.551,0.0,0.0504,,0.0219,0.0681,1.89,0.6191,0.1462,0.144,0.1359,0.0904,0.404,0.044,0.0418,0.578,0.0,0.0115,,0.1694,0.0767,0.275,0.0153,0.0283,1.128
420034752003,Tract 4752 · BG 3,42003475200,0.0,891,295,0.201,399,122,0.186,49.0,9.3,0.115,0.1122,0.083,0.449,0.202,0.0545,0.164,0.9899,0.0721,0.044,0.0,0.0135,,0.0,0.0135,,0.0101,0.0176,1.062,124269,29568,0.145,65089,14535,0.136,0.0079,0.0189,1.46,0.0212,0.0325,0.932,0.7031,0.1486,0.129,0.5572,0.188,0.205,399,122,0.186,0.0,0.0301,,1957,2,0.001,1.0,0.0,0.0,0.0,0.0425,,0.0,0.0425,,0.0,0.0425,,0.0301,0.0467,0.944,12,19,0.963,387,125,0.196,0.0393,0.0638,0.987,,,,275800,34349,0.076,1.0,1.7321,1.053,0.0,1.0,,0.0543,0.0983,1.101,0.7581,0.1909,0.153,0.0,0.0217,,0.0162,0.0262,0.982,0.0,0.0217,,0.2256,0.155,0.418,0.0727,0.0635,0.531
420034752004,Tract 4752 · BG 4,42003475200,0.0,1461,281,0.117,774,137,0.108,52.9,3.9,0.045,0.1129,0.0569,0.306,0.2745,0.0773,0.171,0.9582,0.0473,0.03,0.011,0.017,0.943,0.0,0.0082,,0.0,0.0082,,102027,24559,0.146,60677,8050,0.081,0.0048,0.0116,1.469,0.0102,0.0161,0.961,0.75,0.1196,0.097,0.5686,0.1111,0.119,824,142,0.105,0.0607,0.0708,0.71,1961,4,0.001,0.7621,0.0829,0.066,0.0,0.0206,,0.0303,0.0346,0.694,0.1286,0.0457,0.216,0.2287,0.1241,0.33,177,101,0.347,597,126,0.128,0.1424,0.0723,0.309,1570,228,0.088,295900,21373,0.044,0.4463,0.1286,0.175,0.1808,0.0297,0.1,0.2764,0.1569,0.345,0.6915,0.0487,0.043,0.0766,0.0587,0.466,0.0,0.0126,,0.0,0.0126,,0.213,0.0981,0.28,0.1098,0.0618,0.342
420034753011,Tract 4753.01 · BG 1,42003475301,0.0,821,263,0.195,412,118,0.174,59.7,22.6,0.23,0.1328,0.114,0.522,0.4702,0.1037,0.134,0.8319,0.1172,0.086,0.1681,0.2538,0.918,0.0,0.0146,,0.0,0.0146,,83158,37485,0.274,45439,12637,0.169,0.0231,0.0387,1.015,0.0,0.0356,,0.4733,0.17,0.218,0.5015,0.2123,0.257,500,127,0.154,0.176,0.2072,0.716,1976,10,0.003,0.184,0.0929,0.307,0.274,0.2421,0.537,0.0,0.0339,,0.31,0.1888,0.37,0.4806,0.2087,0.264,198,103,0.316,214,94,0.267,0.4446,0.2788,0.381,1194,152,0.077,220800,23569,0.065,0.5202,0.2483,0.29,0.2929,0.2014,0.418,0.2477,0.2379,0.584,0.6588,0.2552,0.235,0.1039,0.1182,0.692,0.0,0.0356,,0.0,0.0356,,0.2374,0.1286,0.329,0.0801,0.1323,1.004
420034753012,Tract 4753.01 · BG 2,42003475301,0.0,603,341,0.344,325,249,0.466,45.6,15.6,0.208,0.1907,0.1067,0.34,0.2421,0.3511,0.882,0.6633,0.2875,0.263,0.005,0.0113,1.376,0.3317,0.3473,0.637,0.0,0.0199,,,,,34500,9897,0.174,0.0116,0.0164,0.857,0.0,0.0361,,0.6803,0.5549,0.496,0.3555,0.318,0.544,359,253,0.428,0.0947,0.1317,0.845,1955,31,0.01,0.6128,0.4732,0.469,0.0,0.0473,,0.3872,0.1631,0.256,0.0,0.0473,,0.3231,0.1668,0.314,105,97,0.562,220,230,0.636,0.4293,0.3325,0.471,,,,,,,0.2857,0.4122,0.877,0.0,0.1143,,0.7045,0.7238,0.625,0.7018,0.3468,0.3,0.0,0.0361,,0.0,0.0361,,0.0,0.0361,,0.2982,0.1584,0.323,0.0,0.0522,
420034753013,Tract 4753.01 · BG 3,42003475301,0.0,2053,657,0.195,810,210,0.158,39.0,6.8,0.106,0.2046,0.0785,0.233,0.1812,0.0145,0.049,0.9747,0.4355,0.272,0.0049,0.0076,0.953,0.0205,0.0325,0.965,0.0,0.0058,,114314,35207,0.187,50928,9749,0.116,0.0312,0.0559,1.09,0.015,0.0206,0.835,0.7167,0.2051,0.174,0.5803,0.2176,0.228,844,209,0.151,0.0403,0.0451,0.681,1967,5,0.002,0.8448,0.1187,0.085,0.0261,0.0456,1.064,0.0,0.0201,,0.109,0.066,0.368,0.1407,0.0811,0.35,114,72,0.384,696,207,0.181,0.0882,0.0461,0.318,1020,167,0.1,298400,35803,0.073,0.0,0.2105,,0.0,0.1053,,0.1695,0.1011,0.363,0.6195,0.3973,0.39,0.0218,0.0242,0.673,0.0,0.0105,,0.0,0.0105,,0.2914,0.1934,0.403,0.0642,0.0724,0.686
420034753014,Tract 4753.01 · BG 4,42003475301,0.0,1191,419,0.214,603,339,0.342,47.4,16.8,0.215,0.1998,0.1003,0.305,0.1528,0.0515,0.205,0.7473,0.2183,0.178,0.0,0.0101,,0.0,0.0101,,0.0,0.0101,,34428,28733,0.507,25901,5765,0.135,0.068,0.0778,0.695,0.0619,0.0751,0.737,0.5487,0.2819,0.312,0.4306,0.3823,0.54,603,339,0.342,0.0,0.0199,,1938,,,0.7794,0.3415,0.266,0.0929,0.0908,0.594,0.0299,0.0493,1.003,0.0,0.0281,,0.2255,0.1776,0.479,136,75,0.335,467,338,0.44,0.2422,0.094,0.236,1047,446,0.259,218000,13786,0.038,0.5,0.3876,0.471,0.1618,0.2492,0.937,0.1692,0.158,0.568,0.5663,0.1613,0.173,0.0484,0.075,0.943,0.0,0.0215,,0.0,0.0215,,0.0538,0.0615,0.695,0.0,0.0281,
420034753031,Tract 4753.03 · BG 1,42003475303,0.0,1605,231,0.087,682,97,0.086,49.6,3.5,0.043,0.1981,0.052,0.16,0.3209,0.0515,0.098,0.9526,0.0417,0.027,0.0044,0.0075,1.038,0.0,0.0075,,0.0112,0.0236,1.28,122500,16558,0.082,54392,7614,0.085,0.0424,0.0399,0.573,0.0405,0.0349,0.525,0.5307,0.0959,0.11,0.487,0.0883,0.11,682,97,0.086,0.0,0.0176,,1965,2,0.001,0.868,0.0579,0.041,0.0,0.0249,,0.0,0.0249,,0.1056,0.0415,0.239,0.1173,0.0485,0.252,80,35,0.266,602,97,0.098,0.0567,0.0264,0.283,2208,1041,0.287,264100,20482,0.047,0.825,0.277,0.204,0.625,0.238,0.231,0.0681,0.0681,0.608,0.6443,0.0879,0.083,0.0671,0.0522,0.473,0.0,0.0187,,0.0,0.0187,,0.1513,0.0548,0.22,0.0997,0.0509,0.311
420034753032,Tract 4753.03 · BG 2,42003475303,0.0,1293,258,0.121,510,85,0.101,42.0,4.5,0.065,0.2235,0.0672,0.183,0.2204,0.05,0.138,0.8848,0.0688,0.047,0.0,0.0093,,0.0131,0.0137,0.632,0.0,0.0093,,128333,56166,0.266,58736,10347,0.107,0.024,0.0288,0.729,0.0731,0.0786,0.653,0.6582,0.1161,0.107,0.6489,0.0942,0.088,510,85,0.101,0.0,0.0235,,1965,2,0.001,1.0,0.0,0.0,0.0,0.0333,,0.0,0.0333,,0.0,0.0333,,0.0765,0.0833,0.663,39,43,0.67,471,86,0.111,0.075,0.0916,0.742,,,,317000,29062,0.056,0.2821,0.6143,1.324,0.0,0.3077,,0.1231,0.1253,0.619,0.7424,0.1264,0.104,0.0531,0.0444,0.508,0.0,0.0193,,0.0,0.0193,,0.1594,0.0881,0.336,0.0196,0.0375,1.163
420034753033,Tract 4753.03 · BG 3,42003475303,0.0,1321,552,0.254,534,200,0.228,34.8,12.3,0.215,0.2566,0.0933,0.221,0.1893,0.0965,0.31,0.9992,0.0163,0.01,0.0,0.0091,,0.0,0.0091,,0.0,0.0091,,131689,55854,0.258,53937,9203,0.104,0.0204,0.0192,0.57,0.0116,0.0162,0.852,0.692,0.2617,0.23,0.5394,0.0902,0.102,561,200,0.217,0.0481,0.0692,0.874,1974,3,0.001,0.7362,0.2306,0.19,0.0,0.0303,,0.0,0.0303,,0.0,0.0303,,0.0169,0.0254,0.918,9,14,0.946,525,201,0.233,0.0068,0.0102,0.911,,,,327200,38495,0.072,0.0,2.6667,,0.0,1.3333,,0.1448,0.1012,0.425,0.3994,0.2756,0.42,0.0237,0.0266,0.684,0.0,0.0178,,0.0,0.0178,,0.5355,0.4363,0.495,0.015,0.0327,1.325
420034753041,Tract 4753.04 · BG 1,42003475304,0.0,738,224,0.185,486,152,0.19,58.1,10.4,0.109,0.0257,0.0587,1.385,0.2737,0.1603,0.356,0.8957,0.1524,0.103,0.0,0.0163,,0.0298,0.0424,0.865,0.0,0.0163,,97500,96191,0.6,76399,28140,0.224,0.0881,0.1104,0.762,0.0,0.0242,,0.6885,0.1446,0.128,0.646,0.1965,0.185,486,152,0.19,0.0,0.0247,,1977,2,0.001,0.5802,0.2237,0.234,0.0,0.0349,,0.2757,0.1546,0.341,0.037,0.0597,0.98,0.3498,0.1202,0.209,170,79,0.282,316,145,0.279,0.2805,0.0947,0.205,1042,298,0.174,231700,17823,0.047,0.4294,0.3024,0.428,0.2176,0.2446,0.683,0.1867,0.1756,0.572,0.6038,0.2213,0.223,0.0314,0.0509,0.984,0.0,0.0252,,0.0,0.0252,,0.2306,0.0479,0.126,0.0,0.0349,
420034753042,Tract 4753.04 · BG 2,42003475304,0.0,2025,424,0.127,704,155,0.134,48.6,7.7,0.096,0.2449,0.0555,0.138,0.1822,0.0703,0.235,0.9738,0.0691,0.043,0.0,0.0059,,0.0173,0.0244,0.859,0.0,0.0059,,170078,27279,0.098,62613,11608,0.113,0.003,0.0027,0.559,0.02,0.0331,1.005,0.6714,0.1336,0.121,0.7442,0.0994,0.081,704,155,0.134,0.0,0.017,,1986,3,0.001,0.9716,0.0809,0.051,0.0,0.0241,,0.0,0.0241,,0.0,0.0241,,0.0,0.017,,0,12,,704,155,0.134,0.0,0.006,,,,,352000,23373,0.04,,,,,,,0.0426,0.0675,0.963,0.676,0.1582,0.142,0.0371,0.0372,0.609,0.0,0.0111,,0.0,0.0111,,0.2609,0.115,0.268,0.0,0.0241,
420034753043,Tract 4753.04 · BG 3,42003475304,0.0,1072,304,0.172,517,164,0.193,52.2,20.3,0.236,0.18,0.1248,0.421,0.2873,0.1262,0.267,0.903,0.1218,0.082,0.0047,0.0073,0.957,0.0382,0.0701,1.114,0.0205,0.0293,0.867,,,,43196,7103,0.1,0.0687,0.0543,0.481,0.025,0.0404,0.982,0.7623,0.1463,0.117,0.408,0.1047,0.156,517,164,0.193,0.0,0.0232,,1974,6,0.002,0.4275,0.1889,0.269,0.0,0.0328,,0.3269,0.2477,0.461,0.0658,0.078,0.721,0.3926,0.2426,0.376,203,141,0.422,314,82,0.159,0.2709,0.1645,0.369,,,,227500,52263,0.14,0.7931,0.3865,0.296,0.5468,0.5033,0.56,0.0637,0.1449,1.383,0.8898,0.14,0.096,0.0,0.0186,,0.0,0.0186,,0.0,0.0186,,0.1102,0.0897,0.495,0.0967,0.0856,0.538
420034753044,Tract 4753.04 · BG 4,42003475304,0.0,1523,401,0.16,674,172,0.155,41.3,12.1,0.178,0.1773,0.07,0.24,0.2239,0.1115,0.303,0.9271,0.1135,0.074,0.0131,0.0154,0.712,0.0112,0.0175,0.952,0.0446,0.0519,0.706,124227,15076,0.074,57739,8026,0.085,0.0834,0.069,0.503,0.0159,0.0252,0.965,0.6406,0.092,0.087,0.6459,0.0934,0.088,674,172,0.155,0.0,0.0178,,1978,11,0.003,0.6899,0.113,0.1,0.0,0.0252,,0.0697,0.0608,0.53,0.0,0.0252,,0.1306,0.0873,0.407,88,63,0.435,586,172,0.178,0.09,0.0626,0.423,1234,709,0.349,312500,68121,0.133,0.4886,0.5062,0.63,0.0,0.1364,,0.0614,0.0727,0.719,0.5341,0.1616,0.184,0.0682,0.0574,0.512,0.0,0.0149,,0.0,0.0149,,0.311,0.1164,0.227,0.0163,0.0344,1.28
420034754011,Tract 4754.01 · BG 1,42003475401,0.0,1151,257,0.136,548,100,0.111,55.7,6.3,0.069,0.1442,0.0631,0.266,0.3241,0.083,0.156,0.9453,0.0875,0.056,0.0,0.0104,,0.0226,0.0291,0.783,0.0287,0.0235,0.498,144464,31693,0.133,84420,30230,0.218,0.0148,0.0251,1.034,0.0105,0.0208,1.205,0.5489,0.0858,0.095,0.6051,0.1122,0.113,618,106,0.104,0.1133,0.1231,0.661,1968,25,0.008,0.6974,0.0831,0.072,0.0405,0.0672,1.01,0.0,0.0275,,0.2184,0.1137,0.316,0.1752,0.1199,0.416,96,68,0.431,452,87,0.117,0.1297,0.0839,0.393,1089,724,0.404,298600,50957,0.104,0.0,0.25,,0.0,0.125,,0.1261,0.1145,0.552,0.5565,0.1697,0.185,0.0724,0.0734,0.616,0.0512,0.042,0.498,0.0,0.0212,,0.2509,0.1141,0.276,0.1551,0.1228,0.481
420034754012,Tract 4754.01 · BG 2,42003475401,0.0,1644,377,0.139,693,129,0.113,54.2,5.3,0.059,0.1636,0.0506,0.188,0.3449,0.042,0.074,0.8516,0.2673,0.191,0.0,0.0073,,0.1417,0.1845,0.791,0.0,0.0073,,95699,20052,0.127,46655,7439,0.097,0.0243,0.0188,0.471,0.0102,0.0157,0.933,0.6324,0.086,0.083,0.4852,0.1545,0.194,764,141,0.112,0.0929,0.0847,0.554,1963,4,0.001,0.9031,0.2299,0.155,0.0,0.0222,,0.0,0.0222,,0.0301,0.0335,0.676,0.0447,0.0381,0.517,31,27,0.529,662,124,0.114,0.0304,0.0284,0.567,621,451,0.441,264600,23584,0.054,0.4194,0.8558,1.241,0.4194,0.5318,0.771,0.1103,0.07,0.386,0.8062,0.0722,0.054,0.0103,0.0158,0.933,0.0092,0.0147,0.975,0.0,0.0138,,0.1651,0.0889,0.327,0.0447,0.0432,0.587
420034754013,Tract 4754.01 · BG 3,42003475401,0.0,1077,328,0.185,586,247,0.256,55.4,20.4,0.224,0.143,0.0702,0.298,0.3287,0.188,0.348,0.8988,0.127,0.086,0.0761,0.1033,0.825,0.0,0.0111,,0.0195,0.032,0.996,98611,73838,0.455,69901,24006,0.209,0.0734,0.0608,0.504,0.0,0.0193,,0.6386,0.1844,0.176,0.6367,0.2162,0.206,634,249,0.239,0.0757,0.0781,0.627,1960,18,0.006,0.5883,0.2652,0.274,0.0,0.0268,,0.3044,0.1724,0.344,0.1073,0.0707,0.401,0.6007,0.3327,0.337,352,245,0.423,234,57,0.148,0.3846,0.2098,0.332,1109,34,0.019,306300,47591,0.094,0.2528,0.2306,0.555,0.1591,0.0444,0.17,0.1752,0.1848,0.641,0.4017,0.1297,0.196,0.0,0.0198,,0.0,0.0198,,0.0,0.0198,,0.4562,0.3111,0.415,0.0119,0.0273,1.39
420034754021,Tract 4754.02 · BG 1,42003475402,0.0,1435,364,0.154,594,163,0.167,47.5,13.2,0.169,0.2153,0.0527,0.149,0.299,0.0408,0.083,0.9603,0.057,0.036,0.016,0.0262,0.992,0.0237,0.0279,0.717,0.0,0.0084,,105714,36963,0.213,53096,7826,0.09,0.0216,0.0232,0.652,0.0671,0.0965,0.874,0.6597,0.1424,0.131,0.4879,0.0833,0.104,611,161,0.16,0.0278,0.0302,0.66,1959,11,0.003,0.7709,0.2528,0.199,0.0,0.0278,,0.2193,0.2173,0.602,0.0098,0.0265,1.642,0.2205,0.2226,0.613,131,137,0.636,463,97,0.127,0.0913,0.0926,0.617,921,184,0.121,348900,54850,0.096,0.0687,0.1773,1.569,0.0687,0.0791,0.7,0.1533,0.1231,0.488,0.5813,0.1125,0.118,0.0245,0.0278,0.692,0.0,0.0173,,0.0,0.0173,,0.3942,0.1686,0.26,0.0152,0.0308,1.234
420034754022,Tract 4754.02 · BG 2,42003475402,0.0,1784,407,0.139,767,280,0.222,40.6,10.8,0.162,0.1783,0.0312,0.106,0.1457,0.0519,0.217,0.9226,0.2955,0.195,0.0219,0.0333,0.925,0.0488,0.0726,0.905,0.0039,0.0055,0.857,136118,57079,0.255,65658,26268,0.243,0.0617,0.0422,0.416,0.0254,0.0262,0.628,0.7578,0.1005,0.081,0.5138,0.1755,0.208,841,277,0.2,0.088,0.0586,0.405,1962,4,0.001,0.8597,0.1016,0.072,0.0,0.0202,,0.0963,0.0933,0.589,0.038,0.0398,0.636,0.1356,0.1021,0.458,104,87,0.509,663,251,0.23,0.0835,0.0581,0.423,1086,119,0.067,275200,13072,0.029,0.4038,0.626,0.942,0.0,0.1154,,0.1282,0.0703,0.334,0.5885,0.1852,0.191,0.0198,0.0273,0.839,0.0144,0.0212,0.895,0.0,0.0108,,0.2767,0.1115,0.245,0.0222,0.0413,1.134
420034761001,Tract 4761 · BG 1,42003476100,0.0,450,325,0.439,191,76,0.242,44.7,40.7,0.554,0.3356,0.1084,0.196,0.3111,0.0507,0.099,0.7689,0.7268,0.575,0.12,0.1827,0.926,0.0,0.0267,,0.08,0.087,0.661,59097,25820,0.266,31257,20530,0.399,0.0422,0.065,0.936,0.1078,0.1544,0.871,0.5138,0.2829,0.335,0.4094,0.1596,0.237,191,76,0.242,0.0,0.0628,,1954,3,0.001,0.9058,0.2029,0.136,0.0942,0.16,1.032,0.0,0.0889,,0.0,0.0889,,0.0942,0.1471,0.949,18,29,0.979,173,79,0.278,0.0403,0.0579,0.874,,,,219900,28015,0.077,0.0,1.3333,,0.0,0.6667,,0.3121,0.3055,0.595,0.7338,0.5762,0.477,0.0,0.0863,,0.0,0.0863,,0.0,0.0863,,0.2662,0.1476,0.337,0.0,0.0889,
420034761002,Tract 4761 · BG 2,42003476100,0.0,588,366,0.378,208,92,0.269,54.2,41.6,0.467,0.1071,0.1119,0.635,0.2772,0.2432,0.533,0.9609,0.1955,0.124,0.0,0.0204,,0.0,0.0204,,0.0102,0.0212,1.262,,,,30977,13471,0.264,0.2483,0.352,0.862,0.0,0.035,,0.6533,0.5417,0.504,0.0645,0.0556,0.524,208,92,0.269,0.0,0.0577,,1958,4,0.001,0.6923,0.2706,0.238,0.0,0.0816,,0.1202,0.1936,0.979,0.0,0.0816,,0.2115,0.1897,0.545,44,44,0.608,164,90,0.334,0.1143,0.0663,0.352,888,764,0.523,164800,68851,0.254,0.1364,0.5402,2.408,0.0,0.2727,,0.3415,0.3086,0.549,0.5249,0.2164,0.251,0.2492,0.2876,0.702,0.0,0.0399,,0.0,0.0399,,0.0831,0.1171,0.857,0.1202,0.1936,0.979
420034761003,Tract 4761 · BG 3,42003476100,0.0,635,302,0.289,318,120,0.229,39.4,27.6,0.426,0.1795,0.1698,0.575,0.1276,0.0905,0.431,0.9669,0.647,0.407,0.0,0.0189,,0.0,0.0189,,0.0,0.0189,,,,,40308,12320,0.186,0.1244,0.1198,0.585,0.0,0.0338,,0.6538,0.1866,0.173,0.286,0.2334,0.496,343,119,0.211,0.0729,0.1138,0.95,1950,7,0.002,0.688,0.1822,0.161,0.1866,0.2208,0.719,0.0,0.0495,,0.0,0.0495,,0.3679,0.2357,0.389,117,87,0.452,201,91,0.275,0.3622,0.2049,0.344,1545,700,0.275,191600,36517,0.116,0.3932,0.5791,0.895,0.3932,0.5512,0.852,0.0796,0.201,1.535,0.8024,0.2428,0.184,0.0737,0.09,0.742,0.0295,0.0479,0.987,0.0,0.0354,,0.0944,0.0916,0.59,0.1352,0.1951,0.877
420034761004,Tract 4761 · BG 4,42003476100,0.0,1415,488,0.21,831,211,0.154,44.4,9.7,0.133,0.1343,0.0841,0.381,0.2742,0.0937,0.208,0.9505,0.0382,0.024,0.0007,0.0028,2.423,0.0,0.0085,,0.0353,0.0559,0.962,52140,17203,0.201,38194,7880,0.125,0.0926,0.0927,0.609,0.0,0.0162,,0.5898,0.1328,0.137,0.4619,0.1311,0.173,985,224,0.138,0.1563,0.1324,0.515,1969,13,0.004,0.134,0.0926,0.42,0.1706,0.1245,0.444,0.2457,0.1279,0.316,0.4274,0.1342,0.191,0.7894,0.1197,0.092,656,194,0.18,175,102,0.354,0.5796,0.2709,0.284,1067,282,0.161,168300,25447,0.092,0.4512,0.2354,0.317,0.1601,0.119,0.452,0.0,0.1939,,0.6171,0.2353,0.232,0.1597,0.0943,0.359,0.0,0.0162,,0.0,0.0162,,0.2219,0.0931,0.255,0.2587,0.1649,0.387
420034761005,Tract 4761 · BG 5,42003476100,0.0,1782,548,0.187,713,177,0.151,34.3,7.5,0.133,0.1554,0.0694,0.271,0.0499,0.0352,0.428,0.6728,0.0993,0.09,0.0281,0.0237,0.514,0.1257,0.1125,0.544,0.1218,0.0986,0.492,62092,18716,0.183,41616,6908,0.101,0.0741,0.085,0.697,0.0,0.0091,,0.852,0.0458,0.033,0.507,0.1555,0.186,754,197,0.159,0.0544,0.0877,0.981,1952,9,0.003,0.3939,0.135,0.208,0.3183,0.1209,0.231,0.1764,0.1792,0.618,0.061,0.0942,0.938,0.5302,0.14,0.161,378,137,0.22,335,138,0.25,0.4467,0.1067,0.145,970,30,0.019,226500,15824,0.042,0.1138,0.1273,0.68,0.0635,0.0951,0.911,0.0,0.1013,,0.6375,0.1886,0.18,0.1691,0.0987,0.355,0.0586,0.0645,0.668,0.0,0.0091,,0.0762,0.0577,0.461,0.1276,0.1605,0.764
420034762001,Tract 4762 · BG 1,42003476200,0.0,670,241,0.219,301,97,0.196,38.2,13.1,0.208,0.1701,0.0959,0.343,0.1448,0.0822,0.345,0.9806,0.0705,0.044,0.0,0.0179,,0.0,0.0179,,0.0194,0.0306,0.957,63194,49493,0.476,35619,7383,0.126,0.0881,0.072,0.497,0.0,0.0292,,0.6931,0.1541,0.135,0.3466,0.1379,0.242,301,97,0.196,0.0,0.0399,,1953,11,0.003,0.8206,0.1598,0.118,0.0664,0.0745,0.681,0.0332,0.0656,1.2,0.0,0.0564,,0.309,0.2175,0.428,93,72,0.471,208,70,0.205,0.3,0.2296,0.465,1331,214,0.098,159000,35353,0.135,0.3441,0.2541,0.449,0.1828,0.1619,0.539,0.2019,0.2482,0.747,0.4939,0.1101,0.135,0.1265,0.1408,0.676,0.0243,0.0375,0.937,0.0,0.0292,,0.1241,0.0757,0.371,0.0,0.0564,
420034762002,Tract 4762 · BG 2,42003476200,0.0,1662,422,0.154,729,153,0.128,39.0,5.4,0.084,0.0939,0.039,0.253,0.1402,0.0334,0.145,0.8815,0.3004,0.207,0.0824,0.0841,0.62,0.0126,0.0141,0.677,0.0138,0.0232,1.019,96607,33020,0.208,46413,6400,0.084,0.0634,0.0403,0.386,0.0,0.0112,,0.7039,0.0791,0.068,0.3079,0.1016,0.201,767,150,0.119,0.0495,0.0737,0.904,1955,3,0.001,0.7197,0.1078,0.091,0.0,0.0221,,0.0,0.0221,,0.116,0.0662,0.347,0.2181,0.0921,0.257,159,75,0.287,570,136,0.145,0.1552,0.069,0.27,1759,128,0.044,190100,14092,0.045,0.4403,0.3688,0.509,0.4403,0.3448,0.476,0.1193,0.1025,0.522,0.7668,0.1678,0.133,0.0633,0.0361,0.347,0.0,0.0113,,0.0,0.0113,,0.0954,0.0379,0.242,0.0947,0.0707,0.454
420034762003,Tract 4762 · BG 3,42003476200,0.0,1007,226,0.136,497,111,0.136,52.5,22.2,0.257,0.0824,0.0438,0.323,0.2721,0.0658,0.147,0.8967,0.0232,0.016,0.001,0.002,1.208,0.0,0.0119,,0.0,0.0119,,72423,26664,0.224,46980,10369,0.134,0.1857,0.1168,0.382,0.0,0.0189,,0.6766,0.1463,0.131,0.3647,0.1158,0.193,538,128,0.145,0.0762,0.0987,0.787,1955,2,0.001,0.9796,0.3265,0.203,0.0204,0.0399,1.187,0.0,0.0315,,0.0,0.0315,,0.169,0.1231,0.443,84,64,0.463,413,102,0.15,0.1918,0.1521,0.482,1682,334,0.121,172700,16248,0.057,0.7262,0.4939,0.413,0.2857,0.2524,0.537,0.1985,0.1757,0.538,0.6025,0.1471,0.148,0.1356,0.0988,0.443,0.0,0.0189,,0.0,0.0189,,0.1546,0.0961,0.378,0.1489,0.1253,0.511
420034771001,Tract 4771 · BG 1,42003477100,0.0,1502,323,0.131,718,112,0.095,55.5,15.0,0.164,0.1724,0.0589,0.208,0.3369,0.0233,0.042,0.8662,0.0235,0.017,0.0,0.008,,0.1059,0.1088,0.625,0.004,0.0073,1.107,99375,16099,0.098,64103,13274,0.126,0.032,0.0448,0.852,0.0213,0.0233,0.665,0.5664,0.1293,0.139,0.5044,0.1089,0.131,718,112,0.095,0.0,0.0167,,1990,5,0.002,0.3969,0.1074,0.164,0.0334,0.0566,1.029,0.0,0.0236,,0.0,0.0236,,0.0,0.0167,,0,12,,718,112,0.095,0.0,0.008,,,,,273800,32312,0.072,,,,,,,0.1741,0.0997,0.348,0.6996,0.1385,0.12,0.0392,0.0434,0.673,0.0,0.0174,,0.0,0.0174,,0.1655,0.0678,0.249,0.0251,0.041,0.993
420034771002,Tract 4771 · BG 2,42003477100,0.0,1010,287,0.173,433,117,0.164,50.9,23.6,0.282,0.1723,0.0946,0.334,0.4267,0.0874,0.124,0.995,0.0282,0.017,0.0,0.0119,,0.0,0.0119,,0.0,0.0119,,104250,33635,0.196,49287,14245,0.176,0.0676,0.0678,0.61,0.045,0.0619,0.836,0.5048,0.1148,0.138,0.3329,0.0549,0.1,511,126,0.15,0.1526,0.1256,0.5,1961,4,0.001,0.7984,0.0871,0.066,0.0,0.0332,,0.0,0.0332,,0.2016,0.136,0.41,0.0577,0.0864,0.909,25,38,0.924,408,110,0.164,0.0264,0.0393,0.905,,,,269700,14793,0.033,1.0,0.8314,0.505,1.0,0.0,0.0,0.2598,0.1769,0.414,0.6052,0.2268,0.228,0.0312,0.0481,0.938,0.0805,0.0781,0.59,0.0,0.0312,,0.2182,0.0808,0.225,0.0577,0.0907,0.955
420034771003,Tract 4771 · BG 3,42003477100,0.0,1535,306,0.121,666,114,0.104,39.9,16.5,0.251,0.1941,0.0575,0.18,0.1752,0.0337,0.117,0.9355,0.0436,0.028,0.0,0.0078,,0.0117,0.022,1.142,0.0528,0.0363,0.418,89667,16151,0.109,45457,8723,0.117,0.1832,0.1464,0.486,0.0094,0.0173,1.118,0.5805,0.0963,0.101,0.4975,0.1094,0.134,699,116,0.101,0.0472,0.0697,0.897,1951,3,0.001,0.8741,0.0714,0.05,0.0114,0.0252,1.341,0.0,0.0243,,0.0529,0.0387,0.444,0.0796,0.0523,0.4,53,36,0.413,613,108,0.107,0.0436,0.0304,0.425,,,,201500,18825,0.057,0.4717,0.3623,0.467,0.4717,0.4275,0.551,0.2186,0.1354,0.376,0.6753,0.0613,0.055,0.019,0.0295,0.942,0.0258,0.0319,0.752,0.0,0.0163,,0.1712,0.0796,0.283,0.0706,0.0456,0.393
420034772001,Tract 4772 · BG 1,42003477200,0.0,844,318,0.229,407,125,0.187,47.1,14.0,0.181,0.1469,0.0985,0.407,0.2595,0.0481,0.113,0.9384,0.1302,0.084,0.0,0.0142,,0.0249,0.0268,0.656,0.0367,0.0428,0.709,112788,12818,0.069,53901,12066,0.136,0.0273,0.0357,0.797,0.1382,0.1597,0.703,0.7098,0.232,0.199,0.3594,0.0472,0.08,407,125,0.187,0.0,0.0295,,1956,4,0.001,0.8968,0.035,0.024,0.0344,0.0585,1.034,0.0,0.0417,,0.0,0.0417,,0.0983,0.0672,0.416,40,30,0.456,367,131,0.217,0.0474,0.0307,0.394,1308,336,0.156,193200,19447,0.061,0.35,0.6904,1.199,0.0,0.3,,0.109,0.1053,0.587,0.78,0.2627,0.205,0.0,0.03,,0.0475,0.0666,0.853,0.0,0.03,,0.1725,0.1192,0.42,0.027,0.0525,1.181
420034772002,Tract 4772 · BG 2,42003477200,0.0,591,241,0.248,297,128,0.262,41.0,9.9,0.147,0.198,0.0806,0.248,0.1557,0.1014,0.396,0.8613,0.0949,0.067,0.0,0.0203,,0.0355,0.0574,0.982,0.1032,0.1674,0.986,66815,65488,0.596,54488,16880,0.188,0.1574,0.1919,0.741,0.0,0.0287,,0.8819,0.1754,0.121,0.5152,0.215,0.254,351,140,0.242,0.1538,0.2106,0.832,1955,4,0.001,0.9003,0.121,0.082,0.0883,0.1393,0.959,0.0,0.0483,,0.0,0.0483,,0.1616,0.157,0.59,48,51,0.646,249,118,0.288,0.1844,0.1886,0.622,,,,210800,19310,0.056,0.0,0.5,,0.0,0.25,,0.0803,0.1458,1.104,0.689,0.2092,0.185,0.0,0.0287,,0.0,0.0287,,0.0,0.0287,,0.1986,0.1143,0.35,0.0505,0.0939,1.131
420034772003,Tract 4772 · BG 3,42003477200,0.0,1426,564,0.24,467,159,0.207,39.2,21.7,0.337,0.2188,0.0728,0.202,0.2349,0.0683,0.177,0.6613,0.3511,0.323,0.0,0.0084,,0.3387,0.3647,0.654,0.0,0.0084,,125023,79052,0.384,43699,9250,0.129,0.0091,0.0166,1.105,0.0937,0.1328,0.862,0.7092,0.1991,0.171,0.46,0.1797,0.238,467,159,0.207,0.0,0.0257,,1957,4,0.001,0.9807,0.0767,0.048,0.0193,0.0423,1.335,0.0,0.0363,,0.0,0.0363,,0.1542,0.1518,0.598,72,75,0.633,395,148,0.228,0.1234,0.127,0.625,,,,225400,18834,0.051,0.875,0.5297,0.368,0.0,0.1667,,0.2709,0.3052,0.685,0.6844,0.0888,0.079,0.0503,0.0534,0.646,0.0587,0.089,0.922,0.0,0.0168,,0.1383,0.0796,0.35,0.0278,0.0509,1.112
420034772004,Tract 4772 · BG 4,42003477200,0.0,1727,342,0.12,883,164,0.113,51.7,14.4,0.169,0.1268,0.0418,0.201,0.4239,0.0587,0.084,0.868,0.1074,0.075,0.0069,0.0191,1.667,0.0,0.0069,,0.018,0.0252,0.854,79779,32542,0.248,52837,9576,0.11,0.0675,0.057,0.514,0.0863,0.1115,0.785,0.5201,0.1463,0.171,0.4348,0.1426,0.199,896,163,0.111,0.0145,0.0233,0.976,1959,5,0.002,0.4632,0.1012,0.133,0.0,0.0189,,0.0,0.0189,,0.471,0.111,0.143,0.5051,0.1105,0.133,446,128,0.174,437,120,0.167,0.3121,0.0571,0.111,1440,62,0.026,265700,15719,0.036,0.5762,0.2304,0.243,0.4193,0.1997,0.29,0.1167,0.1096,0.571,0.7423,0.0688,0.056,0.0398,0.0392,0.6,0.0,0.0177,,0.0,0.0177,,0.1723,0.1109,0.391,0.1019,0.0978,0.583
420034773001,Tract 4773 · BG 1,42003477300,0.0,1753,649,0.225,718,234,0.198,30.0,10.0,0.203,0.3582,0.0968,0.164,0.1055,0.0758,0.437,0.1021,0.0684,0.407,0.1997,0.1454,0.443,0.6503,0.2622,0.245,0.024,0.0313,0.794,37750,25316,0.408,31787,16178,0.309,0.1614,0.1428,0.538,0.1511,0.1673,0.673,0.5884,0.1014,0.105,0.4281,0.2043,0.29,832,244,0.178,0.137,0.1348,0.598,1965,20,0.006,0.0,0.0144,,0.149,0.1342,0.547,0.3101,0.2255,0.442,0.4231,0.1938,0.278,0.7813,0.2034,0.158,561,234,0.254,157,104,0.403,0.765,0.2249,0.179,844,73,0.053,164800,135706,0.501,0.6132,0.2657,0.263,0.4225,0.2681,0.386,0.0,0.2162,,0.3025,0.2108,0.424,0.1922,0.1941,0.614,0.0,0.0214,,0.0,0.0214,,0.1744,0.1605,0.56,0.3969,0.1911,0.293
420034773002,Tract 4773 · BG 2,42003477300,0.0,463,691,0.907,320,236,0.448,23.9,25.2,0.641,0.149,0.1625,0.663,0.0,0.0898,,0.4406,1.0991,1.516,0.5011,0.8636,1.048,0.0583,0.0433,0.451,0.0,0.0259,,26951,7642,0.172,35465,564911,9.683,0.0,0.0367,,0.0,0.036,,0.8452,1.2098,0.87,0.2116,0.4291,1.233,375,250,0.405,0.1467,0.2133,0.884,1967,37,0.011,0.08,0.1565,1.189,0.552,0.4069,0.448,0.2133,0.2163,0.616,0.1547,0.1462,0.575,0.9062,0.9367,0.628,290,210,0.44,30,62,1.256,0.6263,1.039,1.008,724,16,0.013,,,,0.7069,0.4966,0.427,0.0,0.0414,,0.0,1.1314,,0.7958,0.9989,0.763,0.0751,0.0998,0.808,0.0,0.036,,0.0,0.036,,0.0,0.036,,0.0781,0.1204,0.937
420034773003,Tract 4773 · BG 3,42003477300,0.0,1108,460,0.252,493,173,0.213,50.1,23.3,0.283,0.12,0.1067,0.54,0.2843,0.0485,0.104,0.9928,0.0631,0.039,0.0,0.0108,,0.0072,0.015,1.267,0.0,0.0108,,99804,17075,0.104,58800,19339,0.2,0.0126,0.0236,1.137,0.0,0.0178,,0.6933,0.2374,0.208,0.3053,0.1129,0.225,493,173,0.213,0.0,0.0243,,1951,5,0.002,1.0,0.0,0.0,0.0,0.0344,,0.0,0.0344,,0.0,0.0344,,0.0,0.0243,,0,12,,493,173,0.213,0.0,0.0108,,,,,223800,16686,0.045,,,,,,,0.0974,0.0958,0.598,0.7618,0.5451,0.435,0.0192,0.0478,1.512,0.0,0.0178,,0.0,0.0178,,0.1036,0.1555,0.913,0.0,0.0344,
420034773004,Tract 4773 · BG 4,42003477300,0.0,943,418,0.269,402,145,0.219,56.2,13.8,0.149,0.0636,0.0932,0.89,0.2492,0.0812,0.198,0.8834,0.1938,0.133,0.052,0.0593,0.694,0.0541,0.0891,1.001,0.0106,0.0185,1.061,,,,52332,18251,0.212,0.018,0.0313,1.055,0.0297,0.047,0.961,0.6478,0.0648,0.061,0.3629,0.1227,0.206,402,145,0.219,0.0,0.0299,,1956,5,0.002,1.0,0.0,0.0,0.0,0.0422,,0.0,0.0422,,0.0,0.0422,,0.0,0.0299,,0,12,,402,145,0.219,0.0,0.0127,,,,,262800,32212,0.075,,,,,,,0.2662,0.2626,0.6,0.809,0.1775,0.133,0.0,0.0216,,0.0,0.0216,,0.0,0.0216,,0.1441,0.1127,0.475,0.0,0.0422,
420034773005,Tract 4773 · BG 5,42003477300,0.0,1909,618,0.197,923,297,0.196,47.1,13.7,0.177,0.121,0.075,0.377,0.2368,0.0564,0.145,0.8937,0.1357,0.092,0.0005,0.001,1.2,0.1058,0.1356,0.779,0.0,0.0063,,114744,19436,0.103,68369,19833,0.176,0.021,0.0237,0.688,0.1011,0.1194,0.718,0.7074,0.1583,0.136,0.4929,0.1611,0.199,979,304,0.189,0.0572,0.0912,0.97,1956,2,0.001,0.8601,0.3759,0.266,0.0,0.0173,,0.0,0.0173,,0.1399,0.1032,0.448,0.1484,0.108,0.442,137,109,0.484,786,246,0.19,0.0719,0.0522,0.442,,,,252300,28022,0.068,0.3285,0.3113,0.576,0.0,0.0876,,0.0827,0.0753,0.554,0.7017,0.1476,0.128,0.0436,0.0699,0.974,0.0,0.0119,,0.0,0.0119,,0.2359,0.1455,0.375,0.1495,0.1265,0.514
420034781001,Tract 4781 · BG 1,42003478100,0.0,1091,462,0.257,412,127,0.187,28.9,16.8,0.353,0.3758,0.1002,0.162,0.0999,0.045,0.274,0.8561,0.1615,0.115,0.1329,0.1374,0.628,0.011,0.0187,1.032,0.0,0.011,,41827,21403,0.311,25169,12647,0.305,0.4134,0.3864,0.568,0.0843,0.1068,0.771,0.6195,0.3195,0.313,0.4492,0.1028,0.139,507,148,0.177,0.1874,0.1977,0.641,1946,13,0.004,0.6036,0.0887,0.089,0.1519,0.1573,0.63,0.0966,0.1511,0.95,0.1479,0.1292,0.531,0.2961,0.217,0.446,122,97,0.483,290,94,0.197,0.2053,0.1707,0.505,798,164,0.125,164100,66567,0.247,0.7623,0.3492,0.278,0.5738,0.4121,0.437,0.5828,0.2998,0.313,0.5254,0.1246,0.144,0.2518,0.2237,0.54,0.0557,0.0872,0.952,0.0,0.0291,,0.1671,0.1126,0.41,0.1408,0.1486,0.642
420034781002,Tract 4781 · BG 2,42003478100,0.0,1015,426,0.255,437,159,0.221,37.4,3.8,0.062,0.3695,0.1095,0.18,0.1517,0.085,0.34,0.8522,0.0529,0.038,0.1468,0.2211,0.916,0.0,0.0118,,0.0,0.0118,,,,,28706,12932,0.274,0.3409,0.3312,0.591,0.0721,0.0884,0.745,0.5638,0.2846,0.307,0.2195,0.1039,0.288,451,158,0.213,0.031,0.0476,0.931,1944,4,0.001,0.6541,0.2191,0.204,0.0,0.0376,,0.0,0.0376,,0.0466,0.0614,0.801,0.4027,0.272,0.41,176,135,0.466,261,147,0.342,0.401,0.2964,0.449,,,,123000,37267,0.184,0.6136,0.4643,0.46,0.5568,0.487,0.532,0.1533,0.2634,1.045,0.7393,0.2503,0.206,0.0,0.0396,,0.0,0.0396,,0.0,0.0396,,0.2343,0.1344,0.349,0.2471,0.2488,0.612
420034781003,Tract 4781 · BG 3,42003478100,0.0,863,292,0.206,473,157,0.202,59.3,11.5,0.118,0.0556,0.0626,0.684,0.372,0.1027,0.168,0.9444,0.0834,0.054,0.0139,0.0309,1.352,0.0301,0.0464,0.936,0.0116,0.0252,1.321,43750,42880,0.596,33705,3361,0.061,0.1054,0.0604,0.348,0.0,0.0266,,0.5534,0.1639,0.18,0.2399,0.0922,0.234,500,158,0.192,0.054,0.0575,0.648,1946,4,0.001,0.578,0.0523,0.055,0.106,0.1126,0.646,0.082,0.0995,0.738,0.234,0.2254,0.585,0.4376,0.2208,0.307,207,125,0.367,266,95,0.217,0.2771,0.1347,0.295,635,144,0.138,171400,48777,0.173,0.6522,0.4101,0.382,0.1884,0.1909,0.616,0.1128,0.1395,0.752,0.5122,0.2148,0.255,0.1574,0.1361,0.526,0.0,0.0266,,0.0,0.0266,,0.0909,0.0961,0.643,0.2495,0.2075,0.506
420034781004,Tract 4781 · BG 4,42003478100,0.0,1306,440,0.205,636,188,0.18,34.0,8.5,0.152,0.1034,0.0657,0.386,0.1018,0.0396,0.237,0.4939,0.2716,0.334,0.1868,0.1554,0.506,0.1179,0.1191,0.614,0.0,0.0092,,74239,50951,0.417,53130,12005,0.137,0.075,0.0736,0.596,0.0,0.0125,,0.8207,0.1261,0.093,0.6565,0.1803,0.167,667,195,0.178,0.0465,0.0752,0.984,1954,12,0.004,0.2669,0.2411,0.549,0.4603,0.1955,0.258,0.0,0.0254,,0.0675,0.1046,0.943,0.7201,0.094,0.079,458,148,0.196,178,169,0.577,0.7389,0.0332,0.027,1055,319,0.184,138900,5187,0.023,0.2118,0.1586,0.455,0.1266,0.1404,0.674,0.2528,0.1854,0.446,0.6774,0.345,0.31,0.0094,0.0162,1.054,0.0,0.0125,,0.0,0.0125,,0.2893,0.2051,0.431,0.1447,0.1148,0.482
420034782001,Tract 4782 · BG 1,42003478200,0.0,1480,580,0.238,617,239,0.235,40.6,10.1,0.151,0.2574,0.0781,0.184,0.2277,0.125,0.334,1.0,0.0,0.0,0.0,0.0081,,0.0,0.0081,,0.0,0.0081,,80923,17543,0.132,34456,8177,0.144,0.1007,0.1196,0.722,0.1644,0.2001,0.74,0.6642,0.115,0.105,0.4604,0.1812,0.239,617,239,0.235,0.0,0.0194,,1944,13,0.004,0.8622,0.1994,0.141,0.0,0.0275,,0.0,0.0275,,0.0,0.0275,,0.1378,0.1954,0.862,85,125,0.894,532,240,0.274,0.248,0.3503,0.859,,,,242700,100762,0.252,0.0,0.2824,,0.0,0.1412,,0.1203,0.1543,0.78,0.8476,0.1653,0.119,0.0,0.0201,,0.0,0.0201,,0.0,0.0201,,0.1072,0.1037,0.588,0.1037,0.1265,0.741
420034782002,Tract 4782 · BG 2,42003478200,0.0,1721,557,0.197,821,215,0.159,40.6,6.4,0.096,0.1668,0.0751,0.274,0.1865,0.0449,0.146,0.9535,0.1085,0.069,0.0314,0.0454,0.879,0.007,0.0108,0.942,0.0,0.007,,79313,9862,0.076,42233,6300,0.091,0.0442,0.0337,0.464,0.0229,0.0372,0.988,0.7033,0.1477,0.128,0.3651,0.1077,0.179,876,221,0.153,0.0628,0.1004,0.972,1955,3,0.001,0.6107,0.1002,0.1,0.129,0.0876,0.413,0.0457,0.0734,0.978,0.0,0.0194,,0.3094,0.1172,0.23,254,117,0.28,567,173,0.185,0.2847,0.1554,0.332,956,31,0.02,155700,31994,0.125,0.2677,0.1947,0.442,0.1929,0.1578,0.497,0.1587,0.1038,0.398,0.5663,0.2017,0.216,0.0668,0.0818,0.745,0.0339,0.0533,0.955,0.0,0.012,,0.2762,0.1181,0.26,0.0183,0.0323,1.076
420034782003,Tract 4782 · BG 3,42003478200,0.0,2390,752,0.191,1166,339,0.177,35.0,15.9,0.276,0.3059,0.1186,0.236,0.1264,0.0544,0.262,0.5854,0.1135,0.118,0.2368,0.1489,0.382,0.0,0.005,,0.0,0.005,,38438,21099,0.334,24897,5998,0.146,0.2837,0.1673,0.359,0.0401,0.0466,0.706,0.6265,0.128,0.124,0.2112,0.0782,0.225,1210,336,0.169,0.0364,0.062,1.036,1952,14,0.004,0.4901,0.1117,0.139,0.1959,0.1223,0.379,0.1438,0.0976,0.413,0.1595,0.2425,0.924,0.5283,0.2212,0.255,616,314,0.31,550,220,0.243,0.4728,0.2176,0.28,807,583,0.439,132900,14147,0.065,0.6429,0.4196,0.397,0.2094,0.1512,0.439,0.2709,0.2561,0.575,0.6074,0.1221,0.122,0.1769,0.1379,0.474,0.0282,0.0407,0.877,0.0,0.0117,,0.1127,0.0731,0.394,0.3268,0.2625,0.488
420034790001,Tract 4790 · BG 1,42003479000,0.0,899,366,0.247,399,103,0.157,37.0,13.9,0.228,0.2469,0.1522,0.375,0.2236,0.1082,0.294,0.9889,0.0526,0.032,0.0,0.0133,,0.0,0.0133,,0.0,0.0133,,69875,21934,0.191,35113,6699,0.116,0.0267,0.0197,0.449,0.015,0.0195,0.792,0.5923,0.0424,0.044,0.3469,0.1317,0.231,415,105,0.154,0.0386,0.0423,0.666,1957,2,0.001,0.9133,0.1031,0.069,0.0337,0.0598,1.077,0.0,0.0409,,0.0,0.0409,,0.0727,0.0598,0.5,29,25,0.524,370,103,0.169,0.0389,0.0268,0.419,905,96,0.064,205200,21930,0.065,0.3448,0.6088,1.073,0.1724,0.1902,0.671,0.2865,0.1903,0.404,0.7494,0.1606,0.13,0.0456,0.0356,0.475,0.0,0.0304,,0.0,0.0304,,0.1241,0.0489,0.239,0.0351,0.0292,0.506
420034790002,Tract 4790 · BG 2,42003479000,0.0,1088,122,0.068,450,44,0.059,41.8,5.0,0.073,0.2086,0.0477,0.139,0.1866,0.04,0.13,0.9881,0.0225,0.014,0.0,0.011,,0.0,0.011,,0.0,0.011,,114167,16786,0.089,49250,5374,0.066,0.0147,0.0238,0.983,0.0418,0.0332,0.483,0.7044,0.0669,0.058,0.4664,0.0894,0.116,463,47,0.062,0.0281,0.0431,0.933,1949,2,0.001,0.9892,0.0149,0.009,0.0,0.0367,,0.0,0.0367,,0.0,0.0367,,0.02,0.0244,0.741,9,11,0.743,441,45,0.062,0.0119,0.0156,0.792,,,,192200,16874,0.053,0.4444,2.3755,3.249,0.0,1.3333,,0.1837,0.0881,0.292,0.628,0.0761,0.074,0.0102,0.0187,1.111,0.0,0.0205,,0.029,0.0252,0.528,0.3055,0.1043,0.208,0.0,0.0377,
420034801011,Tract 4801.01 · BG 1,42003480101,0.0,1169,549,0.285,389,122,0.191,38.0,8.1,0.13,0.355,0.1182,0.202,0.1334,0.078,0.355,0.8246,0.098,0.072,0.0,0.0103,,0.0291,0.0441,0.922,0.1463,0.2016,0.838,104714,42018,0.244,41888,16514,0.24,0.0,0.0145,,0.0,0.0196,,0.7766,0.1687,0.132,0.6471,0.225,0.211,389,122,0.191,0.0,0.0308,,1955,6,0.002,1.0,0.0,0.0,0.0,0.0436,,0.0,0.0436,,0.0,0.0436,,0.0,0.0308,,0,12,,389,122,0.191,0.0,0.0103,,,,,231700,26648,0.07,,,,,,,0.036,0.1001,1.692,0.3477,0.1473,0.258,0.043,0.0714,1.01,0.0,0.0215,,0.0,0.0215,,0.4265,0.3435,0.49,0.0,0.0436,
420034801012,Tract 4801.01 · BG 2,42003480101,0.0,1049,334,0.194,453,117,0.157,51.8,8.0,0.094,0.0553,0.0605,0.665,0.2164,0.071,0.199,0.9266,0.0848,0.056,0.0143,0.0234,0.995,0.0591,0.1061,1.091,0.0,0.0114,,87440,27399,0.19,43813,8218,0.114,0.0143,0.026,1.107,0.0,0.0172,,0.6816,0.1751,0.156,0.2362,0.1129,0.291,502,132,0.16,0.0976,0.1573,0.98,1957,5,0.002,0.8745,0.038,0.026,0.0,0.0338,,0.0,0.0338,,0.0,0.0338,,0.0331,0.0545,1.001,15,25,1.013,438,120,0.167,0.0324,0.0514,0.964,,,,207800,30507,0.089,0.0,1.6,,0.0,0.8,,0.1826,0.1536,0.511,0.8926,0.512,0.349,0.0,0.0172,,0.0,0.0172,,0.0,0.0172,,0.1074,0.0854,0.483,0.0574,0.0931,0.986
420034801013,Tract 4801.01 · BG 3,42003480101,0.0,1516,559,0.224,593,195,0.2,35.5,6.5,0.111,0.2078,0.0597,0.175,0.192,0.097,0.307,0.5515,0.1227,0.135,0.0838,0.1051,0.762,0.31,0.2201,0.432,0.0547,0.0572,0.635,48125,45581,0.576,33159,9967,0.183,0.2197,0.2344,0.649,0.0,0.0139,,0.6929,0.1314,0.115,0.3648,0.1083,0.181,639,202,0.192,0.072,0.1183,0.999,1989,20,0.006,0.2567,0.1034,0.245,0.0344,0.0569,1.004,0.2926,0.1887,0.392,0.4022,0.2362,0.357,0.7234,0.1569,0.132,429,169,0.239,164,84,0.311,0.4697,0.0797,0.103,1128,226,0.122,267600,127501,0.29,0.4848,0.2968,0.372,0.1865,0.1561,0.509,0.3659,0.4054,0.674,0.7118,0.4074,0.348,0.0,0.0139,,0.0428,0.0672,0.954,0.0,0.0139,,0.0833,0.0911,0.665,0.1433,0.2116,0.897
420034801014,Tract 4801.01 · BG 4,42003480101,0.0,1973,622,0.192,965,252,0.159,29.3,4.3,0.089,0.2281,0.087,0.232,0.1652,0.0689,0.254,0.6721,0.2167,0.196,0.0426,0.0531,0.758,0.2311,0.1645,0.433,0.0233,0.0357,0.932,45199,19178,0.258,21684,4712,0.132,0.2688,0.1378,0.312,0.0,0.0146,,0.5361,0.1298,0.147,0.1768,0.1099,0.378,1092,270,0.15,0.1163,0.1013,0.53,1965,8,0.002,0.2683,0.1317,0.298,0.0311,0.0437,0.854,0.3837,0.1568,0.248,0.2628,0.11,0.254,0.7285,0.1294,0.108,703,222,0.192,262,161,0.374,0.7962,0.1718,0.131,1147,73,0.039,229200,7882,0.021,0.394,0.1527,0.236,0.2489,0.1467,0.358,0.187,0.1639,0.533,0.5583,0.1575,0.171,0.0316,0.047,0.906,0.017,0.0296,1.06,0.0,0.0146,,0.1056,0.1027,0.592,0.1917,0.119,0.377
420034801021,Tract 4801.02 · BG 1,42003480102,0.0,940,265,0.171,361,76,0.128,40.2,6.5,0.098,0.2234,0.0589,0.16,0.217,0.0586,0.164,0.7181,0.2758,0.233,0.0053,0.0095,1.081,0.1979,0.2031,0.624,0.0564,0.0879,0.948,104125,25731,0.15,51910,15198,0.178,0.017,0.0227,0.812,0.0174,0.0262,0.918,0.6888,0.1862,0.164,0.388,0.1764,0.276,361,76,0.128,0.0,0.0332,,1955,2,0.001,0.8587,0.0774,0.055,0.0,0.047,,0.1025,0.0897,0.532,0.0,0.047,,0.1607,0.0968,0.366,58,37,0.388,303,69,0.138,0.1102,0.0596,0.329,1070,156,0.089,216900,52029,0.146,0.4828,0.3909,0.492,0.1724,0.253,0.892,0.0891,0.1377,0.939,0.78,0.1523,0.119,0.066,0.0522,0.481,0.0,0.024,,0.0,0.024,,0.066,0.0499,0.46,0.0305,0.0573,1.143
420034801022,Tract 4801.02 · BG 2,42003480102,0.0,1054,330,0.19,420,90,0.13,47.7,13.7,0.175,0.1471,0.0747,0.309,0.2571,0.0527,0.124,0.9393,0.1155,0.075,0.0009,0.0038,2.424,0.0237,0.0382,0.979,0.0,0.0114,,114250,10075,0.054,46365,7810,0.102,0.0285,0.0303,0.646,0.0046,0.0075,0.981,0.6602,0.1741,0.16,0.4243,0.0906,0.13,420,90,0.13,0.0,0.0286,,1956,2,0.001,0.8929,0.265,0.18,0.0167,0.0386,1.408,0.0,0.0404,,0.0,0.0404,,0.069,0.0699,0.615,29,30,0.629,391,88,0.137,0.0485,0.0511,0.64,,,,214200,18656,0.053,0.5172,0.9852,1.158,0.0,0.4138,,0.1125,0.0958,0.518,0.5311,0.1329,0.152,0.0295,0.0433,0.892,0.0,0.0186,,0.0,0.0186,,0.2873,0.0768,0.163,0.0286,0.0511,1.088
420034801023,Tract 4801.02 · BG 3,42003480102,0.0,1135,330,0.177,435,99,0.138,46.3,14.5,0.19,0.1797,0.0619,0.209,0.3004,0.1572,0.318,0.7004,0.2699,0.234,0.0978,0.0825,0.513,0.0,0.0106,,0.0,0.0106,,68292,17596,0.157,31832,6178,0.118,0.1744,0.1173,0.409,0.0,0.0231,,0.5312,0.0828,0.095,0.2998,0.0676,0.137,474,95,0.122,0.0823,0.1127,0.833,1956,2,0.001,0.8059,0.1257,0.095,0.0675,0.0871,0.784,0.0,0.0358,,0.0,0.0358,,0.1218,0.1044,0.521,53,47,0.539,382,97,0.154,0.1233,0.1106,0.545,,,,185400,19955,0.065,0.6038,0.6608,0.665,0.6038,0.5319,0.536,0.2539,0.1582,0.379,0.6865,0.0637,0.056,0.0192,0.0222,0.703,0.0,0.0231,,0.0,0.0231,,0.0904,0.0649,0.436,0.0046,0.0284,3.757
420034802001,Tract 4802 · BG 1,42003480200,0.0,2360,452,0.116,845,186,0.134,43.1,4.4,0.062,0.1356,0.0426,0.191,0.2547,0.0297,0.071,0.7877,0.0944,0.073,0.0564,0.0583,0.629,0.1153,0.0252,0.133,0.0153,0.0197,0.785,95156,28827,0.184,45411,6819,0.091,0.0263,0.0226,0.523,0.0349,0.0239,0.417,0.6365,0.1194,0.114,0.3389,0.1296,0.232,928,200,0.131,0.0894,0.0939,0.639,1957,3,0.001,0.931,0.0693,0.045,0.0345,0.0539,0.949,0.0,0.0183,,0.0,0.0183,,0.032,0.03,0.57,27,26,0.585,818,185,0.137,0.019,0.0195,0.625,,,,216500,17028,0.048,0.0,0.8889,,0.0,0.4444,,0.1895,0.0917,0.294,0.6003,0.2275,0.23,0.0299,0.0335,0.682,0.0,0.0094,,0.0,0.0094,,0.2101,0.1929,0.558,0.0095,0.02,1.283
420034802002,Tract 4802 · BG 2,42003480200,0.0,578,168,0.177,246,73,0.18,45.8,16.9,0.224,0.2543,0.0788,0.188,0.2353,0.1005,0.26,0.8408,0.1605,0.116,0.0779,0.1155,0.901,0.0,0.0208,,0.0,0.0208,,61250,53073,0.527,39890,8827,0.135,0.0,0.0294,,0.0435,0.068,0.951,0.6749,0.1667,0.15,0.3395,0.1475,0.264,292,87,0.181,0.1575,0.2,0.772,1961,12,0.004,0.7089,0.0805,0.069,0.1575,0.2042,0.788,0.0,0.0581,,0.1336,0.1374,0.625,0.187,0.1572,0.511,46,41,0.542,200,63,0.191,0.0934,0.0748,0.487,1050,189,0.109,248200,30926,0.076,0.4348,0.6923,0.968,0.0,0.2609,,0.22,0.259,0.716,0.721,0.2966,0.25,0.0,0.0435,,0.0,0.0435,,0.0,0.0435,,0.279,0.1505,0.328,0.1138,0.1743,0.931
420034802003,Tract 4802 · BG 3,42003480200,0.0,735,156,0.129,369,91,0.15,50.2,15.4,0.186,0.1578,0.0905,0.348,0.2231,0.079,0.215,0.8789,0.1068,0.074,0.034,0.0526,0.94,0.0,0.0163,,0.0517,0.085,1.0,61089,19371,0.193,32935,7256,0.134,0.1048,0.0808,0.469,0.0,0.0343,,0.5556,0.1511,0.165,0.2569,0.1079,0.255,406,94,0.141,0.0911,0.1363,0.909,1955,7,0.002,0.7759,0.1299,0.102,0.0,0.0418,,0.0,0.0418,,0.2069,0.1542,0.453,0.2276,0.1526,0.408,84,60,0.434,285,73,0.156,0.1432,0.0992,0.421,963,27,0.017,216000,21203,0.06,0.4643,0.4314,0.565,0.2619,0.3723,0.864,0.3368,0.1898,0.342,0.5479,0.1796,0.199,0.1287,0.1492,0.705,0.0868,0.1191,0.834,0.0,0.0359,,0.1617,0.1194,0.449,0.0,0.046,
420034803001,Tract 4803 · BG 1,42003480300,0.0,562,183,0.198,249,65,0.159,44.4,12.3,0.168,0.1584,0.0918,0.352,0.2562,0.0724,0.172,0.8968,0.0789,0.053,0.0018,0.0035,1.2,0.0872,0.1359,0.947,0.0142,0.0227,0.968,88523,27745,0.191,51860,16266,0.191,0.0409,0.0576,0.856,0.0374,0.0539,0.876,0.6786,0.1983,0.178,0.2867,0.118,0.25,249,65,0.159,0.0,0.0482,,1949,8,0.002,1.0,0.0,0.0,0.0,0.0682,,0.0,0.0682,,0.0,0.0682,,0.0402,0.0675,1.021,10,17,1.033,239,62,0.158,0.0573,0.0894,0.948,,,,185600,43138,0.141,0.0,2.4,,0.0,1.2,,0.1925,0.1825,0.576,0.7864,0.1824,0.141,0.0,0.0388,,0.0,0.0388,,0.0,0.0388,,0.1165,0.1064,0.555,0.0,0.0682,
420034803002,Tract 4803 · BG 2,42003480300,0.0,1553,360,0.141,666,132,0.12,44.0,12.3,0.17,0.1603,0.0524,0.198,0.2608,0.0768,0.179,0.7373,0.2388,0.197,0.0373,0.058,0.943,0.1217,0.1011,0.505,0.0097,0.0153,0.962,89342,28768,0.196,56100,7867,0.085,0.029,0.0262,0.55,0.0802,0.0919,0.697,0.7318,0.1157,0.096,0.3245,0.071,0.133,744,146,0.119,0.1048,0.1124,0.652,1964,4,0.001,0.7325,0.1063,0.088,0.0,0.0228,,0.0699,0.0878,0.763,0.0282,0.0481,1.037,0.1096,0.0982,0.545,73,67,0.558,593,110,0.113,0.0856,0.0579,0.411,803,308,0.233,235900,30628,0.079,0.0,0.3288,,0.0,0.1644,,0.1298,0.0919,0.43,0.7023,0.0976,0.085,0.0,0.0134,,0.0145,0.023,0.967,0.0,0.0134,,0.1761,0.0597,0.206,0.024,0.0427,1.081
420034803003,Tract 4803 · BG 3,42003480300,0.0,1483,417,0.171,655,131,0.122,44.7,13.0,0.177,0.1922,0.0828,0.262,0.2987,0.1174,0.239,0.9332,0.0756,0.049,0.0223,0.0324,0.886,0.0142,0.0212,0.91,0.0182,0.0251,0.838,59583,18029,0.184,36075,8101,0.137,0.0816,0.0859,0.64,0.0341,0.0535,0.955,0.6246,0.1809,0.176,0.279,0.084,0.183,655,131,0.122,0.0,0.0183,,1957,4,0.001,1.0,0.0,0.0,0.0,0.0259,,0.0,0.0259,,0.0,0.0259,,0.1695,0.111,0.398,111,76,0.416,544,121,0.135,0.207,0.1445,0.424,1308,351,0.163,184500,24400,0.08,0.1982,0.3324,1.019,0.0,0.1081,,0.2978,0.206,0.42,0.7763,0.1855,0.145,0.0,0.0164,,0.0136,0.0212,0.944,0.0,0.0164,,0.1269,0.0492,0.236,0.0305,0.0378,0.752
420034804001,Tract 4804 · BG 1,42003480400,0.0,1328,454,0.208,681,191,0.17,44.7,7.9,0.107,0.1973,0.1045,0.322,0.1935,0.0639,0.201,0.9224,0.1088,0.072,0.0452,0.0675,0.909,0.0,0.009,,0.0,0.009,,62054,44320,0.434,40652,9209,0.138,0.1461,0.1341,0.558,0.0324,0.0457,0.858,0.6856,0.2165,0.192,0.2899,0.1416,0.297,681,191,0.17,0.0,0.0176,,1965,3,0.001,0.6843,0.143,0.127,0.0,0.0249,,0.0793,0.0719,0.551,0.2364,0.1572,0.404,0.3157,0.1421,0.274,215,114,0.322,466,163,0.213,0.2477,0.1144,0.281,840,118,0.085,265800,70232,0.161,0.4512,0.3213,0.433,0.3767,0.3139,0.507,0.2854,0.2313,0.493,0.9331,0.1652,0.108,0.0,0.0161,,0.0,0.0161,,0.0,0.0161,,0.0415,0.0472,0.691,0.0969,0.1246,0.781
420034804002,Tract 4804 · BG 2,42003480400,0.0,957,374,0.238,419,127,0.184,52.1,12.6,0.147,0.0543,0.0718,0.804,0.349,0.0353,0.062,0.8245,0.4208,0.31,0.0,0.0125,,0.0,0.0125,,0.0,0.0125,,109926,41442,0.229,54070,11111,0.125,0.1473,0.1301,0.537,0.0213,0.0389,1.111,0.4784,0.1466,0.186,0.3048,0.1284,0.256,419,127,0.184,0.0,0.0286,,1958,3,0.001,0.9499,0.0868,0.056,0.0501,0.087,1.055,0.0,0.0405,,0.0,0.0405,,0.0907,0.1038,0.696,38,45,0.72,381,129,0.206,0.0742,0.0917,0.751,,,,196500,25033,0.077,0.4474,0.7493,1.018,0.4474,0.5121,0.696,0.0656,0.1281,1.186,0.5381,0.1093,0.124,0.0,0.0277,,0.0393,0.0614,0.951,0.0,0.0277,,0.3718,0.1971,0.322,0.0,0.0405,
420034804003,Tract 4804 · BG 3,42003480400,0.0,1779,395,0.135,775,188,0.147,40.3,8.8,0.133,0.2322,0.1032,0.27,0.1282,0.0516,0.245,0.8454,0.1043,0.075,0.0,0.0067,,0.0051,0.0084,1.004,0.0,0.0067,,110461,25393,0.14,43881,7017,0.097,0.1271,0.1427,0.683,0.0,0.011,,0.7545,0.1607,0.129,0.4815,0.1793,0.226,822,197,0.146,0.0572,0.0877,0.933,1955,4,0.001,0.8418,0.0454,0.033,0.0231,0.0401,1.054,0.0,0.0206,,0.0,0.0206,,0.0155,0.0229,0.9,12,18,0.912,763,187,0.149,0.0129,0.02,0.942,,,,179800,16290,0.055,0.0,2.0,,0.0,1.0,,0.0878,0.0786,0.544,0.8895,0.1087,0.074,0.0,0.0111,,0.0,0.0111,,0.0,0.0111,,0.0789,0.0661,0.509,0.0219,0.0378,1.046
420034804004,Tract 4804 · BG 4,42003480400,0.0,886,298,0.204,334,98,0.178,47.7,16.0,0.204,0.1637,0.0785,0.292,0.2607,0.0756,0.176,0.9571,0.0974,0.062,0.0135,0.021,0.941,0.0,0.0135,,0.0,0.0135,,107667,66178,0.374,51310,17044,0.202,0.0035,0.0076,1.343,0.0,0.0245,,0.6326,0.1584,0.152,0.2307,0.1009,0.266,497,123,0.15,0.328,0.1641,0.304,1962,6,0.002,0.8592,0.2226,0.158,0.0,0.0341,,0.0,0.0341,,0.1408,0.2179,0.94,0.1766,0.1626,0.56,59,57,0.587,275,96,0.212,0.146,0.1748,0.728,,,,169700,23709,0.085,0.3729,0.6226,1.015,0.0,0.2034,,0.12,0.1751,0.887,0.7532,0.1411,0.114,0.0,0.0253,,0.0,0.0253,,0.0,0.0253,,0.1709,0.0736,0.262,0.0599,0.1008,1.023
420034810001,Tract 4810 · BG 1,42003481000,0.0,662,371,0.341,256,103,0.245,43.0,19.4,0.274,0.2764,0.167,0.367,0.1239,0.0849,0.417,0.2719,0.0492,0.11,0.4048,0.3765,0.565,0.0347,0.0508,0.888,0.1511,0.1671,0.672,48462,44742,0.561,28476,11496,0.245,0.1983,0.1115,0.342,0.0885,0.0917,0.63,0.5149,0.2206,0.261,0.2173,0.161,0.45,353,145,0.25,0.2748,0.2223,0.492,1938,,,0.6997,0.1129,0.098,0.1501,0.0946,0.383,0.0397,0.0717,1.098,0.0,0.0481,,0.4805,0.1325,0.168,123,60,0.297,133,89,0.407,0.5136,0.2694,0.319,744,116,0.095,70600,37318,0.321,0.3496,0.2469,0.429,0.1463,0.1461,0.607,0.3684,0.4089,0.675,0.815,0.325,0.242,0.0617,0.0932,0.919,0.0,0.0529,,0.0,0.0529,,0.0176,0.0287,0.989,0.375,0.2104,0.341
420034810002,Tract 4810 · BG 2,42003481000,0.0,704,400,0.345,239,124,0.315,34.0,9.1,0.163,0.3054,0.1675,0.333,0.0128,0.0556,2.642,0.1733,0.1195,0.419,0.767,0.3863,0.306,0.0,0.017,,0.0,0.017,,88683,33279,0.228,30110,15501,0.313,0.2528,0.2141,0.515,0.0339,0.1365,2.449,0.7509,0.6375,0.516,0.3326,0.0606,0.111,350,161,0.28,0.3171,0.2816,0.54,1942,19,0.006,0.6829,0.2336,0.208,0.1886,0.1508,0.486,0.1286,0.1912,0.904,0.0,0.0485,,0.682,0.3261,0.291,163,115,0.429,76,66,0.528,0.821,0.351,0.26,1882,1531,0.495,,,,0.3252,0.3502,0.655,0.3252,0.3262,0.61,0.0395,0.4197,6.463,0.411,0.2435,0.36,0.1905,0.2491,0.795,0.0,0.0301,,0.0,0.0301,,0.0,0.0301,,0.3556,0.3069,0.525
420034810003,Tract 4810 · BG 3,42003481000,0.0,1583,425,0.163,455,123,0.164,28.4,15.3,0.327,0.4239,0.1226,0.176,0.0531,0.03,0.344,0.6608,0.2333,0.215,0.2369,0.1549,0.397,0.0,0.0076,,0.0069,0.0119,1.037,57878,11569,0.122,17529,4271,0.148,0.0875,0.0966,0.671,0.06,0.0641,0.649,0.7637,0.3406,0.271,0.1155,0.0683,0.359,508,140,0.168,0.1043,0.1227,0.715,1942,8,0.003,0.5472,0.1844,0.205,0.2047,0.188,0.558,0.0217,0.0438,1.231,0.0,0.0334,,0.7319,0.0733,0.061,333,96,0.175,122,78,0.389,0.7688,0.1717,0.136,1515,399,0.16,142200,91817,0.393,0.7538,0.3368,0.272,0.2192,0.2411,0.669,0.0,0.2782,,0.2582,0.1231,0.29,0.2454,0.1931,0.478,0.0128,0.0209,0.996,0.0,0.017,,0.1035,0.1485,0.872,0.5143,0.2384,0.282
420034810004,Tract 4810 · BG 4,42003481000,0.0,370,166,0.273,249,122,0.298,54.0,9.1,0.102,0.0216,0.1039,2.922,0.2784,0.1607,0.351,0.6703,0.2428,0.22,0.2865,0.3066,0.651,0.0,0.0324,,0.0432,0.0731,1.028,45720,8410,0.112,38515,12589,0.199,0.1459,0.1873,0.78,0.0333,0.0986,1.798,0.5801,0.1258,0.132,0.0608,0.0931,0.932,278,123,0.269,0.1043,0.1664,0.97,1938,,,0.7842,0.0803,0.062,0.1403,0.1593,0.69,0.0,0.061,,0.0,0.061,,0.3775,0.2223,0.358,94,72,0.466,155,102,0.4,0.4649,0.3189,0.417,,,,90400,18471,0.124,0.6383,0.3748,0.357,0.0638,0.163,1.553,0.1032,0.2645,1.558,0.7291,0.315,0.263,0.0,0.0591,,0.0,0.0591,,0.0,0.0591,,0.0394,0.0656,1.013,0.0201,0.0571,1.728
420034825001,Tract 4825 · BG 1,42003482500,0.0,1905,294,0.094,838,118,0.086,38.9,2.2,0.034,0.1669,0.0351,0.128,0.2089,0.0307,0.089,0.7181,0.0466,0.039,0.1139,0.0681,0.363,0.0,0.0063,,0.0961,0.0992,0.628,77250,30388,0.239,44052,5896,0.081,0.0693,0.0402,0.353,0.084,0.0759,0.549,0.6459,0.0473,0.044,0.3464,0.071,0.125,959,98,0.062,0.1262,0.0623,0.3,1957,2,0.001,0.8227,0.0734,0.054,0.0709,0.0456,0.391,0.0615,0.0492,0.486,0.0219,0.0336,0.933,0.2458,0.0991,0.245,206,88,0.26,632,95,0.091,0.2018,0.113,0.34,1247,315,0.154,167400,14199,0.052,0.6456,0.2828,0.266,0.2476,0.2452,0.602,0.0823,0.0597,0.441,0.6416,0.0636,0.06,0.0603,0.0704,0.71,0.0258,0.0428,1.008,0.0,0.0129,,0.2142,0.0857,0.243,0.0847,0.0528,0.379
420034838001,Tract 4838 · BG 1,42003483800,0.0,733,385,0.319,290,109,0.228,28.6,18.5,0.393,0.307,0.1772,0.351,0.1487,0.0511,0.209,0.2292,0.1376,0.365,0.7231,0.3785,0.318,0.0,0.0164,,0.0,0.0164,,32500,6324,0.118,32547,12101,0.226,0.2387,0.1544,0.393,0.0,0.0387,,0.5794,0.2174,0.228,0.2439,0.1273,0.317,349,118,0.206,0.1691,0.1682,0.605,1938,,,0.6991,0.1619,0.141,0.1261,0.1613,0.778,0.0,0.0486,,0.0,0.0486,,0.6517,0.2805,0.262,189,108,0.347,101,65,0.391,0.6657,0.4382,0.4,986,238,0.147,67300,21948,0.198,0.5714,0.358,0.381,0.1587,0.1367,0.523,0.099,0.3462,2.126,0.7548,0.2247,0.181,0.0,0.0387,,0.0032,0.0225,4.242,0.0,0.0387,,0.029,0.0422,0.883,0.2448,0.2196,0.545
420034838002,Tract 4838 · BG 2,42003483800,0.0,1475,345,0.142,755,196,0.158,42.9,23.5,0.333,0.1878,0.082,0.265,0.28,0.0655,0.142,0.2922,0.0735,0.153,0.499,0.0742,0.09,0.0122,0.0167,0.832,0.0373,0.0501,0.817,38429,19272,0.305,26846,7269,0.165,0.221,0.0715,0.197,0.096,0.1025,0.65,0.5432,0.1056,0.118,0.1762,0.0796,0.275,813,210,0.157,0.0713,0.0841,0.717,1971,17,0.005,0.2202,0.0788,0.218,0.1796,0.1126,0.381,0.0972,0.0624,0.39,0.3579,0.103,0.175,0.7364,0.1031,0.085,556,164,0.179,199,86,0.263,0.5283,0.1162,0.134,687,271,0.24,94300,62654,0.404,0.464,0.127,0.166,0.1511,0.0923,0.371,0.1809,0.1753,0.589,0.4101,0.1412,0.209,0.2034,0.0757,0.226,0.0303,0.0391,0.786,0.0487,0.0566,0.706,0.2353,0.1039,0.269,0.3073,0.1092,0.216
420034838003,Tract 4838 · BG 3,42003483800,0.0,666,262,0.239,371,132,0.216,58.1,14.3,0.15,0.0841,0.0661,0.478,0.2958,0.1677,0.345,0.4715,0.2531,0.326,0.4565,0.1959,0.261,0.0,0.018,,0.0,0.018,,46991,23522,0.304,32670,7749,0.144,0.0511,0.0445,0.53,0.0291,0.0452,0.944,0.6019,0.1915,0.193,0.1885,0.1105,0.356,574,141,0.149,0.3537,0.1844,0.317,1949,21,0.007,0.5105,0.1948,0.232,0.2805,0.1525,0.33,0.0784,0.1014,0.786,0.0209,0.0388,1.129,0.5067,0.178,0.214,188,94,0.304,183,100,0.332,0.5015,0.1758,0.213,1056,257,0.148,84700,6061,0.044,0.3298,0.2721,0.501,0.1117,0.1148,0.625,0.0,0.1855,,0.594,0.1459,0.149,0.2098,0.1425,0.413,0.0,0.0327,,0.0,0.0327,,0.1635,0.113,0.42,0.0889,0.0892,0.61
420034843001,Tract 4843 · BG 1,42003484300,0.0,552,265,0.292,247,104,0.256,40.8,18.9,0.282,0.2355,0.1503,0.388,0.1866,0.1354,0.441,0.625,0.1723,0.168,0.3388,0.3539,0.635,0.0,0.0217,,0.0,0.0217,,75302,27502,0.222,30306,10854,0.218,0.0471,0.0409,0.528,0.0,0.0494,,0.5436,0.1342,0.15,0.2541,0.1653,0.395,325,114,0.213,0.24,0.1949,0.494,1938,,,0.5446,0.249,0.278,0.1323,0.1387,0.637,0.0277,0.0608,1.334,0.0677,0.0622,0.558,0.4696,0.2565,0.332,116,80,0.419,131,80,0.371,0.6178,0.2952,0.291,1425,870,0.371,,,,0.431,0.2734,0.386,0.25,0.2886,0.702,0.458,0.3649,0.484,0.6276,0.2117,0.205,0.2134,0.2226,0.634,0.0293,0.065,1.35,0.0,0.0502,,0.1297,0.0935,0.438,0.0283,0.0801,1.718
420034843002,Tract 4843 · BG 2,42003484300,0.0,1401,632,0.274,588,186,0.192,32.6,4.9,0.091,0.3169,0.1591,0.305,0.1142,0.0239,0.127,0.7559,0.2591,0.208,0.1506,0.1439,0.581,0.0,0.0086,,0.0043,0.0061,0.87,101563,87689,0.525,38618,9313,0.147,0.0828,0.0777,0.57,0.0778,0.0673,0.526,0.7349,0.1726,0.143,0.3288,0.0998,0.185,654,202,0.188,0.1009,0.1119,0.674,1945,6,0.002,0.87,0.1104,0.077,0.0306,0.0385,0.766,0.0,0.0259,,0.0,0.0259,,0.3435,0.2061,0.365,202,137,0.412,386,155,0.244,0.2326,0.1331,0.348,796,486,0.371,121800,40073,0.2,0.0,0.1188,,0.0,0.0594,,0.0622,0.1299,1.27,0.6902,0.3928,0.346,0.0199,0.0312,0.951,0.0798,0.1484,1.131,0.0,0.0184,,0.1887,0.1539,0.496,0.0408,0.0698,1.04
420034843003,Tract 4843 · BG 3,42003484300,0.0,1238,413,0.203,600,193,0.196,34.6,14.2,0.249,0.2593,0.1377,0.323,0.1244,0.0533,0.261,0.4774,0.2539,0.323,0.517,0.2321,0.273,0.0,0.0097,,0.0,0.0097,,,,,28819,8577,0.181,0.3893,0.3023,0.472,0.0,0.0272,,0.4809,0.1821,0.23,0.525,0.2972,0.344,745,184,0.15,0.1946,0.1325,0.414,1938,,,0.4523,0.1959,0.263,0.4067,0.2521,0.377,0.0376,0.0566,0.915,0.055,0.0597,0.659,0.6267,0.2355,0.228,376,186,0.301,224,114,0.309,0.5477,0.2473,0.275,1130,40,0.022,,,,0.7287,0.3959,0.33,0.6144,0.43,0.426,0.0402,0.1595,2.413,0.517,0.2404,0.283,0.0045,0.0065,0.866,0.0862,0.0682,0.481,0.0,0.0272,,0.2268,0.1079,0.289,0.48,0.3151,0.399
420034845001,Tract 4845 · BG 1,42003484500,0.0,1836,475,0.157,800,231,0.176,48.7,8.1,0.101,0.177,0.0802,0.276,0.2996,0.1164,0.236,0.9303,0.0635,0.041,0.0223,0.0338,0.921,0.018,0.0268,0.908,0.0,0.0065,,73636,31147,0.257,40519,7451,0.112,0.0392,0.0539,0.836,0.0976,0.0744,0.464,0.5994,0.0809,0.082,0.286,0.1098,0.233,858,239,0.169,0.0676,0.0818,0.735,1952,6,0.002,0.9615,0.0807,0.051,0.0,0.0198,,0.0,0.0198,,0.0,0.0198,,0.0575,0.0654,0.692,46,54,0.714,754,225,0.181,0.0724,0.0812,0.681,,,,153400,21352,0.085,0.3696,0.6217,1.023,0.0,0.2609,,0.1724,0.141,0.497,0.8426,0.143,0.103,0.0118,0.0186,0.955,0.0,0.0142,,0.0,0.0142,,0.0746,0.066,0.538,0.205,0.2344,0.695
420034845002,Tract 4845 · BG 2,42003484500,0.0,1101,563,0.311,588,278,0.287,59.0,2.3,0.024,0.0481,0.0453,0.572,0.2134,0.1532,0.436,0.9955,0.065,0.04,0.0,0.0109,,0.0,0.0109,,0.0,0.0109,,39045,3610,0.056,30867,10158,0.2,0.0,0.0154,,0.0606,0.0784,0.786,0.7451,0.3655,0.298,0.1418,0.0415,0.178,588,278,0.287,0.0,0.0204,,1938,,,0.8129,0.2925,0.219,0.0272,0.0486,1.085,0.0,0.0289,,0.1599,0.1269,0.482,0.1871,0.1291,0.419,110,92,0.508,478,284,0.361,0.1417,0.0898,0.385,587,317,0.328,98600,20243,0.125,0.4,0.5734,0.871,0.0,0.1091,,0.1506,0.1136,0.459,0.879,0.3263,0.226,0.0,0.0161,,0.0,0.0161,,0.0,0.0161,,0.1008,0.0574,0.346,0.1037,0.1192,0.698
420034845003,Tract 4845 · BG 3,42003484500,0.0,711,262,0.224,385,126,0.199,34.9,8.2,0.143,0.2039,0.1444,0.431,0.1758,0.0877,0.303,0.9409,0.1746,0.113,0.0183,0.0288,0.956,0.0,0.0169,,0.0408,0.0528,0.786,61065,20427,0.203,36419,11210,0.187,0.2082,0.2121,0.619,0.0448,0.0709,0.962,0.7491,0.1697,0.138,0.2621,0.1029,0.239,532,151,0.173,0.2763,0.2453,0.54,1944,14,0.004,0.688,0.1129,0.1,0.312,0.2537,0.494,0.0,0.0319,,0.0,0.0319,,0.0545,0.0651,0.726,21,26,0.753,364,128,0.214,0.0492,0.0621,0.767,,,,127500,15387,0.073,0.0,1.1429,,0.0,0.5714,,0.1319,0.2163,0.997,0.8272,0.1916,0.141,0.0,0.0296,,0.0617,0.1032,1.016,0.0,0.0296,,0.0,0.0296,,0.0442,0.0754,1.038
420034845004,Tract 4845 · BG 4,42003484500,0.0,1809,411,0.138,955,192,0.122,46.0,9.9,0.131,0.1161,0.0642,0.336,0.2195,0.0683,0.189,0.948,0.0611,0.039,0.0216,0.0311,0.878,0.0,0.0066,,0.0,0.0066,,52489,24810,0.287,50755,16092,0.193,0.1487,0.1385,0.566,0.1125,0.1087,0.587,0.663,0.1173,0.108,0.3873,0.1184,0.186,955,192,0.122,0.0,0.0126,,1949,4,0.001,0.5916,0.1352,0.139,0.0555,0.0485,0.531,0.2618,0.1054,0.245,0.0,0.0178,,0.3853,0.0795,0.125,368,106,0.175,587,171,0.177,0.3322,0.0714,0.131,551,34,0.038,185500,16587,0.054,0.0734,0.094,0.778,0.038,0.0588,0.939,0.1141,0.118,0.629,0.8025,0.149,0.113,0.0,0.0125,,0.0187,0.0306,0.993,0.0,0.0125,,0.0655,0.0738,0.685,0.0387,0.0461,0.723
420034846001,Tract 4846 · BG 1,42003484600,0.0,823,199,0.147,502,172,0.208,54.0,15.7,0.177,0.1409,0.054,0.233,0.4143,0.1819,0.267,0.9113,0.1213,0.081,0.0413,0.0274,0.403,0.0,0.0146,,0.0073,0.0108,0.9,34167,18428,0.328,32387,7962,0.149,0.2418,0.1905,0.479,0.0,0.0363,,0.4682,0.0724,0.094,0.2304,0.0642,0.169,613,199,0.197,0.1811,0.1129,0.379,1956,9,0.003,0.5449,0.2451,0.273,0.0816,0.0796,0.593,0.0,0.0277,,0.2806,0.2244,0.486,0.4661,0.2549,0.332,234,151,0.392,268,101,0.229,0.3706,0.1915,0.314,,,,95700,24328,0.155,0.6154,0.4788,0.473,0.4359,0.5425,0.757,0.4179,0.2819,0.41,0.6677,0.1409,0.128,0.0,0.0363,,0.0816,0.1244,0.927,0.0,0.0363,,0.1813,0.0971,0.326,0.3068,0.2823,0.56
420034846002,Tract 4846 · BG 2,42003484600,0.0,1077,240,0.135,489,86,0.107,43.3,7.9,0.111,0.1588,0.0707,0.271,0.1532,0.0548,0.218,0.7233,0.2237,0.188,0.2321,0.1774,0.465,0.0,0.0111,,0.0176,0.0238,0.821,44592,7420,0.101,33082,4707,0.086,0.1418,0.0646,0.277,0.1672,0.1882,0.684,0.673,0.1049,0.095,0.3333,0.0966,0.176,508,87,0.104,0.0374,0.0607,0.986,1955,11,0.003,0.561,0.0988,0.107,0.311,0.1391,0.272,0.0551,0.0421,0.465,0.0,0.0334,,0.4928,0.1139,0.141,241,70,0.177,248,67,0.164,0.4851,0.1685,0.211,831,186,0.136,153000,39382,0.156,0.4938,0.2595,0.319,0.2116,0.1586,0.456,0.2016,0.1962,0.592,0.717,0.0672,0.057,0.044,0.0643,0.889,0.0765,0.0864,0.687,0.0,0.0229,,0.0803,0.0568,0.43,0.1145,0.0951,0.505
420034850001,Tract 4850 · BG 1,42003485000,0.0,1140,214,0.114,549,103,0.114,41.8,6.7,0.097,0.1561,0.0464,0.181,0.1763,0.0187,0.065,0.6544,0.0254,0.024,0.1974,0.0929,0.286,0.0,0.0105,,0.093,0.0743,0.486,63194,4816,0.046,32867,4684,0.087,0.2586,0.1285,0.302,0.149,0.1125,0.459,0.6656,0.138,0.126,0.1407,0.0467,0.202,638,102,0.097,0.1395,0.0636,0.277,1952,2,0.001,0.8699,0.088,0.061,0.0376,0.0374,0.605,0.0502,0.0269,0.326,0.0,0.0266,,0.4299,0.1279,0.181,236,83,0.214,313,58,0.113,0.4991,0.1473,0.179,1075,199,0.113,98500,9850,0.061,0.3051,0.0971,0.193,0.2373,0.1014,0.26,0.1278,0.0742,0.353,0.697,0.0337,0.029,0.0279,0.029,0.633,0.0,0.0223,,0.0,0.0223,,0.1152,0.0773,0.408,0.1403,0.0441,0.191
420034867001,Tract 4867 · BG 1,42003486700,0.0,974,299,0.187,617,163,0.161,53.1,17.1,0.196,0.115,0.0935,0.495,0.3183,0.1171,0.224,0.5493,0.0525,0.058,0.4066,0.2219,0.332,0.0,0.0123,,0.0,0.0123,,44940,17104,0.231,34746,8293,0.145,0.1304,0.0984,0.459,0.2141,0.1397,0.396,0.5742,0.1483,0.157,0.0393,0.0453,0.7,816,174,0.13,0.2439,0.115,0.287,1945,4,0.001,0.5686,0.1126,0.12,0.0809,0.0763,0.573,0.212,0.1484,0.425,0.0956,0.0871,0.554,0.4862,0.2064,0.258,300,150,0.304,317,97,0.186,0.5441,0.2588,0.289,876,287,0.199,81600,16950,0.126,0.41,0.3307,0.49,0.06,0.1058,1.072,0.1483,0.2036,0.835,0.3779,0.19,0.306,0.3188,0.2481,0.473,0.0,0.0308,,0.0,0.0308,,0.1183,0.1451,0.746,0.4781,0.2192,0.279
420034867002,Tract 4867 · BG 2,42003486700,0.0,1173,539,0.279,363,163,0.273,25.6,5.4,0.128,0.4058,0.0479,0.072,0.0341,0.0425,0.758,0.3274,0.3473,0.645,0.4842,0.3087,0.388,0.0,0.0102,,0.0017,0.0033,1.183,40984,36058,0.535,11337,3916,0.21,0.3657,0.0918,0.153,0.0697,0.0503,0.439,0.7511,0.3231,0.262,0.0724,0.0627,0.527,544,181,0.202,0.3327,0.1444,0.264,1955,4,0.001,0.4099,0.2161,0.32,0.0496,0.0858,1.051,0.3952,0.239,0.368,0.0772,0.0761,0.599,0.8981,0.2488,0.168,326,172,0.321,37,34,0.559,0.8082,0.3299,0.248,604,561,0.565,54100,35128,0.395,0.4049,0.1519,0.228,0.2945,0.1655,0.342,0.3243,0.9403,1.762,0.0931,0.1099,0.718,0.3927,0.1241,0.192,0.0364,0.0507,0.846,0.0,0.0243,,0.4777,0.6031,0.767,0.6942,0.2577,0.226
420034868001,Tract 4868 · BG 1,42003486800,0.0,609,248,0.248,280,99,0.215,44.1,11.6,0.16,0.1741,0.0931,0.325,0.2841,0.041,0.088,0.1987,0.0884,0.271,0.4713,0.0816,0.105,0.0,0.0197,,0.2463,0.2867,0.708,41471,8307,0.122,37722,14280,0.23,0.202,0.0987,0.297,0.0442,0.0704,0.968,0.5742,0.2357,0.25,0.1913,0.1164,0.37,464,99,0.13,0.3966,0.1721,0.264,1942,8,0.003,0.4353,0.1554,0.217,0.1078,0.0888,0.501,0.0991,0.0977,0.599,0.0517,0.0458,0.538,0.3893,0.1401,0.219,109,55,0.307,171,79,0.281,0.3616,0.1218,0.205,602,185,0.187,43400,30112,0.422,0.4771,0.273,0.348,0.422,0.2643,0.381,0.0468,0.1995,2.592,0.359,0.1345,0.228,0.0623,0.0914,0.892,0.0147,0.0505,2.095,0.0,0.044,,0.0586,0.0555,0.575,0.2607,0.1543,0.36
420034868002,Tract 4868 · BG 2,42003486800,0.0,1001,360,0.219,292,84,0.175,31.0,18.6,0.365,0.2308,0.094,0.248,0.0649,0.0356,0.334,0.5065,0.1119,0.134,0.2717,0.1377,0.308,0.0,0.012,,0.0,0.012,,50938,24376,0.291,20400,5406,0.161,0.1768,0.104,0.358,0.0,0.0234,,0.5863,0.2082,0.216,0.0909,0.0731,0.489,393,97,0.15,0.257,0.1276,0.302,1938,,,0.7913,0.129,0.099,0.0967,0.1275,0.801,0.0407,0.0675,1.008,0.0,0.0432,,0.4452,0.1945,0.266,130,68,0.318,162,64,0.24,0.4593,0.2879,0.381,943,636,0.41,,,,0.2846,0.2146,0.458,0.0538,0.0879,0.992,0.0309,0.2017,3.973,0.5253,0.048,0.056,0.0303,0.0307,0.615,0.2727,0.3139,0.7,0.0,0.0242,,0.097,0.056,0.351,0.3459,0.2136,0.375
420034869001,Tract 4869 · BG 1,42003486900,0.0,710,200,0.171,375,130,0.211,56.9,6.8,0.073,0.1113,0.0946,0.517,0.2028,0.0579,0.174,0.5296,0.1476,0.169,0.4113,0.1834,0.271,0.0,0.0169,,0.0,0.0169,,73125,17079,0.142,40626,13746,0.206,0.2549,0.1632,0.389,0.145,0.117,0.491,0.5357,0.1326,0.15,0.1071,0.0868,0.493,451,134,0.181,0.1685,0.0964,0.348,1942,8,0.003,0.8714,0.0989,0.069,0.0754,0.0746,0.601,0.0377,0.0645,1.041,0.0,0.0376,,0.416,0.0862,0.126,156,63,0.245,219,107,0.297,0.4606,0.1332,0.176,813,244,0.182,62600,17411,0.169,0.4551,0.1584,0.212,0.359,0.1451,0.246,0.032,0.1526,2.903,0.3668,0.1737,0.288,0.3287,0.1048,0.194,0.0,0.0415,,0.0,0.0415,,0.1522,0.1608,0.642,0.384,0.1023,0.162
420034869002,Tract 4869 · BG 2,42003486900,0.0,682,241,0.215,294,116,0.24,42.3,14.0,0.201,0.2082,0.0988,0.288,0.2097,0.0918,0.266,0.1496,0.0863,0.351,0.7507,0.1143,0.093,0.0,0.0176,,0.0,0.0176,,32278,14513,0.273,19302,4508,0.142,0.2067,0.1497,0.44,0.068,0.0543,0.486,0.5421,0.129,0.145,0.2329,0.1428,0.373,399,115,0.175,0.2632,0.1151,0.266,1950,9,0.003,0.812,0.1457,0.109,0.0,0.0425,,0.0,0.0425,,0.0,0.0425,,0.5374,0.1595,0.18,158,78,0.3,136,84,0.375,0.5821,0.2028,0.212,1012,330,0.198,55000,43196,0.477,0.5,0.2516,0.306,0.3987,0.2558,0.39,0.0882,0.2628,1.81,0.5694,0.2683,0.286,0.1215,0.0886,0.443,0.0139,0.0235,1.028,0.0,0.0417,,0.2604,0.244,0.57,0.1565,0.1434,0.557
420034870001,Tract 4870 · BG 1,42003487000,0.0,730,141,0.117,328,61,0.113,47.3,12.8,0.165,0.0904,0.0577,0.388,0.2795,0.063,0.137,0.9863,0.2684,0.165,0.0055,0.0109,1.21,0.0,0.0164,,0.0082,0.0205,1.515,77596,16083,0.126,36668,4498,0.075,0.0397,0.0418,0.639,0.0312,0.0326,0.637,0.6722,0.0851,0.077,0.2512,0.1026,0.248,366,65,0.108,0.1038,0.0966,0.566,1949,3,0.001,0.9863,0.0293,0.018,0.0,0.0464,,0.0,0.0464,,0.0,0.0464,,0.0671,0.0659,0.597,22,22,0.608,306,58,0.115,0.0753,0.0851,0.686,985,139,0.086,97300,6868,0.043,0.4091,0.8576,1.274,0.2273,0.3936,1.053,0.1176,0.1054,0.544,0.5189,0.1029,0.121,0.0377,0.0391,0.63,0.059,0.067,0.691,0.0,0.0283,,0.1769,0.1866,0.641,0.0305,0.0493,0.983
420034870002,Tract 4870 · BG 2,42003487000,0.0,913,235,0.156,543,132,0.148,47.0,7.6,0.098,0.0986,0.0487,0.3,0.2322,0.1039,0.272,0.8795,0.1292,0.089,0.1073,0.1015,0.575,0.0,0.0131,,0.0055,0.0098,1.083,42589,16056,0.229,34076,9107,0.162,0.1907,0.1881,0.6,0.0567,0.0417,0.447,0.5784,0.2144,0.225,0.075,0.0536,0.434,617,125,0.123,0.1199,0.0891,0.452,1947,3,0.001,0.3533,0.0682,0.117,0.2123,0.1407,0.403,0.2642,0.0639,0.147,0.0113,0.0263,1.408,0.6814,0.1879,0.168,370,136,0.223,173,50,0.176,0.644,0.1779,0.168,623,75,0.073,86700,2841,0.02,0.3108,0.2002,0.392,0.2162,0.204,0.574,0.289,0.2192,0.461,0.6395,0.1139,0.108,0.195,0.1578,0.492,0.0,0.0272,,0.0,0.0272,,0.1383,0.0908,0.399,0.1952,0.1393,0.434
420034881001,Tract 4881 · BG 1,42003488100,0.0,989,334,0.205,500,124,0.151,44.1,7.5,0.103,0.1577,0.1013,0.391,0.182,0.0859,0.287,0.8514,0.1885,0.135,0.1112,0.0659,0.36,0.0,0.0121,,0.0,0.0121,,66119,8577,0.079,45234,7072,0.095,0.0597,0.0346,0.353,0.0341,0.0278,0.495,0.687,0.1812,0.16,0.1752,0.067,0.232,500,124,0.151,0.0,0.024,,1938,,,0.916,0.0195,0.013,0.068,0.1133,1.013,0.0,0.0339,,0.0,0.0339,,0.232,0.103,0.27,116,59,0.309,384,112,0.177,0.182,0.0671,0.224,821,792,0.586,118800,63748,0.326,0.3276,0.4789,0.889,0.0,0.1034,,0.1146,0.099,0.525,0.6992,0.1751,0.152,0.0449,0.0628,0.85,0.0,0.0234,,0.0,0.0234,,0.2266,0.123,0.33,0.066,0.0679,0.626
420034881002,Tract 4881 · BG 2,42003488100,0.0,1148,177,0.094,451,73,0.098,43.2,2.2,0.031,0.1977,0.0631,0.194,0.2012,0.0387,0.117,0.9922,0.0102,0.006,0.0,0.0105,,0.0,0.0105,,0.0,0.0105,,77875,21635,0.169,40800,6090,0.091,0.0714,0.0646,0.55,0.0752,0.0517,0.418,0.6476,0.0889,0.083,0.2938,0.0929,0.192,472,72,0.093,0.0445,0.0675,0.922,1956,3,0.001,1.0,0.0,0.0,0.0,0.036,,0.0,0.036,,0.0,0.036,,0.1131,0.0731,0.393,51,34,0.405,400,72,0.109,0.1004,0.0753,0.456,1257,635,0.307,154200,14330,0.056,0.3333,0.5055,0.922,0.3333,0.299,0.545,0.1425,0.0902,0.385,0.7776,0.1158,0.091,0.0112,0.0185,1.004,0.0,0.0224,,0.0,0.0224,,0.1701,0.0729,0.26,0.0776,0.0582,0.456
420034882001,Tract 4882 · BG 1,42003488200,0.0,2128,589,0.168,635,125,0.12,31.1,5.4,0.106,0.3985,0.0417,0.064,0.102,0.0284,0.169,0.5926,0.2015,0.207,0.1654,0.1153,0.424,0.0,0.0056,,0.1288,0.1615,0.763,50341,27055,0.327,20996,5257,0.152,0.4648,0.1844,0.241,0.1989,0.2201,0.673,0.6709,0.1184,0.107,0.1654,0.0617,0.227,757,124,0.1,0.1612,0.1186,0.447,1955,2,0.001,0.6988,0.1208,0.105,0.0092,0.0224,1.47,0.1295,0.1047,0.492,0.0647,0.0814,0.765,0.3638,0.1403,0.234,231,100,0.263,404,114,0.172,0.5052,0.2971,0.357,938,222,0.144,125700,19954,0.097,0.4632,0.2115,0.278,0.3896,0.2088,0.326,0.1361,0.1491,0.666,0.5927,0.0318,0.033,0.0642,0.092,0.871,0.0,0.0167,,0.0,0.0167,,0.1548,0.0845,0.332,0.1654,0.124,0.456
420034882002,Tract 4882 · BG 2,42003488200,0.0,502,177,0.214,241,69,0.174,59.0,5.8,0.06,0.0458,0.0787,1.044,0.3048,0.0889,0.177,0.9203,0.0969,0.064,0.0518,0.0816,0.958,0.0,0.0239,,0.0,0.0239,,86250,23754,0.167,51794,16468,0.193,0.0219,0.0391,1.084,0.0791,0.085,0.654,0.5282,0.126,0.145,0.2161,0.1495,0.421,241,69,0.174,0.0,0.0498,,1953,3,0.001,1.0,0.0,0.0,0.0,0.0704,,0.0,0.0704,,0.0,0.0704,,0.0415,0.0653,0.957,10,16,0.973,231,67,0.176,0.0359,0.0543,0.921,,,,138500,37362,0.164,1.0,2.0785,1.264,0.0,1.2,,0.0,0.1469,,0.5923,0.2676,0.275,0.0386,0.0711,1.118,0.0,0.0515,,0.0,0.0515,,0.1545,0.186,0.732,0.0456,0.0853,1.137
420034882003,Tract 4882 · BG 3,42003488200,0.0,960,338,0.214,450,155,0.209,45.9,12.4,0.164,0.0479,0.0666,0.846,0.2365,0.0374,0.096,0.8958,0.1393,0.095,0.0844,0.102,0.735,0.0,0.0125,,0.0198,0.0262,0.804,49880,30228,0.368,33900,10396,0.186,0.0969,0.067,0.42,0.0237,0.0344,0.881,0.6455,0.1352,0.127,0.1194,0.0721,0.367,477,160,0.204,0.0566,0.086,0.923,1952,5,0.002,1.0,0.0,0.0,0.0,0.0356,,0.0,0.0356,,0.0,0.0356,,0.2978,0.2341,0.478,134,115,0.522,316,104,0.2,0.3719,0.3131,0.512,1173,266,0.138,100000,16434,0.1,0.3955,0.2996,0.461,0.0,0.0896,,0.2247,0.1945,0.526,0.6875,0.1265,0.112,0.1111,0.1154,0.631,0.0,0.0208,,0.0,0.0208,,0.1806,0.1905,0.641,0.0889,0.0944,0.645
420034883001,Tract 4883 · BG 1,42003488300,0.0,1102,295,0.163,461,97,0.128,51.5,5.6,0.066,0.1143,0.037,0.196,0.2505,0.0144,0.035,0.931,0.0724,0.047,0.0263,0.0272,0.629,0.0027,0.0045,1.0,0.0345,0.0332,0.586,87604,13014,0.09,44513,4417,0.06,0.0318,0.0272,0.521,0.0327,0.0283,0.525,0.6926,0.0731,0.064,0.2151,0.0456,0.129,500,93,0.113,0.078,0.0664,0.518,1956,2,0.001,0.904,0.0362,0.024,0.0,0.0339,,0.026,0.0366,0.855,0.0,0.0339,,0.1345,0.0705,0.318,62,35,0.343,399,93,0.142,0.1198,0.0651,0.331,1272,177,0.085,166800,9163,0.033,0.3065,0.2789,0.553,0.0484,0.0759,0.953,0.0852,0.0912,0.65,0.7441,0.1412,0.115,0.0338,0.0354,0.635,0.0044,0.0072,0.997,0.0,0.0176,,0.1118,0.0622,0.338,0.0434,0.0555,0.778
420034883002,Tract 4883 · BG 2,42003488300,0.0,823,223,0.165,383,75,0.119,54.0,9.8,0.11,0.1616,0.0718,0.27,0.3062,0.1116,0.222,0.9295,0.0896,0.059,0.0,0.0146,,0.0012,0.0036,1.816,0.0437,0.0484,0.672,61736,18933,0.186,33197,4547,0.083,0.0608,0.0331,0.331,0.1333,0.0974,0.444,0.4987,0.0997,0.122,0.2597,0.0898,0.21,474,102,0.131,0.192,0.1571,0.497,1966,3,0.001,0.7511,0.1036,0.084,0.0,0.0358,,0.0084,0.0282,2.035,0.0,0.0358,,0.1671,0.1128,0.411,64,45,0.427,319,64,0.122,0.2304,0.1959,0.517,1148,477,0.253,165100,17038,0.063,0.1875,0.4198,1.361,0.1875,0.266,0.862,0.3417,0.1588,0.282,0.7778,0.1169,0.091,0.0222,0.0308,0.844,0.0,0.0381,,0.0,0.0381,,0.0413,0.0422,0.621,0.0496,0.0424,0.519
420034884001,Tract 4884 · BG 1,42003488400,0.0,1164,429,0.224,469,144,0.187,30.6,14.1,0.28,0.3273,0.2049,0.381,0.2088,0.0502,0.146,0.8222,0.1283,0.095,0.0,0.0103,,0.0,0.0103,,0.0,0.0103,,65679,17390,0.161,28242,8542,0.184,0.0971,0.0675,0.422,0.0748,0.0855,0.695,0.6488,0.1633,0.153,0.3029,0.1246,0.25,514,138,0.163,0.0875,0.1084,0.753,1961,7,0.002,0.8132,0.1238,0.093,0.0,0.033,,0.0,0.033,,0.0,0.033,,0.3262,0.1761,0.328,153,95,0.377,316,112,0.215,0.4837,0.2527,0.318,1132,131,0.07,119800,31918,0.162,0.451,0.6201,0.836,0.0,0.0784,,0.2247,0.1833,0.496,0.7574,0.2813,0.226,0.0,0.0255,,0.0,0.0255,,0.0,0.0255,,0.2426,0.2263,0.567,0.1471,0.2143,0.885
420034884002,Tract 4884 · BG 2,42003488400,0.0,1038,519,0.304,425,158,0.226,49.2,18.0,0.222,0.1859,0.1135,0.371,0.2341,0.0337,0.088,0.999,0.7061,0.43,0.001,0.0019,1.177,0.0,0.0116,,0.0,0.0116,,98036,80926,0.502,38510,7722,0.122,0.001,0.0117,7.389,0.1685,0.142,0.512,0.7586,0.2959,0.237,0.122,0.1192,0.594,471,136,0.176,0.0977,0.1459,0.908,1950,7,0.002,0.8365,0.2266,0.165,0.0,0.036,,0.0,0.036,,0.0,0.036,,0.1106,0.095,0.522,47,44,0.569,378,156,0.251,0.0454,0.0359,0.481,,,,97100,48897,0.306,0.6596,0.581,0.536,0.6596,0.3769,0.347,0.0476,0.112,1.43,0.6848,0.0508,0.045,0.0826,0.1206,0.888,0.0,0.0225,,0.0,0.0225,,0.1745,0.1333,0.464,0.0447,0.0742,1.009
420034884003,Tract 4884 · BG 3,42003488400,0.0,619,395,0.388,360,153,0.258,50.4,11.7,0.141,0.0,0.0548,,0.2229,0.1294,0.353,0.8627,0.2158,0.152,0.1115,0.1593,0.869,0.0258,0.0421,0.991,0.0,0.0194,,,,,43618,22321,0.311,0.1987,0.0894,0.274,0.0,0.0324,,0.5977,0.5415,0.551,0.2539,0.2316,0.554,360,153,0.258,0.0,0.0333,,1947,4,0.001,0.3917,0.292,0.453,0.0444,0.0721,0.986,0.05,0.0872,1.06,0.1889,0.2099,0.675,0.4278,0.266,0.378,154,116,0.458,206,137,0.404,0.3134,0.0985,0.191,513,83,0.098,96700,6220,0.039,0.6623,0.3118,0.286,0.4416,0.399,0.549,0.1942,0.3312,1.037,0.5108,0.173,0.206,0.0,0.0324,,0.0432,0.0437,0.615,0.0,0.0324,,0.173,0.1828,0.642,0.3472,0.2579,0.451
420034884004,Tract 4884 · BG 4,42003488400,0.0,1540,496,0.196,795,194,0.148,53.4,19.3,0.22,0.1662,0.0961,0.351,0.226,0.0477,0.128,0.8494,0.0248,0.018,0.0344,0.038,0.672,0.0097,0.0153,0.953,0.1065,0.1347,0.769,56820,17649,0.189,37564,8074,0.131,0.0792,0.0473,0.363,0.0283,0.0442,0.949,0.5498,0.1155,0.128,0.1005,0.0454,0.274,795,194,0.148,0.0,0.0151,,1955,2,0.001,0.7094,0.136,0.117,0.0553,0.0538,0.591,0.0428,0.0515,0.732,0.1723,0.1035,0.365,0.3396,0.0913,0.163,270,98,0.221,525,173,0.2,0.2565,0.0682,0.162,531,32,0.037,135100,22528,0.101,0.2296,0.1799,0.476,0.0519,0.0869,1.018,0.1676,0.1626,0.59,0.7784,0.1848,0.144,0.0,0.0175,,0.0,0.0175,,0.0,0.0175,,0.0394,0.0475,0.734,0.1698,0.1078,0.386
420034885001,Tract 4885 · BG 1,42003488500,0.0,1184,449,0.231,462,152,0.2,38.8,13.5,0.212,0.2829,0.1209,0.26,0.1351,0.0581,0.261,0.8581,0.1108,0.078,0.0101,0.013,0.777,0.1191,0.1265,0.646,0.0,0.0101,,,,,30171,7741,0.156,0.0076,0.0161,1.277,0.039,0.0549,0.856,0.6573,0.1562,0.144,0.2079,0.1127,0.329,503,168,0.203,0.0815,0.1182,0.881,1956,2,0.001,1.0,0.0,0.0,0.0,0.0337,,0.0,0.0337,,0.0,0.0337,,0.0649,0.0861,0.806,30,41,0.831,432,148,0.208,0.1056,0.1379,0.794,,,,151800,15128,0.061,0.0,0.8,,0.0,0.4,,0.1597,0.1721,0.655,0.5886,0.1431,0.148,0.0,0.0221,,0.0,0.0221,,0.0,0.0221,,0.1107,0.0829,0.455,0.1342,0.1539,0.697
420034885002,Tract 4885 · BG 2,42003488500,0.0,1025,227,0.135,551,133,0.147,54.7,7.0,0.078,0.1132,0.0586,0.315,0.1532,0.0631,0.251,0.8195,0.0377,0.028,0.0673,0.0845,0.764,0.0,0.0117,,0.0566,0.0602,0.646,80282,13970,0.106,49234,5184,0.064,0.0215,0.0284,0.805,0.0331,0.0385,0.707,0.6443,0.1299,0.123,0.3461,0.1002,0.176,581,134,0.14,0.0516,0.0835,0.983,1962,7,0.002,0.7263,0.227,0.19,0.0241,0.0474,1.196,0.0241,0.0458,1.157,0.2255,0.16,0.431,0.2831,0.1701,0.365,156,101,0.394,395,83,0.128,0.2068,0.1109,0.326,741,203,0.167,176100,23786,0.082,0.0641,0.1629,1.545,0.0,0.0769,,0.1696,0.1255,0.45,0.5436,0.1549,0.173,0.0496,0.079,0.968,0.0376,0.0412,0.667,0.0,0.0205,,0.3111,0.1053,0.206,0.0944,0.0807,0.52
420034885003,Tract 4885 · BG 3,42003488500,0.0,395,167,0.257,184,68,0.225,43.7,5.9,0.082,0.2203,0.1037,0.286,0.2835,0.1455,0.312,0.8709,0.1563,0.109,0.0684,0.0675,0.6,0.0,0.0304,,0.0,0.0304,,86328,23040,0.162,33912,7403,0.133,0.0759,0.0577,0.462,0.0,0.0663,,0.5877,0.2106,0.218,0.4842,0.1927,0.242,234,94,0.244,0.2137,0.3044,0.866,1954,7,0.002,0.7906,0.185,0.142,0.0,0.0725,,0.0513,0.0901,1.068,0.0427,0.0908,1.292,0.1196,0.0933,0.475,22,19,0.525,162,62,0.233,0.0557,0.0419,0.458,,,,204200,24707,0.074,1.0,1.09,0.663,0.4545,0.7179,0.96,0.2716,0.2386,0.534,0.4807,0.051,0.064,0.0552,0.0832,0.915,0.0,0.0663,,0.0,0.0663,,0.1271,0.1925,0.921,0.0,0.0922,
420034886001,Tract 4886 · BG 1,42003488600,0.0,497,241,0.295,210,77,0.223,49.4,35.0,0.431,0.1207,0.1412,0.711,0.1408,0.0968,0.418,0.7968,0.2034,0.155,0.0503,0.0851,1.028,0.0,0.0241,,0.0262,0.0445,1.034,71304,31349,0.267,38218,7962,0.127,0.0805,0.0766,0.578,0.0655,0.096,0.89,0.6636,0.2708,0.248,0.3325,0.2451,0.448,210,77,0.223,0.0,0.0571,,1954,4,0.001,1.0,0.0,0.0,0.0,0.0808,,0.0,0.0808,,0.0,0.0808,,0.0,0.0571,,0,12,,210,77,0.223,0.0,0.0241,,,,,154900,35560,0.14,,,,,,,0.1714,0.2061,0.731,0.4576,0.3884,0.516,0.059,0.1049,1.08,0.059,0.0931,0.958,0.0,0.0443,,0.2362,0.086,0.221,0.0,0.0808,
420034886002,Tract 4886 · BG 2,42003488600,0.0,1160,1163,0.609,352,239,0.413,16.7,17.1,0.622,0.5388,0.7176,0.81,0.0164,0.0303,1.126,0.7431,0.6396,0.523,0.2569,0.068,0.161,0.0,0.0103,,0.0,0.0103,,,,,18985,5687,0.182,0.256,0.1425,0.338,0.3769,0.6004,0.968,0.8659,0.5162,0.362,0.0804,0.0595,0.45,446,306,0.417,0.2108,0.2348,0.677,1973,31,0.01,0.4933,0.3527,0.435,0.0,0.0381,,0.3206,0.2797,0.53,0.1861,0.2358,0.77,0.4318,0.2292,0.323,152,131,0.524,200,216,0.657,0.2563,0.0704,0.167,,,,115900,36866,0.193,0.5461,0.6404,0.713,0.0,0.0789,,0.0,0.1697,,0.9972,0.0938,0.057,0.0,0.0331,,0.0,0.0331,,0.0,0.0331,,0.0,0.0331,,0.2159,0.262,0.738
420034886003,Tract 4886 · BG 3,42003488600,0.0,1361,445,0.199,647,146,0.137,51.9,16.4,0.192,0.1624,0.0793,0.297,0.3159,0.1206,0.232,0.8148,0.1818,0.136,0.1852,0.0652,0.214,0.0,0.0088,,0.0,0.0088,,145479,807,0.003,68144,13032,0.116,0.0022,0.0106,2.916,0.0151,0.0239,0.964,0.757,0.0873,0.07,0.7126,0.2889,0.246,647,146,0.137,0.0,0.0185,,1994,4,0.001,1.0,0.0,0.0,0.0,0.0262,,0.0,0.0262,,0.0,0.0262,,0.0216,0.0352,0.989,14,23,0.999,633,145,0.139,0.0318,0.0514,0.984,,,,324300,13154,0.025,1.0,1.4846,0.903,1.0,0.0,0.0,0.1201,0.1019,0.516,0.76,0.1118,0.089,0.0,0.0141,,0.0,0.0141,,0.0,0.0141,,0.2282,0.1382,0.368,0.0201,0.0398,1.205
420034886004,Tract 4886 · BG 4,42003488600,0.0,1555,463,0.181,710,170,0.146,50.5,12.4,0.149,0.1518,0.09,0.361,0.2334,0.0383,0.1,0.8527,0.3322,0.237,0.0,0.0077,,0.0,0.0077,,0.0006,0.0013,1.202,89600,13134,0.089,38483,5847,0.092,0.0399,0.0281,0.428,0.0294,0.0452,0.935,0.66,0.1667,0.154,0.1717,0.0747,0.264,790,189,0.145,0.1013,0.1435,0.862,1957,2,0.001,0.8987,0.0087,0.006,0.0,0.0215,,0.0,0.0215,,0.0,0.0215,,0.0,0.0169,,0,12,,710,170,0.146,0.0,0.0077,,,,,154600,35589,0.14,,,,,,,0.1775,0.125,0.428,0.7588,0.1412,0.113,0.0729,0.0684,0.57,0.0012,0.0023,1.197,0.0,0.0141,,0.0624,0.0483,0.471,0.0521,0.063,0.735
420034890011,Tract 4890.01 · BG 1,42003489001,0.0,869,649,0.454,330,165,0.304,40.4,13.7,0.206,0.2255,0.189,0.51,0.1013,0.0243,0.146,0.9758,0.1684,0.105,0.0,0.0138,,0.0242,0.0321,0.807,0.0,0.0138,,105000,40682,0.236,36880,10383,0.171,0.0,0.0195,,0.2249,0.258,0.697,0.882,0.395,0.272,0.2902,0.1859,0.389,330,165,0.304,0.0,0.0364,,1952,13,0.004,0.9697,0.1829,0.115,0.0,0.0514,,0.0303,0.0638,1.279,0.0,0.0514,,0.3818,0.3924,0.625,126,144,0.695,204,124,0.37,0.5374,0.5871,0.664,,,,202800,41403,0.124,0.0,0.1905,,0.0,0.0952,,0.1422,0.2003,0.857,0.6902,0.7712,0.679,0.0784,0.0651,0.505,0.0,0.0235,,0.0,0.0235,,0.2118,0.2015,0.579,0.0,0.0514,
420034890012,Tract 4890.01 · BG 2,42003489001,0.0,1248,357,0.174,507,124,0.149,46.4,14.0,0.183,0.1963,0.0837,0.259,0.3341,0.069,0.126,0.9062,0.107,0.072,0.0465,0.0327,0.427,0.0385,0.0343,0.543,0.0,0.0096,,89813,40053,0.271,45179,7353,0.099,0.1417,0.0913,0.392,0.0892,0.0912,0.622,0.4618,0.1485,0.196,0.2955,0.1254,0.258,705,148,0.128,0.2809,0.1414,0.306,1961,5,0.002,0.5844,0.0712,0.074,0.0,0.0241,,0.0,0.0241,,0.4156,0.1664,0.243,0.2682,0.1521,0.345,136,84,0.375,371,102,0.167,0.1259,0.0657,0.317,975,472,0.294,194400,32355,0.101,0.7353,0.273,0.226,0.7353,0.2262,0.187,0.0701,0.1342,1.164,0.7879,0.1605,0.124,0.0,0.028,,0.035,0.0566,0.983,0.0,0.028,,0.1772,0.1123,0.385,0.0217,0.0423,1.186
420034890013,Tract 4890.01 · BG 3,42003489001,0.0,2780,486,0.106,1099,194,0.107,41.7,4.4,0.064,0.1942,0.0634,0.198,0.1899,0.0528,0.169,0.8029,0.0168,0.013,0.0932,0.0965,0.63,0.0381,0.0564,0.9,0.0,0.0043,,121840,39822,0.199,49167,6554,0.081,0.0353,0.0386,0.666,0.0192,0.031,0.98,0.7207,0.0859,0.072,0.5262,0.1313,0.152,1127,194,0.105,0.0248,0.0388,0.95,1967,9,0.003,0.7773,0.1125,0.088,0.0248,0.0402,0.985,0.0204,0.0226,0.674,0.0852,0.0331,0.236,0.1328,0.0493,0.226,146,60,0.25,953,196,0.125,0.0727,0.0321,0.269,1211,195,0.098,270800,32854,0.074,0.5685,0.2182,0.233,0.3082,0.144,0.284,0.1868,0.0928,0.302,0.6097,0.1094,0.109,0.0214,0.0272,0.771,0.0178,0.0255,0.871,0.0,0.0074,,0.2665,0.1261,0.288,0.0209,0.0275,0.798
420034890021,Tract 4890.02 · BG 1,42003489002,0.0,591,225,0.231,251,75,0.182,36.2,7.4,0.124,0.1641,0.101,0.374,0.0474,0.0773,0.992,0.8088,0.1773,0.133,0.1269,0.0715,0.343,0.0237,0.0361,0.927,0.0,0.0203,,95987,20413,0.129,45184,9769,0.131,0.0592,0.0662,0.68,0.0,0.0342,,0.6964,0.1078,0.094,0.3417,0.1074,0.191,295,83,0.171,0.1492,0.1677,0.684,1957,4,0.001,0.4814,0.1231,0.156,0.5186,0.1744,0.204,0.0,0.0575,,0.0,0.0575,,0.6016,0.1576,0.159,151,60,0.242,100,45,0.274,0.511,0.083,0.099,1016,107,0.064,235300,31939,0.083,0.0927,0.1598,1.048,0.0265,0.0383,0.879,0.07,0.3345,2.905,0.5812,0.2094,0.219,0.188,0.1114,0.36,0.0,0.0342,,0.0,0.0342,,0.1453,0.0909,0.38,0.0279,0.0643,1.402
420034890022,Tract 4890.02 · BG 2,42003489002,0.0,955,202,0.129,488,116,0.145,60.4,7.0,0.07,0.1267,0.0486,0.233,0.378,0.1141,0.183,0.9288,0.0557,0.036,0.0,0.0126,,0.0398,0.0485,0.741,0.022,0.0215,0.594,86042,21570,0.152,58150,12414,0.13,0.0576,0.0666,0.703,0.0,0.0275,,0.5138,0.0496,0.059,0.5296,0.0914,0.105,520,122,0.143,0.0615,0.0892,0.881,1949,3,0.001,0.8904,0.0439,0.03,0.0,0.0326,,0.0615,0.0922,0.91,0.0481,0.0777,0.982,0.0512,0.079,0.937,25,39,0.948,463,111,0.146,0.0262,0.0405,0.94,,,,243400,50324,0.126,0.0,0.96,,0.0,0.48,,0.1836,0.1401,0.464,0.528,0.1313,0.151,0.0,0.0268,,0.0157,0.0266,1.033,0.0,0.0268,,0.2953,0.1209,0.249,0.1209,0.122,0.614
420034890023,Tract 4890.02 · BG 3,42003489002,0.0,1069,236,0.134,407,102,0.152,38.5,10.7,0.169,0.3022,0.116,0.233,0.2067,0.0878,0.258,0.9654,0.0576,0.036,0.0122,0.0223,1.114,0.0056,0.0083,0.902,0.0,0.0112,,127566,29642,0.141,45936,8790,0.116,0.0393,0.0556,0.861,0.0,0.0263,,0.5976,0.0253,0.026,0.6057,0.1395,0.14,407,102,0.152,0.0,0.0295,,1957,2,0.001,1.0,0.0,0.0,0.0,0.0417,,0.0,0.0417,,0.0,0.0417,,0.0,0.0295,,0,12,,407,102,0.152,0.0,0.0112,,,,,308900,33756,0.066,,,,,,,0.0688,0.1057,0.934,0.5614,0.1643,0.178,0.0,0.0263,,0.0,0.0263,,0.0,0.0263,,0.1447,0.0717,0.301,0.0,0.0417,
420034890024,Tract 4890.02 · BG 4,42003489002,0.0,887,229,0.157,363,103,0.172,45.7,10.5,0.14,0.1883,0.0645,0.208,0.186,0.0794,0.259,0.8794,0.1026,0.071,0.1206,0.1001,0.505,0.0,0.0135,,0.0,0.0135,,114408,42086,0.224,49549,7913,0.097,0.0158,0.0257,0.99,0.0171,0.023,0.817,0.6333,0.0558,0.054,0.4809,0.0181,0.023,394,110,0.17,0.0787,0.0965,0.746,1959,3,0.001,1.0,0.0,0.0,0.0,0.0431,,0.0,0.0431,,0.0,0.0431,,0.1047,0.0859,0.499,38,33,0.528,325,105,0.196,0.0939,0.086,0.557,,,,250200,28968,0.07,0.3421,0.7598,1.35,0.3421,0.5273,0.937,0.1015,0.1259,0.754,0.6652,0.1435,0.131,0.0196,0.0299,0.928,0.0,0.0261,,0.0,0.0261,,0.2348,0.092,0.238,0.1873,0.2556,0.829
420034900021,Tract 4900.02 · BG 1,42003490002,0.0,590,197,0.203,273,88,0.196,47.8,14.8,0.188,0.078,0.0962,0.75,0.2153,0.1273,0.359,0.9559,0.0272,0.017,0.0,0.0203,,0.0,0.0203,,0.0271,0.0466,1.044,74432,61932,0.506,43658,11816,0.165,0.0,0.0288,,0.0,0.0331,,0.6391,0.1723,0.164,0.2766,0.1649,0.362,333,130,0.237,0.1802,0.2827,0.954,1958,4,0.001,1.0,0.0,0.0,0.0,0.051,,0.0,0.051,,0.0,0.051,,0.0,0.044,,0,12,,273,88,0.196,0.0,0.0203,,,,,180900,39931,0.134,,,,,,,0.0842,0.1793,1.294,0.7485,0.2148,0.174,0.0667,0.0797,0.727,0.0,0.0364,,0.0,0.0364,,0.1515,0.1227,0.492,0.0,0.0622,
420034900022,Tract 4900.02 · BG 2,42003490002,0.0,1722,410,0.145,712,167,0.143,35.8,2.9,0.049,0.2544,0.0837,0.2,0.1731,0.068,0.239,0.935,0.0953,0.062,0.0122,0.0201,1.003,0.0273,0.0413,0.92,0.0186,0.0293,0.958,91442,38601,0.257,46456,7775,0.102,0.0238,0.0426,1.087,0.0,0.0125,,0.6988,0.1401,0.122,0.5911,0.1211,0.125,712,167,0.143,0.0,0.0169,,1977,21,0.006,0.7163,0.1406,0.119,0.0562,0.0863,0.934,0.0309,0.0501,0.986,0.1419,0.097,0.416,0.2598,0.1091,0.255,185,89,0.292,527,160,0.185,0.1754,0.1053,0.365,1617,247,0.093,242400,84297,0.211,0.3405,0.358,0.639,0.2162,0.3129,0.88,0.112,0.1053,0.572,0.5836,0.1968,0.205,0.0592,0.0648,0.665,0.0,0.0125,,0.0,0.0125,,0.3281,0.0937,0.174,0.0,0.0238,
420034900023,Tract 4900.02 · BG 3,42003490002,0.0,1259,307,0.148,732,182,0.151,58.8,3.9,0.04,0.0778,0.051,0.398,0.3185,0.109,0.208,0.9801,0.0655,0.041,0.0032,0.0047,0.9,0.0,0.0095,,0.0167,0.0283,1.032,68068,32561,0.291,45522,6319,0.084,0.0295,0.0331,0.681,0.1372,0.107,0.474,0.5071,0.1046,0.125,0.2896,0.0959,0.201,732,182,0.151,0.0,0.0164,,1977,4,0.001,0.6189,0.1758,0.173,0.0,0.0232,,0.1175,0.0799,0.414,0.0915,0.0779,0.517,0.3456,0.1216,0.214,253,109,0.262,479,158,0.201,0.3157,0.1322,0.255,1141,287,0.153,261000,26684,0.062,0.7708,0.2564,0.202,0.4111,0.1969,0.291,0.0605,0.0939,0.943,0.8295,0.1875,0.137,0.0,0.023,,0.0,0.023,,0.0,0.023,,0.1226,0.1289,0.639,0.041,0.0522,0.774
420034900024,Tract 4900.02 · BG 4,42003490002,0.0,725,334,0.28,278,135,0.295,29.3,15.3,0.317,0.2497,0.1273,0.31,0.16,0.1184,0.45,0.9352,0.1853,0.12,0.0152,0.0238,0.955,0.0,0.0166,,0.0,0.0166,,89389,34721,0.236,37276,12681,0.207,0.0538,0.0679,0.767,0.0982,0.1164,0.72,0.714,0.2348,0.2,0.2577,0.1114,0.263,350,160,0.278,0.2057,0.3148,0.93,1976,31,0.01,0.5171,0.3437,0.404,0.2486,0.2109,0.516,0.0,0.0485,,0.0,0.0485,,0.4604,0.3265,0.431,128,110,0.522,150,94,0.381,0.5021,0.3743,0.453,1656,326,0.12,301300,79121,0.16,0.2969,0.434,0.889,0.2969,0.4025,0.824,0.4333,0.4843,0.679,0.9441,0.1878,0.121,0.0,0.0335,,0.0,0.0335,,0.0,0.0335,,0.0559,0.0805,0.876,0.0,0.061,
420034900025,Tract 4900.02 · BG 5,42003490002,0.0,577,198,0.209,345,111,0.196,34.8,12.2,0.213,0.0849,0.0877,0.628,0.201,0.1584,0.479,0.8458,0.1279,0.092,0.0503,0.0725,0.877,0.0,0.0208,,0.0295,0.0475,0.979,65905,12977,0.12,42510,9783,0.14,0.1196,0.0902,0.459,0.0,0.0299,,0.7595,0.208,0.166,0.1709,0.1166,0.415,419,162,0.235,0.1766,0.2708,0.932,1962,9,0.003,0.5227,0.3099,0.36,0.2172,0.0763,0.214,0.1289,0.1348,0.636,0.1026,0.121,0.717,0.6464,0.1026,0.096,223,80,0.218,122,96,0.478,0.6291,0.174,0.168,1391,108,0.047,222500,14571,0.04,0.2825,0.2422,0.521,0.0987,0.1391,0.857,0.3689,0.576,0.949,0.6509,0.1765,0.165,0.1172,0.1645,0.853,0.0,0.0299,,0.0,0.0299,,0.1696,0.164,0.588,0.0,0.0492,
420034900031,Tract 4900.03 · BG 1,42003490003,0.0,1117,386,0.21,433,113,0.159,53.1,4.7,0.054,0.1576,0.0554,0.214,0.2122,0.0986,0.283,0.6831,0.0789,0.07,0.0036,0.0061,1.043,0.2954,0.2925,0.602,0.0,0.0107,,182841,98549,0.328,76342,30135,0.24,0.0215,0.0146,0.412,0.0036,0.0053,0.882,0.5845,0.098,0.102,0.3759,0.1051,0.17,433,113,0.159,0.0,0.0277,,1980,6,0.002,0.6559,0.1685,0.156,0.03,0.0533,1.079,0.1986,0.1182,0.362,0.1155,0.0814,0.429,0.3557,0.0563,0.096,154,47,0.186,279,103,0.224,0.231,0.0577,0.152,1444,147,0.062,342600,74796,0.133,0.3636,0.2217,0.371,0.2338,0.1602,0.416,0.086,0.1366,0.965,0.7153,0.2356,0.2,0.0803,0.0703,0.532,0.0,0.0219,,0.0,0.0219,,0.0985,0.0584,0.36,0.0624,0.0616,0.6
420034900032,Tract 4900.03 · BG 2,42003490003,0.0,1179,324,0.167,403,90,0.136,34.7,2.5,0.044,0.2731,0.0642,0.143,0.1306,0.0395,0.184,0.7422,0.072,0.059,0.0,0.0102,,0.2332,0.1834,0.478,0.0237,0.0272,0.697,103859,19140,0.112,39952,9220,0.14,0.0662,0.0604,0.555,0.0499,0.0544,0.662,0.7503,0.1103,0.089,0.3174,0.089,0.17,454,99,0.133,0.1123,0.0983,0.532,1966,5,0.002,0.9317,0.0851,0.056,0.0352,0.0606,1.045,0.0,0.0374,,0.0,0.0374,,0.1191,0.0956,0.488,48,40,0.507,355,86,0.147,0.0868,0.0736,0.516,,,,211600,47186,0.136,0.1667,0.5033,1.836,0.1667,0.2565,0.935,0.1352,0.1706,0.767,0.655,0.1483,0.138,0.045,0.0621,0.839,0.0,0.02,,0.0,0.02,,0.3,0.1273,0.258,0.0,0.0421,
420034900033,Tract 4900.03 · BG 3,42003490003,0.0,1439,305,0.129,601,94,0.095,47.6,5.2,0.066,0.1397,0.0681,0.296,0.262,0.0422,0.098,0.8812,0.07,0.048,0.0,0.0083,,0.1091,0.1002,0.558,0.0007,0.0021,1.819,111688,21118,0.115,49082,6886,0.085,0.0424,0.0388,0.556,0.041,0.0428,0.635,0.6502,0.0563,0.053,0.4935,0.1207,0.149,645,109,0.103,0.0682,0.0829,0.739,1971,5,0.002,1.0,0.0,0.0,0.0,0.0263,,0.0,0.0263,,0.0,0.0263,,0.0383,0.0412,0.654,23,25,0.661,578,96,0.101,0.0396,0.0501,0.768,,,,238800,17883,0.046,0.0,1.0435,,0.0,0.5217,,0.1401,0.0928,0.403,0.6934,0.0685,0.06,0.0,0.0158,,0.0,0.0158,,0.0,0.0158,,0.2263,0.0963,0.259,0.0666,0.0602,0.55
420034900041,Tract 4900.04 · BG 1,42003490004,0.0,1903,398,0.127,811,146,0.109,43.5,4.8,0.067,0.2176,0.0752,0.21,0.2375,0.0427,0.109,0.9059,0.0221,0.015,0.0315,0.0367,0.708,0.0,0.0063,,0.0,0.0063,,96625,26681,0.168,50990,8097,0.097,0.0836,0.0637,0.464,0.0367,0.0338,0.56,0.6829,0.0799,0.071,0.4797,0.1009,0.128,820,145,0.107,0.011,0.017,0.939,1975,2,0.001,0.7,0.1048,0.091,0.0,0.0207,,0.1841,0.0864,0.285,0.022,0.0292,0.81,0.106,0.056,0.321,86,48,0.339,725,134,0.112,0.12,0.0704,0.357,,,,221900,47423,0.13,0.3605,0.3381,0.57,0.3372,0.2798,0.504,0.1669,0.1104,0.402,0.8089,0.0532,0.04,0.017,0.0176,0.63,0.0,0.0127,,0.0,0.0127,,0.1741,0.0655,0.229,0.0074,0.0184,1.516
420034900042,Tract 4900.04 · BG 2,42003490004,0.0,2453,551,0.137,797,126,0.096,40.5,6.0,0.09,0.2854,0.0939,0.2,0.1541,0.0303,0.119,0.9278,0.1028,0.067,0.0037,0.0081,1.344,0.0371,0.0357,0.586,0.0,0.0049,,169659,13582,0.049,54561,7934,0.088,0.0,0.007,,0.007,0.0116,1.006,0.711,0.0786,0.067,0.4931,0.0579,0.071,797,126,0.096,0.0,0.0151,,1988,3,0.001,0.9862,0.0595,0.037,0.0,0.0213,,0.0,0.0213,,0.0,0.0213,,0.005,0.0075,0.907,4,6,0.912,793,126,0.097,0.0017,0.0024,0.901,,,,314000,36818,0.071,0.0,6.0,,0.0,3.0,,0.0189,0.0437,1.403,0.6261,0.0474,0.046,0.0275,0.023,0.508,0.0,0.0094,,0.0,0.0094,,0.2608,0.157,0.366,0.01,0.0221,1.341
420034900043,Tract 4900.04 · BG 3,42003490004,0.0,742,208,0.17,320,101,0.192,50.6,18.3,0.22,0.1846,0.0765,0.252,0.279,0.0888,0.193,0.9111,0.0322,0.021,0.0067,0.0133,1.204,0.027,0.0411,0.927,0.0,0.0162,,111667,41552,0.226,45269,7539,0.101,0.0108,0.0162,0.912,0.0,0.0418,,0.4463,0.1009,0.137,0.3014,0.1174,0.237,320,101,0.192,0.0,0.0375,,1974,3,0.001,1.0,0.0,0.0,0.0,0.053,,0.0,0.053,,0.0,0.053,,0.0406,0.0612,0.915,13,20,0.935,307,102,0.202,0.0178,0.0269,0.919,,,,251600,49750,0.12,1.0,1.5988,0.972,0.0,0.9231,,0.0814,0.1136,0.848,0.7596,0.1165,0.093,0.0906,0.0722,0.485,0.0,0.0418,,0.0,0.0418,,0.1498,0.1421,0.577,0.0,0.053,
420034911011,Tract 4911.01 · BG 1,42003491101,0.0,3484,746,0.13,1207,237,0.119,43.5,9.2,0.129,0.2586,0.0591,0.139,0.2552,0.0445,0.106,0.868,0.0949,0.066,0.0003,0.0006,1.209,0.1211,0.013,0.065,0.0032,0.0054,1.042,166098,44547,0.163,69532,18559,0.162,0.0169,0.0192,0.689,0.0691,0.0429,0.378,0.7183,0.0951,0.08,0.5438,0.0811,0.091,1332,226,0.103,0.0938,0.0664,0.43,1998,10,0.003,0.7372,0.1101,0.091,0.0083,0.0168,1.238,0.0435,0.0364,0.508,0.0083,0.0168,1.238,0.0936,0.0497,0.323,113,64,0.344,1094,230,0.128,0.0586,0.034,0.352,1423,226,0.097,388000,31899,0.05,0.3805,0.3369,0.538,0.2566,0.2735,0.648,0.1664,0.0855,0.312,0.6033,0.0881,0.089,0.0,0.0068,,0.0,0.0068,,0.0,0.0068,,0.2974,0.0812,0.166,0.0621,0.0975,0.954
420034911012,Tract 4911.01 · BG 2,42003491101,0.0,1354,475,0.213,411,124,0.183,41.8,15.2,0.221,0.2836,0.0595,0.127,0.1551,0.0418,0.164,0.9734,0.0895,0.056,0.0266,0.0233,0.533,0.0,0.0089,,0.0,0.0089,,172426,61391,0.216,72458,17691,0.148,0.049,0.0489,0.607,0.0633,0.0603,0.58,0.6817,0.1254,0.112,0.4419,0.115,0.158,411,124,0.183,0.0,0.0292,,2002,7,0.002,0.9562,0.4036,0.257,0.0,0.0413,,0.0,0.0413,,0.0,0.0413,,0.1095,0.1272,0.706,45,54,0.729,366,110,0.183,0.1827,0.2424,0.806,,,,433000,70423,0.099,0.1778,0.5013,1.714,0.1778,0.1948,0.666,0.2213,0.1614,0.443,0.7477,0.1866,0.152,0.0,0.018,,0.0,0.018,,0.0,0.018,,0.2523,0.1577,0.38,0.0633,0.0772,0.742
420034911013,Tract 4911.01 · BG 3,42003491101,0.0,2860,775,0.165,1026,240,0.142,41.3,7.2,0.106,0.2353,0.045,0.116,0.2612,0.073,0.17,0.9241,0.0989,0.065,0.0157,0.0248,0.959,0.0,0.0042,,0.0126,0.0207,1.0,126988,31123,0.149,58761,8405,0.087,0.0087,0.0158,1.097,0.0962,0.1143,0.723,0.709,0.1705,0.146,0.5844,0.1247,0.13,1123,240,0.13,0.0864,0.088,0.619,1985,4,0.001,0.8896,0.1209,0.083,0.0,0.0151,,0.0481,0.0545,0.689,0.0,0.0151,,0.0175,0.024,0.832,18,25,0.844,1008,242,0.146,0.0063,0.0086,0.828,,,,334900,58492,0.106,0.0,1.3333,,0.0,0.6667,,0.1815,0.1291,0.432,0.8248,0.1696,0.125,0.0,0.0083,,0.0,0.0083,,0.0,0.0083,,0.1502,0.0604,0.244,0.0214,0.0357,1.012
420034912001,Tract 4912 · BG 1,42003491200,0.0,2131,222,0.063,955,107,0.068,47.2,3.0,0.039,0.145,0.031,0.13,0.2426,0.0469,0.117,0.8193,0.0676,0.05,0.0718,0.0534,0.453,0.0361,0.0241,0.406,0.0094,0.0098,0.635,95096,15403,0.098,57351,10654,0.113,0.0462,0.0222,0.292,0.0362,0.0214,0.359,0.6168,0.0639,0.063,0.4048,0.07,0.105,1046,127,0.074,0.087,0.0622,0.435,1970,5,0.002,0.7208,0.0727,0.061,0.0736,0.0432,0.356,0.1205,0.087,0.439,0.0574,0.0407,0.431,0.3372,0.092,0.166,322,95,0.179,633,90,0.086,0.213,0.0537,0.153,1398,294,0.128,196200,17436,0.054,0.3323,0.1233,0.226,0.2081,0.1008,0.294,0.1311,0.0662,0.307,0.8196,0.1001,0.074,0.0103,0.0111,0.655,0.0112,0.013,0.702,0.0,0.0112,,0.1028,0.0465,0.275,0.0764,0.0459,0.365
420034927001,Tract 4927 · BG 1,42003492700,0.0,695,158,0.138,451,89,0.12,56.6,11.9,0.128,0.0647,0.0698,0.655,0.3525,0.0875,0.151,0.659,0.1096,0.101,0.3022,0.2107,0.424,0.0,0.0173,,0.036,0.0541,0.914,36125,7574,0.127,23388,4779,0.124,0.2835,0.1586,0.34,0.0752,0.1791,1.448,0.4061,0.0745,0.111,0.2208,0.096,0.264,553,110,0.121,0.1844,0.123,0.406,1938,,,0.7288,0.0888,0.074,0.1736,0.1025,0.359,0.0976,0.0769,0.479,0.0,0.0307,,0.3038,0.1237,0.248,137,62,0.275,314,81,0.157,0.2273,0.1203,0.322,795,368,0.281,50900,6156,0.074,0.4891,0.3122,0.388,0.3066,0.2977,0.59,0.3153,0.1773,0.342,0.775,0.1785,0.14,0.0583,0.0593,0.618,0.0,0.05,,0.0,0.05,,0.05,0.0515,0.626,0.337,0.167,0.301
420034927002,Tract 4927 · BG 2,42003492700,0.0,1180,310,0.16,399,130,0.198,35.0,6.0,0.104,0.2839,0.0907,0.194,0.0915,0.0442,0.294,0.711,0.1491,0.127,0.1508,0.0862,0.348,0.0,0.0102,,0.0042,0.0067,0.959,39194,25633,0.398,25484,7375,0.176,0.3602,0.1771,0.299,0.1236,0.0522,0.257,0.6124,0.1192,0.118,0.2613,0.1217,0.283,545,157,0.175,0.2679,0.1501,0.341,1938,,,0.4679,0.0785,0.102,0.0514,0.0698,0.826,0.1339,0.1188,0.539,0.0,0.0311,,0.391,0.2129,0.331,156,99,0.386,243,80,0.2,0.4,0.1946,0.296,1271,349,0.167,60700,14656,0.147,0.8526,0.3833,0.273,0.4936,0.5072,0.625,0.0905,0.118,0.792,0.7367,0.1503,0.124,0.0,0.0265,,0.0,0.0265,,0.0,0.0265,,0.2257,0.1826,0.492,0.0576,0.0658,0.694
420034928001,Tract 4928 · BG 1,42003492800,0.0,1681,529,0.191,481,129,0.163,19.6,22.8,0.707,0.4896,0.0262,0.033,0.1565,0.0634,0.246,0.1344,0.064,0.289,0.6764,0.2895,0.26,0.0,0.0071,,0.0476,0.0686,0.876,35604,6403,0.109,18226,7766,0.259,0.4396,0.2245,0.31,0.1202,0.0718,0.363,0.4921,0.1072,0.132,0.1783,0.1422,0.485,577,135,0.142,0.1664,0.1039,0.379,1938,,,0.7643,0.1536,0.122,0.0399,0.0668,1.018,0.0867,0.0954,0.669,0.0,0.0294,,0.3451,0.1862,0.328,166,100,0.366,315,116,0.224,0.5466,0.291,0.324,1449,219,0.092,98300,38385,0.237,0.9759,0.2216,0.138,0.5181,0.1571,0.184,0.2762,0.2378,0.523,0.6377,0.3496,0.333,0.0571,0.0774,0.825,0.0099,0.0167,1.025,0.0,0.0298,,0.2134,0.1631,0.465,0.2058,0.16,0.472
420034928002,Tract 4928 · BG 2,42003492800,0.0,967,326,0.205,534,170,0.194,58.8,14.9,0.154,0.1468,0.1006,0.416,0.456,0.0938,0.125,0.3051,0.1105,0.22,0.6743,0.2433,0.219,0.0,0.0124,,0.0207,0.0334,0.982,26818,19078,0.432,32885,14937,0.276,0.213,0.196,0.559,0.0,0.0286,,0.522,0.1177,0.137,0.2821,0.1515,0.326,669,184,0.167,0.2018,0.1323,0.399,1953,9,0.003,0.4933,0.1474,0.182,0.2481,0.1392,0.341,0.0179,0.032,1.083,0.0717,0.0668,0.566,0.4288,0.2326,0.33,229,144,0.382,305,99,0.197,0.4012,0.2443,0.37,459,192,0.254,64200,37862,0.359,0.3188,0.2687,0.512,0.262,0.278,0.645,0.2426,0.1977,0.495,0.656,0.0824,0.076,0.1139,0.1126,0.601,0.0,0.0273,,0.0,0.0273,,0.0251,0.0422,1.024,0.2135,0.1996,0.568
420034929001,Tract 4929 · BG 1,42003492900,0.0,1038,221,0.129,529,101,0.116,43.9,14.3,0.198,0.1118,0.0629,0.342,0.2245,0.0518,0.14,0.7004,0.1078,0.094,0.2466,0.1541,0.38,0.0,0.0116,,0.0434,0.0541,0.759,51440,9758,0.115,34160,7184,0.128,0.2197,0.0938,0.26,0.0899,0.0675,0.456,0.5994,0.1188,0.12,0.1779,0.0761,0.26,698,132,0.115,0.2421,0.1251,0.314,1945,3,0.001,0.8582,0.0884,0.063,0.0444,0.0469,0.642,0.0,0.0243,,0.0,0.0243,,0.293,0.1178,0.244,155,69,0.271,374,94,0.153,0.3198,0.1584,0.301,1108,415,0.228,78500,12924,0.1,0.7419,0.2244,0.184,0.4129,0.1991,0.293,0.1123,0.0903,0.489,0.655,0.1267,0.118,0.0775,0.0692,0.543,0.0,0.0233,,0.0,0.0233,,0.2403,0.1248,0.316,0.0983,0.0618,0.382
420034929002,Tract 4929 · BG 2,42003492900,0.0,483,195,0.245,321,150,0.284,57.7,11.6,0.122,0.0663,0.077,0.706,0.3851,0.2389,0.377,0.4037,0.0294,0.044,0.4596,0.2694,0.356,0.0,0.0248,,0.1325,0.1029,0.472,,,,28158,9872,0.213,0.4182,0.2502,0.364,0.0352,0.0524,0.906,0.4412,0.1242,0.171,0.1194,0.0767,0.391,550,172,0.19,0.4164,0.1659,0.242,1952,4,0.001,0.1927,0.0374,0.118,0.1473,0.1145,0.473,0.0309,0.0307,0.603,0.2182,0.2347,0.654,0.6667,0.3271,0.298,214,145,0.412,107,43,0.244,0.6294,0.2754,0.266,742,393,0.322,67400,42170,0.38,0.7757,0.4142,0.325,0.6495,0.4777,0.447,0.3832,0.3674,0.583,0.7831,0.2244,0.174,0.0,0.0635,,0.0,0.0635,,0.0,0.0635,,0.1587,0.13,0.498,0.3115,0.3759,0.733
420034940001,Tract 4940 · BG 1,42003494000,0.0,1371,242,0.107,577,58,0.061,38.5,4.4,0.069,0.1911,0.0404,0.128,0.1648,0.0279,0.103,0.8249,0.1808,0.133,0.0467,0.0295,0.384,0.0022,0.0029,0.803,0.0759,0.065,0.521,51174,6192,0.074,31991,5054,0.096,0.1298,0.0358,0.168,0.0395,0.0227,0.349,0.6696,0.1665,0.151,0.2481,0.0658,0.161,652,60,0.056,0.115,0.0682,0.36,1938,,,0.6488,0.0639,0.06,0.1442,0.0575,0.243,0.0675,0.0349,0.314,0.0844,0.0621,0.448,0.3969,0.0808,0.124,229,52,0.138,348,45,0.079,0.2465,0.0452,0.111,758,44,0.035,108300,11707,0.066,0.179,0.0837,0.284,0.1397,0.0573,0.249,0.2184,0.0694,0.193,0.708,0.076,0.065,0.0741,0.0499,0.41,0.0228,0.0167,0.446,0.0,0.0171,,0.0855,0.036,0.256,0.1525,0.0665,0.265
420034950001,Tract 4950 · BG 1,42003495000,0.0,1908,295,0.094,816,161,0.12,53.3,5.2,0.059,0.1148,0.0484,0.256,0.2448,0.0651,0.162,0.869,0.0352,0.025,0.001,0.0021,1.212,0.0,0.0063,,0.0529,0.0613,0.704,75551,14287,0.115,33347,4048,0.074,0.0708,0.0553,0.475,0.0101,0.0149,0.903,0.4693,0.0585,0.076,0.0913,0.0564,0.376,869,163,0.114,0.061,0.0739,0.737,1945,13,0.004,0.9102,0.0931,0.062,0.0115,0.0229,1.21,0.0,0.0195,,0.0,0.0195,,0.1373,0.084,0.372,112,72,0.391,704,168,0.145,0.1377,0.0824,0.364,1093,65,0.036,170700,45417,0.162,0.1339,0.2026,0.92,0.0446,0.0654,0.891,0.1222,0.1032,0.513,0.7284,0.1753,0.146,0.0,0.0152,,0.0,0.0152,,0.0,0.0152,,0.052,0.039,0.456,0.0245,0.0283,0.701
420034950002,Tract 4950 · BG 2,42003495000,0.0,1101,294,0.162,552,136,0.15,50.3,8.7,0.105,0.0981,0.0482,0.299,0.3197,0.0746,0.142,0.9146,0.3286,0.218,0.0,0.0109,,0.0,0.0109,,0.0854,0.1084,0.772,57083,7837,0.083,51804,20626,0.242,0.1153,0.0969,0.511,0.0592,0.0672,0.689,0.5499,0.1077,0.119,0.2418,0.0898,0.226,571,135,0.144,0.0333,0.0484,0.884,1953,15,0.005,0.7478,0.1168,0.095,0.0315,0.0357,0.688,0.0,0.0297,,0.0,0.0297,,0.1739,0.0859,0.3,96,53,0.336,456,121,0.161,0.2311,0.1428,0.376,1152,110,0.058,161100,13325,0.05,0.1875,0.3395,1.101,0.0,0.125,,0.2544,0.1702,0.407,0.8917,0.1428,0.097,0.0,0.0232,,0.0,0.0232,,0.0,0.0232,,0.0909,0.088,0.589,0.0598,0.0689,0.701
420034961011,Tract 4961.01 · BG 1,42003496101,0.0,1351,282,0.127,548,102,0.113,47.4,8.0,0.103,0.2095,0.0697,0.202,0.2561,0.0673,0.16,0.9571,0.0678,0.043,0.0,0.0089,,0.0,0.0089,,0.0096,0.0162,1.021,92159,26287,0.173,46487,9876,0.129,0.0244,0.031,0.772,0.0933,0.0633,0.412,0.5861,0.1132,0.117,0.3688,0.0922,0.152,548,102,0.113,0.0,0.0219,,1959,3,0.001,1.0,0.0,0.0,0.0,0.031,,0.0,0.031,,0.0,0.031,,0.0237,0.0289,0.74,13,16,0.748,535,102,0.116,0.0096,0.0117,0.737,,,,167400,9903,0.036,0.5385,1.7231,1.945,0.0,0.9231,,0.1103,0.0904,0.498,0.8748,0.3424,0.238,0.0,0.0206,,0.0,0.0206,,0.0,0.0206,,0.0172,0.0253,0.895,0.0164,0.0321,1.19
420034961012,Tract 4961.01 · BG 2,42003496101,0.0,1570,307,0.119,630,165,0.159,40.9,5.4,0.08,0.2287,0.0829,0.22,0.2866,0.0894,0.19,0.921,0.0825,0.054,0.0096,0.0248,1.576,0.0,0.0076,,0.0344,0.0544,0.961,121905,51179,0.255,47792,5710,0.073,0.1032,0.046,0.271,0.0,0.0179,,0.5368,0.1009,0.114,0.3721,0.1121,0.183,716,159,0.135,0.1201,0.0941,0.476,1973,6,0.002,0.9232,0.1083,0.071,0.0,0.0237,,0.0,0.0237,,0.0,0.0237,,0.0095,0.0173,1.103,6,11,1.114,624,165,0.161,0.0148,0.0247,1.015,,,,174700,28227,0.098,1.0,3.4641,2.106,1.0,0.0,0.0,0.1042,0.0601,0.351,0.8383,0.1884,0.137,0.0,0.02,,0.0,0.02,,0.0,0.02,,0.1517,0.1162,0.466,0.0,0.0269,
420034961021,Tract 4961.02 · BG 1,42003496102,0.0,1981,604,0.185,669,123,0.112,34.2,3.9,0.069,0.2458,0.0535,0.132,0.1726,0.0692,0.244,0.8571,0.1882,0.133,0.005,0.0151,1.814,0.0873,0.127,0.884,0.0,0.0061,,93107,41135,0.269,43668,13661,0.19,0.0873,0.1059,0.737,0.0141,0.0201,0.871,0.5612,0.113,0.122,0.3712,0.1647,0.27,707,128,0.11,0.0537,0.0857,0.97,1976,2,0.001,0.8741,0.0964,0.067,0.0127,0.026,1.241,0.0113,0.0249,1.34,0.0,0.024,,0.1973,0.1124,0.346,132,79,0.364,537,139,0.157,0.1361,0.1017,0.454,,,,176800,36909,0.127,0.5152,0.4859,0.573,0.3712,0.4899,0.802,0.1806,0.1402,0.472,0.914,0.1848,0.123,0.0,0.0152,,0.0,0.0152,,0.0,0.0152,,0.086,0.0428,0.303,0.0,0.0254,
420034961022,Tract 4961.02 · BG 2,42003496102,0.0,1402,294,0.127,702,177,0.153,55.3,9.1,0.1,0.1398,0.0684,0.297,0.3424,0.1057,0.188,0.995,0.0209,0.013,0.0,0.0086,,0.0,0.0086,,0.0,0.0086,,55484,8324,0.091,37411,6430,0.104,0.1041,0.1074,0.627,0.0307,0.0516,1.021,0.5258,0.0924,0.107,0.2556,0.07,0.167,733,177,0.147,0.0423,0.0674,0.969,1963,5,0.002,1.0,0.0,0.0,0.0,0.0232,,0.0,0.0232,,0.0,0.0232,,0.0584,0.0446,0.465,41,33,0.489,661,173,0.159,0.0873,0.0984,0.686,1600,525,0.199,166400,7068,0.026,0.4878,0.5683,0.708,0.0,0.2927,,0.3616,0.2402,0.404,0.7448,0.1431,0.117,0.0,0.019,,0.0158,0.0251,0.961,0.0,0.019,,0.1807,0.0842,0.283,0.1581,0.2067,0.795
420034961023,Tract 4961.02 · BG 3,42003496102,0.0,875,223,0.155,408,94,0.14,55.2,7.5,0.083,0.1063,0.0836,0.478,0.3406,0.0363,0.065,0.9817,0.0542,0.034,0.0057,0.0125,1.328,0.008,0.0124,0.943,0.0,0.0137,,81500,10894,0.081,42224,6207,0.089,0.0183,0.0272,0.906,0.0889,0.089,0.608,0.5181,0.1224,0.144,0.1038,0.0677,0.396,439,108,0.15,0.0706,0.1103,0.949,1956,3,0.001,0.9021,0.0242,0.016,0.0547,0.0638,0.71,0.0,0.0387,,0.0,0.0387,,0.0833,0.0735,0.536,34,31,0.554,374,87,0.141,0.0793,0.0718,0.551,,,,153800,16297,0.064,0.0,0.7059,,0.0,0.3529,,0.1711,0.1136,0.404,0.8635,0.1447,0.102,0.0,0.0356,,0.0,0.0356,,0.0,0.0356,,0.1365,0.0973,0.433,0.0294,0.0568,1.173
420034962001,Tract 4962 · BG 1,42003496200,0.0,1029,335,0.198,434,118,0.165,52.3,27.2,0.316,0.173,0.0958,0.337,0.2109,0.1,0.288,1.0,0.0,0.0,0.0,0.0117,,0.0,0.0117,,0.0,0.0117,,,,,44032,19228,0.265,0.0447,0.0724,0.984,0.0291,0.0442,0.923,0.6463,0.1362,0.128,0.2657,0.1147,0.262,552,156,0.172,0.2138,0.2182,0.621,1957,7,0.002,0.971,0.0503,0.031,0.029,0.0496,1.04,0.0,0.0307,,0.0,0.0307,,0.0,0.0276,,0,12,,434,118,0.165,0.0,0.0117,,,,,129000,23366,0.11,,,,,,,0.1083,0.1182,0.663,0.9382,0.1228,0.08,0.0,0.0225,,0.0,0.0225,,0.0,0.0225,,0.0618,0.0674,0.663,0.0,0.0391,
420034962002,Tract 4962 · BG 2,42003496200,0.0,1141,441,0.235,502,156,0.189,51.3,34.3,0.406,0.1621,0.1352,0.507,0.1727,0.0729,0.257,0.7748,0.0132,0.01,0.1849,0.2821,0.927,0.0,0.0105,,0.0,0.0105,,81545,32198,0.24,46856,17695,0.23,0.0131,0.0222,1.025,0.0,0.0199,,0.6308,0.1707,0.165,0.4649,0.1783,0.233,502,156,0.189,0.0,0.0239,,1967,39,0.012,0.4422,0.2053,0.282,0.0,0.0338,,0.3187,0.2319,0.442,0.0299,0.0508,1.034,0.4602,0.1916,0.253,231,120,0.316,271,119,0.267,0.4636,0.2993,0.392,1106,36,0.02,298800,101687,0.207,0.5195,0.4222,0.494,0.0649,0.0937,0.877,0.1993,0.2493,0.761,0.743,0.175,0.143,0.0,0.0199,,0.0,0.0199,,0.0,0.0199,,0.1343,0.2002,0.906,0.1892,0.1787,0.574
420034962003,Tract 4962 · BG 3,42003496200,0.0,2091,547,0.159,717,180,0.153,48.9,11.4,0.142,0.1951,0.0628,0.196,0.1908,0.0468,0.149,0.89,0.0953,0.065,0.0167,0.025,0.907,0.0861,0.1008,0.712,0.0,0.0057,,93047,26420,0.173,46967,15016,0.194,0.0482,0.0309,0.389,0.0242,0.0342,0.86,0.6131,0.1492,0.148,0.2774,0.0806,0.177,844,164,0.118,0.1505,0.1075,0.434,1959,5,0.002,0.9218,0.0722,0.048,0.0,0.0201,,0.0,0.0201,,0.0,0.0201,,0.0237,0.0386,0.99,17,28,1.001,700,181,0.157,0.0081,0.0132,0.989,,,,197800,27579,0.085,0.0,1.4118,,0.0,0.7059,,0.09,0.0771,0.521,0.7372,0.0526,0.043,0.0,0.0118,,0.06,0.089,0.902,0.0,0.0118,,0.0669,0.0363,0.33,0.0,0.0237,
420034962004,Tract 4962 · BG 4,42003496200,0.0,1250,461,0.224,643,201,0.19,50.4,7.5,0.09,0.1696,0.0961,0.345,0.1464,0.0488,0.203,0.9536,0.069,0.044,0.0456,0.0733,0.977,0.0,0.0096,,0.0008,0.0024,1.81,47188,8741,0.113,31278,4785,0.093,0.02,0.0279,0.848,0.0273,0.0408,0.91,0.6038,0.0744,0.075,0.1994,0.1062,0.324,728,226,0.189,0.1168,0.1594,0.83,1949,6,0.002,0.8008,0.0794,0.06,0.0,0.0233,,0.1003,0.0765,0.464,0.0,0.0233,,0.1975,0.1645,0.506,127,113,0.541,516,189,0.223,0.182,0.1579,0.527,1030,141,0.083,123700,37472,0.184,0.5512,0.5161,0.569,0.0,0.0945,,0.2558,0.2368,0.563,0.6729,0.238,0.215,0.0,0.0187,,0.0,0.0187,,0.0,0.0187,,0.3006,0.183,0.37,0.0,0.0264,
420034970001,Tract 4970 · BG 1,42003497000,0.0,922,217,0.143,443,82,0.113,54.5,7.8,0.087,0.1258,0.064,0.309,0.2538,0.0779,0.187,0.9371,0.0911,0.059,0.0087,0.0107,0.746,0.0,0.013,,0.0347,0.0304,0.532,73750,14793,0.122,45183,14071,0.189,0.0564,0.0216,0.232,0.0265,0.0188,0.431,0.5545,0.0779,0.085,0.1784,0.0571,0.194,455,84,0.112,0.0264,0.037,0.854,1952,4,0.001,0.9429,0.0248,0.016,0.0066,0.0278,2.561,0.0,0.0373,,0.0,0.0373,,0.158,0.1576,0.606,70,71,0.617,373,38,0.062,0.0965,0.0778,0.49,941,34,0.022,135200,42103,0.189,0.0429,0.2992,4.244,0.0,0.1714,,0.1314,0.0626,0.29,0.8311,0.1257,0.092,0.0183,0.027,0.899,0.0068,0.009,0.796,0.0,0.0274,,0.0502,0.0244,0.295,0.0722,0.0487,0.41
420034980001,Tract 4980 · BG 1,42003498000,0.0,1224,373,0.185,525,147,0.17,44.2,8.5,0.117,0.2492,0.0741,0.181,0.223,0.0859,0.234,0.875,0.0165,0.011,0.0016,0.0032,1.202,0.0,0.0098,,0.0261,0.0367,0.854,84375,20506,0.148,33641,5760,0.104,0.1392,0.1267,0.553,0.1664,0.183,0.669,0.6316,0.2005,0.193,0.2534,0.1252,0.3,525,147,0.17,0.0,0.0229,,1954,1,0.0,0.9657,0.0328,0.021,0.0343,0.0519,0.921,0.0,0.0323,,0.0,0.0323,,0.1752,0.2232,0.774,92,120,0.793,433,85,0.119,0.1511,0.1813,0.729,781,19,0.015,120700,12721,0.064,0.0,0.2609,,0.0,0.1304,,0.06,0.0757,0.767,0.8191,0.1317,0.098,0.0229,0.028,0.745,0.0,0.0249,,0.0,0.0249,,0.131,0.0866,0.402,0.0,0.0323,
420034980002,Tract 4980 · BG 2,42003498000,0.0,1096,183,0.102,535,76,0.086,51.4,4.4,0.052,0.156,0.0662,0.258,0.2108,0.0573,0.165,0.9443,0.0652,0.042,0.0155,0.0236,0.924,0.0,0.0109,,0.0,0.0109,,63681,16985,0.162,45308,13397,0.18,0.1262,0.0932,0.449,0.0157,0.0219,0.846,0.6733,0.0284,0.026,0.2208,0.0896,0.247,631,75,0.072,0.1521,0.0739,0.295,1954,3,0.001,0.8922,0.0695,0.047,0.065,0.0557,0.521,0.0158,0.0304,1.166,0.0,0.0269,,0.2243,0.0977,0.265,120,55,0.279,415,79,0.116,0.1617,0.081,0.304,865,43,0.03,107700,17116,0.097,0.375,0.2858,0.463,0.2917,0.2403,0.501,0.0892,0.0838,0.572,0.7496,0.0708,0.057,0.0146,0.0177,0.736,0.0,0.0195,,0.0,0.0195,,0.161,0.0854,0.322,0.0168,0.0183,0.663
420034993001,Tract 4993 · BG 1,42003499300,0.0,538,141,0.159,265,62,0.142,55.9,8.8,0.096,0.1245,0.0744,0.363,0.3922,0.0581,0.09,0.974,0.0399,0.025,0.0037,0.0167,2.731,0.0,0.0223,,0.0,0.0223,,48051,5813,0.074,31581,4794,0.092,0.1041,0.069,0.403,0.0766,0.0746,0.592,0.503,0.1517,0.183,0.1506,0.0921,0.372,265,62,0.142,0.0,0.0453,,1948,4,0.001,0.6528,0.1108,0.103,0.0415,0.0661,0.967,0.0226,0.0587,1.576,0.2377,0.1245,0.318,0.5094,0.1653,0.197,135,54,0.243,130,37,0.173,0.4721,0.1878,0.242,827,102,0.075,83800,21490,0.156,0.237,0.191,0.49,0.1556,0.1823,0.712,0.1615,0.2423,0.912,0.8938,0.1468,0.1,0.0221,0.0341,0.938,0.0,0.0531,,0.0,0.0531,,0.0265,0.0382,0.875,0.1585,0.1383,0.531
420034993002,Tract 4993 · BG 2,42003499300,0.0,1017,215,0.129,436,84,0.117,44.3,7.3,0.1,0.2104,0.0678,0.196,0.1672,0.0486,0.177,0.9164,0.1048,0.07,0.0226,0.0351,0.943,0.0216,0.0341,0.959,0.0,0.0118,,55802,10548,0.115,31045,5720,0.112,0.0973,0.0737,0.46,0.1499,0.1424,0.578,0.7017,0.2256,0.195,0.1358,0.0593,0.265,497,88,0.108,0.1227,0.1023,0.507,1950,5,0.002,0.8189,0.0981,0.073,0.1247,0.0933,0.455,0.0463,0.0759,0.997,0.0,0.0341,,0.305,0.1519,0.303,133,71,0.325,303,69,0.138,0.2763,0.129,0.284,699,551,0.479,101200,15963,0.096,0.2105,0.2838,0.819,0.0,0.0902,,0.2079,0.1179,0.345,0.7146,0.0645,0.055,0.0588,0.0773,0.799,0.037,0.0405,0.665,0.0,0.0261,,0.0763,0.0698,0.556,0.1261,0.1131,0.545
420034994001,Tract 4994 · BG 1,42003499400,0.0,744,308,0.252,334,114,0.207,39.3,11.3,0.175,0.1801,0.0768,0.259,0.2728,0.0529,0.118,0.9449,0.1355,0.087,0.0,0.0161,,0.0,0.0161,,0.0444,0.0716,0.981,48000,20160,0.255,27709,8304,0.182,0.2473,0.2139,0.526,0.0564,0.0644,0.694,0.6132,0.2981,0.295,0.139,0.17,0.743,377,121,0.195,0.1141,0.1658,0.883,1956,6,0.002,0.9045,0.1305,0.088,0.0716,0.0928,0.788,0.0,0.045,,0.0,0.045,,0.2156,0.102,0.288,72,42,0.355,262,118,0.274,0.2796,0.1501,0.326,877,211,0.146,100600,85172,0.515,0.7222,0.3182,0.268,0.0,0.1667,,0.1221,0.2226,1.108,0.9538,0.2014,0.128,0.0136,0.0368,1.648,0.0,0.0326,,0.0,0.0326,,0.0326,0.0493,0.919,0.015,0.0506,2.053
420034994002,Tract 4994 · BG 2,42003499400,0.0,588,253,0.262,366,157,0.261,35.9,18.9,0.32,0.0442,0.0685,0.942,0.1735,0.1271,0.445,0.8622,0.1575,0.111,0.0748,0.0618,0.502,0.0,0.0204,,0.0391,0.0624,0.97,29709,13375,0.274,22480,8975,0.243,0.2347,0.2002,0.518,0.3043,0.2587,0.517,0.7367,0.1235,0.102,0.0878,0.0981,0.68,451,158,0.213,0.1885,0.1977,0.638,1945,8,0.003,0.7871,0.152,0.117,0.1086,0.0899,0.503,0.0532,0.0584,0.667,0.0,0.0376,,0.5984,0.2982,0.303,219,144,0.4,147,80,0.331,0.6173,0.2894,0.285,901,287,0.194,69300,30765,0.27,0.3379,0.3267,0.588,0.3379,0.3127,0.562,0.3946,0.3639,0.561,0.5278,0.2135,0.246,0.1424,0.2319,0.99,0.0,0.0417,,0.0,0.0417,,0.1146,0.1524,0.808,0.0847,0.1109,0.796
420034994003,Tract 4994 · BG 3,42003499400,0.0,1481,523,0.215,428,95,0.135,33.7,6.0,0.108,0.3592,0.0316,0.053,0.0635,0.0293,0.281,0.7738,0.1705,0.134,0.0675,0.0725,0.653,0.0,0.0081,,0.0986,0.0813,0.501,61845,21262,0.209,18493,4871,0.16,0.1472,0.0757,0.312,0.1362,0.1333,0.595,0.658,0.2101,0.194,0.0663,0.0663,0.608,477,117,0.149,0.1027,0.1168,0.691,1938,,,0.7463,0.1536,0.125,0.0587,0.0677,0.701,0.0168,0.0369,1.336,0.0,0.0356,,0.2477,0.1441,0.354,106,66,0.379,322,86,0.162,0.2184,0.1495,0.416,,,,58800,48327,0.5,0.3019,0.2935,0.591,0.1321,0.221,1.017,0.2857,0.2503,0.533,0.4218,0.2448,0.353,0.0,0.0211,,0.1054,0.1116,0.643,0.0,0.0211,,0.0738,0.0718,0.591,0.0491,0.0617,0.765
420035003001,Tract 5003 · BG 1,42003500300,0.0,1422,341,0.146,572,161,0.171,33.9,7.1,0.127,0.1526,0.0553,0.22,0.173,0.0765,0.269,0.7222,0.236,0.199,0.1139,0.138,0.736,0.0,0.0084,,0.0577,0.0646,0.681,51154,27033,0.321,26990,6201,0.14,0.1034,0.1094,0.643,0.1359,0.0896,0.401,0.6838,0.1485,0.132,0.1049,0.0413,0.239,668,171,0.156,0.1437,0.1281,0.542,1947,10,0.003,0.9746,0.0749,0.047,0.0254,0.0278,0.665,0.0,0.0254,,0.0,0.0254,,0.278,0.1661,0.363,159,105,0.401,413,146,0.215,0.334,0.2193,0.399,1046,156,0.091,66800,12464,0.113,0.0126,0.1342,6.485,0.0,0.0755,,0.3729,0.3264,0.532,0.8272,0.2882,0.212,0.0,0.0169,,0.0,0.0169,,0.0,0.0169,,0.0772,0.062,0.488,0.0,0.0297,
420035003002,Tract 5003 · BG 2,42003500300,0.0,740,246,0.202,405,113,0.17,47.4,18.3,0.235,0.1162,0.111,0.581,0.3203,0.0654,0.124,0.7527,0.3298,0.266,0.0,0.0162,,0.0,0.0162,,0.0351,0.0542,0.937,55156,6295,0.069,35276,8258,0.142,0.0135,0.0267,1.199,0.1883,0.2717,0.877,0.5603,0.1531,0.166,0.224,0.1185,0.322,405,113,0.17,0.0,0.0296,,1955,2,0.001,1.0,0.0,0.0,0.0,0.0419,,0.0,0.0419,,0.0,0.0419,,0.0222,0.034,0.93,9,14,0.946,396,112,0.172,0.0243,0.0383,0.958,,,,105600,24204,0.139,1.0,2.3094,1.404,0.0,1.3333,,0.2778,0.2223,0.486,0.8976,0.1644,0.111,0.0,0.0361,,0.0,0.0361,,0.0,0.0361,,0.1024,0.1474,0.875,0.0469,0.0605,0.784
420035003003,Tract 5003 · BG 3,42003500300,0.0,455,227,0.303,255,136,0.324,43.6,13.6,0.19,0.1209,0.0688,0.346,0.0967,0.1256,0.79,0.9231,0.1801,0.119,0.022,0.038,1.051,0.0,0.0264,,0.0308,0.0482,0.952,72555,43073,0.361,29911,7970,0.162,0.3802,0.2312,0.37,0.0368,0.0518,0.857,0.6667,0.4847,0.442,0.0425,0.0703,1.005,284,145,0.31,0.1021,0.1571,0.935,1943,11,0.003,0.9014,0.119,0.08,0.0,0.0598,,0.0986,0.1596,0.984,0.0,0.0598,,0.3922,0.1955,0.303,100,73,0.444,155,114,0.447,0.4264,0.1973,0.281,1055,276,0.159,53400,40690,0.463,0.59,0.5416,0.558,0.59,0.5001,0.515,0.1548,0.2332,0.916,0.6336,0.2994,0.287,0.0,0.0458,,0.0,0.0458,,0.0,0.0458,,0.0344,0.0544,0.962,0.0314,0.0673,1.305
420035003004,Tract 5003 · BG 4,42003500300,0.0,1003,280,0.17,432,114,0.16,39.6,12.6,0.193,0.1904,0.0626,0.2,0.1954,0.0606,0.188,0.7916,0.1484,0.114,0.0598,0.0922,0.937,0.0,0.012,,0.0,0.012,,71150,9685,0.083,33110,5607,0.103,0.0359,0.0463,0.785,0.0602,0.0512,0.518,0.711,0.142,0.121,0.1794,0.1365,0.463,460,119,0.157,0.0609,0.0966,0.964,1951,4,0.001,0.7543,0.1528,0.123,0.0239,0.0466,1.185,0.1435,0.0897,0.38,0.0,0.0369,,0.2315,0.1299,0.341,100,62,0.377,332,105,0.192,0.2502,0.1599,0.388,855,68,0.048,87700,7023,0.049,0.19,0.2534,0.811,0.0,0.12,,0.0753,0.1029,0.83,0.7924,0.1139,0.087,0.0138,0.0202,0.886,0.0,0.0208,,0.0,0.0208,,0.1142,0.0898,0.478,0.0625,0.0507,0.493
420035010001,Tract 5010 · BG 1,42003501000,0.0,1533,233,0.092,808,97,0.073,43.5,5.5,0.077,0.1429,0.0438,0.186,0.2335,0.0241,0.063,0.893,0.0698,0.048,0.0502,0.025,0.302,0.0,0.0078,,0.013,0.0142,0.662,42500,13295,0.19,30138,3237,0.065,0.2014,0.0508,0.153,0.0831,0.0396,0.289,0.5851,0.0765,0.079,0.1162,0.0307,0.161,865,94,0.066,0.0659,0.0363,0.335,1953,5,0.002,0.615,0.0496,0.049,0.0486,0.0285,0.357,0.2751,0.0867,0.192,0.0474,0.0236,0.302,0.4876,0.0889,0.111,394,86,0.133,414,71,0.104,0.407,0.0959,0.143,822,50,0.037,97100,20187,0.126,0.5609,0.1523,0.165,0.203,0.0942,0.282,0.2343,0.0924,0.24,0.6518,0.0639,0.06,0.0265,0.0201,0.463,0.0237,0.0217,0.558,0.0084,0.011,0.801,0.0961,0.0334,0.211,0.1621,0.0517,0.194
420035030021,Tract 5030.02 · BG 1,42003503002,0.0,821,378,0.28,456,189,0.252,57.6,12.8,0.135,0.1389,0.1232,0.539,0.3922,0.2523,0.391,0.6492,0.0698,0.065,0.3057,0.3093,0.615,0.0,0.0146,,0.0451,0.0688,0.928,37255,29198,0.476,34143,6442,0.115,0.1632,0.1397,0.52,0.0,0.0577,,0.2571,0.1336,0.316,0.2114,0.1168,0.336,505,195,0.235,0.097,0.1498,0.939,1938,,,0.802,0.1555,0.118,0.1228,0.1593,0.789,0.0,0.0336,,0.0297,0.0537,1.099,0.4605,0.2598,0.343,210,147,0.426,246,111,0.274,0.2558,0.1349,0.321,883,308,0.212,,,,0.7714,0.4888,0.385,0.5286,0.4844,0.557,0.1789,0.195,0.663,0.8221,0.8098,0.599,0.0,0.0577,,0.0,0.0577,,0.0,0.0577,,0.0,0.0577,,0.0329,0.0572,1.058
420035030022,Tract 5030.02 · BG 2,42003503002,0.0,1428,553,0.235,597,185,0.188,35.1,21.3,0.369,0.18,0.1138,0.384,0.2031,0.048,0.144,0.9125,0.1635,0.109,0.0693,0.0586,0.514,0.0056,0.0153,1.655,0.0035,0.0097,1.686,72156,62338,0.525,35207,11239,0.194,0.0831,0.0554,0.405,0.1856,0.1597,0.523,0.6857,0.2051,0.182,0.3871,0.2722,0.428,618,193,0.19,0.034,0.054,0.966,1943,4,0.001,0.8026,0.1247,0.094,0.1392,0.1286,0.562,0.0243,0.0428,1.071,0.0,0.0275,,0.3116,0.197,0.384,186,131,0.428,411,202,0.299,0.2463,0.172,0.424,898,332,0.225,170500,36780,0.131,0.4355,0.392,0.547,0.3763,0.3984,0.643,0.1825,0.1515,0.505,0.5332,0.1975,0.225,0.0,0.0204,,0.0307,0.0524,1.039,0.0,0.0204,,0.4174,0.3641,0.53,0.0251,0.0443,1.071
420035030023,Tract 5030.02 · BG 3,42003503002,0.0,1027,338,0.2,709,237,0.203,62.2,6.8,0.066,0.0682,0.0673,0.6,0.3885,0.1802,0.282,0.8384,0.0501,0.036,0.1373,0.1521,0.674,0.0,0.0117,,0.0,0.0117,,54743,22335,0.248,49230,8031,0.099,0.0419,0.0373,0.541,0.0264,0.0398,0.918,0.5353,0.1583,0.18,0.3297,0.1573,0.29,709,237,0.203,0.0,0.0169,,1956,4,0.001,0.6051,0.1179,0.118,0.0,0.0239,,0.2243,0.2412,0.654,0.1227,0.0455,0.225,0.3653,0.2194,0.365,259,178,0.418,450,173,0.234,0.296,0.1504,0.309,1047,115,0.067,173100,42254,0.148,0.5019,0.4234,0.513,0.1197,0.0701,0.356,0.0644,0.1004,0.947,0.8337,0.1816,0.132,0.0,0.0232,,0.0,0.0232,,0.0,0.0232,,0.1044,0.0894,0.52,0.024,0.0435,1.104
420035030024,Tract 5030.02 · BG 4,42003503002,0.0,1124,452,0.244,488,151,0.188,35.0,16.2,0.281,0.3034,0.0882,0.177,0.2571,0.043,0.102,0.8754,0.2449,0.17,0.0703,0.0937,0.81,0.0,0.0107,,0.0,0.0107,,80893,71678,0.539,34267,11058,0.196,0.0827,0.1154,0.848,0.0495,0.073,0.897,0.6475,0.1902,0.179,0.1292,0.0814,0.383,488,151,0.188,0.0,0.0246,,1952,4,0.001,0.625,0.1711,0.166,0.1578,0.2235,0.861,0.0492,0.0802,0.992,0.0,0.0348,,0.375,0.198,0.321,183,112,0.372,305,126,0.251,0.3891,0.2286,0.357,860,422,0.298,142000,42720,0.183,0.4481,0.3852,0.523,0.0,0.0656,,0.1148,0.1998,1.059,0.5673,0.3592,0.385,0.0521,0.0767,0.896,0.0,0.0215,,0.0,0.0215,,0.1993,0.1295,0.395,0.0717,0.1112,0.942
420035030025,Tract 5030.02 · BG 5,42003503002,0.0,1270,361,0.173,769,218,0.172,63.4,11.1,0.106,0.1315,0.088,0.407,0.4622,0.1158,0.152,0.9551,0.0919,0.058,0.0102,0.0163,0.967,0.0,0.0094,,0.0,0.0094,,49688,34418,0.421,40957,10496,0.156,0.1858,0.1458,0.477,0.0,0.0211,,0.5031,0.1784,0.216,0.304,0.1405,0.281,769,218,0.172,0.0,0.0156,,1964,14,0.004,0.6255,0.245,0.238,0.0,0.0221,,0.2328,0.2233,0.583,0.1417,0.1055,0.453,0.3745,0.2202,0.357,288,188,0.397,481,130,0.164,0.2937,0.1563,0.323,,,,151300,46022,0.185,0.4549,0.144,0.192,0.2118,0.1464,0.42,0.1913,0.1319,0.419,0.7281,0.0993,0.083,0.0,0.0211,,0.0,0.0211,,0.0,0.0211,,0.2193,0.1268,0.352,0.0507,0.0847,1.016
420035041001,Tract 5041 · BG 1,42003504100,0.0,914,390,0.259,518,205,0.241,42.6,21.3,0.304,0.1477,0.1128,0.464,0.267,0.136,0.31,0.6707,0.2237,0.203,0.3096,0.2727,0.535,0.0,0.0131,,0.0,0.0131,,,,,36359,12504,0.209,0.2199,0.1321,0.365,0.0,0.0295,,0.4771,0.1623,0.207,0.2581,0.1809,0.426,571,187,0.199,0.0928,0.117,0.766,1959,23,0.007,0.2627,0.1444,0.334,0.2119,0.1931,0.554,0.3257,0.2268,0.423,0.1471,0.1541,0.637,0.6467,0.26,0.244,335,189,0.343,183,113,0.375,0.6171,0.2689,0.265,1023,455,0.27,126800,21411,0.103,0.3403,0.3104,0.554,0.2,0.2892,0.879,0.3333,0.2798,0.51,0.7789,0.2452,0.191,0.0737,0.1263,1.042,0.0,0.0295,,0.0,0.0295,,0.1179,0.1959,1.01,0.2664,0.2119,0.483
420035041002,Tract 5041 · BG 2,42003504100,0.0,916,450,0.299,458,198,0.263,48.1,18.9,0.239,0.2129,0.1722,0.492,0.0731,0.0494,0.411,0.5349,0.2908,0.33,0.3635,0.2601,0.435,0.0,0.0131,,0.0,0.0131,,39412,21088,0.325,64154,80990,0.767,0.3372,0.3851,0.694,0.0,0.0456,,0.3648,0.1638,0.273,0.082,0.099,0.734,676,230,0.207,0.3225,0.2361,0.445,1971,20,0.006,0.2944,0.188,0.388,0.1272,0.1973,0.943,0.0,0.0251,,0.5281,0.2874,0.331,0.8057,0.092,0.069,369,165,0.272,89,106,0.724,0.7615,0.2013,0.161,789,59,0.045,,,,0.6423,0.4236,0.401,0.3333,0.3252,0.593,0.0,0.3814,,0.5019,0.3962,0.48,0.0,0.0456,,0.0532,0.0885,1.011,0.0,0.0456,,0.1293,0.2039,0.959,0.4432,0.234,0.321
420035041003,Tract 5041 · BG 3,42003504100,0.0,515,307,0.362,197,94,0.29,35.7,12.2,0.208,0.2078,0.1778,0.52,0.1456,0.0758,0.317,0.9476,0.1646,0.106,0.0524,0.0795,0.922,0.0,0.0233,,0.0,0.0233,,65536,27571,0.256,23558,8363,0.216,0.0757,0.114,0.915,0.0,0.0642,,0.4463,0.0985,0.134,0.3361,0.2141,0.387,197,94,0.29,0.0,0.0609,,1975,23,0.007,0.7563,0.2883,0.232,0.0,0.0861,,0.2437,0.2002,0.499,0.0,0.0861,,0.2437,0.1907,0.476,48,44,0.557,149,91,0.371,0.2291,0.2528,0.671,,,,147400,63274,0.261,0.0,0.5,,0.0,0.25,,0.1812,0.3469,1.164,0.8235,0.2485,0.183,0.0,0.0642,,0.0,0.0642,,0.0,0.0642,,0.1765,0.2723,0.938,0.0,0.0861,
420035041004,Tract 5041 · BG 4,42003504100,0.0,1746,554,0.193,647,195,0.183,32.9,11.2,0.207,0.2612,0.1038,0.242,0.1357,0.0816,0.365,0.421,0.1213,0.175,0.579,0.1517,0.159,0.0,0.0069,,0.0,0.0069,,52575,37895,0.438,21362,8188,0.233,0.2623,0.1689,0.391,0.0557,0.0895,0.976,0.7093,0.2412,0.207,0.2002,0.127,0.386,702,214,0.185,0.0783,0.1245,0.966,1960,8,0.002,0.7707,0.3157,0.249,0.0,0.0242,,0.0,0.0242,,0.1752,0.1872,0.649,0.2844,0.2121,0.453,184,148,0.489,463,137,0.18,0.2617,0.1755,0.408,927,734,0.481,82800,4977,0.037,0.7609,0.4617,0.369,0.6685,0.515,0.468,0.1512,0.1722,0.693,0.6654,0.1203,0.11,0.0,0.0152,,0.0215,0.0354,1.002,0.0,0.0152,,0.0593,0.0976,0.999,0.2736,0.2284,0.507
420035041005,Tract 5041 · BG 5,42003504100,0.0,1082,553,0.311,411,134,0.198,32.2,24.4,0.461,0.3946,0.2089,0.322,0.1201,0.0226,0.114,0.6266,0.4273,0.414,0.3734,0.4521,0.736,0.0,0.0111,,0.0,0.0111,,67188,50716,0.459,29446,18955,0.391,0.3549,0.4557,0.781,0.0,0.0234,,0.7817,0.1177,0.092,0.1891,0.1195,0.384,411,134,0.198,0.0,0.0292,,1951,6,0.002,0.8321,0.1011,0.074,0.0316,0.0558,1.073,0.0,0.0413,,0.0,0.0413,,0.2238,0.1778,0.483,92,79,0.522,319,123,0.234,0.414,0.4469,0.656,1132,428,0.23,106300,31858,0.182,0.6522,0.5705,0.532,0.25,0.3655,0.889,0.232,0.1757,0.461,0.7578,0.1249,0.1,0.0723,0.1136,0.955,0.0,0.0234,,0.0,0.0234,,0.082,0.0815,0.604,0.0876,0.0999,0.694
420035070001,Tract 5070 · BG 1,42003507000,0.0,877,205,0.142,388,80,0.125,42.3,5.7,0.082,0.1528,0.0595,0.237,0.2406,0.0488,0.123,0.8506,0.1813,0.13,0.1288,0.1206,0.569,0.0,0.0137,,0.0125,0.0192,0.929,84861,31462,0.225,43334,13307,0.187,0.0125,0.02,0.967,0.0708,0.0702,0.602,0.617,0.0902,0.089,0.2599,0.1208,0.282,395,80,0.123,0.0177,0.0276,0.947,1953,3,0.001,0.8608,0.0927,0.066,0.0127,0.0364,1.749,0.0987,0.0851,0.524,0.0,0.043,,0.2294,0.0945,0.25,89,41,0.28,299,77,0.157,0.1345,0.0476,0.215,845,162,0.117,96100,32470,0.205,0.2697,0.2829,0.638,0.2697,0.1596,0.36,0.087,0.1073,0.75,0.6794,0.0946,0.085,0.0,0.0269,,0.0,0.0269,,0.0,0.0269,,0.2332,0.1107,0.289,0.116,0.0868,0.455
420035070002,Tract 5070 · BG 2,42003507000,0.0,1125,209,0.113,645,111,0.105,51.0,5.4,0.064,0.0676,0.0445,0.401,0.272,0.0724,0.162,0.7191,0.013,0.011,0.1813,0.1115,0.374,0.0036,0.0053,0.905,0.0,0.0107,,43750,28404,0.395,39392,7174,0.111,0.1591,0.0654,0.25,0.0859,0.0737,0.522,0.6186,0.1018,0.1,0.192,0.0805,0.255,742,103,0.084,0.1307,0.0607,0.282,1956,4,0.001,0.4973,0.0846,0.103,0.1442,0.0854,0.36,0.1186,0.0599,0.307,0.0593,0.0453,0.465,0.4093,0.0784,0.117,264,68,0.157,381,103,0.164,0.3689,0.0782,0.129,767,34,0.027,103600,16157,0.095,0.3788,0.1467,0.235,0.2159,0.1119,0.315,0.1706,0.1169,0.417,0.5557,0.1171,0.128,0.098,0.0843,0.523,0.0,0.0203,,0.0,0.0203,,0.2365,0.1213,0.312,0.1287,0.0891,0.421
420035080001,Tract 5080 · BG 1,42003508000,0.0,486,134,0.168,337,92,0.166,51.7,4.4,0.052,0.0391,0.074,1.151,0.1955,0.0716,0.223,0.6646,0.068,0.062,0.323,0.16,0.301,0.0,0.0247,,0.0,0.0247,,36510,8769,0.146,29873,6424,0.131,0.2942,0.1629,0.337,0.0,0.0494,,0.5203,0.1635,0.191,0.1329,0.0971,0.444,451,104,0.14,0.2528,0.1096,0.264,1938,,,0.3038,0.1131,0.226,0.3503,0.1437,0.249,0.1596,0.1265,0.482,0.0,0.0376,,0.7151,0.1992,0.169,241,94,0.237,96,51,0.323,0.6507,0.1758,0.164,755,73,0.059,56100,3184,0.035,0.4938,0.1939,0.239,0.1328,0.0851,0.389,0.0625,0.3451,3.357,0.4691,0.103,0.133,0.4156,0.2496,0.365,0.0,0.0494,,0.0,0.0494,,0.1152,0.1,0.528,0.2552,0.1462,0.348
420035080002,Tract 5080 · BG 2,42003508000,0.0,1275,517,0.246,572,155,0.165,36.5,4.0,0.067,0.218,0.0411,0.115,0.1208,0.0686,0.345,0.7373,0.1676,0.138,0.2251,0.1565,0.423,0.0,0.0094,,0.0298,0.0315,0.642,36444,15657,0.261,23080,5542,0.146,0.2988,0.1339,0.272,0.1743,0.1068,0.372,0.6412,0.1401,0.133,0.178,0.0741,0.253,696,155,0.135,0.1782,0.0893,0.305,1972,5,0.002,0.2716,0.0892,0.2,0.1523,0.1182,0.472,0.1868,0.0999,0.325,0.1609,0.0744,0.281,0.6276,0.1287,0.125,359,122,0.207,213,74,0.211,0.6262,0.2222,0.216,808,80,0.06,68800,25652,0.227,0.3844,0.1854,0.293,0.3343,0.1852,0.337,0.1455,0.2193,0.916,0.59,0.2124,0.219,0.0649,0.0834,0.782,0.0816,0.1031,0.768,0.0,0.0251,,0.1004,0.1203,0.728,0.3287,0.0993,0.184
420035094001,Tract 5094 · BG 1,42003509400,0.0,1605,579,0.219,693,220,0.193,46.7,10.1,0.131,0.228,0.1033,0.275,0.3327,0.1664,0.304,0.6555,0.0881,0.082,0.3109,0.2071,0.405,0.0,0.0075,,0.0,0.0075,,51123,6050,0.072,29571,7662,0.158,0.1401,0.1064,0.462,0.2086,0.1435,0.418,0.6037,0.1755,0.177,0.1364,0.0788,0.351,740,217,0.178,0.0635,0.0775,0.742,1944,4,0.001,0.5041,0.2016,0.243,0.1973,0.1287,0.397,0.0568,0.0675,0.723,0.1162,0.1205,0.63,0.8341,0.1854,0.135,578,224,0.236,115,75,0.396,0.8466,0.2065,0.148,833,403,0.294,102600,90270,0.535,0.301,0.1716,0.346,0.2249,0.1454,0.393,0.1739,0.3625,1.267,0.6713,0.2317,0.21,0.0713,0.088,0.75,0.1209,0.1347,0.677,0.0,0.0186,,0.1163,0.107,0.559,0.2439,0.1396,0.348
420035094002,Tract 5094 · BG 2,42003509400,0.0,779,329,0.257,444,148,0.203,53.4,11.6,0.132,0.0488,0.0718,0.895,0.3261,0.0631,0.118,0.8922,0.1358,0.093,0.0,0.0154,,0.0,0.0154,,0.077,0.1122,0.886,42368,27687,0.397,25431,10632,0.254,0.3119,0.2598,0.506,0.1586,0.1692,0.648,0.4764,0.1469,0.187,0.1695,0.1478,0.53,489,156,0.194,0.092,0.1526,1.008,1945,5,0.002,0.2761,0.1451,0.319,0.2331,0.1272,0.332,0.0,0.0347,,0.1677,0.2094,0.759,0.723,0.0886,0.074,321,114,0.216,123,80,0.395,0.7638,0.1753,0.14,565,109,0.117,,,,0.2523,0.1797,0.433,0.0966,0.1198,0.754,0.5447,0.4592,0.512,0.7205,0.1359,0.115,0.0,0.0404,,0.0,0.0404,,0.0,0.0404,,0.0,0.0404,,0.2252,0.2212,0.597
420035094003,Tract 5094 · BG 3,42003509400,0.0,411,321,0.475,202,141,0.424,46.5,21.1,0.276,0.146,0.1864,0.776,0.0316,0.1091,2.096,0.3212,0.1846,0.349,0.5669,0.3008,0.323,0.0462,0.0578,0.76,0.0,0.0292,,29643,6267,0.129,17117,3709,0.132,0.1655,0.1294,0.476,0.2511,0.2435,0.589,0.6239,0.6816,0.664,0.1471,0.1391,0.575,347,191,0.335,0.4179,0.2957,0.43,1946,13,0.004,0.634,0.2695,0.258,0.2277,0.3211,0.857,0.1009,0.1614,0.973,0.0,0.0489,,0.7624,0.444,0.354,154,140,0.553,48,43,0.545,0.8832,0.3866,0.266,1271,360,0.172,,,,0.6883,0.5183,0.458,0.5455,0.5841,0.651,0.6042,0.7357,0.74,0.8841,0.4129,0.284,0.0,0.0732,,0.0,0.0732,,0.0,0.0732,,0.1159,0.1411,0.741,0.0,0.084,
420035094004,Tract 5094 · BG 4,42003509400,0.0,1190,464,0.237,521,188,0.219,35.6,11.0,0.188,0.1597,0.0945,0.36,0.1261,0.1188,0.573,0.4008,0.161,0.244,0.4193,0.3052,0.442,0.0227,0.0462,1.238,0.0,0.0101,,50972,7540,0.09,27038,6343,0.143,0.0134,0.0227,1.027,0.081,0.1011,0.758,0.8413,0.1249,0.09,0.1371,0.0755,0.335,521,188,0.219,0.0,0.023,,1948,5,0.002,0.2265,0.13,0.349,0.357,0.1946,0.331,0.2514,0.1983,0.48,0.0,0.0326,,0.6967,0.237,0.207,363,180,0.301,158,89,0.342,0.5882,0.2537,0.262,684,81,0.072,95500,19865,0.126,0.0716,0.093,0.789,0.0,0.0331,,0.1582,0.3159,1.214,0.3066,0.1193,0.237,0.5705,0.3273,0.349,0.0349,0.0484,0.842,0.0,0.0155,,0.022,0.0297,0.821,0.3474,0.1969,0.344
420035094005,Tract 5094 · BG 5,42003509400,0.0,1022,447,0.266,569,205,0.219,65.3,1.6,0.015,0.0587,0.0758,0.784,0.5342,0.1545,0.176,0.5568,0.2797,0.305,0.4139,0.247,0.363,0.0294,0.0452,0.936,0.0,0.0117,,28085,9977,0.216,27656,16192,0.356,0.3209,0.2508,0.475,0.2126,0.2298,0.657,0.2152,0.1504,0.425,0.0,0.0249,,648,231,0.217,0.1219,0.1352,0.674,1938,,,0.4059,0.2461,0.369,0.2145,0.1285,0.364,0.0278,0.0474,1.038,0.1759,0.1637,0.566,0.587,0.2135,0.221,334,171,0.311,235,162,0.419,0.4716,0.2047,0.264,457,385,0.512,57800,24264,0.255,0.4251,0.3129,0.447,0.2126,0.3108,0.889,0.0,0.1444,,0.8466,0.3727,0.268,0.0,0.0736,,0.0,0.0736,,0.0,0.0736,,0.1534,0.1771,0.702,0.3181,0.2344,0.448
420035100001,Tract 5100 · BG 1,42003510000,0.0,1009,484,0.292,409,138,0.205,36.7,12.0,0.199,0.2696,0.1111,0.251,0.0634,0.0444,0.426,0.1665,0.102,0.372,0.7929,0.3067,0.235,0.0,0.0119,,0.0,0.0119,,53177,14866,0.17,22657,4705,0.126,0.1982,0.1029,0.316,0.0234,0.0356,0.925,0.5916,0.1365,0.14,0.1699,0.0748,0.268,487,135,0.169,0.1602,0.088,0.334,1946,9,0.003,0.3552,0.0931,0.159,0.3676,0.1973,0.326,0.117,0.0684,0.355,0.0308,0.0402,0.793,0.7066,0.1951,0.168,289,126,0.265,120,75,0.38,0.7213,0.193,0.163,677,125,0.112,113700,80621,0.431,0.1696,0.1271,0.456,0.1107,0.088,0.483,0.55,0.3483,0.385,0.6174,0.2965,0.292,0.0869,0.0729,0.51,0.0563,0.0622,0.671,0.0,0.0282,,0.169,0.0793,0.285,0.4352,0.0942,0.132
420035100002,Tract 5100 · BG 2,42003510000,0.0,1112,486,0.266,397,121,0.185,27.2,17.3,0.387,0.4766,0.2816,0.359,0.125,0.0181,0.088,0.2788,0.1198,0.261,0.6736,0.2144,0.194,0.0,0.0108,,0.0,0.0108,,,,,15052,5663,0.229,0.6889,0.1853,0.163,0.0375,0.0651,1.055,0.3366,0.1881,0.34,0.2331,0.1349,0.352,518,124,0.146,0.2336,0.1036,0.27,1943,5,0.002,0.5058,0.1745,0.21,0.1255,0.0787,0.381,0.0869,0.0768,0.538,0.0869,0.0579,0.405,0.4635,0.2146,0.281,184,102,0.337,213,103,0.294,0.3049,0.2147,0.428,875,68,0.047,55900,5074,0.055,0.6522,0.4543,0.423,0.5,0.4548,0.553,0.4319,0.2933,0.413,0.6494,0.254,0.238,0.0519,0.071,0.831,0.0,0.0519,,0.0,0.0519,,0.1688,0.1473,0.53,0.2746,0.2145,0.475
420035120001,Tract 5120 · BG 1,42003512000,0.0,714,280,0.238,219,79,0.219,34.5,6.0,0.106,0.3641,0.0796,0.133,0.1232,0.0598,0.295,0.2717,0.1226,0.274,0.4818,0.3243,0.409,0.0,0.0168,,0.0406,0.0374,0.559,34178,29776,0.53,17117,5338,0.19,0.4272,0.2988,0.425,0.0947,0.1365,0.877,0.4969,0.1725,0.211,0.1247,0.0874,0.426,249,80,0.195,0.1205,0.16,0.808,1952,20,0.006,0.7068,0.3196,0.275,0.1365,0.1182,0.526,0.1566,0.2405,0.934,0.0,0.0682,,0.4566,0.2632,0.35,100,68,0.413,119,54,0.276,0.5308,0.2798,0.32,,,,52400,10427,0.121,0.77,0.4395,0.347,0.12,0.1826,0.925,0.1261,0.2826,1.363,0.6,0.2669,0.27,0.1636,0.0784,0.291,0.0,0.0545,,0.0,0.0545,,0.1636,0.1068,0.397,0.3973,0.2758,0.422
420035120002,Tract 5120 · BG 2,42003512000,0.0,1522,312,0.125,858,190,0.135,47.2,8.1,0.104,0.1183,0.0559,0.287,0.2792,0.0997,0.217,0.6577,0.1346,0.124,0.1971,0.0928,0.286,0.0118,0.0149,0.767,0.0,0.0079,,48818,18242,0.227,42194,17868,0.257,0.1708,0.0932,0.332,0.1726,0.1591,0.56,0.6593,0.093,0.086,0.1256,0.0508,0.246,972,175,0.109,0.1173,0.0859,0.445,1955,2,0.001,0.4311,0.1567,0.221,0.25,0.112,0.272,0.144,0.0759,0.32,0.0,0.0175,,0.5571,0.105,0.115,478,139,0.177,380,173,0.277,0.5775,0.1417,0.149,614,105,0.104,76200,17268,0.138,0.3536,0.1664,0.286,0.1841,0.1341,0.443,0.1947,0.1087,0.339,0.6194,0.1309,0.128,0.0669,0.0645,0.586,0.0,0.0157,,0.0,0.0157,,0.1798,0.1166,0.394,0.1678,0.0968,0.351
420035130001,Tract 5130 · BG 1,42003513000,0.0,1243,357,0.175,613,222,0.22,49.5,22.1,0.271,0.1271,0.0915,0.437,0.2478,0.1052,0.258,0.2051,0.1549,0.459,0.7667,0.1781,0.141,0.0,0.0097,,0.0,0.0097,,,,,27325,7813,0.174,0.3781,0.1753,0.282,0.1818,0.1128,0.377,0.6488,0.1198,0.112,0.0993,0.0885,0.541,886,205,0.141,0.3081,0.1058,0.209,1938,,,0.5655,0.1261,0.136,0.1095,0.0698,0.388,0.009,0.0253,1.702,0.1558,0.1175,0.458,0.6003,0.1722,0.174,368,170,0.281,245,111,0.275,0.5535,0.0866,0.095,583,416,0.434,73700,28845,0.238,0.3696,0.2877,0.473,0.2337,0.299,0.778,0.4449,0.3295,0.45,0.4062,0.2958,0.443,0.316,0.2352,0.453,0.0,0.0208,,0.0,0.0208,,0.1788,0.1485,0.505,0.6101,0.2114,0.211
420035130002,Tract 5130 · BG 2,42003513000,0.0,740,248,0.204,452,142,0.191,43.3,12.8,0.18,0.0041,0.0436,6.544,0.1392,0.0851,0.372,0.3108,0.1098,0.215,0.5568,0.2865,0.313,0.0,0.0162,,0.0,0.0162,,30556,24282,0.483,34527,9706,0.171,0.2432,0.141,0.352,0.155,0.1221,0.479,0.7531,0.056,0.045,0.228,0.1508,0.402,545,151,0.168,0.1706,0.0871,0.31,1938,,,0.8917,0.0883,0.06,0.0477,0.0509,0.648,0.0,0.0311,,0.0495,0.0825,1.013,0.4049,0.2969,0.446,183,146,0.485,269,111,0.251,0.3,0.2348,0.476,1368,17,0.008,40100,8098,0.123,0.8962,0.1709,0.116,0.6721,0.4231,0.383,0.0595,0.117,1.196,0.6702,0.2236,0.203,0.0612,0.0873,0.868,0.0,0.0319,,0.0,0.0319,,0.1197,0.1019,0.517,0.5088,0.2921,0.349
420035138001,Tract 5138 · BG 1,42003513800,0.0,1068,571,0.325,302,126,0.254,25.4,3.0,0.072,0.353,0.2572,0.443,0.1152,0.0854,0.451,0.0787,0.0297,0.23,0.6255,0.4303,0.418,0.0,0.0112,,0.0,0.0112,,41149,694,0.01,15549,6720,0.263,0.0393,0.0251,0.388,0.3773,0.3848,0.62,0.7202,0.2163,0.183,0.0695,0.0468,0.41,378,140,0.225,0.2011,0.1093,0.331,1938,,,0.7646,0.1905,0.151,0.0794,0.0873,0.669,0.0688,0.0904,0.799,0.0635,0.062,0.593,0.5894,0.3493,0.36,178,129,0.441,124,45,0.221,0.4532,0.4565,0.612,,,,40000,35210,0.535,0.6966,0.4696,0.41,0.0393,0.0672,1.039,0.0323,0.2603,4.906,0.8119,0.2044,0.153,0.1731,0.1509,0.53,0.0,0.0358,,0.0,0.0358,,0.0,0.0358,,0.2119,0.0959,0.275
420035138002,Tract 5138 · BG 2,42003513800,0.0,971,337,0.211,408,97,0.145,45.4,16.1,0.216,0.2482,0.0927,0.227,0.1658,0.0493,0.181,0.0742,0.0739,0.606,0.829,0.1866,0.137,0.0,0.0124,,0.0422,0.0621,0.895,19868,8674,0.265,15446,6161,0.242,0.5553,0.2554,0.28,0.2811,0.0977,0.211,0.5339,0.1745,0.199,0.0616,0.0581,0.573,639,92,0.088,0.3615,0.1393,0.234,1938,,,0.4429,0.1291,0.177,0.2254,0.0775,0.209,0.0767,0.0599,0.475,0.0329,0.024,0.445,0.6961,0.1567,0.137,284,93,0.199,124,60,0.294,0.7532,0.2574,0.208,674,79,0.071,,,,0.5915,0.1638,0.168,0.4754,0.1726,0.221,0.0887,0.2531,1.734,0.5579,0.1201,0.131,0.2851,0.1866,0.398,0.0455,0.0531,0.71,0.0,0.0496,,0.0207,0.04,1.177,0.3431,0.1038,0.184
420035140001,Tract 5140 · BG 1,42003514000,0.0,453,252,0.338,247,141,0.347,35.3,12.9,0.222,0.1501,0.1194,0.484,0.1214,0.1288,0.645,0.574,0.3113,0.33,0.351,0.195,0.338,0.0,0.0265,,0.0,0.0265,,30536,20203,0.402,31048,8542,0.167,0.223,0.1848,0.504,0.0048,0.0192,2.412,0.5377,0.3952,0.447,0.043,0.0675,0.953,307,145,0.287,0.1954,0.0965,0.3,1944,6,0.002,0.2052,0.1349,0.4,0.1075,0.1228,0.695,0.3029,0.3546,0.712,0.0,0.0553,,0.7368,0.3362,0.277,182,133,0.444,65,48,0.449,0.7285,0.3095,0.258,596,328,0.335,83000,50420,0.369,0.1099,0.1366,0.756,0.1099,0.075,0.415,0.2,0.484,1.471,0.4854,0.3702,0.464,0.3252,0.0985,0.184,0.0,0.0583,,0.0,0.0583,,0.1553,0.2085,0.816,0.6235,0.3592,0.35
420035140002,Tract 5140 · BG 2,42003514000,0.0,1340,332,0.151,523,108,0.126,39.0,30.4,0.474,0.3239,0.1383,0.26,0.1851,0.0659,0.217,0.1112,0.0613,0.335,0.6664,0.1827,0.167,0.0,0.009,,0.1739,0.0878,0.307,61058,27870,0.277,25695,7756,0.183,0.2575,0.2205,0.521,0.1317,0.0897,0.414,0.7188,0.0856,0.072,0.2271,0.1396,0.374,616,110,0.109,0.151,0.0714,0.287,1953,6,0.002,0.5097,0.1383,0.165,0.1023,0.0751,0.447,0.1948,0.1003,0.313,0.0584,0.0638,0.664,0.5239,0.1623,0.188,274,102,0.226,249,90,0.22,0.524,0.2654,0.308,619,317,0.311,114100,105110,0.56,0.2518,0.1515,0.366,0.1606,0.1332,0.504,0.0,0.1363,,0.3938,0.2716,0.419,0.25,0.1207,0.294,0.0281,0.0428,0.925,0.0,0.0188,,0.0562,0.0499,0.539,0.3365,0.1532,0.277
420035151001,Tract 5151 · BG 1,42003515100,0.0,897,343,0.232,420,120,0.174,36.3,9.6,0.161,0.1527,0.1117,0.445,0.1862,0.0386,0.126,0.6243,0.3184,0.31,0.2386,0.2798,0.713,0.0,0.0134,,0.1371,0.1914,0.848,102868,44828,0.265,89112,58207,0.397,0.0792,0.0886,0.681,0.0149,0.0236,0.961,0.6789,0.1178,0.105,0.4073,0.1373,0.205,486,122,0.153,0.1358,0.1079,0.483,1964,8,0.002,0.5391,0.1172,0.132,0.1564,0.1701,0.661,0.0802,0.11,0.833,0.0,0.0349,,0.3143,0.2076,0.402,132,95,0.438,288,89,0.188,0.3857,0.3014,0.475,1143,73,0.039,131500,10019,0.046,0.1136,0.1631,0.872,0.0303,0.0399,0.8,0.0729,0.115,0.959,0.4899,0.1318,0.164,0.0951,0.0881,0.563,0.0,0.0243,,0.0,0.0243,,0.415,0.1913,0.28,0.0714,0.0926,0.788
420035151002,Tract 5151 · BG 2,42003515100,0.0,1189,365,0.187,632,256,0.246,29.7,8.4,0.172,0.3272,0.0705,0.131,0.2447,0.1713,0.425,0.2204,0.1401,0.387,0.6072,0.1918,0.192,0.1682,0.1917,0.693,0.0,0.0101,,30368,23547,0.471,27620,12085,0.266,0.2968,0.2127,0.436,0.0812,0.0813,0.609,0.8162,0.2005,0.149,0.441,0.2527,0.348,665,256,0.234,0.0496,0.0523,0.64,1962,6,0.002,0.3925,0.1735,0.269,0.1684,0.0504,0.182,0.3669,0.2846,0.472,0.0,0.0255,,0.6661,0.2019,0.184,421,213,0.308,211,159,0.458,0.7163,0.1181,0.1,750,692,0.561,132300,15316,0.07,0.5724,0.358,0.38,0.2637,0.1032,0.238,0.1659,0.195,0.715,0.2012,0.0759,0.229,0.0311,0.0446,0.872,0.0,0.0249,,0.0,0.0249,,0.249,0.1438,0.351,0.3813,0.2915,0.465
420035151003,Tract 5151 · BG 3,42003515100,0.0,733,288,0.239,420,158,0.229,51.7,14.0,0.165,0.0409,0.0581,0.864,0.0655,0.0616,0.572,0.5553,0.2101,0.23,0.3465,0.1435,0.252,0.0055,0.0231,2.573,0.015,0.0252,1.022,65893,11315,0.104,41527,8282,0.121,0.0859,0.0783,0.554,0.1009,0.1205,0.726,0.7752,0.1546,0.121,0.1699,0.137,0.49,474,162,0.208,0.1139,0.1182,0.631,1938,,,0.5696,0.1224,0.131,0.1983,0.137,0.42,0.1139,0.1382,0.738,0.0,0.0358,,0.4262,0.2071,0.295,179,110,0.374,241,108,0.272,0.4802,0.2334,0.295,1305,172,0.08,125200,60238,0.292,0.4469,0.2892,0.393,0.162,0.1875,0.704,0.0705,0.1472,1.268,0.3857,0.1406,0.222,0.2408,0.1685,0.425,0.0918,0.1018,0.674,0.0,0.0245,,0.2408,0.1662,0.42,0.4476,0.2225,0.302
420035152001,Tract 5152 · BG 1,42003515200,0.0,932,317,0.207,441,115,0.159,45.8,15.2,0.202,0.1041,0.0827,0.483,0.2779,0.069,0.151,0.618,0.145,0.143,0.1363,0.0773,0.345,0.0097,0.0169,1.061,0.015,0.0296,1.198,66845,33355,0.303,51455,12555,0.148,0.0783,0.0821,0.637,0.1899,0.2745,0.879,0.6896,0.1509,0.133,0.3838,0.0527,0.083,540,118,0.133,0.1833,0.1522,0.505,1971,21,0.006,0.3741,0.1558,0.253,0.0185,0.0368,1.209,0.3259,0.1585,0.296,0.2241,0.1429,0.388,0.3673,0.135,0.223,162,73,0.274,279,113,0.246,0.3959,0.1913,0.294,1124,25,0.014,154900,36091,0.142,0.3519,0.2037,0.352,0.0,0.0741,,0.3369,0.2764,0.499,0.6049,0.1718,0.173,0.0947,0.0909,0.584,0.0288,0.0416,0.878,0.0,0.0247,,0.1934,0.0812,0.255,0.0,0.0385,
420035152002,Tract 5152 · BG 2,42003515200,0.0,1030,207,0.122,545,116,0.129,37.1,4.2,0.069,0.1476,0.1148,0.473,0.1689,0.0826,0.297,0.5971,0.0876,0.089,0.2796,0.0707,0.154,0.0,0.0117,,0.0184,0.0308,1.017,59363,9151,0.094,36353,5618,0.094,0.1748,0.1105,0.385,0.05,0.0532,0.647,0.6378,0.1387,0.132,0.4063,0.1261,0.189,545,116,0.129,0.0,0.022,,1938,,,0.5835,0.1088,0.113,0.167,0.1314,0.479,0.1394,0.113,0.493,0.0,0.0311,,0.3761,0.1465,0.237,205,91,0.27,340,89,0.159,0.3544,0.1413,0.242,1177,139,0.072,148000,57266,0.235,0.3512,0.2986,0.517,0.078,0.1169,0.911,0.2824,0.1853,0.399,0.5714,0.1628,0.173,0.1165,0.1043,0.544,0.094,0.0949,0.614,0.0038,0.0169,2.728,0.1316,0.0922,0.426,0.022,0.0425,1.174
420035153001,Tract 5153 · BG 1,42003515300,0.0,691,244,0.215,490,203,0.252,43.9,15.7,0.217,0.1302,0.0821,0.383,0.2113,0.2542,0.731,0.4269,0.2437,0.347,0.4588,0.1217,0.161,0.0651,0.0942,0.879,0.0,0.0174,,31927,16117,0.307,34969,11528,0.2,0.3271,0.2581,0.48,0.0329,0.0299,0.551,0.8586,0.1811,0.128,0.1782,0.0704,0.24,583,209,0.218,0.1595,0.1171,0.446,1938,,,0.3276,0.1079,0.2,0.2436,0.0923,0.23,0.0103,0.0265,1.568,0.0189,0.035,1.129,0.7531,0.2726,0.22,369,203,0.334,121,49,0.246,0.7363,0.2267,0.187,1272,293,0.14,169700,22047,0.079,0.7507,0.3535,0.286,0.4444,0.4221,0.577,0.0413,0.2665,3.921,0.3369,0.2085,0.376,0.036,0.0273,0.46,0.0869,0.1097,0.767,0.0021,0.0041,1.184,0.5042,0.3542,0.427,0.1939,0.0729,0.229
420035153002,Tract 5153 · BG 2,42003515300,0.0,816,167,0.124,473,82,0.105,48.8,2.3,0.029,0.0699,0.0599,0.522,0.2855,0.0539,0.115,0.6189,0.0771,0.076,0.2819,0.1406,0.303,0.0,0.0147,,0.0233,0.0377,0.984,41776,6227,0.091,30431,5393,0.108,0.3064,0.1146,0.227,0.1049,0.0494,0.286,0.5177,0.074,0.087,0.4053,0.083,0.124,545,100,0.112,0.1321,0.1036,0.477,1947,6,0.002,0.3028,0.0886,0.178,0.1615,0.0737,0.277,0.0606,0.048,0.482,0.1706,0.0916,0.326,0.6258,0.1156,0.112,296,75,0.154,177,51,0.175,0.5821,0.1218,0.127,1092,108,0.06,205500,27199,0.08,0.5372,0.2091,0.237,0.2162,0.1526,0.429,0.2034,0.2073,0.62,0.5179,0.0773,0.091,0.168,0.1034,0.374,0.0386,0.04,0.63,0.0,0.0331,,0.2342,0.1161,0.302,0.2558,0.0902,0.214
420035154011,Tract 5154.01 · BG 1,42003515401,0.0,860,291,0.206,353,86,0.148,35.1,2.9,0.05,0.1953,0.1052,0.327,0.0872,0.0653,0.455,0.6674,0.0897,0.082,0.0895,0.0977,0.664,0.0372,0.0338,0.552,0.1663,0.154,0.563,71908,38357,0.324,38742,7893,0.124,0.057,0.0539,0.575,0.0381,0.0399,0.636,0.75,0.1418,0.115,0.6126,0.0611,0.061,452,85,0.114,0.219,0.1424,0.395,1938,,,0.6372,0.1535,0.146,0.2102,0.1272,0.368,0.0951,0.1123,0.718,0.0,0.0375,,0.4788,0.1742,0.221,169,74,0.266,184,67,0.221,0.3465,0.1276,0.224,1113,202,0.11,221800,14894,0.041,0.2249,0.1637,0.443,0.0592,0.0849,0.872,0.2011,0.2181,0.659,0.5828,0.209,0.218,0.0818,0.0787,0.585,0.0259,0.0306,0.717,0.0,0.024,,0.1876,0.0973,0.315,0.0482,0.065,0.821
420035154012,Tract 5154.01 · BG 2,42003515401,0.0,497,178,0.218,241,84,0.212,41.4,4.9,0.072,0.1127,0.0739,0.399,0.0684,0.0911,0.809,0.5091,0.0574,0.069,0.3722,0.3215,0.525,0.0,0.0241,,0.0241,0.0414,1.041,58750,21047,0.218,27710,9682,0.212,0.3099,0.201,0.394,0.1989,0.1841,0.562,0.8378,0.0943,0.068,0.3153,0.1117,0.215,241,84,0.212,0.0,0.0498,,1938,,,0.5104,0.2243,0.267,0.0,0.0704,,0.0166,0.0574,2.101,0.0,0.0704,,0.7137,0.2321,0.198,172,82,0.29,69,41,0.361,0.6298,0.2269,0.219,1082,209,0.117,214200,42912,0.122,0.5872,0.4502,0.466,0.3372,0.4053,0.731,0.0725,0.4805,4.031,0.5497,0.222,0.246,0.0,0.0397,,0.245,0.2527,0.627,0.0,0.0397,,0.2053,0.1695,0.502,0.2407,0.3038,0.767
420035154013,Tract 5154.01 · BG 3,42003515401,0.0,773,325,0.256,337,77,0.139,38.1,9.4,0.15,0.2691,0.1305,0.295,0.1617,0.0434,0.163,0.9314,0.1457,0.095,0.0,0.0155,,0.0,0.0155,,0.0673,0.0723,0.653,100924,43226,0.26,58308,26683,0.278,0.022,0.0238,0.657,0.0061,0.01,0.989,0.8093,0.0773,0.058,0.873,0.1111,0.077,360,71,0.12,0.0639,0.0908,0.864,1938,,,0.5639,0.1422,0.153,0.4083,0.135,0.201,0.0,0.0471,,0.0,0.0471,,0.3561,0.1449,0.247,120,56,0.284,217,64,0.179,0.26,0.0911,0.213,1204,151,0.076,368600,48717,0.08,0.2583,0.2942,0.692,0.2583,0.2379,0.56,0.2166,0.2686,0.754,0.6021,0.1675,0.169,0.0082,0.0183,1.35,0.1155,0.1075,0.566,0.0206,0.03,0.884,0.2206,0.0676,0.186,0.0,0.0504,
420035161001,Tract 5161 · BG 1,42003516100,0.0,1410,172,0.074,697,95,0.083,36.0,5.2,0.088,0.1433,0.0346,0.147,0.1674,0.0345,0.125,0.9078,0.0621,0.042,0.0319,0.0317,0.603,0.0,0.0085,,0.0369,0.0309,0.509,103523,27464,0.161,66633,9186,0.084,0.0688,0.0427,0.378,0.0521,0.0325,0.379,0.7895,0.0854,0.066,0.8054,0.1685,0.127,754,94,0.076,0.0756,0.0603,0.485,1938,,,0.622,0.0231,0.023,0.1963,0.1532,0.475,0.1008,0.0384,0.232,0.0,0.0225,,0.3859,0.1564,0.246,269,115,0.26,428,66,0.094,0.3191,0.1482,0.282,1260,153,0.074,350000,29984,0.052,0.1784,0.085,0.29,0.0743,0.0503,0.411,0.1332,0.0863,0.394,0.5618,0.0321,0.035,0.0287,0.0191,0.404,0.0309,0.0269,0.53,0.0,0.0132,,0.3598,0.1012,0.171,0.0373,0.0266,0.433
420035162001,Tract 5162 · BG 1,42003516200,0.0,751,190,0.154,328,61,0.113,46.6,5.6,0.073,0.2383,0.1021,0.26,0.1984,0.0527,0.162,0.8855,0.0774,0.053,0.0293,0.0338,0.702,0.0266,0.0285,0.651,0.0107,0.0157,0.899,150658,33722,0.136,75244,20263,0.164,0.0213,0.0177,0.505,0.0235,0.0294,0.762,0.7804,0.0885,0.069,0.7937,0.087,0.067,370,70,0.115,0.1135,0.1197,0.641,1938,,,0.7541,0.093,0.075,0.1135,0.0907,0.486,0.0784,0.0574,0.445,0.0081,0.0362,2.716,0.125,0.079,0.384,41,27,0.4,287,59,0.125,0.0706,0.043,0.371,1131,105,0.056,331800,16814,0.031,0.5854,0.5384,0.559,0.122,0.1507,0.751,0.1951,0.1331,0.415,0.4738,0.096,0.123,0.0939,0.0713,0.462,0.0,0.0262,,0.0,0.0262,,0.3603,0.0958,0.162,0.0457,0.0553,0.735
420035162002,Tract 5162 · BG 2,42003516200,0.0,916,126,0.084,479,67,0.085,36.6,0.8,0.013,0.1496,0.0527,0.214,0.095,0.051,0.327,0.6561,0.1024,0.095,0.1845,0.1174,0.387,0.0764,0.0647,0.514,0.0207,0.0227,0.667,60268,13322,0.134,51981,8878,0.104,0.0557,0.0513,0.56,0.0473,0.0317,0.407,0.878,0.0663,0.046,0.6316,0.1072,0.103,494,72,0.089,0.0304,0.0484,0.969,1938,,,0.5729,0.0991,0.105,0.0668,0.0479,0.436,0.2996,0.1053,0.214,0.0385,0.044,0.696,0.5324,0.1159,0.132,255,66,0.157,224,51,0.138,0.4323,0.1228,0.173,1014,112,0.067,271400,47679,0.107,0.4392,0.1736,0.24,0.1569,0.1187,0.46,0.2098,0.1869,0.542,0.5491,0.0806,0.089,0.1733,0.0731,0.256,0.0,0.0184,,0.0107,0.0152,0.863,0.2623,0.08,0.185,0.0856,0.0522,0.37
420035170001,Tract 5170 · BG 1,42003517000,0.0,449,148,0.2,253,77,0.185,53.0,7.3,0.084,0.0935,0.0871,0.566,0.3118,0.0895,0.174,0.7996,0.1447,0.11,0.1381,0.1113,0.49,0.0557,0.1008,1.1,0.0067,0.0154,1.404,79063,22713,0.175,40002,6019,0.091,0.1247,0.1102,0.537,0.0277,0.047,1.033,0.6628,0.1686,0.155,0.3159,0.1328,0.255,302,74,0.149,0.1623,0.1159,0.434,1953,4,0.001,0.8974,0.0832,0.056,0.0596,0.0998,1.018,0.0166,0.0458,1.682,0.0,0.0562,,0.1976,0.1376,0.423,50,38,0.462,203,68,0.204,0.2116,0.1518,0.436,1083,490,0.275,133100,11398,0.052,0.56,0.571,0.62,0.36,0.4886,0.825,0.1823,0.2209,0.737,0.782,0.2363,0.184,0.0,0.0451,,0.0188,0.025,0.808,0.0,0.0451,,0.1992,0.1313,0.401,0.1383,0.1396,0.613
420035170002,Tract 5170 · BG 2,42003517000,0.0,1180,294,0.151,670,105,0.095,41.7,19.1,0.278,0.1907,0.0999,0.319,0.2178,0.0412,0.115,0.5085,0.1139,0.136,0.3992,0.1871,0.285,0.0,0.0102,,0.0059,0.0083,0.855,37892,6814,0.109,28448,5690,0.122,0.1483,0.0553,0.227,0.0039,0.0077,1.199,0.5226,0.1546,0.18,0.1981,0.0586,0.18,697,106,0.092,0.0387,0.0426,0.669,1967,8,0.002,0.4491,0.1262,0.171,0.1851,0.095,0.312,0.043,0.0394,0.557,0.2884,0.0708,0.149,0.5851,0.1042,0.108,392,93,0.144,278,64,0.14,0.525,0.1559,0.18,433,147,0.206,116100,79735,0.417,0.2806,0.1412,0.306,0.1097,0.1066,0.591,0.3165,0.1598,0.307,0.6893,0.3213,0.283,0.0503,0.0542,0.655,0.0,0.0263,,0.0,0.0263,,0.2385,0.1745,0.445,0.3164,0.099,0.19
420035180011,Tract 5180.01 · BG 1,42003518001,0.0,1078,253,0.143,522,101,0.118,54.6,12.2,0.136,0.0798,0.0502,0.383,0.3516,0.0609,0.105,0.8367,0.0734,0.053,0.09,0.0634,0.428,0.0083,0.0128,0.935,0.0445,0.0414,0.565,126406,13468,0.065,64200,10156,0.096,0.0234,0.0205,0.533,0.0166,0.0216,0.79,0.7268,0.1323,0.111,0.5868,0.1899,0.197,554,105,0.115,0.0578,0.0841,0.885,1944,4,0.001,0.9531,0.0574,0.037,0.0,0.0306,,0.0,0.0306,,0.0325,0.0379,0.709,0.0345,0.0397,0.699,18,21,0.709,504,101,0.122,0.038,0.0493,0.788,,,,252300,23745,0.057,0.0,1.3333,,0.0,0.6667,,0.123,0.0807,0.399,0.4616,0.1277,0.168,0.0966,0.0947,0.596,0.0,0.017,,0.0,0.017,,0.3153,0.0896,0.173,0.0,0.0325,
420035180012,Tract 5180.01 · BG 2,42003518001,0.0,1317,241,0.111,669,165,0.15,59.4,7.2,0.074,0.104,0.0409,0.239,0.3584,0.1212,0.206,0.8694,0.2242,0.157,0.0258,0.0361,0.851,0.0,0.0091,,0.0228,0.0247,0.659,81375,30358,0.227,55672,7767,0.085,0.0342,0.0278,0.494,0.0802,0.0641,0.486,0.6038,0.0782,0.079,0.5911,0.1521,0.156,700,164,0.142,0.0443,0.0692,0.95,1958,13,0.004,0.7243,0.2103,0.177,0.0,0.0242,,0.0,0.0242,,0.2757,0.2316,0.511,0.2691,0.2344,0.53,180,163,0.55,489,86,0.107,0.1496,0.1215,0.494,728,169,0.141,236500,25650,0.066,0.6111,0.6482,0.645,0.0,0.0667,,0.1125,0.0826,0.446,0.6617,0.0908,0.083,0.0281,0.0334,0.723,0.0,0.0177,,0.0,0.0177,,0.2186,0.0751,0.209,0.0658,0.0642,0.593
420035180013,Tract 5180.01 · BG 3,42003518001,0.0,751,198,0.16,380,89,0.142,42.1,9.8,0.142,0.1944,0.0793,0.248,0.1944,0.0922,0.288,0.9334,0.074,0.048,0.008,0.0118,0.898,0.032,0.062,1.18,0.0266,0.0488,1.113,70313,32346,0.28,57803,20289,0.213,0.0626,0.0757,0.735,0.0207,0.0329,0.964,0.6297,0.1444,0.139,0.6133,0.1059,0.105,423,78,0.112,0.1017,0.1167,0.698,1956,4,0.001,0.9456,0.0433,0.028,0.0,0.0401,,0.0,0.0401,,0.0544,0.0502,0.561,0.0342,0.052,0.924,13,20,0.935,367,90,0.149,0.0546,0.0813,0.905,,,,220200,75161,0.207,1.0,1.5988,0.972,1.0,0.0,0.0,0.2534,0.1893,0.454,0.5196,0.0989,0.116,0.1006,0.1331,0.804,0.0,0.0335,,0.0,0.0335,,0.3128,0.0979,0.19,0.1263,0.1085,0.522
420035190001,Tract 5190 · BG 1,42003519000,0.0,920,281,0.186,438,139,0.193,61.4,7.4,0.073,0.1054,0.0529,0.305,0.3913,0.0306,0.047,0.7554,0.0585,0.047,0.1098,0.1204,0.667,0.0,0.013,,0.0859,0.0852,0.603,111250,26808,0.146,71305,13137,0.112,0.0174,0.0267,0.934,0.0161,0.0262,0.992,0.6683,0.1086,0.099,0.551,0.0403,0.044,438,139,0.193,0.0,0.0274,,1959,4,0.001,1.0,0.0,0.0,0.0,0.0387,,0.0,0.0387,,0.0,0.0387,,0.0114,0.0156,0.829,5,7,0.851,433,138,0.194,0.0153,0.0236,0.937,,,,257000,69767,0.165,0.0,4.8,,0.0,2.4,,0.1339,0.1211,0.55,0.5471,0.1623,0.18,0.0203,0.0344,1.029,0.0,0.0222,,0.0,0.0222,,0.4085,0.1477,0.22,0.0,0.0387,
420035190002,Tract 5190 · BG 2,42003519000,0.0,912,225,0.15,432,97,0.136,45.6,9.3,0.124,0.2149,0.0883,0.25,0.3487,0.0637,0.111,0.5954,0.081,0.083,0.2336,0.134,0.349,0.0789,0.0833,0.641,0.0,0.0132,,112639,39085,0.211,73018,14127,0.118,0.0186,0.0321,1.046,0.0249,0.0392,0.955,0.5601,0.1069,0.116,0.6672,0.0708,0.065,451,101,0.136,0.0421,0.0479,0.691,1966,2,0.001,0.9224,0.0921,0.061,0.0222,0.0423,1.16,0.0177,0.039,1.337,0.0177,0.0407,1.395,0.0301,0.0458,0.925,13,20,0.935,419,96,0.139,0.0428,0.0672,0.955,,,,260300,33436,0.078,0.0,1.8462,,0.0,0.9231,,0.1862,0.1216,0.397,0.4776,0.1269,0.162,0.0264,0.0415,0.955,0.0,0.0317,,0.0,0.0317,,0.4406,0.1599,0.221,0.0139,0.036,1.577
420035190003,Tract 5190 · BG 3,42003519000,0.0,1255,381,0.185,487,90,0.112,35.1,6.8,0.118,0.2725,0.1378,0.307,0.157,0.046,0.178,0.7888,0.2406,0.185,0.0598,0.0502,0.511,0.0159,0.0218,0.831,0.0669,0.0537,0.487,99028,35756,0.219,48350,13584,0.171,0.0199,0.0201,0.615,0.0098,0.0152,0.94,0.755,0.166,0.134,0.6227,0.1876,0.183,487,90,0.112,0.0,0.0246,,1952,4,0.001,1.0,0.0,0.0,0.0,0.0348,,0.0,0.0348,,0.0,0.0348,,0.0,0.0246,,0,12,,487,90,0.112,0.0,0.0096,,,,,212300,29256,0.084,,,,,,,0.1725,0.1425,0.502,0.478,0.0922,0.117,0.0128,0.0224,1.067,0.0,0.017,,0.0,0.017,,0.5092,0.2874,0.343,0.0185,0.0393,1.293
420035200011,Tract 5200.01 · BG 1,42003520001,0.0,1228,211,0.104,820,164,0.122,65.4,5.1,0.047,0.0407,0.039,0.582,0.5073,0.1454,0.174,0.715,0.1094,0.093,0.1824,0.1164,0.388,0.0,0.0098,,0.0122,0.0202,1.008,53333,19405,0.221,59898,18550,0.188,0.2052,0.1011,0.299,0.0724,0.0794,0.666,0.3739,0.0688,0.112,0.541,0.1382,0.155,820,164,0.122,0.0,0.0146,,1966,4,0.001,0.3976,0.0665,0.102,0.0,0.0207,,0.0,0.0207,,0.5915,0.175,0.18,0.628,0.1649,0.16,515,170,0.201,305,85,0.169,0.5619,0.1342,0.145,1173,51,0.026,276000,51288,0.113,0.5864,0.2527,0.262,0.4117,0.2598,0.384,0.177,0.1379,0.474,0.6049,0.1288,0.129,0.078,0.0626,0.487,0.0,0.0293,,0.0,0.0293,,0.2829,0.1509,0.324,0.1415,0.1177,0.506
420035200012,Tract 5200.01 · BG 2,42003520001,0.0,1720,188,0.066,743,93,0.076,43.7,4.2,0.058,0.1849,0.0578,0.19,0.225,0.0592,0.16,0.7047,0.0792,0.068,0.2564,0.0652,0.154,0.0035,0.0058,1.011,0.0,0.007,,78750,8854,0.068,43523,7045,0.098,0.0471,0.0534,0.689,0.077,0.0423,0.334,0.5894,0.0551,0.057,0.4345,0.0731,0.102,779,102,0.08,0.0462,0.06,0.79,1958,2,0.001,0.9512,0.0692,0.044,0.0,0.0218,,0.0,0.0218,,0.0,0.0218,,0.0619,0.0763,0.749,46,57,0.753,697,85,0.074,0.0349,0.0388,0.676,,,,170400,25391,0.091,0.7174,0.8611,0.73,0.0,0.2609,,0.1679,0.1023,0.371,0.6264,0.1194,0.116,0.0064,0.0102,0.968,0.0,0.0154,,0.0,0.0154,,0.3209,0.1085,0.205,0.0,0.0228,
420035200021,Tract 5200.02 · BG 1,42003520002,0.0,1174,375,0.194,517,107,0.126,34.8,12.8,0.224,0.2794,0.098,0.213,0.1712,0.0289,0.103,0.5758,0.2428,0.256,0.3271,0.2619,0.487,0.0,0.0102,,0.0153,0.0181,0.717,70063,26599,0.231,31927,7844,0.149,0.0111,0.013,0.713,0.0506,0.0483,0.58,0.688,0.1222,0.108,0.3381,0.0877,0.158,589,113,0.117,0.1222,0.1096,0.545,1967,9,0.003,0.8472,0.0645,0.046,0.0,0.0288,,0.129,0.0806,0.38,0.0238,0.0408,1.044,0.2495,0.1146,0.279,129,65,0.306,388,102,0.16,0.1542,0.0716,0.282,1103,80,0.044,221000,52686,0.145,0.5039,0.2934,0.354,0.1163,0.1684,0.88,0.1598,0.1283,0.488,0.611,0.1129,0.112,0.0,0.0207,,0.0189,0.0304,0.977,0.0,0.0207,,0.2547,0.1298,0.31,0.0812,0.0665,0.498
420035200022,Tract 5200.02 · BG 2,42003520002,0.0,1311,284,0.132,714,145,0.123,36.4,11.4,0.19,0.2059,0.1131,0.334,0.2784,0.0916,0.2,0.5362,0.0989,0.112,0.3463,0.2008,0.352,0.0061,0.0091,0.902,0.0389,0.0348,0.545,55943,14849,0.161,37167,8748,0.143,0.225,0.1496,0.404,0.0456,0.0606,0.809,0.7166,0.1142,0.097,0.3208,0.1008,0.191,714,145,0.123,0.0,0.0168,,1966,11,0.003,0.4412,0.1113,0.153,0.0448,0.0435,0.591,0.1499,0.1095,0.444,0.3641,0.1879,0.314,0.598,0.1645,0.167,427,146,0.208,287,95,0.201,0.4859,0.1187,0.149,914,115,0.076,118200,52572,0.27,0.3653,0.1402,0.233,0.1077,0.0732,0.413,0.122,0.1357,0.676,0.5871,0.1809,0.187,0.0183,0.0291,0.97,0.0,0.0169,,0.0,0.0169,,0.3216,0.2002,0.378,0.0504,0.0535,0.645
420035200023,Tract 5200.02 · BG 3,42003520002,0.0,779,239,0.187,355,94,0.161,40.0,9.6,0.146,0.1207,0.0792,0.399,0.249,0.0588,0.144,0.8331,0.3596,0.262,0.1669,0.1816,0.662,0.0,0.0154,,0.0,0.0154,,91140,13117,0.087,49594,8277,0.101,0.0282,0.0269,0.579,0.0,0.0249,,0.7022,0.1367,0.118,0.5831,0.1306,0.136,355,94,0.161,0.0,0.0338,,1954,2,0.001,0.9042,0.0642,0.043,0.0338,0.0675,1.215,0.0338,0.0651,1.171,0.0,0.0478,,0.1718,0.1092,0.386,61,42,0.419,294,84,0.174,0.1078,0.071,0.4,1086,351,0.196,162500,8992,0.034,0.4426,0.436,0.599,0.2459,0.2417,0.597,0.068,0.1234,1.103,0.6181,0.1471,0.145,0.038,0.0424,0.679,0.0,0.0253,,0.0,0.0253,,0.2173,0.1257,0.352,0.0,0.0478,
420035211001,Tract 5211 · BG 1,42003521100,0.0,1021,273,0.163,373,86,0.14,40.6,9.4,0.141,0.2125,0.0658,0.188,0.2272,0.0405,0.108,0.8599,0.0783,0.055,0.0176,0.027,0.932,0.0411,0.0706,1.044,0.0039,0.0088,1.358,98672,30101,0.185,41223,8907,0.131,0.1783,0.1789,0.61,0.0402,0.0506,0.766,0.7432,0.1061,0.087,0.5207,0.127,0.148,373,86,0.14,0.0,0.0322,,1966,5,0.002,1.0,0.0,0.0,0.0,0.0455,,0.0,0.0455,,0.0,0.0455,,0.1153,0.1287,0.678,43,49,0.693,330,83,0.153,0.1624,0.1798,0.673,,,,268900,25932,0.059,1.0,0.4834,0.294,1.0,0.0,0.0,0.1455,0.126,0.527,0.7005,0.0774,0.067,0.0543,0.0609,0.682,0.014,0.0206,0.893,0.0,0.021,,0.1261,0.0768,0.37,0.0295,0.0554,1.141
420035211002,Tract 5211 · BG 2,42003521100,0.0,1426,351,0.15,616,134,0.132,42.4,8.7,0.125,0.136,0.0553,0.247,0.2272,0.0785,0.21,0.5309,0.0752,0.086,0.324,0.1686,0.316,0.0,0.0084,,0.0407,0.0416,0.622,73750,15753,0.13,40523,8253,0.124,0.0736,0.048,0.396,0.0409,0.0378,0.562,0.7143,0.1052,0.09,0.3264,0.1176,0.219,726,131,0.11,0.1515,0.1181,0.474,1960,3,0.001,0.9545,0.0663,0.042,0.0,0.0234,,0.0,0.0234,,0.0455,0.0298,0.399,0.1364,0.0756,0.337,84,50,0.362,532,129,0.147,0.1087,0.0625,0.35,,,,186000,22102,0.072,0.4286,0.2569,0.364,0.2024,0.1152,0.346,0.1429,0.0948,0.404,0.8549,0.1099,0.078,0.0091,0.014,0.94,0.0,0.0155,,0.0,0.0155,,0.136,0.0662,0.296,0.0325,0.0386,0.723
420035211003,Tract 5211 · BG 3,42003521100,0.0,1996,369,0.112,844,123,0.089,45.6,4.4,0.059,0.1643,0.0561,0.207,0.2695,0.0342,0.077,0.6157,0.0623,0.061,0.2345,0.0721,0.187,0.0396,0.0389,0.597,0.0586,0.0683,0.708,85250,13285,0.095,44626,8286,0.113,0.0937,0.0778,0.505,0.0037,0.0055,0.902,0.6315,0.0833,0.08,0.3553,0.0629,0.108,939,102,0.066,0.1012,0.1049,0.63,1959,2,0.001,0.9894,0.1513,0.093,0.0,0.0181,,0.0,0.0181,,0.0106,0.0213,1.214,0.0664,0.0367,0.336,56,32,0.347,788,124,0.096,0.1157,0.0762,0.4,1379,130,0.057,176000,12934,0.045,0.5179,0.4554,0.535,0.3571,0.3146,0.535,0.1675,0.1002,0.364,0.6886,0.1205,0.106,0.0281,0.0351,0.759,0.0,0.0113,,0.0,0.0113,,0.2176,0.0969,0.271,0.0071,0.0185,1.58
420035212001,Tract 5212 · BG 1,42003521200,0.0,3195,1066,0.203,1322,344,0.158,35.6,10.9,0.186,0.2779,0.0817,0.179,0.1365,0.028,0.125,0.5362,0.0561,0.064,0.2341,0.2425,0.63,0.005,0.0149,1.812,0.1577,0.1692,0.652,78976,11695,0.09,37158,11798,0.193,0.2488,0.2609,0.638,0.0,0.0086,,0.5726,0.1526,0.162,0.4634,0.1809,0.237,1513,341,0.137,0.1262,0.1039,0.5,1978,4,0.001,0.1831,0.0482,0.16,0.0278,0.0465,1.019,0.1117,0.0641,0.349,0.4858,0.0817,0.102,0.6225,0.082,0.08,823,240,0.177,499,260,0.317,0.6586,0.1945,0.179,1492,155,0.063,188300,6099,0.02,0.3135,0.1489,0.289,0.0887,0.081,0.555,0.0,0.068,,0.607,0.3053,0.306,0.0,0.0086,,0.0,0.0086,,0.0,0.0086,,0.3341,0.2715,0.494,0.1437,0.1242,0.525
420035212002,Tract 5212 · BG 2,42003521200,0.0,569,203,0.217,366,145,0.241,65.3,13.2,0.123,0.0,0.0597,,0.5097,0.2305,0.275,0.652,0.2371,0.221,0.2601,0.1991,0.465,0.0879,0.1443,0.998,0.0,0.0211,,66311,25264,0.232,64400,37136,0.351,0.116,0.1846,0.968,0.0,0.0462,,0.4569,0.2441,0.325,0.5853,0.2741,0.285,366,145,0.241,0.0,0.0328,,1972,3,0.001,0.2186,0.1392,0.387,0.0,0.0464,,0.0,0.0464,,0.7295,0.3037,0.253,0.7814,0.1796,0.14,286,131,0.278,80,60,0.456,0.7575,0.1839,0.148,1158,36,0.019,172200,51896,0.183,0.4056,0.3601,0.54,0.4056,0.3527,0.529,0.0,0.4243,,0.8,0.3172,0.241,0.0,0.0462,,0.0,0.0462,,0.0,0.0462,,0.1269,0.191,0.915,0.0519,0.0859,1.005
420035212003,Tract 5212 · BG 3,42003521200,0.0,1287,436,0.206,613,167,0.166,45.6,12.9,0.172,0.202,0.0662,0.199,0.2129,0.0618,0.176,0.641,0.063,0.06,0.0435,0.0459,0.641,0.0272,0.0377,0.844,0.122,0.1197,0.597,70482,33578,0.29,34467,9882,0.174,0.0179,0.0296,1.007,0.0,0.0189,,0.6173,0.2232,0.22,0.3135,0.0921,0.179,613,167,0.166,0.0,0.0196,,1957,4,0.001,0.7798,0.1517,0.118,0.0,0.0277,,0.0,0.0277,,0.0,0.0277,,0.1419,0.1518,0.65,87,96,0.671,526,142,0.164,0.1197,0.1371,0.697,,,,153900,14718,0.058,0.7356,0.6668,0.551,0.7356,0.6226,0.514,0.154,0.1286,0.508,0.6325,0.143,0.137,0.0237,0.0427,1.097,0.0,0.0189,,0.0,0.0189,,0.2382,0.0794,0.203,0.044,0.0702,0.969
420035213011,Tract 5213.01 · BG 1,42003521301,0.0,598,171,0.174,467,113,0.147,74.9,14.9,0.121,0.0284,0.0703,1.504,0.5702,0.1725,0.184,0.7475,0.1849,0.15,0.2224,0.1364,0.373,0.0033,0.0066,1.203,0.0,0.0201,,41280,15332,0.226,42808,8727,0.124,0.0886,0.0776,0.532,0.1217,0.1378,0.688,0.3959,0.1349,0.207,0.3383,0.1719,0.309,540,123,0.138,0.1352,0.1373,0.618,1969,7,0.002,0.2352,0.1301,0.336,0.0,0.0314,,0.1333,0.0978,0.446,0.6315,0.1798,0.173,0.8094,0.1384,0.104,378,112,0.18,89,46,0.314,0.801,0.1317,0.1,1058,115,0.066,168500,15436,0.056,0.5026,0.2465,0.298,0.1905,0.154,0.492,0.4382,0.5633,0.781,0.4752,0.2383,0.305,0.0,0.0594,,0.0,0.0594,,0.0,0.0594,,0.5248,0.3161,0.366,0.2912,0.1766,0.369
420035213012,Tract 5213.01 · BG 2,42003521301,0.0,1052,311,0.18,650,181,0.169,43.6,18.0,0.251,0.0428,0.0521,0.74,0.2833,0.0583,0.125,0.5913,0.0818,0.084,0.2319,0.1935,0.507,0.0,0.0114,,0.0675,0.0812,0.732,44500,26878,0.367,53957,20110,0.227,0.2826,0.2084,0.448,0.023,0.0358,0.945,0.6475,0.154,0.145,0.5095,0.2114,0.252,700,180,0.156,0.0714,0.0954,0.812,1973,6,0.002,0.0,0.0171,,0.0,0.0242,,0.4786,0.2716,0.345,0.4114,0.1521,0.225,0.8815,0.1347,0.093,573,182,0.193,77,58,0.458,0.8269,0.1438,0.106,1026,110,0.065,217000,205763,0.576,0.4538,0.2717,0.364,0.0541,0.055,0.618,0.3117,0.567,1.106,0.6649,0.2529,0.231,0.0524,0.0837,0.971,0.0,0.0209,,0.0,0.0209,,0.1309,0.1269,0.589,0.1846,0.1299,0.428
420035213013,Tract 5213.01 · BG 3,42003521301,0.0,1092,528,0.294,370,154,0.253,43.3,6.6,0.093,0.2207,0.1178,0.324,0.1163,0.0489,0.256,0.9469,0.1718,0.11,0.0293,0.0416,0.863,0.0,0.011,,0.0,0.011,,,,,32419,16762,0.314,0.237,0.3315,0.85,0.1402,0.2041,0.885,0.6144,0.0458,0.045,0.3287,0.0592,0.11,370,154,0.253,0.0,0.0324,,1958,6,0.002,0.9351,0.1475,0.096,0.0,0.0459,,0.0,0.0459,,0.0,0.0459,,0.0,0.0324,,0,12,,370,154,0.253,0.0,0.011,,,,,229600,10683,0.028,,,,,,,0.5324,0.3843,0.439,0.8009,0.1889,0.143,0.0,0.0268,,0.1163,0.1063,0.555,0.0,0.0268,,0.0828,0.0864,0.634,0.0,0.0459,
420035213014,Tract 5213.01 · BG 4,42003521301,0.0,1184,509,0.261,561,191,0.207,42.9,15.9,0.225,0.2627,0.1436,0.332,0.114,0.0571,0.304,0.7584,0.2034,0.163,0.098,0.1478,0.917,0.125,0.1593,0.774,0.0186,0.0285,0.931,120458,46301,0.234,62741,16907,0.164,0.0,0.0143,,0.0,0.019,,0.7079,0.1573,0.135,0.6207,0.1527,0.15,585,188,0.195,0.041,0.0653,0.968,1967,12,0.004,0.8376,0.1692,0.123,0.0,0.029,,0.0,0.029,,0.0,0.029,,0.0,0.0214,,0,12,,561,191,0.207,0.0,0.0101,,,,,219100,33339,0.093,,,,,,,0.0321,0.0771,1.461,0.5508,0.1809,0.2,0.0,0.019,,0.0175,0.0295,1.026,0.0,0.019,,0.3619,0.2117,0.356,0.0,0.0303,
420035213021,Tract 5213.02 · BG 1,42003521302,0.0,1381,414,0.182,611,146,0.145,30.9,11.8,0.232,0.1586,0.0913,0.35,0.2028,0.0443,0.133,0.4091,0.0557,0.083,0.2817,0.0739,0.16,0.1253,0.1675,0.813,0.176,0.1883,0.65,69323,19879,0.174,42445,18986,0.272,0.0714,0.068,0.579,0.1759,0.156,0.539,0.6704,0.1431,0.13,0.4804,0.1384,0.175,733,214,0.177,0.1664,0.1889,0.69,1972,3,0.001,0.2701,0.2123,0.478,0.0246,0.0474,1.173,0.307,0.1388,0.275,0.3984,0.1191,0.182,0.802,0.2709,0.205,490,117,0.145,121,104,0.522,0.6437,0.1221,0.115,1140,31,0.017,164100,5041,0.019,0.4041,0.227,0.341,0.1204,0.1316,0.664,0.0,0.2805,,0.6324,0.1137,0.109,0.0483,0.0807,1.015,0.0,0.0187,,0.0,0.0187,,0.1963,0.1557,0.482,0.0475,0.0754,0.965
420035213022,Tract 5213.02 · BG 2,42003521302,0.0,618,208,0.205,460,172,0.227,43.9,6.1,0.084,0.0518,0.0956,1.123,0.1149,0.1451,0.768,0.6133,0.1843,0.183,0.1812,0.1996,0.67,0.0841,0.0809,0.585,0.0,0.0194,,,,,48326,30408,0.383,0.2508,0.237,0.574,0.0,0.0334,,0.5809,0.2115,0.221,0.4187,0.2177,0.316,550,170,0.188,0.1636,0.1709,0.635,1979,17,0.005,0.1127,0.1167,0.629,0.1273,0.0964,0.461,0.4509,0.2529,0.341,0.1655,0.1599,0.587,0.8283,0.232,0.17,381,178,0.284,79,92,0.708,0.8722,0.1985,0.138,1143,59,0.031,234600,35160,0.091,0.7165,0.3306,0.28,0.6168,0.3441,0.339,0.0,0.4296,,0.8134,0.1897,0.142,0.0,0.0334,,0.0,0.0334,,0.0,0.0334,,0.1003,0.142,0.861,0.1978,0.2605,0.801
420035213023,Tract 5213.02 · BG 3,42003521302,0.0,883,400,0.275,422,125,0.18,55.8,8.9,0.097,0.0906,0.0757,0.508,0.3579,0.0517,0.088,0.9796,0.079,0.049,0.0,0.0136,,0.0204,0.0291,0.869,0.0,0.0136,,52611,15226,0.176,27206,9594,0.214,0.2605,0.3056,0.713,0.0,0.0312,,0.4782,0.1258,0.16,0.2648,0.0788,0.181,676,202,0.182,0.3757,0.2528,0.409,1950,10,0.003,1.0,0.0,0.0,0.0,0.0251,,0.0,0.0251,,0.0,0.0251,,0.2133,0.1938,0.552,90,86,0.581,332,110,0.201,0.3171,0.3191,0.612,,,,150000,53812,0.218,0.8222,0.7021,0.519,0.0,0.1333,,0.253,0.2203,0.529,0.878,0.6224,0.431,0.0,0.0318,,0.0,0.0318,,0.0,0.0318,,0.0796,0.0982,0.75,0.0,0.0402,
420035213024,Tract 5213.02 · BG 4,42003521302,0.0,772,658,0.518,288,188,0.397,49.6,10.3,0.126,0.2992,0.2149,0.436,0.2448,0.2651,0.658,0.7876,0.4821,0.372,0.1723,0.2351,0.83,0.0,0.0155,,0.0,0.0155,,125750,95301,0.461,37118,12994,0.213,0.0,0.022,,0.0769,0.095,0.751,0.6969,0.3224,0.281,0.4522,0.18,0.242,362,198,0.332,0.2044,0.2405,0.715,1958,39,0.012,0.8315,0.2989,0.218,0.0276,0.0578,1.272,0.0856,0.1369,0.972,0.0552,0.0922,1.014,0.2118,0.1695,0.487,61,63,0.628,227,178,0.477,0.0933,0.0379,0.247,667,443,0.404,301300,68001,0.137,0.1639,0.3846,1.426,0.0,0.1967,,0.1894,0.2909,0.933,0.7529,0.8734,0.705,0.0,0.0345,,0.0,0.0345,,0.0,0.0345,,0.0172,0.031,1.094,0.0694,0.1132,0.991
420035214011,Tract 5214.01 · BG 1,42003521401,0.0,2155,531,0.15,923,168,0.111,52.0,4.3,0.05,0.0882,0.0507,0.349,0.2469,0.0799,0.197,0.6979,0.2125,0.185,0.0278,0.0152,0.333,0.2237,0.198,0.538,0.02,0.0236,0.72,110764,27954,0.153,55446,9079,0.1,0.036,0.0191,0.322,0.087,0.0485,0.339,0.5899,0.0686,0.071,0.4774,0.0988,0.126,977,160,0.1,0.0553,0.0566,0.623,1959,3,0.001,0.567,0.0156,0.017,0.0,0.0174,,0.1382,0.0521,0.229,0.085,0.0556,0.398,0.2806,0.0646,0.14,259,76,0.178,664,160,0.146,0.1866,0.0349,0.114,1220,73,0.036,217900,26187,0.073,0.4363,0.1871,0.261,0.2008,0.1216,0.368,0.2756,0.1951,0.43,0.5458,0.1979,0.22,0.0,0.0111,,0.0074,0.0156,1.281,0.0,0.0111,,0.3349,0.2137,0.388,0.0401,0.0306,0.463
420035214012,Tract 5214.01 · BG 2,42003521401,0.0,845,243,0.175,335,75,0.136,44.3,7.4,0.102,0.2627,0.0863,0.2,0.2698,0.0678,0.153,0.9101,0.1354,0.09,0.0,0.0142,,0.0,0.0142,,0.0675,0.0683,0.616,69792,37943,0.33,46439,11530,0.151,0.0521,0.0526,0.614,0.0298,0.04,0.815,0.6374,0.1685,0.161,0.3953,0.1838,0.283,335,75,0.136,0.0,0.0358,,1968,5,0.002,0.9731,0.0515,0.032,0.0,0.0507,,0.0,0.0507,,0.0,0.0507,,0.0985,0.1082,0.668,33,37,0.682,302,82,0.165,0.0935,0.1152,0.749,,,,170700,21527,0.077,0.0,0.7273,,0.0,0.3636,,0.2914,0.1639,0.342,0.5737,0.1586,0.168,0.0,0.0316,,0.0,0.0316,,0.0,0.0316,,0.35,0.1745,0.303,0.1373,0.1533,0.679
420035214021,Tract 5214.02 · BG 1,42003521402,0.0,1409,499,0.215,541,91,0.102,38.6,13.0,0.205,0.2392,0.0703,0.179,0.171,0.0832,0.296,0.6678,0.2919,0.266,0.1725,0.1839,0.648,0.0504,0.0402,0.485,0.0,0.0085,,120179,10741,0.054,71155,21904,0.187,0.049,0.0576,0.715,0.0292,0.0176,0.366,0.7203,0.1702,0.144,0.6207,0.1436,0.141,568,98,0.105,0.0475,0.0664,0.849,1974,2,0.001,0.9261,0.0118,0.008,0.0,0.0299,,0.0,0.0299,,0.0,0.0299,,0.0591,0.0621,0.638,32,34,0.646,509,90,0.107,0.0476,0.0452,0.578,,,,278500,20575,0.045,0.0,0.75,,0.0,0.375,,0.1238,0.1009,0.496,0.5323,0.2334,0.267,0.0198,0.0308,0.949,0.0,0.0158,,0.0,0.0158,,0.3887,0.2342,0.366,0.0074,0.0256,2.109
420035214022,Tract 5214.02 · BG 2,42003521402,0.0,1390,289,0.126,476,100,0.128,35.6,4.7,0.08,0.3424,0.0924,0.164,0.159,0.0402,0.154,0.5496,0.1323,0.146,0.4216,0.1612,0.232,0.0014,0.0036,1.514,0.0,0.0086,,135517,23881,0.107,42852,7430,0.105,0.0351,0.0544,0.941,0.017,0.0265,0.947,0.737,0.125,0.103,0.6103,0.1158,0.115,476,100,0.128,0.0,0.0252,,1973,2,0.001,1.0,0.0,0.0,0.0,0.0357,,0.0,0.0357,,0.0,0.0357,,0.0441,0.0517,0.712,21,25,0.724,455,96,0.128,0.0317,0.0383,0.735,,,,289900,41430,0.087,1.0,0.7911,0.481,0.5238,0.5162,0.599,0.2549,0.1631,0.389,0.7266,0.1295,0.108,0.0406,0.0453,0.678,0.0,0.0188,,0.0,0.0188,,0.1328,0.0851,0.389,0.0,0.0357,
420035214023,Tract 5214.02 · BG 3,42003521402,0.0,1247,446,0.217,503,151,0.182,51.7,11.7,0.138,0.1588,0.0989,0.379,0.3063,0.136,0.27,0.8637,0.1881,0.132,0.0946,0.0619,0.398,0.0289,0.0217,0.458,0.0,0.0096,,112888,6257,0.034,51457,8702,0.103,0.0545,0.0425,0.473,0.0968,0.0613,0.385,0.5318,0.1053,0.12,0.6899,0.0856,0.075,503,151,0.182,0.0,0.0239,,1964,4,0.001,1.0,0.0,0.0,0.0,0.0337,,0.0,0.0337,,0.0,0.0337,,0.0,0.0239,,0,12,,503,151,0.182,0.0,0.0096,,,,,272000,36313,0.081,,,,,,,0.2644,0.2624,0.603,0.4269,0.2086,0.297,0.0175,0.0266,0.921,0.0,0.0234,,0.0,0.0234,,0.3314,0.1228,0.225,0.0,0.0337,
420035215001,Tract 5215 · BG 1,42003521500,0.0,1234,354,0.174,591,141,0.145,47.9,13.0,0.165,0.0778,0.0473,0.369,0.3177,0.1188,0.227,0.8995,0.067,0.045,0.0494,0.0524,0.645,0.017,0.0222,0.792,0.0,0.0097,,81775,10145,0.075,62123,23421,0.229,0.0276,0.0317,0.699,0.0813,0.0793,0.593,0.6745,0.1823,0.164,0.4271,0.1299,0.185,591,141,0.145,0.0,0.0203,,1967,7,0.002,0.8883,0.2843,0.195,0.0169,0.0336,1.207,0.0,0.0287,,0.0,0.0287,,0.11,0.0715,0.395,65,45,0.421,526,131,0.151,0.1467,0.0992,0.411,1882,534,0.172,183600,23017,0.076,0.1538,0.3892,1.538,0.0,0.1846,,0.1407,0.0787,0.34,0.7374,0.1614,0.133,0.0112,0.0163,0.88,0.0,0.0169,,0.0,0.0169,,0.2149,0.0849,0.24,0.0338,0.0362,0.651
420035215002,Tract 5215 · BG 2,42003521500,0.0,1856,400,0.131,946,143,0.092,50.8,11.2,0.134,0.1422,0.0598,0.255,0.2333,0.0412,0.107,0.6972,0.2122,0.185,0.1099,0.1035,0.572,0.1153,0.1148,0.605,0.0075,0.0123,0.99,71814,7862,0.067,48814,7877,0.098,0.1078,0.1117,0.63,0.0458,0.0434,0.576,0.6475,0.0905,0.085,0.5244,0.089,0.103,984,135,0.083,0.0386,0.0505,0.796,1970,9,0.003,0.6585,0.0936,0.086,0.0081,0.0179,1.342,0.0,0.0172,,0.1148,0.0509,0.269,0.148,0.0672,0.276,140,67,0.291,806,136,0.103,0.1404,0.0866,0.375,2107,1674,0.483,207000,23444,0.069,0.6643,0.2561,0.234,0.6071,0.2427,0.243,0.1538,0.1019,0.403,0.5852,0.086,0.089,0.0208,0.0329,0.961,0.0,0.0125,,0.0,0.0125,,0.3721,0.188,0.307,0.0729,0.0379,0.316
420035215003,Tract 5215 · BG 3,42003521500,0.0,1098,398,0.22,369,128,0.211,42.3,10.0,0.144,0.3333,0.1089,0.199,0.2632,0.0814,0.188,0.8588,0.1995,0.141,0.0091,0.0133,0.885,0.0401,0.0432,0.655,0.041,0.043,0.638,97528,38440,0.24,36480,12889,0.215,0.0364,0.036,0.6,0.0813,0.1135,0.849,0.4855,0.2292,0.287,0.4254,0.1359,0.194,435,147,0.205,0.1517,0.1694,0.679,1962,4,0.001,0.977,0.0603,0.038,0.023,0.0435,1.15,0.0,0.039,,0.0,0.039,,0.1328,0.1129,0.517,49,45,0.558,320,126,0.239,0.0797,0.0751,0.573,,,,230700,20851,0.055,0.0,0.4898,,0.0,0.2449,,0.1562,0.1409,0.548,0.5828,0.2977,0.31,0.0,0.0382,,0.0,0.0382,,0.0,0.0382,,0.4172,0.1249,0.182,0.0,0.046,
420035220001,Tract 5220 · BG 1,42003522000,0.0,390,164,0.256,159,60,0.229,45.5,15.4,0.206,0.1026,0.1148,0.681,0.1795,0.1117,0.378,0.8154,0.1299,0.097,0.0282,0.0499,1.075,0.0,0.0308,,0.0154,0.0222,0.875,42083,34259,0.495,24854,6014,0.147,0.0795,0.0921,0.704,0.0,0.0736,,0.4657,0.1867,0.244,0.1672,0.1336,0.486,212,86,0.247,0.25,0.249,0.605,1938,,,0.7453,0.1547,0.126,0.0377,0.0856,1.379,0.066,0.1109,1.021,0.0,0.08,,0.3145,0.2075,0.401,50,38,0.462,109,54,0.301,0.3077,0.2477,0.489,838,211,0.153,59700,56452,0.575,0.18,0.4708,1.59,0.18,0.2211,0.747,0.2385,0.3668,0.935,0.5644,0.3356,0.361,0.0,0.0736,,0.0,0.0736,,0.0,0.0736,,0.2638,0.0987,0.227,0.0,0.1067,
420035220002,Tract 5220 · BG 2,42003522000,0.0,1523,384,0.153,832,207,0.151,41.7,9.1,0.133,0.1589,0.0745,0.285,0.1904,0.0894,0.286,0.4485,0.1116,0.151,0.4288,0.1817,0.258,0.0,0.0079,,0.0762,0.11,0.878,27609,14331,0.316,27058,7959,0.179,0.2699,0.1091,0.246,0.1728,0.095,0.334,0.5917,0.1269,0.13,0.2165,0.0845,0.237,1101,222,0.123,0.2443,0.1231,0.306,1980,7,0.002,0.2007,0.0741,0.225,0.2534,0.1319,0.316,0.2098,0.116,0.336,0.2053,0.1312,0.389,0.8089,0.1247,0.094,673,197,0.178,159,58,0.222,0.6947,0.1112,0.097,708,104,0.089,54500,19219,0.214,0.477,0.2199,0.28,0.2779,0.1736,0.38,0.1321,0.2345,1.079,0.5814,0.1776,0.186,0.0831,0.1217,0.891,0.0,0.0199,,0.0,0.0199,,0.1595,0.1423,0.542,0.1923,0.119,0.376
420035220003,Tract 5220 · BG 3,42003522000,0.0,1119,349,0.19,421,111,0.16,34.2,23.9,0.425,0.3128,0.0585,0.114,0.1555,0.0556,0.217,0.7265,0.3047,0.255,0.2458,0.2156,0.533,0.0,0.0107,,0.0,0.0107,,38625,12091,0.19,21679,3763,0.106,0.0142,0.0241,1.031,0.0574,0.0604,0.639,0.5882,0.2152,0.222,0.0988,0.0642,0.395,421,111,0.16,0.0,0.0285,,1943,7,0.002,0.9667,0.0841,0.053,0.0,0.0403,,0.0,0.0403,,0.0,0.0403,,0.323,0.1778,0.335,136,83,0.371,285,79,0.169,0.4075,0.2186,0.326,865,27,0.019,71300,43508,0.371,0.5809,0.431,0.451,0.0,0.0882,,0.3018,0.2317,0.467,0.5756,0.234,0.247,0.0474,0.054,0.693,0.0,0.0271,,0.0,0.0271,,0.0677,0.1033,0.927,0.0451,0.052,0.701
420035231001,Tract 5231 · BG 1,42003523100,0.0,1627,781,0.292,635,198,0.19,37.9,17.1,0.274,0.1881,0.1344,0.434,0.1616,0.0997,0.375,0.1199,0.0689,0.349,0.8586,0.225,0.159,0.0031,0.0053,1.055,0.0,0.0074,,56806,13099,0.14,23415,6205,0.161,0.0277,0.0213,0.468,0.0113,0.0172,0.923,0.4893,0.1399,0.174,0.1932,0.116,0.365,779,198,0.155,0.1849,0.1139,0.375,1957,4,0.001,0.9884,0.0385,0.024,0.0,0.0218,,0.0,0.0218,,0.0,0.0218,,0.1354,0.1204,0.54,86,81,0.573,549,184,0.204,0.1873,0.185,0.6,1356,182,0.082,128300,33563,0.159,0.7326,0.5692,0.472,0.0,0.1395,,0.3862,0.2092,0.329,0.4249,0.1601,0.229,0.2074,0.2641,0.774,0.0,0.0172,,0.0,0.0172,,0.1845,0.0987,0.325,0.011,0.0265,1.462
420035231002,Tract 5231 · BG 2,42003523100,0.0,1095,303,0.168,427,112,0.159,52.1,13.3,0.155,0.1461,0.1075,0.447,0.3078,0.0292,0.058,0.179,0.1139,0.387,0.6822,0.1656,0.148,0.0082,0.0126,0.931,0.0301,0.1148,2.315,49830,28626,0.349,33247,8623,0.158,0.0676,0.042,0.378,0.0784,0.1129,0.876,0.5486,0.1205,0.134,0.1901,0.0979,0.313,503,117,0.141,0.1511,0.1244,0.5,1958,3,0.001,0.9443,0.0558,0.036,0.0,0.0337,,0.0,0.0337,,0.0,0.0337,,0.2529,0.1877,0.451,108,85,0.478,319,86,0.164,0.179,0.15,0.51,1299,204,0.095,92700,14542,0.095,0.9074,0.3186,0.213,0.6481,0.4574,0.429,0.2539,0.1644,0.394,0.7942,0.1247,0.095,0.0,0.0247,,0.0,0.0247,,0.0,0.0247,,0.0144,0.0242,1.02,0.0726,0.0608,0.509
420035231003,Tract 5231 · BG 3,42003523100,0.0,548,290,0.322,224,90,0.244,40.8,18.6,0.277,0.2172,0.1076,0.301,0.2281,0.0613,0.163,0.1241,0.0899,0.44,0.7427,0.2559,0.209,0.0328,0.05,0.925,0.0,0.0219,,,,,32882,13238,0.245,0.2099,0.2412,0.699,0.2361,0.1838,0.473,0.618,0.1512,0.149,0.2755,0.1422,0.314,234,92,0.239,0.0427,0.0619,0.88,1944,14,0.004,1.0,0.0,0.0,0.0,0.0725,,0.0,0.0725,,0.0,0.0725,,0.3482,0.2644,0.462,78,67,0.522,146,66,0.275,0.5547,0.3843,0.421,,,,96700,41296,0.26,0.4231,0.6467,0.929,0.4231,0.5893,0.847,0.3219,0.3298,0.623,1.0,0.0,0.0,0.0,0.0545,,0.0,0.0545,,0.0,0.0545,,0.0,0.0545,,0.125,0.1884,0.916
420035231004,Tract 5231 · BG 4,42003523100,0.0,398,266,0.406,195,88,0.274,37.1,2.0,0.033,0.2814,0.1458,0.315,0.2814,0.2475,0.535,0.0955,0.0872,0.555,0.7915,0.3704,0.284,0.0,0.0302,,0.0377,0.0492,0.794,71385,14426,0.123,31529,13032,0.251,0.1156,0.104,0.547,0.0,0.0698,,0.6014,0.3268,0.33,0.277,0.1184,0.26,249,102,0.249,0.2169,0.2326,0.652,1944,7,0.002,0.8755,0.1807,0.125,0.0482,0.0846,1.067,0.0,0.0682,,0.0,0.0682,,0.0615,0.088,0.87,12,18,0.912,183,83,0.276,0.0754,0.1012,0.816,,,,86800,69284,0.485,0.0,2.0,,0.0,1.0,,0.306,0.3005,0.597,0.5465,0.0888,0.099,0.2035,0.2435,0.727,0.0,0.0698,,0.0,0.0698,,0.25,0.2343,0.57,0.2051,0.2469,0.732
420035232001,Tract 5232 · BG 1,42003523200,0.0,950,411,0.263,522,207,0.241,55.5,22.7,0.249,0.1137,0.0896,0.479,0.2758,0.1342,0.296,0.6316,0.2179,0.21,0.2274,0.1778,0.475,0.0,0.0126,,0.0,0.0126,,23097,16106,0.424,32330,14688,0.276,0.4505,0.1897,0.256,0.1439,0.1833,0.774,0.6354,0.1783,0.171,0.2092,0.0875,0.254,559,211,0.229,0.0662,0.084,0.772,1947,10,0.003,0.8766,0.1264,0.088,0.0197,0.0365,1.127,0.0,0.0304,,0.0,0.0304,,0.2663,0.1689,0.386,139,104,0.455,383,192,0.305,0.2268,0.1577,0.423,1728,431,0.152,96600,25675,0.162,0.7194,0.3857,0.326,0.4964,0.4676,0.573,0.3734,0.2623,0.427,0.7729,0.1366,0.107,0.0044,0.0129,1.791,0.0437,0.07,0.975,0.0,0.0262,,0.0284,0.043,0.92,0.0939,0.1072,0.694
420035232002,Tract 5232 · BG 2,42003523200,0.0,896,348,0.236,393,130,0.201,42.3,7.6,0.109,0.1562,0.1088,0.423,0.067,0.0519,0.471,0.3504,0.1338,0.232,0.596,0.2586,0.264,0.0,0.0134,,0.0,0.0134,,83051,41513,0.304,42972,13308,0.188,0.0424,0.0504,0.723,0.0156,0.0243,0.946,0.8135,0.1138,0.085,0.1602,0.1004,0.381,438,137,0.19,0.1027,0.1167,0.69,1949,5,0.002,0.8539,0.0611,0.043,0.0708,0.0995,0.855,0.0502,0.0852,1.031,0.0,0.0387,,0.1399,0.1158,0.503,55,49,0.542,338,113,0.203,0.1629,0.1562,0.583,,,,154500,40287,0.159,0.1091,0.4164,2.32,0.0,0.2182,,0.068,0.1157,1.033,0.6529,0.3368,0.314,0.0269,0.0334,0.753,0.0,0.019,,0.0,0.019,,0.1426,0.0934,0.398,0.028,0.0543,1.179
420035232003,Tract 5232 · BG 3,42003523200,0.0,1272,415,0.198,523,151,0.176,36.4,6.0,0.1,0.3137,0.1137,0.22,0.1777,0.0601,0.206,0.3042,0.1189,0.238,0.5818,0.2131,0.223,0.0047,0.0141,1.813,0.0197,0.0243,0.752,82031,28026,0.208,38267,13793,0.219,0.2814,0.2255,0.487,0.0324,0.0366,0.687,0.7621,0.1243,0.099,0.4797,0.1481,0.188,604,164,0.165,0.1341,0.1152,0.522,1952,3,0.001,0.9586,0.0647,0.041,0.0,0.0281,,0.0414,0.0698,1.026,0.0,0.0281,,0.1969,0.1604,0.495,103,89,0.525,420,125,0.181,0.2602,0.2251,0.526,,,,154900,42676,0.167,1.0,0.2018,0.123,1.0,0.0,0.0,0.0667,0.092,0.838,0.4612,0.0665,0.088,0.1553,0.1916,0.75,0.0,0.0183,,0.0,0.0183,,0.1811,0.1141,0.383,0.0669,0.104,0.945
420035232004,Tract 5232 · BG 4,42003523200,0.0,797,290,0.221,396,148,0.227,49.1,18.3,0.227,0.1556,0.1127,0.44,0.3952,0.121,0.186,0.1932,0.1705,0.536,0.7566,0.1504,0.121,0.0,0.0151,,0.0,0.0151,,24318,22033,0.551,22944,8459,0.224,0.3676,0.2231,0.369,0.1325,0.1499,0.688,0.471,0.1255,0.162,0.2969,0.1416,0.29,428,174,0.247,0.0748,0.12,0.976,1960,18,0.006,0.9042,0.5063,0.34,0.0748,0.1233,1.002,0.0,0.0397,,0.0,0.0397,,0.1439,0.1253,0.529,57,54,0.576,339,138,0.247,0.2224,0.2273,0.621,1509,737,0.297,114200,29723,0.158,0.8421,0.6009,0.434,0.8421,0.4776,0.345,0.531,0.3012,0.345,0.6902,0.1785,0.157,0.2,0.168,0.511,0.0,0.0471,,0.0,0.0471,,0.0667,0.1045,0.953,0.2096,0.1186,0.344
420035233001,Tract 5233 · BG 1,42003523300,0.0,950,579,0.371,396,212,0.325,48.2,1.1,0.014,0.1421,0.1684,0.72,0.1305,0.1043,0.486,0.6874,0.3965,0.351,0.2516,0.1349,0.326,0.0,0.0126,,0.0189,0.0271,0.87,120058,54112,0.274,47254,9885,0.127,0.0274,0.0335,0.743,0.036,0.0499,0.844,0.7659,0.6411,0.509,0.5441,0.3899,0.436,445,206,0.281,0.1101,0.1076,0.594,1959,7,0.002,0.8292,0.2587,0.19,0.0,0.0381,,0.0,0.0381,,0.1708,0.0959,0.341,0.2475,0.0881,0.216,98,63,0.391,298,209,0.426,0.1587,0.0417,0.16,1149,85,0.045,120800,64552,0.325,0.602,0.4437,0.448,0.2245,0.3267,0.885,0.1208,0.1253,0.631,0.6936,0.3742,0.328,0.0,0.0187,,0.0124,0.0237,1.159,0.0,0.0187,,0.2193,0.0584,0.162,0.0,0.0429,
420035233002,Tract 5233 · BG 2,42003523300,0.0,1260,394,0.19,585,172,0.179,40.5,11.6,0.174,0.2302,0.0783,0.207,0.1349,0.0501,0.226,0.5722,0.2345,0.249,0.2857,0.2052,0.437,0.0,0.0095,,0.0365,0.0462,0.77,102270,15974,0.095,44036,10451,0.144,0.0056,0.0139,1.525,0.097,0.1376,0.862,0.7856,0.1197,0.093,0.468,0.116,0.151,742,214,0.175,0.2116,0.1771,0.509,1956,3,0.001,0.9111,0.1122,0.075,0.035,0.0541,0.938,0.0162,0.0359,1.348,0.0,0.0229,,0.1487,0.1095,0.448,87,69,0.482,498,167,0.204,0.2008,0.1527,0.462,1157,516,0.271,177000,20169,0.069,0.1839,0.3441,1.137,0.0,0.1379,,0.0643,0.0723,0.684,0.537,0.1538,0.174,0.0633,0.0575,0.552,0.0211,0.0311,0.895,0.0241,0.0371,0.933,0.187,0.1261,0.41,0.094,0.0795,0.514
420035233003,Tract 5233 · BG 3,42003523300,0.0,593,246,0.252,215,66,0.187,52.5,8.8,0.102,0.0843,0.0652,0.47,0.2175,0.073,0.204,0.4486,0.0954,0.129,0.5093,0.2884,0.344,0.0,0.0202,,0.0,0.0202,,64107,27947,0.265,36657,8228,0.136,0.0675,0.067,0.604,0.1238,0.1577,0.774,0.7306,0.0628,0.052,0.1967,0.1088,0.336,215,66,0.187,0.0,0.0558,,1956,2,0.001,1.0,0.0,0.0,0.0,0.0789,,0.0,0.0789,,0.0,0.0789,,0.0326,0.0502,0.937,7,11,0.955,208,66,0.193,0.0441,0.067,0.924,,,,113900,35159,0.188,1.0,2.9692,1.805,0.0,1.7143,,0.1538,0.1753,0.693,0.558,0.0905,0.099,0.0909,0.0835,0.558,0.0878,0.0941,0.652,0.0,0.0376,,0.2633,0.1679,0.388,0.1163,0.146,0.763
420035233004,Tract 5233 · BG 4,42003523300,0.0,1195,315,0.16,497,94,0.115,49.1,5.6,0.069,0.1724,0.0769,0.271,0.2477,0.0695,0.171,0.2971,0.1096,0.224,0.6142,0.1984,0.196,0.0,0.01,,0.0268,0.0412,0.936,79464,37566,0.287,36901,8465,0.139,0.0192,0.0258,0.814,0.1203,0.0773,0.391,0.7559,0.1078,0.087,0.2967,0.0982,0.201,515,92,0.109,0.035,0.0579,1.007,1955,2,0.001,0.9223,0.0952,0.063,0.0,0.033,,0.0,0.033,,0.0,0.033,,0.1167,0.1166,0.608,58,59,0.618,439,96,0.133,0.1935,0.234,0.735,2138,548,0.156,132700,22221,0.102,1.0,0.2626,0.16,0.0,0.2069,,0.2437,0.1421,0.354,0.5156,0.0794,0.094,0.0,0.0178,,0.0149,0.0249,1.02,0.0,0.0178,,0.2288,0.0927,0.246,0.0121,0.0327,1.645
420035234001,Tract 5234 · BG 1,42003523400,0.0,831,358,0.262,378,143,0.23,42.3,14.2,0.204,0.3369,0.1218,0.22,0.2527,0.1257,0.302,0.4669,0.0582,0.076,0.2948,0.3354,0.691,0.0,0.0144,,0.0,0.0144,,,,,29630,11986,0.246,0.4922,0.3483,0.43,0.1419,0.215,0.921,0.5499,0.2416,0.267,0.3903,0.1871,0.291,378,143,0.23,0.0,0.0317,,1956,2,0.001,0.8862,0.1067,0.073,0.0,0.0449,,0.0,0.0449,,0.0,0.0449,,0.1587,0.1891,0.724,60,75,0.76,318,135,0.258,0.1227,0.1638,0.811,,,,111000,29551,0.162,0.0,0.4,,0.0,0.2,,0.5314,0.3236,0.37,0.6077,0.3459,0.346,0.0692,0.1115,0.979,0.0,0.0462,,0.0,0.0462,,0.2538,0.1493,0.358,0.0,0.0449,
420035234002,Tract 5234 · BG 2,42003523400,0.0,366,197,0.327,214,127,0.361,48.2,24.0,0.303,0.1831,0.1963,0.652,0.2842,0.3214,0.688,0.5383,0.3596,0.406,0.4617,0.4021,0.529,0.0,0.0328,,0.0,0.0328,,,,,31916,16549,0.315,0.418,0.3878,0.564,0.0,0.0558,,0.7191,0.2729,0.231,0.4881,0.2775,0.346,214,127,0.361,0.0,0.0561,,1956,3,0.001,0.8364,0.2506,0.182,0.0,0.0793,,0.0,0.0793,,0.0,0.0793,,0.243,0.2404,0.602,52,60,0.701,162,119,0.447,0.2678,0.2945,0.669,1186,243,0.125,115000,96954,0.513,0.6731,0.7969,0.72,0.6731,0.6894,0.623,0.7469,0.6056,0.493,0.6047,0.152,0.153,0.1163,0.1268,0.663,0.0,0.0558,,0.0,0.0558,,0.2605,0.1996,0.466,0.4439,0.5034,0.689
420035234003,Tract 5234 · BG 3,42003523400,0.0,924,391,0.257,351,166,0.287,30.6,5.3,0.105,0.21,0.1028,0.298,0.0314,0.0553,1.072,0.6569,0.3089,0.286,0.2435,0.249,0.622,0.0,0.013,,0.0,0.013,,79196,12650,0.097,32669,6354,0.118,0.1515,0.1474,0.591,0.2456,0.1517,0.375,0.8644,0.195,0.137,0.3082,0.1342,0.265,387,173,0.272,0.093,0.1413,0.923,1955,1,0.0,0.938,0.1761,0.114,0.0,0.0439,,0.0,0.0439,,0.0,0.0439,,0.5726,0.3667,0.389,201,160,0.484,150,93,0.377,0.5877,0.3262,0.337,1660,222,0.081,117300,60756,0.315,0.0,0.1194,,0.0,0.0597,,0.1467,0.2965,1.229,0.6891,0.2132,0.188,0.0,0.0252,,0.0,0.0252,,0.0,0.0252,,0.2122,0.1663,0.476,0.1425,0.1517,0.647
420035234004,Tract 5234 · BG 4,42003523400,0.0,1853,951,0.312,724,346,0.291,35.7,30.7,0.523,0.2515,0.1711,0.414,0.2375,0.1554,0.398,0.6892,0.3484,0.307,0.2763,0.1888,0.415,0.0,0.0065,,0.0,0.0065,,60455,53866,0.542,31652,11919,0.229,0.0,0.0092,,0.0,0.0144,,0.602,0.2106,0.213,0.1322,0.0643,0.296,724,346,0.291,0.0,0.0166,,1957,3,0.001,0.739,0.322,0.265,0.0,0.0234,,0.0,0.0234,,0.0,0.0234,,0.3633,0.4229,0.708,263,331,0.765,461,108,0.142,0.3988,0.4393,0.67,,,,156400,15238,0.059,0.8745,0.5674,0.394,0.0,0.0456,,0.2061,0.1768,0.521,0.978,0.1388,0.086,0.0,0.0147,,0.0,0.0147,,0.0,0.0147,,0.022,0.0363,1.003,0.0249,0.043,1.052
420035234005,Tract 5234 · BG 5,42003523400,0.0,581,230,0.241,343,141,0.25,53.2,18.0,0.206,0.0258,0.0688,1.62,0.3976,0.174,0.266,0.6833,0.1868,0.166,0.2582,0.1715,0.404,0.0,0.0207,,0.0,0.0207,,62182,9434,0.092,53616,17371,0.197,0.1377,0.0895,0.395,0.0855,0.0974,0.692,0.6201,0.1622,0.159,0.4721,0.2184,0.281,414,152,0.223,0.1715,0.1724,0.611,1950,6,0.002,0.6063,0.1406,0.141,0.0507,0.0921,1.104,0.0,0.041,,0.2971,0.2421,0.495,0.4548,0.2641,0.353,156,111,0.433,187,92,0.299,0.3287,0.1925,0.356,290,95,0.199,145800,50572,0.211,0.2436,0.2156,0.538,0.0769,0.123,0.972,0.2353,0.2508,0.648,0.7072,0.4345,0.373,0.0,0.0374,,0.0,0.0374,,0.0,0.0374,,0.2928,0.3027,0.628,0.3761,0.2428,0.392
420035234006,Tract 5234 · BG 6,42003523400,0.0,500,173,0.21,348,120,0.21,58.5,24.6,0.256,0.0,0.0679,,0.472,0.2821,0.363,0.65,0.2469,0.231,0.284,0.2035,0.436,0.0,0.024,,0.0,0.024,,,,,26529,7160,0.164,0.358,0.2685,0.456,0.0924,0.1318,0.867,0.628,0.2403,0.233,0.3098,0.156,0.306,398,130,0.199,0.1256,0.1916,0.927,1938,,,0.299,0.1728,0.351,0.0,0.0426,,0.1935,0.216,0.679,0.5075,0.2146,0.257,0.8103,0.2257,0.169,282,125,0.269,66,55,0.507,0.672,0.1896,0.171,751,584,0.473,122900,97742,0.483,0.656,0.4439,0.411,0.2199,0.3446,0.953,0.0,0.5143,,0.5719,0.271,0.288,0.0561,0.0896,0.97,0.2456,0.2097,0.519,0.0,0.0421,,0.0596,0.1074,1.095,0.2328,0.2721,0.711
420035235011,Tract 5235.01 · BG 1,42003523501,0.0,1438,459,0.194,621,146,0.143,54.1,10.6,0.119,0.1467,0.0761,0.315,0.2803,0.1184,0.257,0.4207,0.0457,0.066,0.5556,0.2329,0.255,0.0,0.0083,,0.009,0.015,1.01,70042,25519,0.221,36485,7699,0.128,0.1773,0.1353,0.464,0.0769,0.0747,0.59,0.6351,0.1321,0.126,0.3319,0.1026,0.188,674,141,0.127,0.0786,0.0678,0.524,1964,3,0.001,0.9496,0.0496,0.032,0.0312,0.0374,0.73,0.0193,0.037,1.165,0.0,0.0252,,0.1433,0.0836,0.355,89,56,0.383,532,134,0.153,0.1253,0.0781,0.379,1192,175,0.089,161900,10915,0.041,0.6404,0.3889,0.369,0.2022,0.2877,0.865,0.2895,0.1331,0.279,0.8425,0.1674,0.121,0.0345,0.0525,0.925,0.0,0.0166,,0.0,0.0166,,0.0401,0.0478,0.725,0.0,0.0273,
420035235012,Tract 5235.01 · BG 2,42003523501,0.0,1254,430,0.208,514,131,0.155,52.1,4.9,0.057,0.1778,0.0778,0.266,0.2456,0.008,0.02,0.4258,0.0433,0.062,0.4825,0.1848,0.233,0.0367,0.0345,0.571,0.0183,0.0305,1.009,90000,27027,0.183,47839,10004,0.127,0.0455,0.0372,0.497,0.0476,0.0509,0.65,0.6987,0.1551,0.135,0.3826,0.1242,0.197,608,141,0.141,0.1546,0.1129,0.444,1968,5,0.002,0.847,0.1104,0.079,0.0493,0.0757,0.933,0.1036,0.0906,0.532,0.0,0.0279,,0.2471,0.1529,0.376,127,85,0.407,387,102,0.16,0.203,0.1554,0.465,1008,649,0.391,149700,23822,0.097,0.4409,0.3276,0.452,0.4409,0.2838,0.391,0.1421,0.1162,0.497,0.6569,0.3665,0.339,0.1736,0.1819,0.637,0.0056,0.0137,1.501,0.0,0.0167,,0.15,0.0939,0.381,0.0117,0.0315,1.642
420035235013,Tract 5235.01 · BG 3,42003523501,0.0,1275,554,0.264,542,185,0.207,28.4,18.2,0.39,0.2902,0.131,0.274,0.1333,0.0813,0.371,0.4086,0.2465,0.367,0.2259,0.1121,0.302,0.0,0.0094,,0.2612,0.3193,0.743,58750,24084,0.249,30128,11798,0.238,0.058,0.0465,0.487,0.1613,0.16,0.603,0.7027,0.1137,0.098,0.2419,0.1352,0.34,754,213,0.172,0.2812,0.144,0.311,1963,3,0.001,0.8475,0.0743,0.053,0.0438,0.0749,1.041,0.0,0.0225,,0.0,0.0225,,0.2638,0.1839,0.424,143,111,0.472,399,157,0.239,0.1508,0.0834,0.336,1232,230,0.113,122200,11506,0.057,0.3287,0.3715,0.687,0.0,0.0839,,0.2882,0.191,0.403,0.7937,0.1121,0.086,0.0186,0.0325,1.063,0.0,0.0223,,0.0,0.0223,,0.1654,0.1306,0.48,0.1661,0.1343,0.492
420035235021,Tract 5235.02 · BG 1,42003523502,0.0,1238,219,0.108,688,155,0.137,56.8,6.2,0.066,0.0977,0.0562,0.349,0.3498,0.112,0.195,0.6268,0.0739,0.072,0.29,0.0504,0.106,0.0,0.0097,,0.0113,0.0201,1.08,82188,24710,0.183,49313,7476,0.092,0.0242,0.016,0.402,0.0477,0.0556,0.709,0.6065,0.0543,0.054,0.3238,0.1301,0.244,775,156,0.122,0.1123,0.0604,0.327,1955,3,0.001,0.8568,0.1038,0.074,0.0697,0.0549,0.479,0.0387,0.0431,0.677,0.0,0.0219,,0.1366,0.0577,0.257,94,45,0.291,594,150,0.154,0.1353,0.074,0.332,914,288,0.192,151500,28239,0.113,0.5106,0.4154,0.495,0.2447,0.2506,0.623,0.1936,0.1039,0.326,0.5812,0.1365,0.143,0.0182,0.0226,0.754,0.0288,0.0468,0.987,0.0,0.0182,,0.214,0.076,0.216,0.1483,0.0833,0.342
420035236001,Tract 5236 · BG 1,42003523600,0.0,2008,642,0.194,898,291,0.197,50.0,17.1,0.208,0.2027,0.0823,0.247,0.3202,0.0853,0.162,0.5408,0.1701,0.191,0.3277,0.1618,0.3,0.0254,0.0313,0.75,0.0,0.006,,77321,34135,0.268,39572,9881,0.152,0.2122,0.1686,0.483,0.0,0.0125,,0.5917,0.1767,0.182,0.2341,0.1334,0.346,920,288,0.19,0.0239,0.0384,0.976,1965,7,0.002,0.763,0.3215,0.256,0.0,0.0184,,0.0467,0.0703,0.915,0.1902,0.2264,0.723,0.3341,0.2504,0.456,300,245,0.496,598,150,0.152,0.2257,0.1486,0.4,1067,554,0.316,174800,31560,0.11,0.41,0.542,0.804,0.41,0.5376,0.797,0.2977,0.1487,0.304,0.7651,0.1879,0.149,0.0,0.0125,,0.0,0.0125,,0.0,0.0125,,0.1305,0.0915,0.426,0.0,0.0189,
420035236002,Tract 5236 · BG 2,42003523600,0.0,1196,526,0.267,428,139,0.197,25.9,11.1,0.261,0.3737,0.1141,0.186,0.1246,0.0497,0.243,0.3846,0.2172,0.343,0.2943,0.1961,0.405,0.0125,0.0202,0.977,0.0,0.01,,78050,59800,0.466,96992,91090,0.571,0.0,0.0142,,0.1038,0.1475,0.864,0.8491,0.2125,0.152,0.3575,0.2135,0.363,527,156,0.18,0.1879,0.2051,0.664,1957,5,0.002,0.7249,0.1566,0.131,0.0,0.0322,,0.1101,0.1653,0.913,0.1328,0.1507,0.69,0.2593,0.185,0.434,111,87,0.476,317,145,0.278,0.3035,0.2717,0.544,1416,384,0.165,118100,98506,0.507,0.6216,0.3706,0.362,0.1532,0.2116,0.84,0.3091,0.31,0.61,0.8477,0.3022,0.217,0.0,0.0215,,0.0269,0.0418,0.945,0.0,0.0215,,0.0412,0.0634,0.935,0.028,0.0537,1.165
420035236003,Tract 5236 · BG 3,42003523600,0.0,1656,530,0.195,795,238,0.182,54.6,6.9,0.077,0.0507,0.045,0.539,0.2766,0.1254,0.276,0.785,0.1781,0.138,0.215,0.1378,0.39,0.0,0.0072,,0.0,0.0072,,45282,11071,0.149,38014,7211,0.115,0.0857,0.0821,0.582,0.0581,0.0753,0.789,0.7612,0.1951,0.156,0.233,0.0994,0.259,836,253,0.184,0.049,0.0788,0.976,1961,3,0.001,0.9677,0.0809,0.051,0.0323,0.0525,0.988,0.0,0.0203,,0.0,0.0203,,0.034,0.0531,0.951,27,43,0.968,768,239,0.189,0.0676,0.1065,0.957,,,,117600,9229,0.048,0.0,0.8889,,0.0,0.4444,,0.1732,0.1274,0.447,0.701,0.1902,0.165,0.019,0.0281,0.899,0.0104,0.0246,1.444,0.0,0.0104,,0.1426,0.0957,0.408,0.0252,0.0411,0.994
420035237011,Tract 5237.01 · BG 1,42003523701,0.0,701,289,0.251,221,83,0.228,35.6,20.0,0.342,0.291,0.1482,0.31,0.2439,0.0728,0.181,0.8602,0.1959,0.138,0.02,0.0405,1.234,0.0,0.0171,,0.0257,0.037,0.877,117656,95957,0.496,35936,12914,0.218,0.2026,0.2182,0.655,0.0379,0.0615,0.987,0.5146,0.1917,0.226,0.4857,0.1408,0.176,260,102,0.238,0.15,0.2311,0.937,1981,5,0.002,0.6346,0.3218,0.308,0.0,0.0653,,0.0,0.0653,,0.1,0.1672,1.016,0.2262,0.2387,0.641,50,56,0.681,171,54,0.192,0.194,0.2289,0.717,239,229,0.582,177600,19200,0.066,0.12,0.4947,2.506,0.12,0.2682,1.359,0.1404,0.2728,1.181,0.4843,0.2799,0.351,0.0,0.0472,,0.0,0.0472,,0.0,0.0472,,0.1378,0.1239,0.546,0.2262,0.2448,0.658
420035237012,Tract 5237.01 · BG 2,42003523701,0.0,1131,229,0.123,522,99,0.115,51.4,5.2,0.061,0.0849,0.0645,0.462,0.2865,0.0571,0.121,0.8152,0.0943,0.07,0.1494,0.1008,0.41,0.0,0.0106,,0.0,0.0106,,85595,9609,0.068,45124,4998,0.067,0.084,0.064,0.464,0.1224,0.1048,0.52,0.6628,0.0965,0.088,0.3563,0.1328,0.227,522,99,0.115,0.0,0.023,,1968,5,0.002,0.9291,0.2479,0.162,0.0,0.0325,,0.0421,0.065,0.937,0.0,0.0325,,0.2222,0.1049,0.287,116,59,0.309,406,91,0.136,0.2078,0.0906,0.265,1422,171,0.073,111700,20526,0.112,0.1293,0.259,1.218,0.1293,0.187,0.879,0.0296,0.0909,1.869,0.7445,0.0391,0.032,0.0,0.0202,,0.0,0.0202,,0.0,0.0202,,0.2168,0.1549,0.434,0.0,0.0325,
420035237013,Tract 5237.01 · BG 3,42003523701,0.0,658,250,0.231,343,108,0.191,46.6,17.0,0.222,0.1641,0.106,0.393,0.3085,0.0184,0.036,0.6201,0.3257,0.319,0.0228,0.0417,1.111,0.0198,0.031,0.954,0.0274,0.0397,0.882,71208,14606,0.125,41985,9983,0.145,0.0881,0.0512,0.353,0.0296,0.0465,0.956,0.6764,0.1996,0.179,0.4109,0.148,0.219,400,111,0.169,0.1425,0.1576,0.672,1961,5,0.002,0.9825,0.3855,0.239,0.0,0.0424,,0.0,0.0424,,0.0,0.0424,,0.0787,0.093,0.718,27,33,0.743,316,102,0.196,0.041,0.0477,0.706,,,,154400,35422,0.139,0.0,0.8889,,0.0,0.4444,,0.2785,0.1601,0.349,0.6848,0.4242,0.377,0.0,0.0344,,0.0,0.0344,,0.0,0.0344,,0.2149,0.1518,0.43,0.0321,0.0623,1.18
420035237014,Tract 5237.01 · BG 4,42003523701,0.0,1226,373,0.185,583,156,0.163,35.8,15.4,0.262,0.1868,0.0889,0.289,0.2431,0.0431,0.108,0.7798,0.1237,0.096,0.1591,0.1369,0.523,0.0196,0.0246,0.763,0.0285,0.0255,0.543,65040,40264,0.376,35261,11048,0.19,0.2137,0.1417,0.403,0.1032,0.079,0.465,0.6219,0.1866,0.182,0.1866,0.0675,0.22,608,156,0.156,0.0411,0.0465,0.688,1954,3,0.001,0.8799,0.0716,0.049,0.0345,0.0478,0.841,0.0,0.0279,,0.0,0.0279,,0.2933,0.1486,0.308,171,98,0.348,412,141,0.208,0.3589,0.1969,0.333,1274,233,0.111,142000,38536,0.165,0.5205,0.3325,0.388,0.1813,0.2354,0.789,0.182,0.1522,0.508,0.8076,0.4622,0.348,0.0108,0.0173,0.975,0.0,0.0216,,0.0,0.0216,,0.036,0.038,0.643,0.0532,0.0769,0.879
420035237021,Tract 5237.02 · BG 1,42003523702,0.0,1579,692,0.266,695,292,0.255,51.7,6.0,0.071,0.0836,0.0815,0.593,0.1723,0.0684,0.241,0.7745,0.1336,0.105,0.1767,0.1763,0.606,0.0,0.0076,,0.0291,0.0262,0.546,75057,47873,0.388,38685,8183,0.129,0.1159,0.1099,0.576,0.0273,0.0457,1.019,0.5793,0.0106,0.011,0.3178,0.1432,0.274,823,315,0.233,0.1555,0.1318,0.515,1960,7,0.002,0.8906,0.1602,0.109,0.0571,0.0636,0.677,0.017,0.0319,1.142,0.0,0.0206,,0.2791,0.0882,0.192,194,102,0.32,501,271,0.329,0.3084,0.1773,0.349,1201,508,0.257,120100,54280,0.275,0.3247,0.3465,0.649,0.3247,0.3295,0.617,0.1996,0.1552,0.473,0.715,0.2073,0.176,0.0548,0.0607,0.673,0.0,0.0146,,0.0,0.0146,,0.067,0.0649,0.589,0.0647,0.0748,0.702
420035237022,Tract 5237.02 · BG 2,42003523702,0.0,1715,466,0.165,818,259,0.192,37.4,21.5,0.349,0.2047,0.105,0.312,0.2589,0.1081,0.254,0.8169,0.2536,0.189,0.1545,0.189,0.743,0.0,0.007,,0.0,0.007,,46031,13745,0.182,30709,6558,0.13,0.1534,0.0874,0.347,0.0537,0.0613,0.694,0.6276,0.0579,0.056,0.2901,0.1189,0.249,952,273,0.174,0.1408,0.1194,0.516,1967,3,0.001,0.563,0.0738,0.08,0.1586,0.1259,0.483,0.2395,0.1989,0.505,0.0,0.0178,,0.5318,0.197,0.225,435,212,0.296,383,153,0.243,0.4583,0.1797,0.238,783,407,0.316,189000,19810,0.064,0.5632,0.2076,0.224,0.2782,0.147,0.321,0.2324,0.266,0.696,0.7111,0.1503,0.128,0.0,0.0148,,0.0,0.0148,,0.0,0.0148,,0.0926,0.0944,0.619,0.2164,0.1929,0.542
420035237023,Tract 5237.02 · BG 3,42003523702,0.0,1430,720,0.306,596,198,0.202,44.1,15.2,0.21,0.1867,0.1117,0.364,0.2874,0.1948,0.412,0.2455,0.1713,0.424,0.6385,0.3134,0.298,0.0,0.0084,,0.0,0.0084,,60147,31113,0.314,24707,5066,0.125,0.093,0.0705,0.461,0.0063,0.0817,7.893,0.5459,0.2521,0.281,0.2042,0.0999,0.297,644,206,0.194,0.0745,0.1187,0.969,1974,4,0.001,0.4115,0.1551,0.229,0.0,0.0264,,0.0963,0.1225,0.773,0.4922,0.1718,0.212,0.5554,0.1481,0.162,331,141,0.259,265,131,0.301,0.4,0.169,0.257,905,258,0.173,152800,21060,0.084,0.2417,0.2273,0.572,0.0423,0.0671,0.965,0.0302,0.1286,2.59,0.5446,0.2176,0.243,0.0578,0.0864,0.909,0.0,0.0198,,0.0,0.0198,,0.2921,0.1924,0.4,0.3523,0.2123,0.366
420035237024,Tract 5237.02 · BG 4,42003523702,0.0,644,327,0.309,295,154,0.317,31.6,10.7,0.206,0.3478,0.1916,0.335,0.0,0.0645,,0.3121,0.1852,0.361,0.6661,0.2878,0.263,0.0,0.0186,,0.0,0.0186,,,,,30122,13092,0.264,0.1242,0.1664,0.815,0.0316,0.053,1.019,0.9048,0.6413,0.431,0.4402,0.154,0.213,295,154,0.317,0.0,0.0407,,1960,9,0.003,1.0,0.0,0.0,0.0,0.0575,,0.0,0.0575,,0.0,0.0575,,0.1051,0.1675,0.969,31,52,1.02,264,156,0.359,0.1786,0.2954,1.006,,,,,,,0.0,0.7742,,0.0,0.3871,,0.5682,0.4219,0.451,1.0,0.0,0.0,0.0,0.0326,,0.0,0.0326,,0.0,0.0326,,0.0,0.0326,,0.0,0.0575,
420035238001,Tract 5238 · BG 1,42003523800,0.0,1295,592,0.278,486,130,0.163,41.7,20.6,0.3,0.2641,0.1144,0.263,0.2,0.1249,0.38,0.4911,0.277,0.343,0.1977,0.3291,1.012,0.0,0.0093,,0.2618,0.3064,0.712,90631,10875,0.073,34213,13204,0.235,0.2371,0.3144,0.806,0.0,0.0161,,0.7251,0.1512,0.127,0.2031,0.0896,0.268,568,179,0.192,0.1444,0.1991,0.838,1958,3,0.001,0.9085,0.0873,0.058,0.0,0.0299,,0.0,0.0299,,0.0,0.0299,,0.0412,0.0628,0.928,20,31,0.942,466,133,0.174,0.0154,0.0229,0.9,,,,150000,51787,0.21,0.0,1.2,,0.0,0.6,,0.1888,0.1823,0.587,0.9074,0.1613,0.108,0.0232,0.0356,0.933,0.0,0.0163,,0.0,0.0163,,0.049,0.0507,0.628,0.0412,0.0675,0.997
420035238002,Tract 5238 · BG 2,42003523800,0.0,648,321,0.301,339,163,0.292,50.9,24.1,0.288,0.2191,0.1552,0.431,0.3812,0.1076,0.172,0.5309,0.3524,0.404,0.304,0.3008,0.602,0.0,0.0185,,0.1636,0.2168,0.806,,,,31037,12725,0.249,0.341,0.2749,0.49,0.0,0.0553,,0.4289,0.1984,0.281,0.2213,0.1408,0.387,446,162,0.221,0.2399,0.1968,0.499,1962,10,0.003,0.6996,0.1805,0.157,0.1166,0.1672,0.872,0.1188,0.1967,1.006,0.065,0.0708,0.662,0.4248,0.2745,0.393,144,116,0.49,195,110,0.343,0.339,0.2384,0.427,,,,87900,30582,0.212,0.5347,0.3817,0.434,0.3611,0.4404,0.741,0.4769,0.4352,0.555,0.9406,0.1755,0.113,0.005,0.0094,1.158,0.0,0.0594,,0.0,0.0594,,0.0545,0.088,0.983,0.2655,0.2242,0.513
420035238003,Tract 5238 · BG 3,42003523800,0.0,982,438,0.271,405,180,0.27,59.0,16.8,0.173,0.1293,0.0937,0.44,0.3289,0.0763,0.141,0.9348,0.1695,0.11,0.0214,0.0269,0.764,0.0,0.0122,,0.0305,0.0522,1.039,71280,36532,0.312,35410,10901,0.187,0.0814,0.1166,0.871,0.0,0.0279,,0.5029,0.2665,0.322,0.3662,0.1395,0.232,574,194,0.205,0.2944,0.2015,0.416,1958,21,0.007,0.507,0.1711,0.205,0.0,0.0296,,0.0,0.0296,,0.493,0.1782,0.22,0.479,0.2629,0.334,194,137,0.429,211,115,0.331,0.2323,0.1102,0.288,2118,1558,0.447,95100,9440,0.06,0.4948,0.4335,0.533,0.4948,0.42,0.516,0.2417,0.3475,0.874,0.3628,0.1479,0.248,0.0,0.0279,,0.0605,0.0915,0.92,0.0,0.0279,,0.0395,0.057,0.876,0.4568,0.2725,0.363
420035238004,Tract 5238 · BG 4,42003523800,0.0,1532,420,0.167,809,179,0.135,57.5,16.4,0.173,0.1547,0.0988,0.388,0.3982,0.0748,0.114,0.8133,0.1072,0.08,0.0685,0.1061,0.941,0.0202,0.0167,0.503,0.0,0.0078,,78295,13151,0.102,50237,10740,0.13,0.0445,0.0647,0.885,0.0164,0.0257,0.953,0.7068,0.1554,0.134,0.4061,0.1234,0.185,849,181,0.13,0.0471,0.0759,0.979,1953,2,0.001,1.0,0.0,0.0,0.0,0.02,,0.0,0.02,,0.0,0.02,,0.0593,0.068,0.696,48,56,0.709,761,178,0.142,0.1288,0.1797,0.848,,,,145200,11641,0.049,0.3125,0.5708,1.11,0.0,0.25,,0.1748,0.1495,0.52,0.8377,0.1613,0.117,0.0,0.0136,,0.0,0.0136,,0.0,0.0136,,0.1453,0.0774,0.324,0.0,0.021,
420035240001,Tract 5240 · BG 1,42003524000,0.0,593,147,0.151,248,65,0.159,38.0,5.3,0.085,0.1484,0.0725,0.297,0.1602,0.07,0.265,0.8971,0.1308,0.089,0.0489,0.0681,0.846,0.0,0.0202,,0.054,0.0832,0.938,90833,67246,0.45,37853,7705,0.124,0.101,0.0829,0.499,0.0707,0.092,0.791,0.7194,0.1126,0.095,0.3853,0.0878,0.139,270,71,0.16,0.0815,0.1241,0.926,1938,,,0.5259,0.1117,0.129,0.3,0.1609,0.326,0.0519,0.0587,0.689,0.0,0.0629,,0.496,0.2229,0.273,123,64,0.316,125,44,0.214,0.4064,0.1928,0.288,1061,293,0.168,129500,38542,0.181,0.4309,0.2392,0.337,0.2114,0.2085,0.6,0.088,0.2572,1.777,0.5809,0.057,0.06,0.0231,0.034,0.894,0.0,0.0347,,0.0,0.0347,,0.185,0.0743,0.244,0.2218,0.2031,0.557
420035240002,Tract 5240 · BG 2,42003524000,0.0,1172,255,0.132,556,127,0.139,42.2,17.1,0.246,0.1877,0.0655,0.212,0.1852,0.0568,0.187,0.8481,0.1277,0.092,0.087,0.0788,0.551,0.0137,0.0203,0.902,0.0171,0.0131,0.468,36571,6063,0.101,33497,13000,0.236,0.1928,0.1376,0.434,0.0784,0.0551,0.427,0.6577,0.118,0.109,0.1268,0.0583,0.28,707,137,0.118,0.2136,0.0915,0.26,1945,11,0.003,0.5545,0.0683,0.075,0.0806,0.0446,0.336,0.1259,0.1223,0.591,0.1287,0.0869,0.41,0.6709,0.162,0.147,373,124,0.202,183,76,0.252,0.6067,0.1621,0.162,791,192,0.148,149700,17678,0.072,0.3753,0.1317,0.213,0.2038,0.131,0.391,0.1421,0.1915,0.819,0.5213,0.1209,0.141,0.0993,0.1405,0.86,0.1755,0.162,0.561,0.0266,0.0382,0.873,0.1348,0.081,0.366,0.2284,0.1415,0.377
420035240003,Tract 5240 · BG 3,42003524000,0.0,759,311,0.249,323,99,0.186,47.4,12.5,0.16,0.2477,0.0799,0.196,0.2767,0.1586,0.348,0.693,0.3777,0.331,0.2543,0.2972,0.71,0.0,0.0158,,0.0343,0.0341,0.605,65511,21816,0.202,28999,6816,0.143,0.083,0.0607,0.444,0.0974,0.0869,0.542,0.7008,0.1377,0.119,0.2008,0.092,0.279,329,99,0.183,0.0182,0.0268,0.893,1938,,,0.6626,0.1737,0.159,0.2705,0.1557,0.35,0.0304,0.0577,1.153,0.0,0.0516,,0.3622,0.2179,0.366,117,79,0.41,206,74,0.218,0.3522,0.2876,0.496,1047,276,0.16,146200,38694,0.161,0.735,0.4274,0.354,0.265,0.2069,0.475,0.2816,0.2727,0.589,0.6734,0.215,0.194,0.0145,0.0224,0.943,0.0116,0.0197,1.037,0.0,0.0347,,0.1503,0.1027,0.416,0.065,0.098,0.917
420035251001,Tract 5251 · BG 1,42003525100,0.0,1930,225,0.071,941,118,0.076,42.9,3.1,0.044,0.213,0.0486,0.139,0.244,0.0574,0.143,0.9078,0.0592,0.04,0.015,0.018,0.73,0.0021,0.0031,0.909,0.0332,0.0261,0.479,87938,16779,0.116,55598,6500,0.071,0.0239,0.0143,0.363,0.0486,0.0367,0.46,0.6543,0.087,0.081,0.5437,0.0734,0.082,957,114,0.072,0.0167,0.0281,1.023,1957,3,0.001,0.6886,0.0921,0.081,0.0742,0.0327,0.268,0.0,0.0177,,0.0,0.0177,,0.2125,0.0591,0.169,200,61,0.185,741,115,0.094,0.1684,0.0524,0.189,1240,459,0.225,292600,36176,0.075,0.5,0.2332,0.283,0.275,0.2034,0.45,0.2146,0.1396,0.396,0.6573,0.1631,0.151,0.0,0.0125,,0.0052,0.0072,0.844,0.0094,0.0145,0.939,0.2625,0.0872,0.202,0.0553,0.0417,0.459
420035252001,Tract 5252 · BG 1,42003525200,0.0,1168,264,0.137,612,128,0.127,44.2,6.5,0.089,0.2072,0.0734,0.215,0.2029,0.0734,0.22,0.9606,0.045,0.028,0.0,0.0103,,0.006,0.0102,1.033,0.012,0.0178,0.901,62870,12686,0.123,53200,10762,0.123,0.1079,0.1213,0.684,0.0742,0.0747,0.613,0.7964,0.0922,0.07,0.6082,0.0929,0.093,675,135,0.122,0.0933,0.0914,0.596,1938,,,0.3926,0.1326,0.205,0.2267,0.1204,0.323,0.1896,0.0877,0.281,0.0652,0.0648,0.605,0.6373,0.1181,0.113,390,109,0.17,222,85,0.233,0.5625,0.1355,0.146,1121,144,0.078,288600,111028,0.234,0.359,0.1481,0.251,0.1718,0.0788,0.279,0.1126,0.166,0.896,0.6215,0.0896,0.088,0.0,0.0177,,0.0515,0.0607,0.716,0.0,0.0177,,0.187,0.1096,0.356,0.0605,0.0533,0.536
420035252002,Tract 5252 · BG 2,42003525200,0.0,1380,236,0.104,686,111,0.098,46.9,7.1,0.092,0.179,0.0611,0.208,0.3399,0.0804,0.144,0.9442,0.0868,0.056,0.0188,0.0222,0.717,0.0,0.0087,,0.0232,0.0331,0.868,69583,30536,0.267,58385,13423,0.14,0.0709,0.0428,0.367,0.0095,0.0173,1.107,0.556,0.0772,0.084,0.6164,0.1012,0.1,777,123,0.096,0.1171,0.1078,0.56,1985,10,0.003,0.1776,0.0774,0.265,0.0721,0.069,0.582,0.305,0.1489,0.297,0.242,0.0954,0.24,0.637,0.134,0.128,437,116,0.161,249,73,0.178,0.5298,0.1661,0.191,1287,138,0.065,550600,69696,0.077,0.5721,0.2087,0.222,0.1785,0.1362,0.464,0.1647,0.153,0.565,0.6362,0.1114,0.106,0.024,0.0381,0.964,0.0,0.0192,,0.0,0.0192,,0.2484,0.0833,0.204,0.1079,0.0746,0.42
420035253001,Tract 5253 · BG 1,42003525300,0.0,537,139,0.157,222,58,0.159,47.2,7.1,0.091,0.1546,0.0629,0.247,0.3073,0.0525,0.104,0.9907,0.3604,0.221,0.0,0.0223,,0.0,0.0223,,0.0056,0.0092,1.001,106875,41209,0.234,94315,32187,0.207,0.0818,0.0664,0.494,0.0108,0.0214,1.202,0.5996,0.1168,0.118,0.5556,0.0951,0.104,268,71,0.161,0.1716,0.1539,0.545,1971,17,0.005,0.6679,0.1659,0.151,0.1679,0.1605,0.581,0.0672,0.0685,0.62,0.0821,0.1151,0.852,0.5,0.2263,0.275,111,58,0.318,111,38,0.208,0.341,0.1208,0.215,1406,535,0.231,502800,87904,0.106,0.2523,0.3093,0.745,0.2523,0.2462,0.593,0.0,0.3058,,0.7956,0.1538,0.118,0.0,0.0438,,0.0,0.0438,,0.0,0.0438,,0.1752,0.0661,0.229,0.1126,0.1301,0.702
420035253002,Tract 5253 · BG 2,42003525300,0.0,1687,249,0.09,758,133,0.107,41.5,6.6,0.097,0.2217,0.07,0.192,0.1755,0.0358,0.124,0.914,0.1828,0.122,0.0,0.0071,,0.0,0.0071,,0.0261,0.027,0.629,121839,18942,0.095,75540,10771,0.087,0.0308,0.0209,0.412,0.0933,0.0917,0.598,0.6984,0.0911,0.079,0.6062,0.1149,0.115,810,126,0.095,0.0642,0.0709,0.671,1949,15,0.005,0.6099,0.0226,0.023,0.2333,0.1709,0.445,0.0432,0.0286,0.402,0.0432,0.0347,0.488,0.3747,0.1712,0.278,284,139,0.298,474,76,0.097,0.2715,0.1084,0.243,999,265,0.161,381700,66418,0.106,0.1338,0.0582,0.264,0.0704,0.04,0.345,0.1899,0.1168,0.374,0.6449,0.1546,0.146,0.0,0.014,,0.0349,0.045,0.782,0.0,0.014,,0.291,0.0722,0.151,0.0119,0.0232,1.19
420035261011,Tract 5261.01 · BG 1,42003526101,0.0,368,158,0.261,215,88,0.249,69.1,8.3,0.073,0.0,0.0922,,0.538,0.1896,0.214,0.9375,0.0642,0.042,0.0,0.0326,,0.0,0.0326,,0.0,0.0326,,60451,29975,0.301,37407,11814,0.192,0.0,0.0461,,0.097,0.1277,0.8,0.3641,0.17,0.284,0.1488,0.1263,0.516,215,88,0.249,0.0,0.0558,,1951,18,0.006,1.0,0.0,0.0,0.0,0.0789,,0.0,0.0789,,0.0,0.0789,,0.0,0.0558,,0,12,,215,88,0.249,0.0,0.0326,,,,,142800,131446,0.56,,,,,,,0.1674,0.219,0.795,0.5784,0.5444,0.572,0.0,0.1176,,0.0,0.1176,,0.0,0.1176,,0.2059,0.2467,0.728,0.0,0.0789,
420035261012,Tract 5261.01 · BG 2,42003526101,0.0,3882,617,0.097,1260,189,0.091,37.6,3.7,0.06,0.3192,0.076,0.145,0.0685,0.0345,0.306,0.9459,0.0569,0.037,0.0155,0.0186,0.733,0.0103,0.012,0.708,0.0,0.0031,,134135,28804,0.131,49478,6500,0.08,0.0026,0.0051,1.212,0.0732,0.0816,0.677,0.8021,0.0324,0.025,0.5213,0.0714,0.083,1386,220,0.096,0.0909,0.0802,0.537,2002,3,0.001,0.899,0.0159,0.011,0.0289,0.046,0.97,0.0339,0.0445,0.798,0.0,0.0122,,0.1484,0.1016,0.416,187,131,0.426,1073,178,0.101,0.0827,0.0588,0.432,945,280,0.18,378000,34168,0.055,0.5936,0.2938,0.301,0.123,0.1781,0.88,0.0662,0.0572,0.526,0.7242,0.1908,0.16,0.0,0.0056,,0.0,0.0056,,0.0,0.0056,,0.2557,0.077,0.183,0.0,0.0135,
420035261013,Tract 5261.01 · BG 3,42003526101,0.0,2536,795,0.191,963,227,0.143,42.3,4.2,0.06,0.267,0.073,0.166,0.1727,0.0753,0.265,0.9424,0.1128,0.073,0.0,0.0047,,0.0315,0.0503,0.969,0.015,0.0248,1.006,115150,46920,0.248,44814,4586,0.062,0.0217,0.018,0.505,0.0,0.0077,,0.7596,0.2236,0.179,0.5634,0.1106,0.119,963,227,0.143,0.0,0.0125,,1987,3,0.001,0.757,0.1524,0.122,0.0,0.0176,,0.0197,0.0342,1.054,0.0935,0.0483,0.314,0.2015,0.097,0.293,194,104,0.326,769,224,0.177,0.1258,0.0571,0.276,1015,778,0.466,226200,63341,0.17,0.6443,0.1161,0.11,0.0773,0.122,0.959,0.0624,0.0738,0.718,0.7808,0.2786,0.217,0.0,0.0078,,0.0,0.0078,,0.0,0.0078,,0.1414,0.037,0.159,0.0197,0.0332,1.024
420035261014,Tract 5261.01 · BG 4,42003526101,0.0,836,241,0.175,572,181,0.192,77.4,5.5,0.043,0.0203,0.0487,1.457,0.7967,0.1399,0.107,0.9294,0.1245,0.081,0.0455,0.041,0.549,0.0,0.0144,,0.0,0.0144,,95812,9738,0.062,74301,18984,0.155,0.1671,0.171,0.622,0.0,0.1091,,0.1343,0.0991,0.448,0.6239,0.1698,0.165,620,183,0.179,0.0774,0.1204,0.946,1991,7,0.002,0.3355,0.1511,0.274,0.1081,0.0897,0.505,0.1565,0.2153,0.837,0.3355,0.1351,0.245,0.4108,0.1511,0.224,235,114,0.295,337,173,0.312,0.3792,0.143,0.229,3501,,,218800,108547,0.302,0.5064,0.3256,0.391,0.1915,0.1626,0.516,0.4896,0.411,0.51,0.3727,0.3217,0.525,0.1545,0.2336,0.919,0.0,0.1091,,0.0,0.1091,,0.4,0.3389,0.515,0.222,0.1589,0.435
420035261021,Tract 5261.02 · BG 1,42003526102,0.0,2254,291,0.078,854,107,0.076,42.6,8.8,0.126,0.2227,0.0491,0.134,0.2156,0.0312,0.088,0.9397,0.0454,0.029,0.0209,0.0225,0.655,0.0,0.0053,,0.0151,0.0105,0.422,101029,20063,0.121,46855,4436,0.058,0.0439,0.0192,0.266,0.0306,0.0235,0.468,0.681,0.0654,0.058,0.3657,0.0498,0.083,987,84,0.052,0.1348,0.0669,0.302,1966,4,0.001,0.77,0.0705,0.056,0.0152,0.0154,0.615,0.0142,0.0236,1.011,0.0061,0.0165,1.649,0.1909,0.0784,0.25,163,70,0.261,691,90,0.079,0.1579,0.0722,0.278,1141,51,0.027,237500,19844,0.051,0.2822,0.145,0.312,0.1227,0.097,0.481,0.1809,0.0808,0.272,0.8193,0.0753,0.056,0.0158,0.0139,0.534,0.0123,0.0139,0.69,0.0,0.0105,,0.0982,0.0361,0.223,0.0211,0.0197,0.569
420035262011,Tract 5262.01 · BG 1,42003526201,0.0,1256,366,0.177,499,124,0.151,53.1,11.1,0.127,0.16,0.0553,0.21,0.2349,0.0846,0.219,0.9315,0.1336,0.087,0.0056,0.0086,0.939,0.0,0.0096,,0.0311,0.042,0.823,82679,16390,0.121,40608,8732,0.131,0.0199,0.031,0.945,0.0209,0.0181,0.528,0.6648,0.087,0.08,0.3504,0.0937,0.163,499,124,0.151,0.0,0.024,,1966,4,0.001,0.9679,0.0768,0.048,0.0,0.034,,0.0,0.034,,0.0,0.034,,0.0261,0.0355,0.828,13,18,0.842,486,129,0.161,0.0287,0.0397,0.843,,,,195700,51651,0.16,0.0,1.8462,,0.0,0.9231,,0.1193,0.1218,0.62,0.6898,0.2447,0.216,0.0,0.0173,,0.0,0.0173,,0.0,0.0173,,0.2684,0.0844,0.191,0.0,0.034,
420035262012,Tract 5262.01 · BG 2,42003526201,0.0,2189,337,0.094,861,122,0.086,48.6,8.7,0.109,0.2216,0.0715,0.196,0.2476,0.0423,0.104,0.968,0.0527,0.033,0.0005,0.0014,1.821,0.0,0.0055,,0.0,0.0055,,84821,25306,0.181,41131,4688,0.069,0.042,0.0281,0.407,0.0075,0.013,1.058,0.6108,0.0723,0.072,0.303,0.0698,0.14,992,114,0.07,0.1321,0.0761,0.35,1967,5,0.002,0.8014,0.0918,0.07,0.0948,0.0748,0.48,0.0,0.0171,,0.0131,0.0201,0.933,0.151,0.07,0.282,130,63,0.295,731,111,0.092,0.0952,0.0496,0.317,1026,154,0.091,210100,16594,0.048,0.6231,0.3849,0.376,0.3846,0.3452,0.546,0.1245,0.0766,0.374,0.7069,0.1052,0.09,0.0108,0.0175,0.989,0.0304,0.0428,0.856,0.0,0.0118,,0.1922,0.0793,0.251,0.0383,0.0371,0.589
420035262021,Tract 5262.02 · BG 1,42003526202,0.0,1575,681,0.263,565,155,0.167,39.8,10.5,0.16,0.266,0.1289,0.295,0.1111,0.0364,0.199,0.901,0.1527,0.103,0.0,0.0076,,0.0203,0.0245,0.733,0.0133,0.0208,0.948,95320,38590,0.246,52921,23419,0.269,0.0648,0.0609,0.572,0.0615,0.075,0.742,0.7806,0.1952,0.152,0.5476,0.1614,0.179,599,159,0.161,0.0568,0.0855,0.916,1959,4,0.001,0.8297,0.1156,0.085,0.0684,0.0794,0.705,0.0,0.0283,,0.0,0.0283,,0.1841,0.1131,0.374,104,70,0.409,461,146,0.193,0.1098,0.0571,0.316,942,272,0.176,239500,28586,0.073,0.4423,0.4324,0.594,0.3173,0.3983,0.763,0.0889,0.0842,0.575,0.7661,0.2236,0.177,0.0,0.014,,0.0,0.014,,0.0,0.014,,0.2211,0.1761,0.484,0.0159,0.0323,1.234
420035262022,Tract 5262.02 · BG 2,42003526202,0.0,1798,404,0.137,767,172,0.136,49.6,6.9,0.085,0.1952,0.0663,0.206,0.2375,0.0604,0.155,0.7564,0.0803,0.065,0.0784,0.077,0.597,0.1029,0.098,0.579,0.0295,0.0304,0.628,126289,17081,0.082,68848,8770,0.077,0.024,0.0315,0.798,0.0304,0.0376,0.752,0.6836,0.0399,0.035,0.5169,0.0881,0.104,816,174,0.13,0.06,0.0649,0.657,1988,13,0.004,0.8395,0.1113,0.081,0.0184,0.0232,0.769,0.0172,0.0196,0.695,0.0441,0.0623,0.859,0.086,0.0704,0.497,66,56,0.516,701,165,0.143,0.0642,0.0614,0.581,923,617,0.406,288600,40472,0.085,0.1061,0.3523,2.019,0.0,0.1818,,0.0799,0.0845,0.643,0.6016,0.1049,0.106,0.0162,0.025,0.94,0.0,0.0121,,0.0,0.0121,,0.3195,0.1032,0.196,0.0065,0.0195,1.819
420035262023,Tract 5262.02 · BG 3,42003526202,0.0,1116,303,0.165,480,109,0.138,37.2,5.9,0.096,0.2419,0.1011,0.254,0.164,0.0585,0.217,0.7661,0.0901,0.072,0.1953,0.1777,0.553,0.0,0.0108,,0.0,0.0108,,92930,5414,0.035,55422,23253,0.255,0.0887,0.0951,0.652,0.0,0.0197,,0.7683,0.1248,0.099,0.3894,0.1079,0.168,501,104,0.126,0.0419,0.0733,1.064,1969,3,0.001,0.6367,0.0823,0.079,0.0519,0.0712,0.834,0.1756,0.1229,0.425,0.0,0.0339,,0.3479,0.1372,0.24,167,76,0.277,313,78,0.151,0.2794,0.1251,0.272,1095,38,0.021,214200,23402,0.066,0.0539,0.1447,1.633,0.0539,0.0739,0.833,0.0863,0.1273,0.897,0.679,0.1061,0.095,0.0,0.0185,,0.0,0.0185,,0.0,0.0185,,0.321,0.1346,0.255,0.0958,0.109,0.692
420035263011,Tract 5263.01 · BG 1,42003526301,0.0,1653,364,0.134,785,166,0.129,62.7,5.9,0.057,0.0799,0.0327,0.249,0.4561,0.0672,0.09,0.9431,0.0819,0.053,0.0,0.0073,,0.0,0.0073,,0.0357,0.0379,0.646,82554,30882,0.227,44922,7152,0.097,0.0853,0.0588,0.419,0.0243,0.0275,0.689,0.4878,0.0788,0.098,0.3025,0.0745,0.15,841,165,0.119,0.0666,0.0701,0.64,1966,2,0.001,0.8918,0.0834,0.057,0.0,0.0202,,0.0131,0.0246,1.144,0.0,0.0202,,0.042,0.0398,0.575,33,32,0.589,752,161,0.13,0.0581,0.056,0.586,821,511,0.378,173500,11753,0.041,0.7879,0.7122,0.549,0.0,0.3636,,0.2234,0.1143,0.311,0.682,0.2623,0.234,0.0,0.0167,,0.0,0.0167,,0.0,0.0167,,0.2929,0.1536,0.319,0.0115,0.0244,1.291
420035263012,Tract 5263.01 · BG 2,42003526301,0.0,2139,321,0.091,820,111,0.082,48.2,10.9,0.137,0.1847,0.0624,0.205,0.274,0.0452,0.1,0.9285,0.0228,0.015,0.0145,0.0172,0.72,0.0,0.0056,,0.0,0.0056,,93611,18496,0.12,39994,3705,0.056,0.0281,0.0211,0.458,0.0241,0.0284,0.717,0.5876,0.0632,0.065,0.4143,0.0949,0.139,820,111,0.082,0.0,0.0146,,1975,2,0.001,1.0,0.0,0.0,0.0,0.0207,,0.0,0.0207,,0.0,0.0207,,0.0378,0.0301,0.483,31,25,0.49,789,116,0.089,0.0991,0.0857,0.525,1911,432,0.137,219600,12929,0.036,0.4516,0.8087,1.089,0.0,0.3871,,0.1546,0.0793,0.312,0.6882,0.0921,0.081,0.0098,0.0146,0.905,0.0,0.0118,,0.0,0.0118,,0.1794,0.0838,0.284,0.0134,0.0253,1.147
420035263021,Tract 5263.02 · BG 1,42003526302,0.0,2310,531,0.14,930,224,0.146,47.1,11.9,0.154,0.2126,0.0629,0.18,0.2199,0.0687,0.19,0.8411,0.1329,0.096,0.1524,0.1412,0.563,0.0,0.0052,,0.0,0.0052,,99141,22271,0.137,44501,6581,0.09,0.0121,0.02,1.001,0.0265,0.0299,0.687,0.735,0.0354,0.029,0.3678,0.1251,0.207,980,225,0.14,0.051,0.0787,0.938,1965,2,0.001,0.8184,0.0655,0.049,0.0071,0.0165,1.407,0.0306,0.0371,0.737,0.0,0.0173,,0.1914,0.1342,0.426,178,132,0.451,752,182,0.147,0.1039,0.0669,0.391,,,,204000,20480,0.061,0.4438,0.5808,0.796,0.0,0.0674,,0.1596,0.1358,0.517,0.6434,0.0864,0.082,0.0174,0.0209,0.728,0.0119,0.0578,2.954,0.0,0.0095,,0.2219,0.1171,0.321,0.0538,0.0882,0.997
420035263022,Tract 5263.02 · BG 2,42003526302,0.0,961,512,0.324,378,181,0.291,38.3,2.8,0.044,0.2882,0.1412,0.298,0.1457,0.0454,0.189,0.9365,0.1808,0.117,0.0,0.0125,,0.0229,0.0321,0.852,0.0406,0.0674,1.009,127083,58301,0.279,47921,9106,0.116,0.0,0.0177,,0.0,0.0227,,0.7734,0.2518,0.198,0.8233,0.1912,0.141,378,181,0.291,0.0,0.0317,,1965,5,0.002,0.9418,0.161,0.104,0.0,0.0449,,0.0,0.0449,,0.0,0.0449,,0.0291,0.0455,0.951,11,18,0.995,367,180,0.298,0.0271,0.0413,0.927,,,,223900,11254,0.031,0.0,2.1818,,0.0,1.0909,,0.1063,0.1343,0.768,0.3686,0.2959,0.488,0.1758,0.2348,0.812,0.0,0.0227,,0.0,0.0227,,0.4159,0.1958,0.286,0.0317,0.0575,1.101
420035263023,Tract 5263.02 · BG 3,42003526302,0.0,1103,393,0.217,558,185,0.202,39.6,16.7,0.256,0.1015,0.0577,0.345,0.2511,0.1288,0.312,0.8912,0.124,0.085,0.1088,0.1266,0.707,0.0,0.0109,,0.0,0.0109,,91250,24749,0.165,54463,11494,0.128,0.0417,0.0344,0.502,0.0,0.0147,,0.8105,0.1574,0.118,0.554,0.3215,0.353,558,185,0.202,0.0,0.0215,,1975,3,0.001,0.2491,0.1869,0.456,0.0842,0.0933,0.673,0.2168,0.1128,0.316,0.0,0.0304,,0.7509,0.3509,0.284,419,138,0.2,139,114,0.499,0.6812,0.3402,0.304,1290,133,0.063,244600,46267,0.115,0.2434,0.1319,0.329,0.0835,0.0914,0.665,0.0,0.2442,,0.5459,0.3206,0.357,0.033,0.034,0.625,0.0,0.0147,,0.0,0.0147,,0.4064,0.2924,0.437,0.0,0.0304,
420035263024,Tract 5263.02 · BG 4,42003526302,0.0,747,232,0.189,378,121,0.195,33.4,17.0,0.309,0.1124,0.0967,0.523,0.1928,0.0975,0.308,0.929,0.0336,0.022,0.0254,0.0407,0.974,0.0,0.0161,,0.0,0.0161,,99444,13932,0.085,44200,5418,0.075,0.0281,0.05,1.082,0.0,0.0245,,0.7376,0.1509,0.124,0.4726,0.1999,0.257,378,121,0.195,0.0,0.0317,,1970,6,0.002,0.6085,0.179,0.179,0.0423,0.0721,1.035,0.2513,0.1382,0.334,0.0,0.0449,,0.4444,0.1531,0.209,168,79,0.286,210,108,0.313,0.4806,0.1892,0.239,1338,275,0.125,230400,28704,0.076,0.0833,0.1803,1.315,0.0,0.0714,,0.0429,0.1679,2.381,0.7873,0.2494,0.193,0.0429,0.0483,0.684,0.0,0.0245,,0.0,0.0245,,0.1493,0.1353,0.551,0.0,0.0449,
420035509001,Tract 5509 · BG 1,42003550900,0.0,651,210,0.196,272,99,0.221,55.0,13.5,0.149,0.1874,0.0546,0.177,0.1644,0.0874,0.323,0.49,0.1435,0.178,0.4931,0.1581,0.195,0.0,0.0184,,0.0,0.0184,,26159,4903,0.114,14630,5271,0.219,0.4911,0.2312,0.286,0.0522,0.0874,1.018,0.4267,0.1476,0.21,0.0817,0.058,0.432,339,104,0.186,0.1976,0.108,0.332,1938,,,0.7758,0.325,0.255,0.1209,0.1721,0.865,0.0,0.0501,,0.0236,0.0495,1.276,0.6912,0.1854,0.163,188,85,0.275,84,55,0.398,0.7607,0.2185,0.175,952,429,0.274,72500,33505,0.281,0.5851,0.2425,0.252,0.367,0.1496,0.248,0.2738,0.4475,0.994,0.5593,0.2448,0.266,0.2486,0.3172,0.776,0.0,0.0678,,0.0,0.0678,,0.113,0.121,0.651,0.3382,0.252,0.453
420035509002,Tract 5509 · BG 2,42003550900,0.0,962,300,0.19,407,149,0.223,53.0,14.0,0.161,0.0977,0.0601,0.374,0.289,0.1046,0.22,0.3846,0.1673,0.264,0.422,0.1359,0.196,0.0,0.0125,,0.0988,0.1101,0.678,32165,30327,0.573,31640,6142,0.118,0.1275,0.1027,0.49,0.0218,0.0249,0.694,0.5198,0.1168,0.137,0.0781,0.0406,0.316,579,156,0.164,0.2971,0.0711,0.146,1938,,,0.5216,0.0176,0.02,0.1865,0.1489,0.485,0.019,0.0356,1.138,0.2418,0.1742,0.438,0.5602,0.2669,0.29,228,137,0.365,179,53,0.18,0.5138,0.2057,0.243,954,101,0.064,59600,32351,0.33,0.7105,0.4078,0.349,0.5132,0.4427,0.524,0.0615,0.1829,1.809,0.6366,0.1581,0.151,0.1019,0.08,0.478,0.0324,0.0424,0.796,0.0255,0.0501,1.196,0.1042,0.0745,0.435,0.3759,0.2807,0.454
420035512001,Tract 5512 · BG 1,42003551200,0.0,1204,375,0.189,662,154,0.141,30.0,6.0,0.122,0.3098,0.1213,0.238,0.1711,0.079,0.281,0.2126,0.1075,0.307,0.4767,0.2489,0.317,0.0,0.01,,0.2542,0.1545,0.37,10029,4532,0.275,10887,2900,0.162,0.7175,0.1917,0.162,0.0366,0.055,0.914,0.3854,0.1652,0.26,0.0812,0.0873,0.653,758,177,0.142,0.1266,0.1191,0.572,1956,5,0.002,0.2203,0.0952,0.263,0.0,0.0224,,0.2427,0.1249,0.313,0.3087,0.1535,0.302,0.8172,0.1588,0.118,541,164,0.184,121,74,0.372,0.711,0.2261,0.193,554,360,0.395,,,,0.6821,0.2018,0.18,0.4806,0.1522,0.193,0.5785,0.3802,0.4,0.1835,0.143,0.474,0.1614,0.1711,0.645,0.2816,0.3067,0.662,0.0,0.038,,0.1772,0.2057,0.706,0.6843,0.1347,0.12
420035512002,Tract 5512 · BG 2,42003551200,0.0,1171,305,0.158,418,113,0.164,46.4,11.3,0.148,0.1153,0.0927,0.489,0.222,0.0654,0.179,0.9283,0.0969,0.063,0.0453,0.0384,0.515,0.0,0.0102,,0.012,0.0142,0.721,75917,15883,0.127,33160,9475,0.174,0.0875,0.0402,0.279,0.2156,0.1886,0.532,0.5834,0.1294,0.135,0.191,0.1022,0.325,468,123,0.16,0.1068,0.0942,0.536,1944,6,0.002,0.7735,0.0724,0.057,0.2265,0.145,0.389,0.0,0.0363,,0.0,0.0363,,0.366,0.1749,0.29,153,84,0.334,265,79,0.181,0.2145,0.1251,0.355,740,81,0.067,89000,25361,0.173,0.3399,0.2567,0.459,0.2353,0.2121,0.548,0.1623,0.1639,0.614,0.5648,0.1541,0.166,0.0021,0.0063,1.811,0.051,0.0633,0.755,0.0,0.0255,,0.1019,0.1573,0.938,0.0742,0.0932,0.764
420035512003,Tract 5512 · BG 3,42003551200,0.0,1047,532,0.309,538,352,0.398,48.2,22.5,0.284,0.2082,0.1052,0.307,0.1165,0.0044,0.023,0.1643,0.0606,0.224,0.6199,0.2213,0.217,0.0,0.0115,,0.0258,0.0359,0.846,31738,16629,0.319,24674,6872,0.169,0.1614,0.2398,0.903,0.0192,0.0304,0.962,0.8154,0.2821,0.21,0.1266,0.028,0.134,614,344,0.341,0.1238,0.0925,0.454,1949,14,0.004,0.9267,0.1972,0.129,0.0195,0.0349,1.086,0.0,0.0276,,0.0537,0.0645,0.729,0.6375,0.4944,0.471,343,348,0.617,195,97,0.302,0.5712,0.3105,0.33,1103,79,0.044,76500,52466,0.417,0.723,0.6452,0.542,0.0292,0.0536,1.118,0.3744,0.4314,0.7,0.8433,0.3127,0.225,0.0517,0.0363,0.426,0.0,0.0194,,0.0,0.0194,,0.0646,0.0547,0.514,0.1283,0.1402,0.665
420035513001,Tract 5513 · BG 1,42003551300,0.0,791,218,0.168,426,128,0.183,45.1,16.3,0.22,0.1075,0.0824,0.466,0.2288,0.0859,0.228,0.6473,0.1453,0.136,0.3426,0.1803,0.32,0.0,0.0152,,0.0,0.0152,,49643,18437,0.226,33190,7785,0.143,0.2579,0.1675,0.395,0.0769,0.1175,0.929,0.6445,0.1493,0.141,0.1517,0.104,0.417,482,144,0.182,0.1162,0.1065,0.557,1946,3,0.001,0.9004,0.0918,0.062,0.0,0.0352,,0.0,0.0352,,0.0,0.0352,,0.2676,0.146,0.332,114,71,0.379,312,119,0.232,0.2579,0.1524,0.359,963,97,0.061,89700,37679,0.255,0.7719,0.4727,0.372,0.7719,0.4362,0.343,0.1506,0.2122,0.856,0.7833,0.1425,0.111,0.0976,0.1118,0.696,0.0,0.0286,,0.0,0.0286,,0.119,0.0992,0.506,0.1455,0.0921,0.385
420035513002,Tract 5513 · BG 2,42003551300,0.0,1292,452,0.213,540,119,0.134,46.4,15.3,0.2,0.2546,0.1067,0.255,0.2693,0.1186,0.268,0.9156,0.1307,0.087,0.0759,0.0472,0.379,0.0046,0.0091,1.197,0.0039,0.0052,0.824,69000,23048,0.203,32525,6355,0.119,0.0651,0.0421,0.394,0.0646,0.0714,0.672,0.5293,0.138,0.158,0.2771,0.1223,0.268,647,131,0.123,0.1654,0.127,0.467,1961,5,0.002,0.7944,0.0756,0.058,0.0,0.0262,,0.1005,0.1063,0.643,0.0139,0.0284,1.239,0.0741,0.0665,0.546,40,37,0.562,500,117,0.142,0.0824,0.0837,0.618,1078,105,0.059,106900,19381,0.11,0.05,0.5463,6.642,0.05,0.1688,2.052,0.152,0.0995,0.398,0.6244,0.3216,0.313,0.08,0.0955,0.726,0.0,0.0267,,0.0,0.0267,,0.2489,0.2265,0.553,0.0926,0.0912,0.599
420035519001,Tract 5519 · BG 1,42003551900,0.0,1561,453,0.176,779,175,0.137,30.5,11.1,0.221,0.3389,0.1185,0.213,0.18,0.0427,0.144,0.3613,0.078,0.131,0.4247,0.1513,0.217,0.0,0.0077,,0.0621,0.0601,0.588,17194,15455,0.546,15933,4399,0.168,0.4857,0.268,0.335,0.2072,0.1579,0.463,0.399,0.0869,0.132,0.0255,0.0258,0.614,906,169,0.113,0.1402,0.062,0.269,1958,5,0.002,0.2583,0.0369,0.087,0.0,0.0187,,0.1987,0.0478,0.146,0.4294,0.0691,0.098,0.8537,0.1094,0.078,665,172,0.157,114,48,0.256,0.8752,0.1442,0.1,629,303,0.293,55000,24349,0.269,0.4105,0.2327,0.345,0.2496,0.2365,0.576,0.0965,0.3053,1.924,0.769,0.2724,0.215,0.1216,0.1482,0.741,0.0,0.0365,,0.0,0.0365,,0.0365,0.0445,0.741,0.5019,0.1893,0.229
420035520001,Tract 5520 · BG 1,42003552000,0.0,382,191,0.304,223,109,0.297,50.8,15.6,0.187,0.0759,0.1115,0.893,0.1545,0.1311,0.516,0.5079,0.2266,0.271,0.212,0.1986,0.569,0.0,0.0314,,0.0,0.0314,,47031,12258,0.158,27721,8867,0.194,0.0628,0.0707,0.684,0.0,0.0606,,0.5609,0.2167,0.235,0.098,0.105,0.651,295,120,0.247,0.2441,0.1497,0.373,1938,,,0.8271,0.21,0.154,0.1729,0.1377,0.484,0.0,0.0575,,0.0,0.0575,,0.4619,0.356,0.469,103,94,0.555,120,63,0.319,0.3927,0.278,0.43,1107,60,0.033,48200,6419,0.081,0.5146,0.2459,0.29,0.1262,0.1799,0.866,0.2917,0.3254,0.678,0.9495,0.141,0.09,0.0505,0.0798,0.961,0.0,0.0606,,0.0,0.0606,,0.0,0.0606,,0.2063,0.2457,0.724
420035520002,Tract 5520 · BG 2,42003552000,0.0,152,126,0.504,82,51,0.378,54.3,14.3,0.16,0.0,0.2233,,0.3158,0.2749,0.529,0.5921,0.4767,0.489,0.4079,0.2509,0.374,0.0,0.0789,,0.0,0.0789,,,,,13463,11960,0.54,0.6579,0.5032,0.465,0.0,0.9231,,0.0855,0.1108,0.788,0.0986,0.2006,1.237,207,96,0.282,0.6039,0.2937,0.296,1938,,,0.913,0.1502,0.1,0.0386,0.0911,1.432,0.0483,0.098,1.233,0.0,0.082,,0.2195,0.231,0.64,18,22,0.743,64,46,0.437,0.1184,0.1064,0.546,,,,,,,0.0,1.3333,,0.0,0.6667,,0.25,0.6259,1.522,1.0,0.0,0.0,0.0,0.9231,,0.0,0.9231,,0.0,0.9231,,0.0,0.9231,,0.3171,0.2495,0.478
420035520003,Tract 5520 · BG 3,42003552000,0.0,852,447,0.319,322,171,0.323,36.8,25.9,0.428,0.304,0.0697,0.139,0.2923,0.0991,0.206,0.4988,0.2807,0.342,0.5012,0.3079,0.374,0.0,0.0141,,0.0,0.0141,,63214,33604,0.323,21184,8349,0.24,0.2602,0.2727,0.637,0.0,0.0462,,0.4384,0.2196,0.305,0.0394,0.0385,0.595,322,171,0.323,0.0,0.0373,,1938,,,0.7081,0.1783,0.153,0.2919,0.3679,0.766,0.0,0.0527,,0.0,0.0527,,0.4783,0.3413,0.434,154,137,0.541,168,133,0.481,0.5117,0.3063,0.364,791,321,0.247,47000,36341,0.47,0.4481,0.5456,0.74,0.0909,0.1178,0.787,0.0655,0.208,1.931,0.6846,0.2795,0.248,0.0,0.0462,,0.0,0.0462,,0.0,0.0462,,0.0,0.0462,,0.1925,0.3216,1.015
420035520004,Tract 5520 · BG 4,42003552000,0.0,281,180,0.389,154,96,0.379,41.6,12.9,0.189,0.1246,0.1664,0.812,0.2278,0.1595,0.426,0.5623,0.255,0.276,0.2918,0.2287,0.476,0.0,0.0427,,0.0,0.0427,,38365,31495,0.499,26086,14886,0.347,0.1993,0.2303,0.702,0.2446,0.29,0.721,0.6548,0.2485,0.231,0.4231,0.2317,0.333,323,116,0.218,0.5232,0.1566,0.182,1938,,,0.7585,0.2095,0.168,0.0619,0.1005,0.987,0.0,0.0525,,0.0,0.0525,,0.3636,0.4163,0.696,56,73,0.792,98,63,0.391,0.1993,0.2263,0.69,,,,33300,22559,0.412,0.8393,0.7706,0.558,0.8393,0.6753,0.489,0.4592,0.4868,0.644,0.6299,0.133,0.128,0.3701,0.4898,0.804,0.0,0.0945,,0.0,0.0945,,0.0,0.0945,,0.3636,0.4219,0.705
420035521001,Tract 5521 · BG 1,42003552100,0.0,702,177,0.153,191,49,0.156,46.7,21.3,0.277,0.2678,0.0507,0.115,0.2664,0.1044,0.238,0.3234,0.0876,0.165,0.5598,0.1199,0.13,0.0,0.0171,,0.01,0.0183,1.119,13295,4386,0.201,12423,3837,0.188,0.6956,0.1017,0.089,0.2383,0.1085,0.277,0.3567,0.2143,0.365,0.0584,0.0657,0.684,317,50,0.096,0.3975,0.1131,0.173,1965,5,0.002,0.4637,0.1433,0.188,0.2177,0.1214,0.339,0.1483,0.1144,0.469,0.0757,0.0896,0.719,0.6126,0.1961,0.195,117,48,0.249,74,37,0.304,0.5462,0.2434,0.271,1036,352,0.207,31900,1586,0.03,0.812,0.4548,0.341,0.6581,0.3443,0.318,0.5811,0.5687,0.595,0.7534,0.5013,0.405,0.0,0.0822,,0.0,0.0822,,0.0,0.0822,,0.0,0.0822,,0.6387,0.2104,0.2
420035521002,Tract 5521 · BG 2,42003552100,0.0,548,237,0.263,157,101,0.391,60.4,20.7,0.208,0.1642,0.1494,0.553,0.4161,0.2346,0.343,0.3723,0.186,0.304,0.4526,0.3015,0.405,0.0,0.0219,,0.0109,0.0232,1.291,22969,9676,0.256,12369,3677,0.181,0.9571,0.1259,0.08,0.2571,0.2672,0.632,0.3057,0.263,0.523,0.0897,0.0683,0.463,165,101,0.372,0.0485,0.073,0.915,1970,28,0.009,0.0,0.0727,,0.0,0.1029,,0.2364,0.2878,0.74,0.3273,0.2772,0.515,1.0,0.0,0.0,157,101,0.391,0,12,,1.0,0.0,0.0,,,,,,,0.4204,0.4981,0.72,0.0064,0.038,3.626,,,,0.2143,1.3579,3.852,0.7143,1.6753,1.426,0.0,0.8571,,0.0,0.8571,,0.0714,0.7717,6.567,0.7771,0.3152,0.247
420035522001,Tract 5522 · BG 1,42003552200,0.0,855,162,0.115,415,94,0.138,44.9,16.2,0.219,0.1088,0.0628,0.351,0.2246,0.0682,0.185,0.648,0.0917,0.086,0.1544,0.1023,0.403,0.1146,0.1161,0.616,0.0,0.014,,49063,12095,0.15,32850,7102,0.131,0.1771,0.1073,0.368,0.19,0.1017,0.325,0.4974,0.0545,0.067,0.2015,0.103,0.311,521,83,0.097,0.2035,0.0801,0.239,1938,,,0.739,0.162,0.133,0.0211,0.0256,0.737,0.0441,0.058,0.799,0.0,0.0326,,0.3904,0.1631,0.254,162,77,0.289,253,77,0.185,0.4409,0.1582,0.218,1300,207,0.097,58900,29052,0.3,0.6358,0.277,0.265,0.4074,0.2863,0.427,0.1818,0.1493,0.499,0.7166,0.2965,0.252,0.0195,0.0287,0.893,0.0,0.0391,,0.0,0.0391,,0.1857,0.1563,0.512,0.1229,0.0865,0.428
420035523001,Tract 5523 · BG 1,42003552300,0.0,275,125,0.276,150,64,0.259,50.9,19.7,0.235,0.2182,0.185,0.515,0.32,0.1392,0.264,0.3236,0.1896,0.356,0.6218,0.217,0.212,0.0,0.0436,,0.0,0.0436,,13542,5212,0.234,19191,11620,0.368,0.7127,0.2566,0.219,0.2066,0.2516,0.74,0.5628,0.3521,0.38,0.186,0.1734,0.567,178,73,0.249,0.1573,0.1678,0.648,1938,,,1.0,0.0,0.0,0.0,0.0953,,0.0,0.0953,,0.0,0.0953,,0.32,0.2368,0.45,48,41,0.519,102,46,0.274,0.3444,0.2969,0.524,,,,,,,0.5625,0.5129,0.554,0.4167,0.4356,0.636,0.2255,0.3149,0.849,0.5938,0.4733,0.485,0.0,0.125,,0.1562,0.1906,0.741,0.0,0.125,,0.25,0.2484,0.604,0.2133,0.1364,0.389
420035523002,Tract 5523 · BG 2,42003552300,0.0,629,278,0.269,286,104,0.221,39.8,15.2,0.232,0.2496,0.1106,0.269,0.2099,0.067,0.194,0.2448,0.1648,0.409,0.7313,0.2174,0.181,0.0,0.0191,,0.0,0.0191,,52200,8626,0.1,30083,9658,0.195,0.07,0.0534,0.464,0.0769,0.0827,0.654,0.6059,0.2496,0.25,0.0107,0.0648,3.67,487,115,0.144,0.4127,0.1271,0.187,1938,,,0.8522,0.1155,0.082,0.0554,0.065,0.713,0.0616,0.0726,0.716,0.0,0.0348,,0.1818,0.1428,0.477,52,45,0.526,234,97,0.252,0.1892,0.1389,0.446,,,,52600,29534,0.341,0.75,0.5864,0.475,0.3077,0.4003,0.791,0.3419,0.2213,0.393,0.6694,0.3927,0.357,0.0082,0.0404,3.011,0.0939,0.1229,0.796,0.0,0.049,,0.151,0.1042,0.42,0.2028,0.1608,0.482
420035523003,Tract 5523 · BG 3,42003552300,0.0,693,270,0.237,301,130,0.263,36.2,13.9,0.233,0.1962,0.1005,0.311,0.0361,0.0564,0.951,0.2222,0.1599,0.437,0.6147,0.2192,0.217,0.0,0.0173,,0.0,0.0173,,22679,10237,0.274,12837,4747,0.225,0.6436,0.2121,0.2,0.1409,0.1601,0.691,0.2573,0.1748,0.413,0.0233,0.059,1.539,344,139,0.246,0.125,0.1047,0.509,1938,,,0.8169,0.1957,0.146,0.1017,0.093,0.556,0.0,0.0493,,0.0,0.0493,,0.3787,0.1196,0.192,114,61,0.325,187,114,0.371,0.4964,0.1943,0.238,1102,202,0.111,30100,28488,0.575,0.3596,0.3474,0.587,0.307,0.3199,0.633,0.0909,0.2055,1.374,0.6016,0.0695,0.07,0.3203,0.2853,0.541,0.0,0.0938,,0.0,0.0938,,0.0312,0.0904,1.758,0.5781,0.3186,0.335
420035524001,Tract 5524 · BG 1,42003552400,0.0,1031,569,0.335,294,189,0.391,15.8,21.9,0.843,0.5209,0.3761,0.439,0.0727,0.0322,0.269,0.5626,0.4362,0.471,0.3075,0.1579,0.312,0.0,0.0116,,0.0475,0.0373,0.477,50494,43157,0.52,14461,5764,0.242,0.6004,0.4144,0.42,0.4706,0.2395,0.309,0.8259,0.1058,0.078,0.0523,0.0673,0.782,353,176,0.303,0.1671,0.1737,0.632,1957,9,0.003,0.7025,0.3305,0.286,0.2578,0.3317,0.782,0.0,0.0481,,0.0,0.0481,,0.8673,0.2842,0.199,255,184,0.439,39,30,0.468,0.808,0.3236,0.243,1139,50,0.027,,,,0.498,0.517,0.631,0.0549,0.081,0.897,0.0,0.8703,,0.5231,0.0085,0.01,0.0,0.0556,,0.0,0.0556,,0.0,0.0556,,0.0,0.0556,,0.2891,0.3808,0.801
420035524002,Tract 5524 · BG 2,42003552400,0.0,1045,369,0.215,526,149,0.172,34.6,13.6,0.239,0.2383,0.1152,0.294,0.2182,0.0795,0.221,0.5091,0.2337,0.279,0.1579,0.1467,0.565,0.0,0.0115,,0.1694,0.2188,0.785,43529,20407,0.285,29274,8075,0.168,0.161,0.113,0.427,0.0197,0.0313,0.967,0.6825,0.1573,0.14,0.0,0.032,,601,159,0.161,0.1248,0.11,0.536,1941,13,0.004,0.8053,0.1705,0.129,0.1065,0.1012,0.578,0.0,0.0282,,0.0,0.0282,,0.365,0.1796,0.299,192,109,0.345,334,120,0.218,0.4268,0.2204,0.314,874,638,0.444,81900,15633,0.116,0.3229,0.2514,0.473,0.3229,0.2269,0.427,0.4102,0.2625,0.389,0.7409,0.1555,0.128,0.0,0.0219,,0.0,0.0219,,0.0,0.0219,,0.1788,0.1823,0.62,0.0494,0.0557,0.686
420035524003,Tract 5524 · BG 3,42003552400,0.0,1256,437,0.212,525,159,0.184,44.7,12.0,0.163,0.25,0.0886,0.215,0.215,0.0282,0.08,0.5947,0.2855,0.292,0.1584,0.0867,0.332,0.0088,0.0132,0.915,0.0,0.0096,,42288,12355,0.178,25550,6183,0.147,0.1075,0.062,0.35,0.0354,0.0361,0.619,0.5797,0.2309,0.242,0.1174,0.0605,0.313,604,166,0.167,0.1308,0.1206,0.56,1938,,,0.8825,0.0787,0.054,0.0977,0.1072,0.667,0.0,0.0281,,0.0,0.0281,,0.1238,0.122,0.599,65,67,0.627,460,143,0.189,0.1087,0.107,0.598,1110,93,0.051,87200,20192,0.141,0.7077,0.7346,0.631,0.7077,0.6613,0.568,0.2043,0.1369,0.407,0.8253,0.3435,0.253,0.0,0.0214,,0.0357,0.0421,0.718,0.0,0.0214,,0.139,0.0652,0.285,0.019,0.0361,1.153
420035604001,Tract 5604 · BG 1,42003560400,0.0,726,158,0.132,330,77,0.142,33.9,7.4,0.133,0.0758,0.0504,0.404,0.1791,0.0615,0.209,0.4642,0.0366,0.048,0.1983,0.0769,0.236,0.0303,0.0181,0.364,0.1928,0.1797,0.567,63571,21370,0.204,34138,6279,0.112,0.1581,0.1198,0.461,0.0612,0.0485,0.482,0.5842,0.0763,0.079,0.7259,0.1986,0.166,374,87,0.141,0.1176,0.1089,0.563,1938,,,0.1444,0.1349,0.568,0.5374,0.1277,0.144,0.1417,0.0745,0.32,0.0,0.0454,,0.8515,0.0743,0.053,281,70,0.151,49,47,0.583,0.8514,0.1324,0.095,1347,182,0.082,309300,223208,0.439,0.6228,0.2751,0.269,0.2491,0.1591,0.388,0.0,0.6927,,0.5083,0.1906,0.228,0.1492,0.0717,0.292,0.0083,0.0136,0.999,0.0,0.0331,,0.2376,0.1758,0.45,0.2,0.1114,0.339
420035604002,Tract 5604 · BG 2,42003560400,0.0,763,201,0.16,488,106,0.132,35.4,9.4,0.161,0.0891,0.0811,0.553,0.1769,0.09,0.309,0.3709,0.1078,0.177,0.5242,0.1896,0.22,0.0315,0.0276,0.534,0.0354,0.0217,0.372,42344,12338,0.177,30593,8985,0.179,0.359,0.2155,0.365,0.0333,0.0339,0.619,0.6598,0.1071,0.099,0.3566,0.0763,0.13,560,101,0.11,0.1286,0.1064,0.503,1953,5,0.002,0.0464,0.0217,0.283,0.3982,0.1549,0.236,0.4286,0.1367,0.194,0.1125,0.0641,0.346,0.9549,0.0645,0.041,466,106,0.138,22,14,0.387,0.9334,0.077,0.05,1063,106,0.061,114300,56351,0.3,0.4227,0.1908,0.274,0.2039,0.1564,0.466,0.0,1.5428,,0.3319,0.1765,0.323,0.3319,0.1392,0.255,0.0642,0.0585,0.554,0.0288,0.0342,0.723,0.1925,0.0867,0.274,0.3996,0.1323,0.201
420035605001,Tract 5605 · BG 1,42003560500,0.0,1134,327,0.175,789,268,0.206,35.5,5.8,0.099,0.0591,0.052,0.536,0.0785,0.0428,0.331,0.8007,0.1099,0.083,0.0441,0.0431,0.595,0.1155,0.117,0.616,0.0079,0.013,0.998,88938,35726,0.244,62152,21112,0.206,0.1605,0.1169,0.443,0.0186,0.0199,0.649,0.8051,0.1643,0.124,0.711,0.2198,0.188,847,262,0.188,0.0685,0.0639,0.567,1950,15,0.005,0.2562,0.081,0.192,0.3459,0.2801,0.492,0.3211,0.1552,0.294,0.0,0.02,,0.7376,0.2549,0.21,582,282,0.295,207,107,0.314,0.7143,0.1967,0.167,1207,199,0.1,156500,35136,0.136,0.2973,0.1876,0.384,0.1993,0.2052,0.626,0.1159,0.1827,0.958,0.4585,0.2669,0.354,0.011,0.0166,0.919,0.1037,0.099,0.581,0.0122,0.0202,1.009,0.4146,0.1491,0.219,0.1014,0.0517,0.31
420035605002,Tract 5605 · BG 2,42003560500,0.0,1173,230,0.119,601,115,0.116,36.6,5.7,0.095,0.1253,0.0553,0.268,0.2225,0.0649,0.177,0.7545,0.0522,0.042,0.0878,0.1,0.692,0.0767,0.0735,0.582,0.0725,0.0719,0.603,95568,28357,0.18,61854,11389,0.112,0.0239,0.0218,0.556,0.124,0.1034,0.507,0.6981,0.0835,0.073,0.693,0.0722,0.063,667,121,0.11,0.099,0.0973,0.598,1938,,,0.5007,0.0977,0.119,0.1784,0.0764,0.26,0.1904,0.116,0.37,0.039,0.0396,0.618,0.3777,0.1157,0.186,227,82,0.22,374,103,0.167,0.3026,0.1113,0.224,1248,327,0.159,275900,40401,0.089,0.3965,0.1695,0.26,0.1718,0.1315,0.465,0.1417,0.1474,0.633,0.3758,0.0826,0.134,0.2673,0.1235,0.281,0.0079,0.0141,1.087,0.0,0.0189,,0.3113,0.0952,0.186,0.1364,0.1108,0.494
420035614001,Tract 5614 · BG 1,42003561400,0.0,438,325,0.451,221,133,0.366,54.6,6.5,0.072,0.1667,0.1661,0.606,0.105,0.1018,0.589,0.7557,0.7808,0.628,0.0753,0.1226,0.989,0.0,0.0274,,0.0342,0.0661,1.173,145129,76867,0.322,77255,22714,0.179,0.1279,0.1217,0.579,0.0,0.0432,,0.7616,0.3059,0.244,0.6621,0.6471,0.594,221,133,0.366,0.0,0.0543,,1948,10,0.003,0.914,0.2327,0.155,0.0,0.0768,,0.0,0.0768,,0.0,0.0768,,0.0,0.0543,,0,12,,221,133,0.366,0.0,0.0277,,,,,196300,30670,0.095,,,,,,,0.2172,0.2382,0.667,0.7086,0.3797,0.326,0.0,0.0432,,0.0,0.0432,,0.0,0.0432,,0.2914,0.1849,0.386,0.0,0.0768,
420035614002,Tract 5614 · BG 2,42003561400,0.0,753,392,0.316,441,195,0.269,58.4,38.8,0.404,0.1355,0.2048,0.919,0.3453,0.2502,0.44,0.0903,0.0802,0.54,0.8287,0.2644,0.194,0.0,0.0159,,0.077,0.1084,0.855,53690,21921,0.248,37071,10483,0.172,0.1195,0.1159,0.589,0.0113,0.0378,2.029,0.6774,0.2993,0.269,0.2818,0.0857,0.185,485,190,0.238,0.0907,0.1099,0.736,1954,10,0.003,0.7113,0.1479,0.126,0.0289,0.0542,1.141,0.0,0.035,,0.0,0.035,,0.2562,0.2197,0.521,113,109,0.586,328,167,0.31,0.2975,0.2982,0.609,1069,126,0.072,105000,96137,0.557,0.3097,0.4461,0.876,0.3097,0.4064,0.798,0.3232,0.4108,0.773,0.3991,0.2819,0.429,0.1307,0.1273,0.592,0.078,0.1177,0.918,0.0,0.0275,,0.3509,0.2792,0.484,0.1179,0.1302,0.671
420035614003,Tract 5614 · BG 3,42003561400,0.0,754,342,0.276,529,213,0.245,61.2,9.5,0.094,0.0716,0.1223,1.038,0.3621,0.2341,0.393,0.0,0.0159,,0.8289,0.5229,0.383,0.0,0.0159,,0.0,0.0159,,,,,24605,7839,0.194,0.252,0.238,0.574,0.2765,0.3272,0.719,0.2429,0.2192,0.549,0.0743,0.0836,0.684,743,242,0.198,0.288,0.2131,0.45,1957,16,0.005,0.0538,0.0843,0.952,0.0,0.0228,,0.179,0.1312,0.446,0.6016,0.1986,0.201,1.0,0.0,0.0,529,213,0.245,0,12,,1.0,0.0,0.0,648,94,0.088,,,,0.414,0.3402,0.5,0.3251,0.3284,0.614,,,,0.4065,0.4974,0.744,0.0,0.0976,,0.0,0.0976,,0.0,0.0976,,0.5935,0.4386,0.449,0.8809,0.1381,0.095
420035614004,Tract 5614 · BG 4,42003561400,0.0,1579,374,0.144,1009,202,0.122,39.8,7.1,0.108,0.2242,0.1358,0.368,0.1425,0.079,0.337,0.3129,0.121,0.235,0.4769,0.201,0.256,0.0101,0.0169,1.016,0.0728,0.0786,0.656,42316,7433,0.107,34329,8757,0.155,0.2223,0.1343,0.367,0.0959,0.0995,0.631,0.7572,0.1742,0.14,0.2132,0.1155,0.329,1115,183,0.1,0.0951,0.0947,0.605,1965,4,0.001,0.3283,0.1114,0.206,0.0493,0.0667,0.823,0.2762,0.1486,0.327,0.2951,0.1299,0.268,0.8444,0.1264,0.091,852,213,0.152,157,83,0.321,0.8638,0.1303,0.092,978,119,0.074,,,,0.6526,0.1809,0.168,0.3251,0.168,0.314,0.1019,0.2599,1.551,0.4737,0.1629,0.209,0.3091,0.1873,0.368,0.0,0.0134,,0.0,0.0134,,0.2172,0.1394,0.39,0.1625,0.1058,0.396
420035615001,Tract 5615 · BG 1,42003561500,0.0,1669,419,0.153,872,174,0.121,59.5,8.9,0.091,0.0521,0.0533,0.622,0.4116,0.0209,0.031,0.3996,0.0846,0.129,0.4715,0.1576,0.203,0.0228,0.0367,0.98,0.0761,0.0866,0.692,54531,30645,0.342,49402,15858,0.195,0.0545,0.0423,0.472,0.0736,0.0739,0.61,0.5841,0.0974,0.101,0.3139,0.0635,0.123,931,172,0.112,0.0634,0.0743,0.712,1964,20,0.006,0.3115,0.0995,0.194,0.1192,0.1056,0.539,0.1633,0.0643,0.239,0.0999,0.0886,0.539,0.492,0.1671,0.206,429,169,0.239,443,123,0.169,0.5219,0.2028,0.236,1088,165,0.092,120400,26316,0.133,0.5524,0.2286,0.252,0.345,0.2091,0.369,0.1738,0.1256,0.439,0.5409,0.1822,0.205,0.1671,0.1493,0.543,0.0047,0.0092,1.202,0.0,0.014,,0.2185,0.1059,0.295,0.1995,0.1277,0.389
420035615002,Tract 5615 · BG 2,42003561500,0.0,739,332,0.273,476,173,0.221,44.2,13.5,0.186,0.1299,0.1097,0.513,0.2165,0.0447,0.126,0.406,0.2451,0.367,0.5507,0.2834,0.313,0.0,0.0162,,0.0,0.0162,,39914,29015,0.442,35616,19908,0.34,0.4317,0.3808,0.536,0.2936,0.2445,0.506,0.535,0.048,0.055,0.3996,0.1229,0.187,570,176,0.188,0.1649,0.1679,0.619,1951,15,0.005,0.2544,0.147,0.351,0.1368,0.1061,0.471,0.0,0.0298,,0.4474,0.144,0.196,0.8403,0.2009,0.145,400,174,0.264,76,51,0.408,0.8457,0.2372,0.17,1216,138,0.069,74700,15466,0.126,0.6175,0.2027,0.2,0.365,0.2516,0.419,0.2237,0.5364,1.458,0.4321,0.2287,0.322,0.0,0.0494,,0.0,0.0494,,0.0,0.0494,,0.3251,0.2636,0.493,0.1891,0.141,0.453
420035615003,Tract 5615 · BG 3,42003561500,0.0,240,219,0.555,83,64,0.469,27.4,17.2,0.382,0.3542,0.1889,0.324,0.1542,0.1576,0.621,0.7667,0.6791,0.538,0.2333,0.2979,0.776,0.0,0.05,,0.0,0.05,,,,,22055,35932,0.99,0.5917,0.5048,0.519,0.0,0.5714,,0.1355,0.2051,0.92,0.271,0.3208,0.72,284,155,0.332,0.7077,0.3339,0.287,1941,5,0.002,0.4437,0.1699,0.233,0.2746,0.2784,0.616,0.0,0.0598,,0.0,0.0598,,0.4699,0.5548,0.718,39,55,0.857,44,37,0.511,0.6833,0.7277,0.647,,,,,,,1.0,0.5329,0.324,1.0,0.0,0.0,0.4091,0.9147,1.359,0.0,0.5714,,1.0,0.0,0.0,0.0,0.5714,,0.0,0.5714,,0.0,0.5714,,0.1084,0.2058,1.154
420035619001,Tract 5619 · BG 1,42003561900,1.0,488,197,0.245,277,129,0.283,66.8,6.7,0.061,0.0,0.0696,,0.5307,0.1863,0.213,0.0328,0.0181,0.335,0.9365,0.1356,0.088,0.0,0.0246,,0.0041,0.0163,2.419,,,,22576,5714,0.154,0.1537,0.0754,0.298,0.297,0.1999,0.409,0.3381,0.2095,0.377,0.2357,0.1195,0.308,435,145,0.203,0.3632,0.1384,0.232,1956,2,0.001,0.8,0.1802,0.137,0.0,0.039,,0.0,0.039,,0.1563,0.1258,0.489,0.13,0.115,0.538,36,36,0.608,241,125,0.315,0.0766,0.0695,0.551,273,139,0.31,49000,47150,0.585,0.0,0.6667,,0.0,0.3333,,0.1328,0.1684,0.771,0.8534,0.2832,0.202,0.0,0.1034,,0.0,0.1034,,0.0,0.1034,,0.0,0.1034,,0.1408,0.1096,0.473
420035619002,Tract 5619 · BG 2,42003561900,1.0,1344,477,0.216,627,162,0.157,33.9,22.8,0.409,0.2716,0.2053,0.46,0.122,0.0365,0.182,0.0208,0.0319,0.931,0.9323,0.1684,0.11,0.0,0.0089,,0.006,0.0117,1.197,41250,39012,0.575,20683,6159,0.181,0.4926,0.2522,0.311,0.1044,0.1162,0.677,0.6306,0.0574,0.055,0.1763,0.1147,0.395,690,156,0.137,0.0913,0.1008,0.671,1956,6,0.002,0.8522,0.121,0.086,0.0,0.0246,,0.0,0.0246,,0.0,0.0246,,0.3365,0.1162,0.21,211,91,0.262,416,136,0.199,0.2872,0.0711,0.15,,,,80300,27252,0.206,0.9194,0.2075,0.137,0.0711,0.1046,0.894,0.2812,0.1767,0.382,0.671,0.0595,0.054,0.1091,0.0728,0.406,0.0,0.0222,,0.0,0.0222,,0.037,0.0575,0.946,0.1388,0.124,0.543
420035620001,Tract 5620 · BG 1,42003562000,1.0,974,252,0.157,688,202,0.178,27.0,1.5,0.034,0.0811,0.0732,0.549,0.1263,0.0724,0.349,0.4877,0.0901,0.112,0.0298,0.0466,0.951,0.385,0.2004,0.316,0.0852,0.0802,0.572,25161,9413,0.227,26498,5248,0.12,0.3162,0.1719,0.331,0.0567,0.0196,0.21,0.7006,0.1545,0.134,1.0,0.094,0.057,900,200,0.135,0.2356,0.1711,0.441,1970,38,0.012,0.0,0.0133,,0.0167,0.0296,1.079,0.0922,0.0499,0.329,0.8756,0.1505,0.104,0.8706,0.1224,0.085,599,195,0.198,89,38,0.26,0.7885,0.1506,0.116,1212,103,0.052,361300,39156,0.066,0.8698,0.1532,0.107,0.596,0.2048,0.209,0.6404,0.5433,0.516,0.1431,0.0747,0.317,0.0309,0.049,0.963,0.53,0.2405,0.276,0.0174,0.0283,0.989,0.2785,0.1225,0.267,0.3852,0.1735,0.274
420035620002,Tract 5620 · BG 2,42003562000,1.0,866,264,0.185,721,206,0.174,30.8,5.2,0.103,0.0,0.0392,,0.1143,0.0728,0.387,0.5219,0.1577,0.184,0.067,0.0758,0.688,0.3337,0.1865,0.34,0.0566,0.0587,0.631,35352,14812,0.255,41424,15869,0.233,0.2875,0.1296,0.274,0.0749,0.0853,0.692,0.7552,0.1873,0.151,0.6998,0.2477,0.215,858,201,0.142,0.1597,0.1576,0.6,1957,14,0.004,0.049,0.044,0.546,0.0524,0.0536,0.621,0.2646,0.1643,0.378,0.634,0.1919,0.184,0.8474,0.1437,0.103,611,203,0.202,110,34,0.188,0.873,0.1415,0.099,1268,129,0.062,9999,,,0.599,0.2026,0.206,0.2193,0.1223,0.339,0.0,0.3086,,0.1851,0.1263,0.415,0.2727,0.2262,0.504,0.1388,0.1001,0.438,0.038,0.0588,0.94,0.2033,0.1879,0.562,0.4854,0.1379,0.173
420035620003,Tract 5620 · BG 3,42003562000,1.0,625,194,0.189,353,117,0.201,38.6,27.4,0.432,0.1024,0.108,0.641,0.2512,0.1015,0.246,0.4368,0.1843,0.256,0.232,0.1078,0.282,0.3184,0.2222,0.424,0.0128,0.0253,1.201,22022,21669,0.598,67000,39574,0.359,0.4426,0.2894,0.398,0.0,0.043,,0.4973,0.0948,0.116,0.5704,0.176,0.188,353,117,0.201,0.0,0.034,,1955,10,0.003,0.255,0.154,0.367,0.017,0.0541,1.936,0.1076,0.1441,0.814,0.5694,0.2064,0.22,0.6941,0.1749,0.153,245,102,0.253,108,60,0.338,0.5637,0.1758,0.19,1109,867,0.475,,,,0.3959,0.2796,0.429,0.1388,0.1571,0.688,0.4444,0.5691,0.778,0.3333,0.2193,0.4,0.0573,0.0945,1.001,0.172,0.1716,0.606,0.0,0.043,,0.3082,0.2201,0.434,0.3966,0.1877,0.288
420035623001,Tract 5623 · BG 1,42003562300,1.0,1693,674,0.242,529,196,0.225,52.6,13.7,0.158,0.2132,0.1116,0.318,0.3089,0.1619,0.319,0.3054,0.1121,0.223,0.508,0.1175,0.141,0.0,0.0071,,0.0177,0.0182,0.623,40481,34816,0.523,20674,5425,0.16,0.279,0.1339,0.292,0.049,0.0508,0.631,0.3936,0.1536,0.237,0.122,0.0832,0.415,606,190,0.191,0.1271,0.1102,0.527,1938,,,0.6155,0.1524,0.15,0.033,0.0389,0.717,0.0413,0.0645,0.95,0.2261,0.1449,0.39,0.5331,0.1846,0.21,282,143,0.308,247,140,0.345,0.439,0.1384,0.192,,,,84000,3811,0.028,0.2801,0.1855,0.402,0.2092,0.1844,0.536,0.2632,0.2481,0.573,0.2303,0.1819,0.48,0.2848,0.2332,0.498,0.0,0.0242,,0.0,0.0242,,0.3616,0.3223,0.542,0.3365,0.1906,0.344
420035623002,Tract 5623 · BG 2,42003562300,1.0,0,12,,0,12,,,,,,,,,,,,,,,,,,,,,,,,,,,,,,,,,,,,,,,,,0,12,,,,,,,,,,,,,,,,,,,,,,,0,12,,0,12,,,,,,,,,,,,,,,,,,,,,,,,,,,,,,,,,,,,,
420035623003,Tract 5623 · BG 3,42003562300,1.0,1681,481,0.174,854,222,0.158,41.9,10.5,0.152,0.2338,0.0882,0.229,0.2058,0.0704,0.208,0.401,0.0879,0.133,0.4289,0.1608,0.228,0.0137,0.0223,0.989,0.1214,0.1144,0.573,40000,35077,0.533,26957,6602,0.149,0.251,0.1177,0.285,0.0809,0.0857,0.644,0.5883,0.1087,0.112,0.2464,0.0896,0.221,1062,237,0.136,0.1959,0.0908,0.282,1938,,,0.6139,0.1373,0.136,0.0763,0.0569,0.453,0.0989,0.099,0.608,0.0895,0.0543,0.369,0.4614,0.1776,0.234,394,183,0.282,460,163,0.215,0.4851,0.2231,0.28,643,360,0.34,121400,57511,0.288,0.5457,0.2954,0.329,0.4695,0.2964,0.384,0.2239,0.1846,0.501,0.4219,0.1023,0.147,0.302,0.2531,0.51,0.0774,0.0938,0.737,0.0,0.0182,,0.1624,0.0832,0.312,0.24,0.1372,0.348
420035624001,Tract 5624 · BG 1,42003562400,1.0,776,171,0.134,402,91,0.138,55.4,12.8,0.14,0.0992,0.0938,0.575,0.2436,0.0853,0.213,0.9317,0.2882,0.188,0.0116,0.0179,0.936,0.0,0.0155,,0.0013,0.0064,3.037,80658,26799,0.202,38624,4670,0.074,0.0619,0.0648,0.637,0.0,0.0221,,0.7404,0.1458,0.12,0.2861,0.1155,0.245,402,91,0.138,0.0,0.0299,,1951,4,0.001,0.893,0.2652,0.181,0.107,0.1256,0.714,0.0,0.0422,,0.0,0.0422,,0.1716,0.1518,0.538,69,63,0.555,333,63,0.115,0.116,0.0945,0.496,1108,109,0.06,117200,16632,0.086,0.4928,0.5893,0.727,0.0145,0.0712,2.988,0.1171,0.1278,0.663,0.5227,0.1835,0.213,0.1364,0.1634,0.729,0.0189,0.0298,0.955,0.0,0.0227,,0.1326,0.0899,0.412,0.1095,0.1234,0.685
420035624002,Tract 5624 · BG 2,42003562400,1.0,527,270,0.311,201,88,0.266,17.5,20.7,0.719,0.5332,0.3743,0.427,0.093,0.0867,0.567,0.019,0.0288,0.921,0.9658,0.1252,0.079,0.0,0.0228,,0.0,0.0228,,,,,14184,10161,0.435,0.5844,0.4029,0.419,0.0538,0.0807,0.913,0.5299,0.1476,0.169,0.2381,0.1933,0.494,292,85,0.177,0.3116,0.2033,0.397,1938,,,0.887,0.0685,0.047,0.0,0.0581,,0.0,0.0581,,0.0,0.0581,,0.7015,0.2609,0.226,141,81,0.349,60,44,0.446,0.8691,0.2757,0.193,1309,192,0.089,43600,17930,0.25,0.8723,0.3655,0.255,0.5603,0.33,0.358,0.0,0.5657,,0.3067,0.2359,0.468,0.08,0.0854,0.649,0.0,0.16,,0.0,0.16,,0.28,0.1242,0.27,0.3383,0.2705,0.486
420035624003,Tract 5624 · BG 3,42003562400,1.0,1467,604,0.25,495,179,0.22,34.5,17.3,0.305,0.3252,0.0997,0.186,0.1063,0.0477,0.273,0.0893,0.102,0.694,0.5406,0.2445,0.275,0.0,0.0082,,0.2965,0.2152,0.441,37131,14028,0.23,16675,7661,0.279,0.6026,0.3501,0.353,0.2128,0.1221,0.349,0.5617,0.2685,0.291,0.2316,0.1794,0.471,621,176,0.172,0.2029,0.0988,0.296,1938,,,0.9002,0.1409,0.095,0.058,0.0748,0.784,0.0419,0.0584,0.848,0.0,0.0273,,0.4747,0.2595,0.332,235,154,0.398,260,117,0.274,0.5549,0.3101,0.34,1158,407,0.214,37900,27165,0.436,0.2596,0.2628,0.616,0.217,0.2617,0.733,0.2192,0.2203,0.611,0.3669,0.1715,0.284,0.4436,0.2091,0.287,0.0959,0.114,0.722,0.0,0.0288,,0.024,0.0397,1.006,0.1253,0.1383,0.671
420035625001,Tract 5625 · BG 1,42003562500,1.0,634,429,0.411,164,97,0.36,15.1,6.9,0.278,0.6104,0.5107,0.509,0.0773,0.0661,0.52,0.1467,0.0672,0.279,0.8533,0.3248,0.231,0.0,0.0189,,0.0,0.0189,,,,,11978,8118,0.412,0.5315,0.4744,0.543,0.164,0.2347,0.87,0.6799,0.2476,0.221,0.0667,0.1334,1.216,288,122,0.258,0.4306,0.2141,0.302,1938,,,0.7118,0.2344,0.2,0.066,0.1087,1.001,0.0,0.0589,,0.0,0.0589,,0.4146,0.4427,0.649,68,83,0.742,96,71,0.45,0.4385,0.555,0.769,,,,128800,72952,0.344,1.0,0.3057,0.186,1.0,0.0,0.0,0.2604,0.3766,0.879,0.4128,0.2429,0.358,0.2018,0.1489,0.449,0.0,0.1101,,0.0,0.1101,,0.3853,0.414,0.653,0.3963,0.4366,0.67
420035625002,Tract 5625 · BG 2,42003562500,1.0,832,302,0.221,410,127,0.188,38.8,9.2,0.144,0.1995,0.1077,0.328,0.1575,0.1118,0.432,0.3413,0.0461,0.082,0.4868,0.1734,0.217,0.0,0.0144,,0.0,0.0144,,57500,4402,0.047,33684,9922,0.179,0.0565,0.0845,0.91,0.0304,0.0718,1.434,0.6411,0.3308,0.314,0.3829,0.1464,0.232,410,127,0.188,0.0,0.0293,,1938,,,0.6415,0.1372,0.13,0.0,0.0414,,0.0805,0.1278,0.965,0.278,0.2346,0.513,0.5463,0.2328,0.259,224,118,0.32,186,79,0.258,0.4303,0.2439,0.345,533,260,0.297,87600,46653,0.324,0.1473,0.2464,1.017,0.0,0.0536,,0.1667,0.2553,0.931,0.7215,0.2949,0.248,0.043,0.0664,0.937,0.0,0.0304,,0.0,0.0304,,0.2354,0.1761,0.455,0.2854,0.235,0.501
420035625003,Tract 5625 · BG 3,42003562500,1.0,1521,451,0.18,550,127,0.14,30.8,0.7,0.014,0.2617,0.0735,0.171,0.0394,0.0326,0.502,0.1742,0.1108,0.387,0.6884,0.3198,0.282,0.0,0.0079,,0.0,0.0079,,91370,16931,0.113,28579,4396,0.094,0.1039,0.0882,0.516,0.0,0.0155,,0.6871,0.1815,0.161,0.3287,0.1698,0.314,579,122,0.128,0.0501,0.077,0.935,1938,,,0.5579,0.177,0.193,0.2539,0.2488,0.596,0.1157,0.174,0.914,0.0225,0.0415,1.124,0.3145,0.2553,0.493,173,146,0.513,377,167,0.269,0.3588,0.2672,0.453,2045,1370,0.407,112100,11562,0.063,0.6763,0.5515,0.496,0.0751,0.1168,0.945,0.122,0.1891,0.942,0.6774,0.21,0.188,0.0077,0.0139,1.089,0.031,0.0475,0.932,0.0,0.0155,,0.0129,0.02,0.943,0.1691,0.1892,0.68
420035626001,Tract 5626 · BG 1,42003562600,1.0,1461,485,0.202,682,247,0.22,33.9,11.5,0.206,0.1164,0.0881,0.46,0.1164,0.0655,0.342,0.6674,0.1199,0.109,0.2724,0.1866,0.416,0.0041,0.0143,2.118,0.0089,0.0155,1.056,,,,34066,4521,0.081,0.0719,0.0565,0.478,0.0473,0.0414,0.532,0.835,0.1774,0.129,0.2388,0.066,0.168,747,250,0.203,0.087,0.0834,0.583,1938,,,0.4029,0.1747,0.264,0.3681,0.2943,0.486,0.0723,0.1083,0.91,0.0522,0.0639,0.744,0.4648,0.299,0.391,317,234,0.449,365,102,0.17,0.269,0.1427,0.323,474,263,0.337,85600,35413,0.251,0.2429,0.2177,0.545,0.0599,0.0942,0.956,0.0658,0.1071,0.99,0.8487,0.2082,0.149,0.0158,0.0188,0.721,0.0099,0.0153,0.943,0.0,0.0119,,0.0861,0.0387,0.273,0.1554,0.0755,0.295
420035626002,Tract 5626 · BG 2,42003562600,1.0,1178,421,0.217,723,235,0.198,42.2,6.4,0.092,0.2207,0.0972,0.268,0.1358,0.0434,0.194,0.5161,0.2467,0.291,0.4312,0.256,0.361,0.0042,0.0101,1.443,0.0,0.0102,,36250,17458,0.293,31262,11936,0.232,0.1689,0.0776,0.279,0.1531,0.0848,0.337,0.6421,0.2255,0.213,0.0761,0.0556,0.445,848,233,0.167,0.1474,0.1232,0.508,1949,10,0.003,0.7264,0.1525,0.128,0.0684,0.0529,0.47,0.0,0.02,,0.0,0.02,,0.6141,0.2635,0.261,444,239,0.327,279,94,0.205,0.6435,0.2758,0.261,1087,86,0.048,83800,17718,0.129,0.5811,0.2921,0.306,0.3649,0.2859,0.476,0.2903,0.19,0.398,0.6267,0.2848,0.276,0.0295,0.0428,0.883,0.0,0.0236,,0.0,0.0236,,0.2456,0.2029,0.502,0.2614,0.1483,0.345
420035627001,Tract 5627 · BG 1,42003562700,1.0,545,193,0.215,300,91,0.184,34.9,5.6,0.098,0.0294,0.0746,1.544,0.1817,0.0886,0.297,0.9174,0.1362,0.09,0.0404,0.0588,0.886,0.0,0.022,,0.0422,0.0159,0.229,146375,36970,0.154,92730,28037,0.184,0.0661,0.0479,0.441,0.0,0.0313,,0.7028,0.1692,0.146,0.6226,0.0471,0.046,320,109,0.207,0.0625,0.1009,0.981,1938,,,0.1094,0.0826,0.459,0.1312,0.1168,0.541,0.5406,0.1602,0.18,0.0,0.053,,0.7833,0.1543,0.12,235,85,0.22,65,40,0.374,0.6762,0.1672,0.15,1596,251,0.096,480400,102307,0.129,0.3021,0.1655,0.333,0.2255,0.1195,0.322,0.0,0.5222,,0.5248,0.0687,0.08,0.0104,0.015,0.874,0.0679,0.0755,0.676,0.0,0.0313,,0.3943,0.1317,0.203,0.0933,0.0755,0.492
420035627002,Tract 5627 · BG 2,42003562700,1.0,1404,266,0.115,1042,141,0.082,31.0,3.4,0.067,0.0826,0.0619,0.456,0.1239,0.0458,0.224,0.5983,0.1072,0.109,0.1695,0.0738,0.265,0.1496,0.0746,0.303,0.0399,0.0275,0.419,52131,6899,0.08,47161,7433,0.096,0.215,0.1038,0.294,0.0409,0.0337,0.501,0.7585,0.0954,0.076,0.7451,0.1054,0.086,1085,137,0.077,0.0396,0.043,0.66,1975,2,0.001,0.0,0.0111,,0.0636,0.062,0.592,0.035,0.0356,0.618,0.8636,0.0722,0.051,0.9501,0.0356,0.023,990,139,0.085,52,27,0.316,0.936,0.2461,0.16,1311,86,0.04,303700,200957,0.402,0.4798,0.11,0.139,0.1929,0.074,0.233,0.2692,0.6581,1.486,0.2769,0.0517,0.113,0.0409,0.0323,0.479,0.2328,0.0888,0.232,0.0,0.0129,,0.4429,0.1531,0.21,0.2946,0.0787,0.162
420035628001,Tract 5628 · BG 1,42003562800,1.0,431,142,0.2,181,56,0.188,33.4,9.5,0.173,0.2158,0.1387,0.391,0.1392,0.104,0.454,0.7077,0.3289,0.283,0.1114,0.1125,0.614,0.0,0.0278,,0.0,0.0278,,58750,7688,0.08,34165,12010,0.214,0.1091,0.1033,0.576,0.06,0.1103,1.118,0.7396,0.13,0.107,0.3074,0.1227,0.243,181,56,0.188,0.0,0.0663,,1942,10,0.003,0.5635,0.0957,0.103,0.337,0.2539,0.458,0.0552,0.1047,1.152,0.0,0.0938,,0.5746,0.2186,0.231,104,51,0.298,77,36,0.284,0.6271,0.2725,0.264,1140,207,0.11,131100,8245,0.038,0.0,0.2308,,0.0,0.1154,,0.3766,0.5146,0.831,0.4619,0.1701,0.224,0.0538,0.1513,1.71,0.0717,0.1277,1.082,0.0,0.0538,,0.4126,0.1365,0.201,0.0939,0.0905,0.586
420035628002,Tract 5628 · BG 2,42003562800,1.0,1132,187,0.1,573,96,0.102,51.4,9.3,0.11,0.1493,0.0554,0.225,0.2809,0.0802,0.174,0.8472,0.0736,0.053,0.0035,0.0062,1.059,0.0822,0.0891,0.659,0.0062,0.0097,0.95,66339,22263,0.204,34928,4514,0.079,0.1166,0.0747,0.39,0.1161,0.109,0.57,0.5852,0.1022,0.106,0.4095,0.134,0.199,642,110,0.104,0.1075,0.0789,0.446,1956,5,0.002,0.5966,0.0913,0.093,0.0732,0.0824,0.685,0.0623,0.0481,0.469,0.215,0.0829,0.235,0.3665,0.0995,0.165,210,67,0.194,363,89,0.149,0.3816,0.1206,0.192,772,393,0.309,176700,24120,0.083,0.2905,0.1511,0.316,0.1238,0.0919,0.451,0.1956,0.1603,0.498,0.7902,0.135,0.104,0.0353,0.0402,0.692,0.0137,0.0193,0.855,0.0,0.0235,,0.098,0.049,0.304,0.1117,0.0726,0.395
420035629011,Tract 5629.01 · BG 1,42003562901,1.0,592,273,0.28,180,78,0.263,18.6,17.7,0.578,0.4865,0.0288,0.036,0.0659,0.0765,0.706,0.277,0.1302,0.286,0.1993,0.1081,0.33,0.0034,0.0083,1.494,0.125,0.1766,0.859,17031,4938,0.176,7753,2662,0.209,0.6926,0.3806,0.334,0.3073,0.2848,0.564,0.5756,0.1662,0.176,0.0526,0.1039,1.2,225,84,0.227,0.2,0.1807,0.549,1938,,,0.3733,0.2221,0.362,0.0,0.0754,,0.1467,0.213,0.883,0.0,0.0754,,0.9222,0.1363,0.09,166,76,0.278,14,20,0.868,0.9764,0.0827,0.051,1125,692,0.374,,,,0.8855,0.3262,0.224,0.5783,0.2966,0.312,0.0,2.4244,,0.4103,0.4775,0.707,0.5385,0.3379,0.382,0.0,0.1026,,0.0,0.1026,,0.0,0.1026,,0.6056,0.2798,0.281
420035629012,Tract 5629.01 · BG 2,42003562901,1.0,1051,300,0.174,443,73,0.1,35.6,6.2,0.106,0.2912,0.09,0.188,0.1779,0.0471,0.161,0.607,0.2,0.2,0.2902,0.1797,0.377,0.0105,0.013,0.754,0.02,0.0221,0.673,56406,9953,0.107,30955,7848,0.154,0.2588,0.2112,0.496,0.0,0.0236,,0.6724,0.0915,0.083,0.3462,0.0917,0.161,562,92,0.1,0.2117,0.1326,0.381,1954,8,0.002,0.8114,0.076,0.057,0.0463,0.0656,0.862,0.0,0.0302,,0.0,0.0302,,0.3521,0.1566,0.27,156,74,0.288,287,60,0.127,0.4405,0.2196,0.303,1277,209,0.099,259700,35282,0.083,0.5321,0.2113,0.241,0.4295,0.2042,0.289,0.2439,0.1774,0.442,0.7381,0.1502,0.124,0.0635,0.064,0.613,0.0,0.0238,,0.0179,0.0355,1.209,0.1508,0.0744,0.3,0.0564,0.064,0.689
420035630001,Tract 5630 · BG 1,42003563000,1.0,976,342,0.213,450,133,0.18,35.5,10.9,0.187,0.2152,0.0952,0.269,0.2131,0.1057,0.301,0.3094,0.0308,0.06,0.2203,0.106,0.293,0.2018,0.2334,0.703,0.2182,0.1656,0.461,41875,25705,0.373,32683,11949,0.222,0.248,0.2302,0.564,0.0258,0.0407,0.959,0.658,0.1455,0.134,0.4387,0.1521,0.211,450,133,0.18,0.0,0.0267,,1966,21,0.006,0.1756,0.1276,0.442,0.0,0.0377,,0.2467,0.1451,0.358,0.1867,0.1964,0.639,0.72,0.1494,0.126,324,117,0.22,126,101,0.487,0.8161,0.2126,0.158,1392,88,0.038,,,,0.6049,0.2106,0.212,0.3272,0.1809,0.336,0.1746,0.2724,0.948,0.5634,0.2106,0.227,0.0753,0.0905,0.731,0.043,0.0692,0.978,0.0,0.0258,,0.2688,0.1252,0.283,0.1311,0.0884,0.41
420035630002,Tract 5630 · BG 2,42003563000,1.0,930,338,0.221,362,102,0.171,42.3,7.2,0.103,0.228,0.0824,0.22,0.1742,0.056,0.195,0.6774,0.1302,0.117,0.3226,0.12,0.226,0.0,0.0129,,0.0,0.0129,,50721,18056,0.216,29275,10599,0.22,0.0312,0.0541,1.055,0.0786,0.0909,0.703,0.585,0.0705,0.073,0.4021,0.2049,0.31,362,102,0.171,0.0,0.0331,,1954,5,0.002,0.9696,0.1128,0.071,0.0,0.0469,,0.0,0.0469,,0.0,0.0469,,0.1133,0.0971,0.521,41,37,0.549,321,104,0.197,0.0957,0.081,0.515,1317,535,0.247,141100,20956,0.09,0.2683,0.6427,1.456,0.2683,0.3951,0.895,0.3458,0.2075,0.365,0.5142,0.113,0.134,0.3204,0.2523,0.479,0.0,0.031,,0.0,0.031,,0.1189,0.1241,0.635,0.2459,0.1579,0.391
420035630003,Tract 5630 · BG 3,42003563000,1.0,1388,514,0.225,508,122,0.146,34.5,12.6,0.222,0.1693,0.0535,0.192,0.1844,0.0928,0.306,0.397,0.1909,0.292,0.5353,0.2665,0.303,0.005,0.0084,1.018,0.0,0.0086,,75571,11559,0.093,33925,6920,0.124,0.0915,0.0636,0.422,0.0252,0.0269,0.648,0.6491,0.2075,0.194,0.2737,0.0911,0.202,657,134,0.124,0.2268,0.1402,0.376,1963,8,0.002,0.7154,0.1314,0.112,0.0594,0.0669,0.685,0.0533,0.085,0.97,0.0,0.0258,,0.3071,0.1567,0.31,156,88,0.343,352,103,0.178,0.1945,0.0716,0.224,1009,109,0.066,108900,11260,0.063,0.5449,0.4085,0.456,0.5449,0.3862,0.431,0.1278,0.1209,0.575,0.5815,0.3709,0.388,0.1409,0.0764,0.33,0.0,0.0166,,0.0,0.0166,,0.0773,0.0506,0.398,0.1614,0.1291,0.486
420035631001,Tract 5631 · BG 1,42003563100,1.0,1008,281,0.169,544,179,0.2,45.1,7.5,0.101,0.1091,0.0598,0.333,0.2262,0.0405,0.109,0.8036,0.1041,0.079,0.0625,0.0507,0.493,0.0913,0.0657,0.437,0.0,0.0119,,70278,24395,0.211,46519,5494,0.072,0.0794,0.0911,0.698,0.1132,0.0691,0.371,0.744,0.1603,0.131,0.4159,0.1603,0.234,643,189,0.179,0.154,0.1225,0.484,1952,5,0.002,0.8258,0.1231,0.091,0.0156,0.0308,1.203,0.0233,0.0426,1.11,0.0,0.0264,,0.1857,0.1338,0.438,101,80,0.482,443,163,0.224,0.1393,0.1212,0.529,1549,876,0.344,152500,19492,0.078,0.3069,0.2666,0.528,0.099,0.1376,0.845,0.1354,0.1205,0.541,0.67,0.142,0.129,0.02,0.0308,0.936,0.0117,0.0398,2.072,0.0,0.02,,0.12,0.0743,0.376,0.0257,0.042,0.993
420035631002,Tract 5631 · BG 2,42003563100,1.0,2639,699,0.161,1103,191,0.105,34.6,2.9,0.051,0.2338,0.0798,0.207,0.1429,0.0484,0.206,0.637,0.1963,0.187,0.0618,0.0428,0.422,0.2149,0.0949,0.268,0.0864,0.081,0.57,72144,7189,0.061,42323,8738,0.126,0.0129,0.0132,0.624,0.0853,0.075,0.535,0.6664,0.2483,0.227,0.3137,0.0964,0.187,1109,192,0.105,0.0054,0.0099,1.11,1952,5,0.002,0.7367,0.1197,0.099,0.009,0.0187,1.261,0.0911,0.0876,0.585,0.0902,0.0612,0.413,0.3046,0.0941,0.188,336,119,0.215,767,199,0.158,0.3528,0.0952,0.164,1006,160,0.097,189600,16123,0.052,0.2708,0.2087,0.468,0.0208,0.0319,0.931,0.1408,0.1065,0.46,0.4945,0.089,0.109,0.0583,0.0478,0.498,0.0039,0.007,1.085,0.0,0.0094,,0.185,0.0764,0.251,0.0073,0.0147,1.233
420035632011,Tract 5632.01 · BG 1,42003563201,1.0,366,126,0.209,275,86,0.19,44.9,29.4,0.398,0.0,0.0927,,0.1202,0.1202,0.608,0.8907,0.1441,0.098,0.0,0.0328,,0.0437,0.0582,0.809,0.0656,0.0645,0.598,103281,20884,0.123,115984,36897,0.193,0.0464,0.0569,0.745,0.0508,0.0506,0.605,0.8607,0.12,0.085,0.7821,0.3769,0.293,304,94,0.188,0.0954,0.0732,0.467,1994,4,0.001,0.1612,0.1739,0.656,0.0164,0.0454,1.679,0.1776,0.1207,0.413,0.6447,0.1604,0.151,0.8873,0.0744,0.051,244,79,0.197,31,49,0.961,0.9153,0.1,0.066,1982,281,0.086,,,,0.1516,0.1108,0.444,0.0943,0.0805,0.519,0.0,1.0949,,0.5251,0.2095,0.243,0.0502,0.071,0.86,0.0769,0.06,0.474,0.0,0.0401,,0.2843,0.1437,0.307,0.0255,0.0612,1.461
420035632021,Tract 5632.02 · BG 1,42003563202,1.0,1000,238,0.145,722,192,0.162,55.5,5.9,0.065,0.038,0.0495,0.791,0.229,0.0804,0.213,0.518,0.1228,0.144,0.406,0.1495,0.224,0.021,0.0286,0.827,0.032,0.0484,0.92,37024,15673,0.257,54166,13518,0.152,0.301,0.1727,0.349,0.1201,0.1249,0.632,0.5541,0.1321,0.145,0.4342,0.1111,0.156,810,212,0.159,0.1086,0.0997,0.558,1950,19,0.006,0.0605,0.0362,0.364,0.1728,0.0892,0.314,0.0296,0.0356,0.731,0.5296,0.2161,0.248,0.7659,0.1795,0.142,553,196,0.215,169,63,0.227,0.7128,0.163,0.139,478,396,0.504,419700,101949,0.148,0.3671,0.1982,0.328,0.1483,0.1502,0.616,0.0947,0.1977,1.269,0.4641,0.0997,0.131,0.0784,0.0823,0.638,0.1939,0.1425,0.447,0.0218,0.0339,0.947,0.1351,0.0972,0.438,0.554,0.1866,0.205
420035632022,Tract 5632.02 · BG 2,42003563202,1.0,934,148,0.096,522,99,0.115,39.3,4.7,0.073,0.1146,0.0439,0.233,0.1285,0.0571,0.27,0.8715,0.061,0.043,0.0385,0.0446,0.703,0.0,0.0128,,0.0,0.0128,,102754,14550,0.086,64972,14968,0.14,0.0418,0.034,0.494,0.0,0.0183,,0.7932,0.1186,0.091,0.5832,0.1349,0.141,757,110,0.088,0.3104,0.1228,0.24,1938,,,0.1506,0.0693,0.28,0.2906,0.1208,0.253,0.0462,0.0754,0.991,0.1096,0.0749,0.415,0.4713,0.1541,0.199,246,93,0.23,276,70,0.154,0.454,0.1422,0.19,1166,419,0.218,340800,47936,0.086,0.2805,0.2,0.433,0.0488,0.0792,0.987,0.1341,0.1308,0.593,0.4024,0.1444,0.218,0.0366,0.0542,0.901,0.154,0.0584,0.231,0.0518,0.0441,0.517,0.2454,0.1094,0.271,0.1686,0.1113,0.401
420035633001,Tract 5633 · BG 1,42003563300,0.0,672,102,0.092,264,52,0.12,46.8,7.7,0.1,0.2307,0.0297,0.078,0.2917,0.0676,0.141,0.8973,0.067,0.045,0.0,0.0179,,0.0208,0.0161,0.469,0.0238,0.019,0.485,175000,39507,0.137,89877,12315,0.083,0.0179,0.0171,0.584,0.0445,0.0231,0.315,0.552,0.1152,0.127,0.7042,0.0951,0.082,288,51,0.108,0.0833,0.0749,0.547,1982,4,0.001,1.0,0.0,0.0,0.0,0.0589,,0.0,0.0589,,0.0,0.0589,,0.0076,0.0113,0.904,2,3,0.912,262,52,0.121,0.003,0.0044,0.907,,,,486400,42000,0.052,0.0,12.0,,0.0,6.0,,0.229,0.1529,0.406,0.663,0.0618,0.057,0.0,0.044,,0.0,0.044,,0.0,0.044,,0.2857,0.085,0.181,0.0379,0.0563,0.904
420035633002,Tract 5633 · BG 2,42003563300,0.0,690,87,0.077,316,44,0.085,52.1,1.8,0.021,0.1957,0.0425,0.132,0.2696,0.0388,0.087,0.9391,0.034,0.022,0.029,0.0258,0.542,0.0,0.0174,,0.0043,0.0043,0.603,203214,44260,0.132,155972,24951,0.097,0.0118,0.0118,0.608,0.0372,0.0366,0.598,0.5103,0.0675,0.08,0.7132,0.0262,0.022,370,44,0.072,0.1459,0.0597,0.249,1958,8,0.002,0.9162,0.1461,0.097,0.0054,0.0334,3.759,0.0,0.0459,,0.0,0.0459,,0.1139,0.0514,0.274,36,17,0.287,280,44,0.096,0.0942,0.0448,0.289,1563,603,0.235,1062500,275424,0.158,0.3056,0.4321,0.86,0.1667,0.2664,0.972,0.2393,0.0739,0.188,0.6078,0.0673,0.067,0.0,0.0424,,0.0141,0.0139,0.596,0.0,0.0424,,0.3074,0.1197,0.237,0.0158,0.0411,1.578
420035638001,Tract 5638 · BG 1,42003563800,0.0,704,134,0.116,271,40,0.09,46.6,8.6,0.112,0.2031,0.0447,0.134,0.2472,0.0127,0.031,0.9446,0.058,0.037,0.0,0.017,,0.0057,0.0085,0.904,0.0057,0.0085,0.904,123875,13631,0.067,54464,7877,0.088,0.0227,0.0128,0.341,0.0347,0.0282,0.494,0.5966,0.053,0.054,0.4807,0.0172,0.022,279,40,0.087,0.0287,0.0211,0.448,1953,3,0.001,0.9892,0.021,0.013,0.0036,0.0436,7.395,0.0,0.0608,,0.0072,0.0443,3.759,0.0738,0.0353,0.29,20,10,0.304,251,42,0.102,0.0511,0.0252,0.299,1714,244,0.087,348400,27221,0.047,0.2,0.8718,2.65,0.0,0.6,,0.2629,0.0946,0.219,0.6979,0.0472,0.041,0.006,0.009,0.905,0.0,0.0363,,0.0,0.0363,,0.2356,0.0686,0.177,0.0369,0.0574,0.945
420035638002,Tract 5638 · BG 2,42003563800,0.0,1747,264,0.092,904,130,0.087,74.8,9.4,0.076,0.1105,0.0245,0.135,0.5924,0.0693,0.071,0.9513,0.0427,0.027,0.0132,0.0194,0.894,0.0137,0.0182,0.805,0.0023,0.004,1.06,78750,23854,0.184,69215,15410,0.135,0.0544,0.031,0.346,0.1104,0.1059,0.583,0.3064,0.0421,0.083,0.4808,0.1084,0.137,1075,129,0.073,0.1591,0.0534,0.204,1995,5,0.002,0.3005,0.0485,0.098,0.0065,0.0134,1.25,0.0298,0.0154,0.315,0.4716,0.0993,0.128,0.5221,0.1013,0.118,472,114,0.147,432,71,0.1,0.458,0.1283,0.17,3501,,,291100,27741,0.058,0.4513,0.1442,0.194,0.3263,0.1082,0.202,0.3218,0.098,0.185,0.7071,0.0844,0.073,0.0,0.0286,,0.0,0.0286,,0.0,0.0286,,0.2167,0.0616,0.173,0.2323,0.1096,0.287
420035638003,Tract 5638 · BG 3,42003563800,0.0,199,46,0.141,86,23,0.163,39.6,10.2,0.157,0.1809,0.0811,0.273,0.196,0.1008,0.313,0.8995,0.0752,0.051,0.0,0.0603,,0.0,0.0603,,0.0302,0.0548,1.106,98750,35435,0.218,52200,12319,0.143,0.0251,0.0244,0.591,0.1154,0.084,0.443,0.7927,0.1659,0.127,0.3507,0.1686,0.292,100,25,0.152,0.14,0.1356,0.589,1945,11,0.003,0.87,0.0748,0.052,0.05,0.1384,1.682,0.0,0.1697,,0.0,0.1697,,0.1628,0.1448,0.541,14,13,0.564,72,21,0.177,0.1457,0.1262,0.527,1188,336,0.172,165400,19560,0.072,0.4286,1.5987,2.268,0.0,0.8571,,0.1667,0.3036,1.107,0.6522,0.1159,0.108,0.0,0.1043,,0.0087,0.0259,1.814,0.0,0.1043,,0.1478,0.0935,0.385,0.0,0.1973,
420035638004,Tract 5638 · BG 4,42003563800,0.0,99,51,0.313,42,18,0.261,60.8,11.6,0.116,0.0808,0.2491,1.874,0.404,0.2317,0.349,0.8788,0.1736,0.12,0.0,0.1212,,0.0,0.1212,,0.1111,0.1403,0.768,67778,22401,0.201,41404,17274,0.254,0.0101,0.1228,7.389,0.0263,0.0511,1.181,0.4176,0.2995,0.436,0.2584,0.1252,0.294,59,21,0.216,0.2881,0.214,0.451,1938,,,1.0,0.0,0.0,0.0,0.2876,,0.0,0.2876,,0.0,0.2876,,0.0238,0.0465,1.188,1,2,1.216,41,19,0.282,0.0202,0.0285,0.856,,,,163800,51805,0.192,1.0,20.7846,12.635,0.0,12.0,,0.0488,0.7775,9.689,0.5135,0.2068,0.245,0.0,0.3243,,0.0,0.3243,,0.0,0.3243,,0.4865,0.2597,0.324,0.0476,0.2938,3.751
420035638005,Tract 5638 · BG 5,42003563800,0.0,585,109,0.113,196,31,0.096,41.1,6.9,0.102,0.2821,0.05,0.108,0.1761,0.0224,0.077,0.8444,0.2225,0.16,0.0957,0.1166,0.74,0.0103,0.0101,0.597,0.0068,0.0102,0.905,136000,51500,0.23,77886,11786,0.092,0.0243,0.0242,0.604,0.0504,0.0493,0.595,0.659,0.092,0.085,0.7302,0.0799,0.067,208,32,0.094,0.0577,0.0667,0.703,1941,9,0.003,0.9615,0.2066,0.131,0.0192,0.0644,2.037,0.0096,0.0594,3.759,0.0,0.0816,,0.0408,0.0351,0.523,8,7,0.532,188,32,0.103,0.0248,0.0208,0.509,,,,581700,76676,0.08,0.0,3.0,,0.0,1.5,,0.2181,0.1203,0.335,0.4498,0.0794,0.107,0.0074,0.0111,0.904,0.0595,0.0392,0.4,0.0149,0.0184,0.75,0.4089,0.1069,0.159,0.0816,0.0972,0.723
420035638006,Tract 5638 · BG 6,42003563800,0.0,304,51,0.102,107,17,0.097,43.2,6.9,0.097,0.2533,0.0462,0.111,0.1283,0.0364,0.172,0.9671,0.0427,0.027,0.0,0.0395,,0.0197,0.0161,0.496,0.0066,0.0098,0.906,234375,31606,0.082,89569,13668,0.093,0.0066,0.0092,0.854,0.0341,0.0393,0.7,0.7243,0.0353,0.03,0.8641,0.0214,0.015,111,18,0.099,0.036,0.0537,0.907,1938,,,0.991,0.0217,0.013,0.0,0.1529,,0.0,0.1529,,0.0,0.1529,,0.0,0.1121,,0,12,,107,17,0.097,0.0,0.0395,,,,,542500,70150,0.079,,,,,,,0.0561,0.2314,2.509,0.631,0.102,0.098,0.0,0.0714,,0.0,0.0714,,0.0,0.0714,,0.3333,0.0877,0.16,0.0093,0.1156,7.519
420035639001,Tract 5639 · BG 1,42003563900,0.0,768,186,0.147,394,110,0.17,39.5,6.2,0.095,0.2135,0.0638,0.182,0.1667,0.0229,0.083,0.6875,0.089,0.079,0.2161,0.1221,0.343,0.0221,0.0255,0.7,0.0052,0.0103,1.207,59120,3921,0.04,34939,5169,0.09,0.0703,0.0501,0.433,0.0557,0.0508,0.554,0.683,0.1218,0.108,0.1823,0.0613,0.204,461,112,0.148,0.1453,0.0933,0.39,1956,3,0.001,0.7657,0.1276,0.101,0.2234,0.0652,0.177,0.0,0.0368,,0.0,0.0368,,0.4924,0.2012,0.248,194,96,0.301,200,61,0.185,0.3646,0.1273,0.212,799,128,0.097,120000,14817,0.075,0.4072,0.1192,0.178,0.1856,0.1432,0.469,0.18,0.1245,0.421,0.7518,0.1464,0.118,0.0442,0.0343,0.472,0.0098,0.0144,0.893,0.0,0.0295,,0.0958,0.0569,0.361,0.0533,0.0517,0.59
420035639002,Tract 5639 · BG 2,42003563900,0.0,1187,336,0.172,616,156,0.154,37.9,3.6,0.058,0.1921,0.0691,0.219,0.1289,0.0581,0.274,0.5122,0.1247,0.148,0.2949,0.0993,0.205,0.0067,0.0099,0.895,0.0986,0.1111,0.685,66439,32536,0.298,42669,10976,0.156,0.0632,0.0425,0.409,0.0751,0.0693,0.561,0.7367,0.0715,0.059,0.4491,0.0999,0.135,713,171,0.146,0.136,0.1,0.447,1938,,,0.5877,0.0725,0.075,0.0715,0.0662,0.563,0.0449,0.0617,0.835,0.0,0.0238,,0.5065,0.1655,0.199,312,129,0.251,304,88,0.176,0.385,0.0688,0.109,1193,161,0.082,159100,22802,0.087,0.4231,0.2997,0.431,0.0737,0.0741,0.611,0.2632,0.1868,0.432,0.5594,0.134,0.146,0.0992,0.0666,0.408,0.0391,0.0469,0.729,0.0,0.018,,0.212,0.0942,0.27,0.0666,0.0663,0.606
420035639003,Tract 5639 · BG 3,42003563900,0.0,1143,499,0.265,464,133,0.174,34.6,7.3,0.128,0.2581,0.1258,0.296,0.0857,0.0389,0.276,0.6229,0.2871,0.28,0.2415,0.1228,0.309,0.0,0.0105,,0.0534,0.0509,0.58,88557,12958,0.089,37287,8365,0.136,0.0691,0.049,0.431,0.2076,0.1872,0.548,0.8408,0.188,0.136,0.5471,0.3087,0.343,574,150,0.159,0.1916,0.1263,0.401,1938,,,0.5087,0.2169,0.259,0.399,0.1608,0.245,0.0174,0.0345,1.205,0.0,0.0296,,0.4353,0.1623,0.227,202,95,0.286,262,139,0.323,0.2371,0.1462,0.375,1047,96,0.056,141700,16695,0.072,0.1931,0.1639,0.516,0.1337,0.1235,0.562,0.0687,0.1303,1.153,0.6333,0.2624,0.252,0.051,0.0525,0.625,0.0,0.0227,,0.0,0.0227,,0.2268,0.1146,0.307,0.1832,0.0863,0.286
420035639004,Tract 5639 · BG 4,42003563900,0.0,810,193,0.145,461,118,0.156,50.5,13.6,0.164,0.0852,0.0755,0.539,0.2642,0.0752,0.173,0.9494,0.0893,0.057,0.0173,0.0268,0.944,0.0,0.0148,,0.0333,0.055,1.003,107083,35070,0.199,109198,52874,0.294,0.0,0.021,,0.0154,0.0236,0.93,0.7868,0.1186,0.092,0.6716,0.1719,0.156,472,119,0.153,0.0233,0.0334,0.871,1960,4,0.001,0.9216,0.0481,0.032,0.0,0.036,,0.0169,0.0342,1.227,0.0,0.036,,0.0976,0.1078,0.671,45,51,0.689,416,109,0.159,0.1025,0.1235,0.733,,,,192000,15127,0.048,0.1556,0.5034,1.967,0.0,0.2667,,0.1058,0.1325,0.762,0.5222,0.2188,0.255,0.0124,0.0192,0.938,0.0,0.0213,,0.0,0.0213,,0.4263,0.2466,0.352,0.0,0.0368,
420035640001,Tract 5640 · BG 1,42003564000,0.0,3790,910,0.146,1165,215,0.112,32.9,6.4,0.118,0.3483,0.1092,0.191,0.0459,0.0214,0.284,0.8873,0.1107,0.076,0.0485,0.0713,0.893,0.0116,0.0124,0.647,0.0061,0.0097,0.967,181890,16690,0.056,61888,14469,0.142,0.0069,0.0106,0.943,0.1099,0.0931,0.515,0.8083,0.096,0.072,0.8473,0.1185,0.085,1165,215,0.112,0.0,0.0103,,2012,3,0.001,0.8532,0.0895,0.064,0.0,0.0146,,0.0,0.0146,,0.1313,0.0803,0.372,0.1313,0.0797,0.369,153,97,0.385,1012,210,0.126,0.0578,0.0331,0.348,1646,278,0.103,418200,32705,0.048,0.4837,0.487,0.612,0.2614,0.4194,0.975,0.0939,0.0712,0.461,0.7348,0.1242,0.103,0.0095,0.0149,0.957,0.0,0.0067,,0.0,0.0067,,0.2066,0.0659,0.194,0.0,0.0146,
420035640002,Tract 5640 · BG 2,42003564000,0.0,2129,500,0.143,915,191,0.127,43.8,5.9,0.082,0.1902,0.0525,0.168,0.1874,0.0573,0.186,0.9169,0.0668,0.044,0.0,0.0056,,0.016,0.0179,0.683,0.0,0.0056,,114315,42294,0.225,58686,9428,0.098,0.0014,0.0027,1.173,0.0495,0.0471,0.579,0.6906,0.0819,0.072,0.5474,0.1006,0.112,915,191,0.127,0.0,0.0131,,1994,9,0.003,0.7443,0.1345,0.11,0.0273,0.0463,1.031,0.0481,0.0759,0.959,0.0,0.0185,,0.1005,0.0905,0.547,92,85,0.562,823,199,0.147,0.0433,0.0387,0.543,654,135,0.125,370900,102517,0.168,0.0,0.2609,,0.0,0.1304,,0.1312,0.122,0.565,0.7778,0.0897,0.07,0.0156,0.0249,0.968,0.0,0.0104,,0.0,0.0104,,0.1858,0.1039,0.34,0.0339,0.0525,0.943
420035640003,Tract 5640 · BG 3,42003564000,0.0,437,253,0.352,211,101,0.291,38.9,8.9,0.139,0.0755,0.1021,0.822,0.2265,0.0651,0.175,1.0,0.0,0.0,0.0,0.0275,,0.0,0.0275,,0.0,0.0275,,61607,50435,0.498,46236,19004,0.25,0.135,0.1256,0.566,0.0,0.0469,,0.6337,0.4924,0.472,0.1887,0.1634,0.526,288,110,0.232,0.2674,0.2282,0.519,1938,,,0.8229,0.2463,0.182,0.0625,0.0845,0.822,0.0,0.0589,,0.0382,0.0827,1.316,0.109,0.1064,0.593,23,25,0.661,188,100,0.323,0.0984,0.0858,0.53,1697,340,0.122,98700,57732,0.356,0.6522,0.9983,0.931,0.4783,0.7506,0.954,0.3351,0.339,0.615,0.9336,0.1848,0.12,0.0,0.0469,,0.0195,0.0294,0.914,0.0,0.0469,,0.0195,0.0294,0.914,0.0521,0.1119,1.305
420035640004,Tract 5640 · BG 4,42003564000,0.0,1096,382,0.212,544,152,0.17,59.5,9.5,0.097,0.1086,0.0646,0.362,0.2345,0.1173,0.304,0.7044,0.3401,0.294,0.0447,0.0496,0.675,0.1743,0.2566,0.895,0.0328,0.0498,0.922,102632,46435,0.275,57662,13296,0.14,0.1077,0.1034,0.584,0.0293,0.0448,0.928,0.8025,0.4001,0.303,0.395,0.102,0.157,652,196,0.183,0.1656,0.1788,0.656,1994,31,0.009,0.6181,0.2185,0.215,0.0291,0.0502,1.048,0.0322,0.053,1.0,0.0,0.026,,0.3732,0.2191,0.357,203,132,0.395,341,113,0.201,0.2847,0.1639,0.35,808,237,0.178,255600,95964,0.228,0.0936,0.1778,1.155,0.0,0.0591,,0.3314,0.1981,0.363,0.6931,0.1957,0.172,0.0778,0.118,0.922,0.0,0.0167,,0.0,0.0167,,0.1319,0.0851,0.392,0.0772,0.0937,0.738
420035641001,Tract 5641 · BG 1,42003564100,0.0,534,87,0.099,270,76,0.171,54.9,4.6,0.051,0.1685,0.0156,0.056,0.382,0.1274,0.203,0.7903,0.1549,0.119,0.0206,0.0317,0.934,0.0019,0.0037,1.212,0.0112,0.0073,0.393,93750,63699,0.413,104073,11294,0.066,0.0056,0.0231,2.504,0.0545,0.0496,0.553,0.4911,0.1061,0.131,0.7747,0.1155,0.091,270,76,0.171,0.0,0.0444,,1952,4,0.001,0.9963,0.0242,0.015,0.0,0.0629,,0.0,0.0629,,0.0037,0.045,7.393,0.0222,0.0134,0.367,6,4,0.405,264,76,0.175,0.0375,0.0255,0.414,,,,446200,10451,0.014,0.0,4.0,,0.0,2.0,,0.1515,0.0534,0.214,0.7019,0.0603,0.052,0.0048,0.0096,1.214,0.0,0.0577,,0.0,0.0577,,0.2644,0.0653,0.15,0.0,0.0629,
420035641002,Tract 5641 · BG 2,42003564100,0.0,464,66,0.086,160,22,0.084,43.0,2.3,0.033,0.2802,0.0325,0.071,0.2177,0.0209,0.058,0.8707,0.0372,0.026,0.0086,0.0085,0.602,0.0065,0.0064,0.602,0.0474,0.036,0.462,231250,37721,0.099,99270,13333,0.082,0.0022,0.0262,7.395,0.012,0.0119,0.601,0.7246,0.0489,0.041,0.784,0.0525,0.041,160,22,0.084,0.0,0.075,,1956,5,0.002,0.9625,0.1864,0.118,0.025,0.079,1.921,0.0,0.1061,,0.0,0.1061,,0.0438,0.0243,0.337,7,4,0.347,153,22,0.087,0.0302,0.0167,0.336,,,,469100,31439,0.041,0.0,3.4286,,0.0,1.7143,,0.0327,0.1603,2.982,0.5894,0.0777,0.08,0.0081,0.0203,1.517,0.0,0.0488,,0.0,0.0488,,0.3537,0.0615,0.106,0.0125,0.076,3.697
420035642001,Tract 5642 · BG 1,42003564200,0.0,312,96,0.187,156,45,0.175,59.7,8.1,0.082,0.0641,0.0596,0.565,0.4006,0.0586,0.089,0.9679,0.4191,0.263,0.0,0.0385,,0.0,0.0385,,0.0321,0.0405,0.768,49167,24414,0.302,40430,11109,0.167,0.1795,0.1528,0.518,0.0643,0.0815,0.77,0.4778,0.1346,0.171,0.1558,0.0868,0.339,162,45,0.169,0.037,0.0483,0.793,1953,6,0.002,0.963,0.0749,0.047,0.0,0.1048,,0.0,0.1048,,0.0,0.1048,,0.0833,0.0663,0.484,13,11,0.514,143,44,0.187,0.0609,0.0443,0.442,950,176,0.113,116000,18780,0.098,0.4615,1.6979,2.236,0.0,0.9231,,0.2727,0.2339,0.521,0.7634,0.1828,0.146,0.0,0.0916,,0.0687,0.0787,0.696,0.0,0.0916,,0.145,0.087,0.365,0.0449,0.0993,1.345
420035642002,Tract 5642 · BG 2,42003564200,0.0,952,326,0.208,482,99,0.125,57.9,9.0,0.094,0.1702,0.1138,0.406,0.3109,0.1481,0.289,0.8792,0.3981,0.275,0.0525,0.0538,0.623,0.0,0.0126,,0.0,0.0126,,58558,6459,0.067,37587,11027,0.178,0.0641,0.0531,0.503,0.0347,0.0509,0.891,0.5038,0.1115,0.135,0.2658,0.0968,0.221,555,94,0.103,0.1315,0.1333,0.616,1969,6,0.002,0.6108,0.1225,0.122,0.018,0.0359,1.211,0.3009,0.1531,0.309,0.0,0.0306,,0.2967,0.1272,0.261,143,68,0.289,339,89,0.16,0.25,0.1077,0.262,1068,70,0.04,159000,25338,0.097,0.2937,0.1936,0.401,0.1399,0.1309,0.569,0.1947,0.1628,0.508,0.7892,0.1076,0.083,0.0,0.0308,,0.0,0.0308,,0.0,0.0308,,0.1285,0.1098,0.519,0.0498,0.0518,0.633
420035642003,Tract 5642 · BG 3,42003564200,0.0,846,205,0.147,347,87,0.152,63.2,7.2,0.069,0.1596,0.0861,0.328,0.4054,0.1022,0.153,0.8652,0.1191,0.084,0.0,0.0142,,0.0,0.0142,,0.0307,0.0443,0.876,82440,54176,0.399,49700,9840,0.12,0.0491,0.0517,0.64,0.0968,0.0824,0.518,0.5075,0.1877,0.225,0.3319,0.101,0.185,347,87,0.152,0.0,0.0346,,1979,9,0.003,0.8963,0.0366,0.025,0.0,0.0489,,0.0,0.0489,,0.0,0.0489,,0.0893,0.1072,0.729,31,38,0.745,316,68,0.131,0.0709,0.0954,0.818,,,,170800,18336,0.065,0.1935,0.691,2.17,0.1935,0.1673,0.526,0.1519,0.1294,0.518,0.492,0.1688,0.209,0.0,0.0386,,0.0,0.0386,,0.0,0.0386,,0.3762,0.1465,0.237,0.072,0.1134,0.957
420035644001,Tract 5644 · BG 1,42003564400,0.0,1141,346,0.184,502,121,0.147,60.3,17.8,0.179,0.0841,0.086,0.621,0.3786,0.1248,0.2,0.9036,0.1149,0.077,0.0298,0.0465,0.948,0.0088,0.0129,0.893,0.0,0.0105,,63984,8600,0.082,34582,6354,0.112,0.0333,0.0361,0.658,0.0676,0.0706,0.634,0.5943,0.0946,0.097,0.2006,0.0747,0.226,502,121,0.147,0.0,0.0239,,1974,3,0.001,0.4143,0.1001,0.147,0.0398,0.075,1.144,0.0359,0.0601,1.018,0.0558,0.0976,1.064,0.1673,0.1314,0.477,84,69,0.499,418,118,0.172,0.1788,0.135,0.459,1109,823,0.451,118400,40977,0.21,0.4048,0.4612,0.693,0.0,0.1429,,0.0981,0.106,0.657,0.6373,0.1405,0.134,0.0,0.0207,,0.0553,0.0594,0.653,0.0,0.0207,,0.2504,0.1226,0.298,0.0,0.0338,
420035644002,Tract 5644 · BG 2,42003564400,0.0,1055,487,0.281,422,165,0.238,49.0,16.6,0.206,0.1422,0.0674,0.288,0.3071,0.0556,0.11,0.9498,0.1216,0.078,0.0502,0.0831,1.005,0.0,0.0114,,0.0,0.0114,,62436,19105,0.186,33056,12463,0.229,0.0938,0.0986,0.639,0.0,0.0395,,0.3359,0.1272,0.23,0.1287,0.0727,0.343,454,159,0.213,0.0705,0.1073,0.926,1954,6,0.002,1.0,0.0,0.0,0.0,0.0374,,0.0,0.0374,,0.0,0.0374,,0.0924,0.1375,0.905,39,60,0.935,383,159,0.252,0.1014,0.1502,0.9,,,,127300,26852,0.128,0.0,0.6154,,0.0,0.3077,,0.3159,0.188,0.362,0.845,0.1519,0.109,0.0,0.0443,,0.0,0.0443,,0.0,0.0443,,0.1107,0.135,0.742,0.0,0.0402,
420035644003,Tract 5644 · BG 3,42003564400,0.0,974,310,0.193,634,168,0.161,59.3,11.8,0.121,0.037,0.065,1.07,0.4055,0.1035,0.155,0.883,0.1184,0.081,0.117,0.1452,0.754,0.0,0.0123,,0.0,0.0123,,45507,7830,0.105,52005,12785,0.149,0.1016,0.0861,0.515,0.0,0.0182,,0.7015,0.19,0.165,0.5025,0.2215,0.268,634,168,0.161,0.0,0.0189,,1973,3,0.001,0.5442,0.0599,0.067,0.0268,0.0475,1.077,0.0,0.0268,,0.2319,0.1833,0.481,0.2886,0.1919,0.404,183,131,0.435,451,121,0.163,0.2444,0.1585,0.394,1091,307,0.171,117900,6554,0.034,0.8033,0.6468,0.49,0.0,0.0656,,0.1353,0.1413,0.635,0.8874,0.2305,0.158,0.0,0.0196,,0.0,0.0196,,0.0,0.0196,,0.1126,0.0932,0.504,0.1972,0.2259,0.696
420035644004,Tract 5644 · BG 4,42003564400,0.0,1063,376,0.215,570,173,0.185,63.0,21.2,0.205,0.1035,0.0643,0.378,0.4666,0.1846,0.24,0.9727,0.0735,0.046,0.0056,0.0082,0.886,0.0094,0.0156,1.011,0.0,0.0113,,43944,28557,0.395,32109,8388,0.159,0.1552,0.1042,0.408,0.0,0.0245,,0.502,0.1468,0.178,0.2701,0.1491,0.336,644,194,0.183,0.1149,0.172,0.91,1950,8,0.002,0.646,0.232,0.218,0.0,0.0264,,0.0575,0.0605,0.64,0.1304,0.1128,0.526,0.2895,0.1437,0.302,165,96,0.354,405,169,0.254,0.2094,0.1126,0.327,938,102,0.066,99700,35384,0.216,0.9273,0.3284,0.215,0.3455,0.3736,0.657,0.3086,0.1916,0.377,0.8184,0.2186,0.162,0.0,0.0245,,0.0,0.0245,,0.0,0.0245,,0.0694,0.0765,0.67,0.2228,0.1656,0.452
420035644005,Tract 5644 · BG 5,42003564400,0.0,439,205,0.284,229,96,0.255,56.7,2.7,0.029,0.0547,0.0992,1.104,0.2392,0.1518,0.386,0.8314,0.1696,0.124,0.0091,0.0053,0.357,0.0251,0.0393,0.953,0.1253,0.1822,0.884,82736,9105,0.067,44651,11704,0.159,0.0,0.0393,,0.0426,0.0703,1.004,0.6763,0.2446,0.22,0.2323,0.1677,0.439,229,96,0.255,0.0,0.0524,,1947,3,0.001,0.8996,0.094,0.064,0.0,0.0741,,0.0,0.0741,,0.0,0.0741,,0.0,0.0524,,0,12,,229,96,0.255,0.0,0.0278,,,,,103100,22776,0.134,,,,,,,0.0,0.1482,,0.7741,0.4272,0.336,0.0,0.0444,,0.0,0.0444,,0.0,0.0444,,0.0407,0.0624,0.931,0.0,0.0741,
420035644006,Tract 5644 · BG 6,42003564400,0.0,563,210,0.227,287,83,0.176,34.7,5.0,0.088,0.254,0.0736,0.176,0.1208,0.0369,0.186,0.8419,0.1543,0.111,0.0426,0.0396,0.564,0.0018,0.0053,1.81,0.0107,0.0155,0.883,54063,25720,0.289,51526,32489,0.383,0.2718,0.1446,0.323,0.0369,0.0405,0.668,0.5982,0.1823,0.185,0.1294,0.1072,0.504,352,89,0.154,0.1847,0.0846,0.278,1938,,,0.7869,0.1156,0.089,0.0994,0.0744,0.455,0.0142,0.0408,1.747,0.0,0.0482,,0.3972,0.1446,0.221,114,53,0.283,173,56,0.197,0.3979,0.153,0.234,1160,178,0.093,53000,23996,0.275,0.4035,0.1394,0.21,0.2193,0.1534,0.425,0.2254,0.1455,0.392,0.7462,0.5037,0.41,0.0,0.0462,,0.0038,0.0114,1.798,0.0,0.0462,,0.1308,0.135,0.628,0.0557,0.0476,0.519
420035644007,Tract 5644 · BG 7,42003564400,0.0,16,25,0.95,16,25,0.95,,,,0.0,2.1213,,1.0,2.4875,1.512,1.0,0.0,0.0,0.0,0.75,,0.0,0.75,,0.0,0.75,,,,,,,,0.0,1.0607,,,,,0.0,0.75,,0.0,1.5,,75,84,0.681,0.7867,0.8914,0.689,,,,0.0,0.16,,1.0,0.6539,0.397,0.0,0.2263,,0.0,0.2263,,1.0,0.0,0.0,16,25,0.95,0,12,,1.0,0.0,0.0,,,,,,,1.0,1.299,0.79,1.0,0.0,0.0,,,,,,,,,,,,,,,,,,,0.0,1.0607,
420035645001,Tract 5645 · BG 1,42003564500,0.0,1669,555,0.202,656,157,0.145,42.2,4.5,0.065,0.1851,0.0867,0.285,0.1821,0.0848,0.283,0.8664,0.1486,0.104,0.015,0.0204,0.827,0.0036,0.0053,0.889,0.0941,0.0546,0.353,67225,14601,0.132,41582,10930,0.16,0.0509,0.0297,0.354,0.0,0.0144,,0.599,0.0307,0.031,0.2484,0.0594,0.145,656,157,0.145,0.0,0.0183,,1957,3,0.001,0.872,0.2847,0.198,0.0,0.0259,,0.0,0.0259,,0.0,0.0259,,0.189,0.0864,0.278,124,64,0.314,532,177,0.202,0.1847,0.0791,0.26,1238,148,0.073,236900,76954,0.197,0.7661,0.3632,0.288,0.2581,0.3114,0.734,0.2444,0.2023,0.503,0.6655,0.3593,0.328,0.0,0.0145,,0.0,0.0145,,0.0,0.0145,,0.2065,0.0575,0.169,0.0259,0.0287,0.672
420035645002,Tract 5645 · BG 2,42003564500,0.0,819,213,0.158,321,76,0.144,42.2,13.5,0.194,0.2027,0.0816,0.245,0.0965,0.0552,0.348,0.9744,0.0391,0.024,0.0,0.0147,,0.0073,0.0108,0.898,0.0,0.0147,,62798,22000,0.213,38651,9574,0.151,0.0134,0.0213,0.965,0.0163,0.028,1.048,0.6949,0.1095,0.096,0.1173,0.1217,0.631,421,77,0.111,0.2375,0.1182,0.302,1956,3,0.001,0.848,0.0599,0.043,0.0,0.0403,,0.0,0.0403,,0.0,0.0403,,0.2991,0.173,0.352,96,60,0.38,225,78,0.211,0.3297,0.2031,0.375,1293,638,0.3,168800,34089,0.123,0.3958,0.3773,0.579,0.0,0.125,,0.1867,0.1657,0.54,0.7624,0.1318,0.105,0.0021,0.0041,1.203,0.0,0.0248,,0.0,0.0248,,0.1591,0.1435,0.548,0.0249,0.0548,1.337
420035645003,Tract 5645 · BG 3,42003564500,0.0,344,126,0.223,154,49,0.193,49.5,28.2,0.346,0.1831,0.0977,0.324,0.1686,0.0437,0.157,0.9448,0.063,0.041,0.0029,0.0057,1.195,0.0174,0.0313,1.092,0.0087,0.0142,0.988,55000,15085,0.167,28328,7345,0.158,0.0663,0.0386,0.354,0.0811,0.0567,0.425,0.656,0.1461,0.135,0.1355,0.1004,0.45,186,54,0.176,0.172,0.0829,0.293,1956,6,0.002,0.5968,0.1083,0.11,0.1022,0.0658,0.391,0.0108,0.0664,3.756,0.0,0.0912,,0.2662,0.1069,0.244,41,21,0.311,113,42,0.226,0.3081,0.1899,0.375,935,155,0.101,82100,18081,0.134,0.3415,0.3506,0.624,0.1463,0.1534,0.637,0.0708,0.248,2.129,0.7152,0.1171,0.1,0.0242,0.0287,0.72,0.0061,0.0241,2.419,0.0,0.0727,,0.097,0.0955,0.598,0.0844,0.069,0.497
420035647001,Tract 5647 · BG 1,42003564700,0.0,464,238,0.312,232,156,0.409,31.4,2.9,0.056,0.1552,0.1061,0.416,0.0172,0.0886,3.122,0.0388,0.0705,1.105,0.6746,0.2423,0.218,0.0,0.0259,,0.0043,0.0105,1.487,46136,9792,0.129,27461,12558,0.278,0.2517,0.2666,0.644,0.0808,0.1044,0.785,0.7174,0.1959,0.166,0.0747,0.1334,1.086,378,168,0.27,0.3862,0.0319,0.05,1938,,,0.172,0.1014,0.359,0.5952,0.3089,0.315,0.0926,0.0805,0.529,0.0,0.0449,,1.0,0.0,0.0,232,156,0.409,0,12,,1.0,0.0,0.0,,,,,,,0.3147,0.0702,0.136,0.1379,0.119,0.524,,,,0.2176,0.1947,0.544,0.5611,0.4168,0.452,0.1641,0.1094,0.405,0.0,0.0458,,0.0,0.0458,,0.694,0.438,0.384
420035647002,Tract 5647 · BG 2,42003564700,0.0,731,369,0.307,326,95,0.177,27.5,13.9,0.307,0.2462,0.0594,0.147,0.1341,0.0409,0.185,0.2326,0.0323,0.084,0.5527,0.3302,0.363,0.0,0.0164,,0.2025,0.1405,0.422,39246,3369,0.052,26537,19769,0.453,0.2709,0.1248,0.28,0.273,0.1423,0.317,0.677,0.3428,0.308,0.1891,0.1038,0.334,376,97,0.157,0.133,0.1063,0.486,1938,,,0.4282,0.1432,0.203,0.3218,0.1875,0.354,0.1941,0.1789,0.56,0.0133,0.0397,1.817,0.6687,0.1999,0.182,218,91,0.254,108,59,0.332,0.7497,0.3109,0.252,882,374,0.258,92200,17290,0.114,0.3761,0.2744,0.443,0.1651,0.1296,0.477,0.1389,0.301,1.317,0.5771,0.4456,0.469,0.2652,0.1062,0.243,0.0,0.043,,0.0,0.043,,0.1577,0.0908,0.35,0.3712,0.1893,0.31
420035647003,Tract 5647 · BG 3,42003564700,0.0,1277,388,0.185,555,155,0.17,38.2,3.8,0.06,0.2106,0.1283,0.37,0.1198,0.0603,0.306,0.2294,0.0532,0.141,0.6758,0.1874,0.169,0.0008,0.0047,3.643,0.0102,0.0162,0.964,,,,18883,4092,0.132,0.3251,0.0812,0.152,0.1708,0.1224,0.436,0.671,0.1454,0.132,0.251,0.0971,0.235,869,162,0.113,0.3613,0.0787,0.132,1938,,,0.2773,0.0963,0.211,0.3326,0.1255,0.229,0.1657,0.1026,0.377,0.1392,0.088,0.384,0.8036,0.157,0.119,446,152,0.207,109,49,0.273,0.8143,0.1625,0.121,857,219,0.155,138800,12790,0.056,0.4821,0.144,0.182,0.287,0.1423,0.301,0.2385,0.3258,0.83,0.2345,0.118,0.306,0.2982,0.1889,0.385,0.0285,0.0442,0.943,0.0,0.0201,,0.1457,0.0716,0.299,0.5135,0.1237,0.146
420035648001,Tract 5648 · BG 1,42003564800,0.0,748,178,0.145,302,87,0.175,20.5,1.6,0.047,0.4064,0.0699,0.105,0.1136,0.0584,0.312,0.1698,0.1539,0.551,0.5053,0.2222,0.267,0.0,0.016,,0.0,0.016,,35625,18137,0.309,17664,2974,0.102,0.1658,0.1684,0.618,0.2386,0.1702,0.434,0.6892,0.3126,0.276,0.2549,0.1704,0.406,419,89,0.129,0.2792,0.1171,0.255,1938,,,0.4678,0.1489,0.193,0.2029,0.1386,0.415,0.0,0.0405,,0.0119,0.0343,1.749,0.8477,0.1187,0.085,256,82,0.195,46,23,0.304,0.8904,0.096,0.066,1041,555,0.324,65000,15549,0.145,0.8633,0.273,0.192,0.1875,0.1357,0.44,0.1304,0.7207,3.359,0.5584,0.2401,0.261,0.4026,0.2646,0.4,0.0,0.0519,,0.0,0.0519,,0.0,0.0519,,0.4338,0.2134,0.299
420035648002,Tract 5648 · BG 2,42003564800,0.0,839,229,0.166,431,81,0.114,56.1,8.1,0.088,0.1406,0.0746,0.322,0.3111,0.1484,0.29,0.0834,0.0364,0.265,0.6377,0.1128,0.108,0.0,0.0143,,0.0,0.0143,,27163,13560,0.303,21296,5686,0.162,0.2026,0.0768,0.23,0.203,0.1512,0.453,0.4365,0.0977,0.136,0.1054,0.0659,0.38,724,108,0.091,0.4047,0.1118,0.168,1938,,,0.4876,0.1059,0.132,0.1644,0.0752,0.278,0.1492,0.075,0.306,0.1671,0.0801,0.291,0.703,0.1304,0.113,303,80,0.161,128,51,0.242,0.7225,0.1877,0.158,773,98,0.077,98600,45298,0.279,0.462,0.2314,0.304,0.165,0.1626,0.599,0.4141,0.3723,0.547,0.5671,0.2076,0.223,0.2814,0.1599,0.345,0.026,0.0467,1.092,0.0,0.0519,,0.0346,0.0504,0.884,0.3921,0.1536,0.238
420035651001,Tract 5651 · BG 1,42003565100,1.0,2995,462,0.094,1553,202,0.079,36.7,3.0,0.05,0.1579,0.0807,0.311,0.1442,0.0304,0.128,0.7139,0.1546,0.132,0.1896,0.1245,0.399,0.0114,0.0122,0.655,0.0381,0.023,0.367,68845,8169,0.072,61584,11165,0.11,0.2232,0.1225,0.333,0.0853,0.0395,0.282,0.7291,0.0538,0.045,0.5798,0.0606,0.064,1870,176,0.057,0.1695,0.0715,0.256,1938,,,0.1449,0.0478,0.201,0.3144,0.0869,0.168,0.0845,0.0379,0.273,0.0599,0.0296,0.301,0.5138,0.0767,0.091,798,158,0.12,755,133,0.107,0.4513,0.1131,0.152,1193,123,0.063,442000,32213,0.044,0.4536,0.1159,0.155,0.2882,0.1116,0.235,0.1709,0.0752,0.268,0.4389,0.1116,0.155,0.0799,0.051,0.388,0.1008,0.0381,0.23,0.0042,0.0071,1.038,0.3637,0.08,0.134,0.2569,0.0984,0.233
420035652001,Tract 5652 · BG 1,42003565200,1.0,1491,408,0.166,732,142,0.118,32.6,3.6,0.067,0.1999,0.0695,0.211,0.0919,0.0389,0.257,0.4098,0.1228,0.182,0.391,0.1584,0.246,0.0101,0.0118,0.71,0.0396,0.0415,0.638,62210,13504,0.132,42478,8920,0.128,0.1315,0.0483,0.223,0.0092,0.0159,1.049,0.6981,0.108,0.094,0.4894,0.1996,0.248,961,148,0.094,0.2383,0.127,0.324,1938,,,0.1446,0.0899,0.378,0.4152,0.1395,0.204,0.078,0.0459,0.358,0.0978,0.047,0.292,0.5533,0.1012,0.111,405,108,0.162,327,129,0.24,0.4038,0.1008,0.152,1047,156,0.091,297700,39399,0.08,0.321,0.159,0.301,0.2642,0.1551,0.357,0.1162,0.1267,0.663,0.3504,0.128,0.222,0.0116,0.0171,0.894,0.0955,0.0985,0.628,0.0116,0.0195,1.018,0.3434,0.1784,0.316,0.2363,0.0847,0.218
420035652002,Tract 5652 · BG 2,42003565200,1.0,490,247,0.306,229,105,0.279,40.8,5.4,0.08,0.2,0.147,0.447,0.1592,0.1245,0.476,0.3061,0.2429,0.482,0.6449,0.3329,0.314,0.0,0.0245,,0.049,0.0735,0.912,,,,62270,17114,0.167,0.0163,0.0352,1.309,0.0,0.0443,,0.6452,0.3798,0.358,0.5944,0.2805,0.287,295,114,0.235,0.2237,0.1497,0.407,1938,,,0.3864,0.1756,0.276,0.2746,0.2145,0.475,0.0,0.0575,,0.0,0.0575,,0.1703,0.2039,0.728,39,50,0.779,190,95,0.304,0.0939,0.1195,0.774,,,,427600,66999,0.095,0.2051,0.5709,1.692,0.0,0.3077,,0.3895,0.2978,0.465,0.7749,0.2363,0.185,0.0,0.0443,,0.0406,0.0503,0.754,0.0,0.0443,,0.0849,0.1245,0.892,0.1441,0.1834,0.774
420035652003,Tract 5652 · BG 3,42003565200,1.0,758,558,0.448,365,269,0.448,51.2,0.5,0.006,0.029,0.0607,1.271,0.0818,0.0387,0.288,0.2177,0.0892,0.249,0.5237,0.1441,0.167,0.0106,0.0182,1.048,0.0,0.0158,,177520,143625,0.492,43281,9829,0.138,0.0963,0.0997,0.629,0.0086,0.0108,0.763,0.6318,0.2559,0.246,0.1521,0.0808,0.323,407,270,0.403,0.1032,0.0198,0.116,1972,44,0.014,0.2948,0.2704,0.558,0.1794,0.0392,0.133,0.0,0.0417,,0.0516,0.0303,0.357,0.7534,0.4462,0.36,275,260,0.575,90,74,0.5,0.7014,0.4896,0.424,1651,667,0.246,57100,28785,0.306,0.1564,0.1887,0.734,0.1127,0.1425,0.768,0.1,0.3323,2.02,0.326,0.155,0.289,0.0,0.0263,,0.1466,0.1815,0.753,0.0263,0.0353,0.818,0.4354,0.4266,0.596,0.6877,0.4899,0.433
420035653001,Tract 5653 · BG 1,42003565300,1.0,1359,327,0.146,514,90,0.106,42.3,11.5,0.165,0.2031,0.1266,0.379,0.1744,0.0217,0.076,0.7403,0.1961,0.161,0.1994,0.1147,0.35,0.0147,0.0225,0.931,0.0125,0.0167,0.809,71250,26112,0.223,36754,9306,0.154,0.2458,0.2311,0.572,0.1161,0.0711,0.372,0.5799,0.1251,0.131,0.3168,0.0917,0.176,558,83,0.09,0.0789,0.0743,0.573,1955,5,0.002,0.9265,0.1913,0.125,0.009,0.0258,1.751,0.0,0.0304,,0.0,0.0304,,0.1965,0.0931,0.288,101,51,0.307,413,87,0.128,0.1869,0.0919,0.299,981,96,0.059,181900,21059,0.07,0.2475,0.2803,0.688,0.2475,0.1904,0.468,0.1695,0.1867,0.67,0.7776,0.132,0.103,0.0,0.021,,0.0,0.021,,0.0,0.021,,0.1349,0.0683,0.308,0.072,0.0526,0.444
420039800001,Tract 9800 · BG 1,42003980000,1.0,0,12,,0,12,,,,,,,,,,,,,,,,,,,,,,,,,,,,,,,,,,,,,,,,,0,12,,,,,,,,,,,,,,,,,,,,,,,0,12,,0,12,,,,,,,,,,,,,,,,,,,,,,,,,,,,,,,,,,,,,
420039801001,Tract 9801 · BG 1,42003980100,1.0,0,12,,0,12,,,,,,,,,,,,,,,,,,,,,,,,,,,,,,,,,,,,,,,,,0,12,,,,,,,,,,,,,,,,,,,,,,,0,12,,0,12,,,,,,,,,,,,,,,,,,,,,,,,,,,,,,,,,,,,,
420039803001,Tract 9803 · BG 1,42003980300,1.0,0,12,,0,12,,,,,,,,,,,,,,,,,,,,,,,,,,,,,,,,,,,,,,,,,0,12,,,,,,,,,,,,,,,,,,,,,,,0,12,,0,12,,,,,,,,,,,,,,,,,,,,,,,,,,,,,,,,,,,,,
420039804001,Tract 9804 · BG 1,42003980400,1.0,8,7,0.532,8,7,0.532,,,,0.0,4.2426,,0.5,5.0121,6.094,1.0,0.0,0.0,0.0,1.5,,0.0,1.5,,0.0,1.5,,,,,,,,0.5,1.619,1.968,,,,0.0,1.5,,0.5,2.6685,3.244,8,7,0.532,0.0,1.5,,,,,0.5,0.6092,0.741,0.0,2.1213,,0.0,2.1213,,0.5,1.619,1.968,0.5,0.6092,0.741,4,6,0.912,4,6,0.912,0.5,0.6092,0.741,,,,,,,1.0,5.1962,3.159,0.0,3.0,,0.0,8.4853,,,,,,,,,,,,,,,,,0.5,1.619,1.968
420039805001,Tract 9805 · BG 1,42003980500,1.0,9,10,0.675,9,10,0.675,,,,0.0,3.7712,,1.0,4.2251,2.568,1.0,0.0,0.0,0.0,1.3333,,0.0,1.3333,,0.0,1.3333,,,,,,,,0.0,1.8856,,,,,0.0,1.3333,,0.0,2.6667,,9,10,0.675,0.0,1.3333,,,,,0.4444,0.2545,0.348,0.5556,1.5481,1.694,0.0,1.8856,,0.0,1.8856,,0.0,1.3333,,0,12,,9,10,0.675,0.0,1.3333,,,,,,,,,,,,,,1.0,3.2773,1.992,,,,,,,,,,,,,,,,0.0,1.8856,
420039806001,Tract 9806 · BG 1,42003980600,1.0,5,7,0.851,5,7,0.851,,,,0.0,6.7882,,0.0,8.3138,,1.0,0.0,0.0,0.0,2.4,,0.0,2.4,,0.0,2.4,,,,,,,,1.0,2.4,1.459,0.0,2.4,,1.0,0.0,0.0,0.0,4.8,,5,7,0.851,0.0,2.4,,,,,0.0,2.4,,0.0,3.3941,,0.0,3.3941,,1.0,2.4,1.459,1.0,0.0,0.0,5,7,0.851,0,12,,1.0,0.0,0.0,,,,,,,1.0,4.1569,2.527,1.0,0.0,0.0,,,,0.0,2.4,,0.0,2.4,,0.0,2.4,,0.0,2.4,,1.0,0.0,0.0,1.0,2.4,1.459
420039807001,Tract 9807 · BG 1,42003980700,1.0,167,54,0.197,132,41,0.189,31.3,4.3,0.084,0.0838,0.1954,1.417,0.0,0.2489,,0.8263,0.1925,0.142,0.0,0.0719,,0.024,0.0412,1.046,0.1497,0.173,0.703,93500,85311,0.555,121039,45724,0.23,0.024,0.0828,2.102,0.0,0.0882,,0.8889,0.0739,0.051,0.8244,0.1866,0.138,191,58,0.185,0.3089,0.2331,0.459,2014,1,0.0,0.0366,0.0512,0.849,0.0209,0.0725,2.103,0.0314,0.078,1.509,0.8429,0.1461,0.105,1.0,0.0,0.0,132,41,0.189,0,12,,1.0,0.0,0.0,2345,131,0.034,,,,0.5227,0.2225,0.259,0.1136,0.108,0.578,,,,0.4191,0.1316,0.191,0.125,0.0943,0.458,0.0441,0.0645,0.889,0.0,0.0882,,0.3603,0.2281,0.385,0.1061,0.1243,0.712
420039808001,Tract 9808 · BG 1,42003980800,1.0,0,12,,0,12,,,,,,,,,,,,,,,,,,,,,,,,,,,,,,,,,,,,,,,,,0,12,,,,,,,,,,,,,,,,,,,,,,,0,12,,0,12,,,,,,,,,,,,,,,,,,,,,,,,,,,,,,,,,,,,,
420039809001,Tract 9809 · BG 1,42003980900,1.0,24,3,0.076,0,12,,50.7,41.1,0.493,0.0,1.4142,,0.0,1.7321,,0.75,0.7441,0.603,0.25,0.791,1.924,0.0,0.5,,0.0,0.5,,,,,10317,4457,0.263,,,,,,,0.0,0.5,,0.0,1.0,,0,12,,,,,,,,,,,,,,,,,,,,,,,0,12,,0,12,,,,,,,,,,,,,,,,,,,,,,,,,,,,,,,,,,,,,
420039810001,Tract 9810 · BG 1,42003981000,1.0,0,12,,0,12,,,,,,,,,,,,,,,,,,,,,,,,,,,,,,,,,,,,,,,,,0,12,,,,,,,,,,,,,,,,,,,,,,,0,12,,0,12,,,,,,,,,,,,,,,,,,,,,,,,,,,,,,,,,,,,,
420039811001,Tract 9811 · BG 1,42003981100,1.0,0,12,,0,12,,,,,,,,,,,,,,,,,,,,,,,,,,,,,,,,,,,,,,,,,0,12,,,,,,,,,,,,,,,,,,,,,,,0,12,,0,12,,,,,,,,,,,,,,,,,,,,,,,,,,,,,,,,,,,,,
420039811002,Tract 9811 · BG 2,42003981100,1.0,0,12,,0,12,,,,,,,,,,,,,,,,,,,,,,,,,,,,,,,,,,,,,,,,,0,12,,,,,,,,,,,,,,,,,,,,,,,0,12,,0,12,,,,,,,,,,,,,,,,,,,,,,,,,,,,,,,,,,,,,
420039812001,Tract 9812 · BG 1,42003981200,1.0,0,12,,0,12,,,,,,,,,,,,,,,,,,,,,,,,,,,,,,,,,,,,,,,,,0,12,,,,,,,,,,,,,,,,,,,,,,,0,12,,0,12,,,,,,,,,,,,,,,,,,,,,,,,,,,,,,,,,,,,,
420039818001,Tract 9818 · BG 1,42003981800,1.0,305,19,0.038,0,12,,63.8,13.4,0.128,0.1049,0.1294,0.75,0.4951,0.2586,0.317,0.7115,0.1304,0.111,0.2131,0.0742,0.212,0.0361,0.1016,1.713,0.0393,0.0819,1.266,,,,19051,12004,0.383,0.6034,0.7024,0.708,0.0,0.3529,,0.121,0.1452,0.729,0.2108,0.1935,0.558,0,12,,,,,,,,,,,,,,,,,,,,,,,0,12,,0,12,,,,,,,,,,,,,,,,,,,,0.2059,0.1577,0.466,0.0,0.3529,,0.0,0.3529,,0.0,0.3529,,0.6471,0.9577,0.9,,,
420039822001,Tract 9822 · BG 1,42003982200,1.0,6035,177,0.018,8,7,0.532,19.2,0.2,0.006,0.0129,0.0158,0.742,0.0,0.0098,,0.6669,0.048,0.044,0.083,0.0242,0.177,0.1534,0.0467,0.185,0.0396,0.018,0.277,,,,5234,602,0.07,0.7692,0.5148,0.407,0.0645,0.0348,0.328,0.3702,0.0571,0.094,0.0,2.2667,,8,7,0.532,0.0,2.125,,,,,0.375,0.6744,1.093,0.0,3.0052,,0.0,3.0052,,0.625,2.2321,2.171,1.0,0.0,0.0,8,7,0.532,0,17,,1.0,0.0,0.0,,,,,,,0.625,3.7435,3.641,0.625,0.683,0.664,,,,0.2085,0.1086,0.317,0.0734,0.0419,0.347,0.515,0.0656,0.077,0.0,0.01,,0.1392,0.0689,0.301,0.0,3.0052,
