GEOID,year,pop,pop_moe,pop_cv,households,households_moe,households_cv,median_age,median_age_moe,median_age_cv,under18_share,under18_share_moe,under18_share_cv,age65_share,age65_share_moe,age65_share_cv,white_nh_share,white_nh_share_moe,white_nh_share_cv,black_nh_share,black_nh_share_moe,black_nh_share_cv,asian_nh_share,asian_nh_share_moe,asian_nh_share_cv,hispanic_share,hispanic_share_moe,hispanic_share_cv,med_hh_income,med_hh_income_moe,med_hh_income_cv,per_capita_income,per_capita_income_moe,per_capita_income_cv,poverty_share,poverty_share_moe,poverty_share_cv,unemployment_rate,unemployment_rate_moe,unemployment_rate_cv,lfpr,lfpr_moe,lfpr_cv,bachelors_share,bachelors_share_moe,bachelors_share_cv,housing_units,housing_units_moe,housing_units_cv,vacancy_share,vacancy_share_moe,vacancy_share_cv,median_year_built,median_year_built_moe,median_year_built_cv,sfd_share,sfd_share_moe,sfd_share_cv,units_2_4_share,units_2_4_share_moe,units_2_4_share_cv,units_5_19_share,units_5_19_share_moe,units_5_19_share_cv,units_20plus_share,units_20plus_share_moe,units_20plus_share_cv,renter_share,renter_share_moe,renter_share_cv,renter_hh,renter_hh_moe,renter_hh_cv,owner_hh,owner_hh_moe,owner_hh_cv,pop_renter_share,pop_renter_share_moe,pop_renter_share_cv,med_gross_rent,med_gross_rent_moe,med_gross_rent_cv,med_home_value,med_home_value_moe,med_home_value_cv,rent_burden30_share,rent_burden30_share_moe,rent_burden30_share_cv,rent_burden50_share,rent_burden50_share_moe,rent_burden50_share_cv,owner_burden30_share,owner_burden30_share_moe,owner_burden30_share_cv,drive_alone_share,drive_alone_share_moe,drive_alone_share_cv,transit_share,transit_share_moe,transit_share_cv,walk_share,walk_share_moe,walk_share_cv,bike_share,bike_share_moe,bike_share_cv,wfh_share,wfh_share_moe,wfh_share_cv,no_vehicle_share,no_vehicle_share_moe,no_vehicle_share_cv
4200300724,2014,1713,162,0.057,973,70,0.044,69.9,6.8,0.059,0.101,0.0222,0.134,0.5423,0.0664,0.074,0.9749,0.0183,0.011,0.0076,0.0058,0.464,0.0088,0.007,0.483,0.0012,0.0023,1.214,55707,9348,0.102,42826,4174,0.059,0.031,0.0149,0.292,0.0195,0.0175,0.546,0.3656,0.0382,0.064,0.422,0.0402,0.058,1094,65,0.036,0.1106,0.0618,0.34,1995,3,0.001,0.2157,0.0303,0.085,0.011,0.0104,0.576,0.0594,0.0215,0.22,0.468,0.0614,0.08,0.4913,0.053,0.066,478,62,0.079,495,46,0.056,0.4019,0.0468,0.071,2001,,,156400,12488,0.049,0.6778,0.0893,0.08,0.5105,0.0837,0.1,0.2869,0.0714,0.151,0.83,0.0661,0.048,0.0181,0.016,0.539,0.0452,0.0392,0.527,0.0,0.0181,,0.0434,0.0263,0.369,0.1809,0.0455,0.153
4200303320,2014,2794,17,0.004,1340,134,0.061,37.8,1.3,0.021,0.2119,0.0511,0.147,0.1467,0.0353,0.146,0.9402,0.0339,0.022,0.0039,0.0064,0.995,0.0404,0.0308,0.463,0.0132,0.0115,0.526,65083,11257,0.105,39942,5099,0.078,0.0637,0.0352,0.335,0.0526,0.0343,0.397,0.7521,0.061,0.049,0.6163,0.0785,0.077,1432,145,0.062,0.0642,0.0513,0.485,1948,13,0.004,0.3883,0.0569,0.089,0.2444,0.0655,0.163,0.2165,0.0625,0.176,0.0154,0.0149,0.59,0.5925,0.0711,0.073,794,124,0.095,546,85,0.095,0.5052,0.0791,0.095,882,77,0.053,227700,15527,0.041,0.2506,0.0878,0.213,0.1171,0.0642,0.333,0.2088,0.089,0.259,0.7661,0.0728,0.058,0.0511,0.0291,0.346,0.0108,0.0168,0.948,0.0094,0.01,0.648,0.0235,0.0214,0.552,0.1022,0.0478,0.284
4200303608,2014,4704,39,0.005,2462,125,0.031,44.5,2.5,0.034,0.1669,0.0396,0.144,0.1958,0.0319,0.099,0.848,0.0593,0.043,0.0729,0.0349,0.291,0.0147,0.0162,0.67,0.0,0.0021,,38304,3469,0.055,24667,1645,0.041,0.1158,0.0409,0.215,0.0709,0.0314,0.27,0.6786,0.0426,0.038,0.26,0.0452,0.106,2817,172,0.037,0.126,0.0408,0.197,1948,5,0.002,0.4267,0.0432,0.061,0.2116,0.0491,0.141,0.0682,0.0305,0.272,0.2357,0.0367,0.095,0.4858,0.0566,0.071,1196,152,0.077,1266,129,0.062,0.4065,0.0794,0.119,677,29,0.026,84800,9180,0.066,0.4532,0.085,0.114,0.1839,0.0689,0.228,0.2954,0.0808,0.166,0.698,0.0629,0.055,0.1007,0.0406,0.245,0.0784,0.0393,0.305,0.0024,0.0036,0.911,0.0099,0.0091,0.557,0.1913,0.0493,0.157
4200303928,2014,19791,23,0.001,8281,260,0.019,42.6,2.3,0.033,0.2062,0.0208,0.061,0.1953,0.0175,0.055,0.8992,0.0254,0.017,0.0602,0.0212,0.214,0.0293,0.0167,0.346,0.0073,0.0042,0.355,53699,2924,0.033,27700,1334,0.029,0.0875,0.0255,0.177,0.0838,0.0211,0.153,0.6575,0.0219,0.02,0.2455,0.0239,0.059,8856,300,0.021,0.0649,0.0198,0.185,1956,1,0.0,0.7672,0.0201,0.016,0.026,0.0133,0.312,0.0762,0.0196,0.156,0.0763,0.0197,0.157,0.2135,0.0226,0.064,1768,195,0.067,6513,277,0.026,0.2055,0.0279,0.082,713,44,0.038,115200,3154,0.017,0.4316,0.1063,0.15,0.22,0.0848,0.234,0.1624,0.0297,0.111,0.7729,0.0263,0.021,0.0641,0.0176,0.166,0.0147,0.0078,0.32,0.0052,0.0045,0.533,0.0333,0.0122,0.223,0.088,0.0218,0.15
4200303932,2014,1987,97,0.03,838,42,0.03,43.6,2.9,0.04,0.1882,0.0367,0.118,0.1696,0.0308,0.11,0.9779,0.0189,0.012,0.0,0.005,,0.002,0.003,0.911,0.0055,0.0086,0.939,62063,4747,0.046,34170,3867,0.069,0.072,0.0403,0.341,0.0688,0.033,0.292,0.6701,0.0409,0.037,0.2823,0.0474,0.102,878,24,0.017,0.0456,0.0398,0.532,1952,1,0.0,0.9385,0.0259,0.017,0.0034,0.0133,2.363,0.0,0.0161,,0.0,0.0161,,0.1026,0.0487,0.288,86,41,0.29,752,51,0.041,0.0931,0.0491,0.321,758,147,0.118,111400,3678,0.02,0.4186,0.331,0.481,0.3488,0.2933,0.511,0.1888,0.061,0.196,0.7628,0.0545,0.043,0.0626,0.0261,0.253,0.0123,0.0133,0.656,0.0,0.0103,,0.0092,0.0102,0.673,0.0394,0.0347,0.536
4200305216,2014,1428,78,0.033,557,34,0.037,47.3,1.9,0.024,0.2332,0.0336,0.088,0.1632,0.0301,0.112,0.9146,0.0418,0.028,0.0476,0.0363,0.464,0.0042,0.0063,0.911,0.0077,0.007,0.552,78839,11517,0.089,53061,7524,0.086,0.0707,0.035,0.301,0.0629,0.0329,0.318,0.5902,0.0567,0.058,0.491,0.0551,0.068,576,25,0.026,0.033,0.0347,0.639,1959,3,0.001,0.9462,0.032,0.021,0.0104,0.0125,0.73,0.0,0.0246,,0.0,0.0246,,0.0898,0.0518,0.351,50,29,0.353,507,42,0.05,0.0749,0.0404,0.328,1098,67,0.037,198000,82555,0.253,0.38,0.3993,0.639,0.22,0.2935,0.811,0.2998,0.0846,0.172,0.8716,0.0507,0.035,0.0143,0.0126,0.536,0.0127,0.0126,0.604,0.0,0.0158,,0.0681,0.0241,0.215,0.0233,0.0253,0.66
4200305312,2014,8338,29,0.002,4143,190,0.028,38.5,2.3,0.036,0.1632,0.0236,0.088,0.1264,0.0201,0.097,0.8528,0.0345,0.025,0.0733,0.0224,0.186,0.0137,0.0128,0.571,0.0175,0.0142,0.491,40502,3272,0.049,27117,2165,0.049,0.148,0.0326,0.134,0.0746,0.0207,0.168,0.7221,0.0321,0.027,0.3008,0.0371,0.075,4828,202,0.025,0.1419,0.0318,0.136,1939,,,0.3571,0.0357,0.061,0.2274,0.0388,0.104,0.162,0.0354,0.133,0.169,0.0321,0.116,0.6382,0.0508,0.048,2644,243,0.056,1499,137,0.056,0.5136,0.0459,0.054,674,32,0.029,102400,6124,0.036,0.4342,0.0604,0.085,0.2451,0.0488,0.121,0.1268,0.0433,0.207,0.6803,0.0317,0.028,0.1409,0.031,0.134,0.0485,0.0166,0.208,0.0009,0.0015,1.063,0.0166,0.0074,0.27,0.1931,0.0325,0.102
4200305504,2014,1755,116,0.04,708,42,0.036,39.1,3.5,0.054,0.2541,0.0359,0.086,0.1219,0.0244,0.121,0.9567,0.0352,0.022,0.0211,0.0113,0.326,0.0023,0.0046,1.215,0.0063,0.0068,0.662,87237,11165,0.078,53250,11866,0.135,0.0262,0.0148,0.344,0.0208,0.0143,0.42,0.7155,0.069,0.059,0.6749,0.0776,0.07,800,26,0.02,0.115,0.0423,0.224,1939,,,0.8012,0.0513,0.039,0.1562,0.0485,0.189,0.0125,0.016,0.778,0.0,0.0177,,0.1554,0.0414,0.162,110,30,0.166,598,45,0.046,0.1057,0.0306,0.176,864,103,0.072,206400,15616,0.046,0.3727,0.2271,0.37,0.1909,0.1551,0.494,0.2174,0.0745,0.208,0.7918,0.0226,0.017,0.0515,0.0216,0.255,0.0343,0.0351,0.622,0.0,0.0107,,0.0268,0.0124,0.282,0.048,0.0277,0.35
4200305520,2014,362,52,0.087,138,18,0.079,44.0,2.0,0.028,0.2901,0.0495,0.104,0.1354,0.0599,0.269,0.9641,0.0259,0.016,0.0,0.0276,,0.0083,0.0138,1.009,0.0276,0.0301,0.663,153750,16505,0.065,68358,12831,0.114,0.0221,0.0193,0.53,0.0222,0.0387,1.058,0.6618,0.0814,0.075,0.8306,0.0837,0.061,142,18,0.077,0.0282,0.0279,0.603,1939,,,0.9859,0.0478,0.029,0.0,0.0996,,0.0,0.0996,,0.0,0.0996,,0.0145,0.0217,0.908,2,3,0.912,136,18,0.08,0.0083,0.011,0.806,,,,341700,22601,0.04,0.0,10.0,,0.0,5.0,,0.125,0.1027,0.499,0.7816,0.0916,0.071,0.023,0.0284,0.752,0.0,0.0575,,0.0,0.0575,,0.1264,0.101,0.485,0.0145,0.0756,3.172
4200306064,2014,32338,29,0.001,13198,280,0.013,45.5,1.1,0.015,0.2042,0.014,0.042,0.1956,0.0122,0.038,0.9411,0.0149,0.01,0.0164,0.0101,0.377,0.0145,0.0056,0.235,0.0091,0.0042,0.284,70102,2667,0.023,35292,1794,0.031,0.0392,0.0096,0.149,0.0585,0.0127,0.132,0.6676,0.015,0.014,0.4478,0.0254,0.034,13858,305,0.013,0.0476,0.0146,0.186,1965,2,0.001,0.7509,0.0109,0.009,0.0121,0.0063,0.316,0.0855,0.0173,0.123,0.1015,0.013,0.078,0.2128,0.0186,0.053,2809,252,0.055,10389,331,0.019,0.1763,0.0224,0.077,875,34,0.024,158700,2949,0.011,0.4105,0.0691,0.102,0.1428,0.0419,0.178,0.1749,0.0225,0.078,0.7342,0.0225,0.019,0.1193,0.0146,0.074,0.0084,0.0058,0.417,0.002,0.0018,0.57,0.0633,0.0123,0.118,0.052,0.0113,0.132
4200307000,2014,1512,158,0.064,807,55,0.041,39.4,11.5,0.177,0.1898,0.0503,0.161,0.1687,0.0315,0.114,0.8558,0.125,0.089,0.0218,0.0144,0.4,0.0992,0.0626,0.384,0.0172,0.0198,0.699,40509,7839,0.118,25246,2739,0.066,0.1316,0.0656,0.303,0.0663,0.0371,0.34,0.6864,0.0563,0.05,0.2699,0.0672,0.151,860,54,0.038,0.0616,0.0452,0.446,1951,5,0.002,0.3198,0.057,0.108,0.1349,0.0568,0.256,0.1581,0.0507,0.195,0.1186,0.039,0.2,0.632,0.0781,0.075,510,72,0.086,297,46,0.094,0.6045,0.114,0.115,676,46,0.041,90600,10205,0.068,0.3314,0.0968,0.178,0.0882,0.0555,0.382,0.2391,0.1005,0.255,0.7912,0.0496,0.038,0.0541,0.0288,0.324,0.0541,0.0367,0.412,0.0193,0.0179,0.562,0.0193,0.0218,0.684,0.166,0.0541,0.198
4200307976,2014,3256,29,0.005,1424,87,0.037,43.3,2.6,0.037,0.2076,0.0493,0.144,0.1972,0.0383,0.118,0.902,0.0438,0.03,0.0482,0.0295,0.372,0.0147,0.0154,0.633,0.0,0.0031,,41977,3089,0.045,27535,5102,0.113,0.1334,0.0609,0.278,0.0485,0.028,0.352,0.5927,0.0556,0.057,0.196,0.0445,0.138,1592,96,0.037,0.1055,0.0536,0.309,1948,5,0.002,0.8021,0.0439,0.033,0.0961,0.0523,0.331,0.017,0.016,0.572,0.0565,0.023,0.247,0.3539,0.0698,0.12,504,104,0.125,920,98,0.065,0.287,0.071,0.15,667,21,0.019,74000,3870,0.032,0.3988,0.1421,0.217,0.1389,0.0676,0.296,0.1196,0.0881,0.448,0.8758,0.0493,0.034,0.0228,0.0289,0.771,0.0104,0.0117,0.686,0.0,0.0069,,0.0304,0.026,0.521,0.0885,0.0364,0.25
4200307992,2014,2030,311,0.093,789,106,0.082,43.8,6.8,0.094,0.1946,0.0587,0.183,0.201,0.0321,0.097,0.3039,0.0654,0.131,0.6424,0.0835,0.079,0.0,0.0049,,0.0133,0.0116,0.532,22942,5342,0.142,13250,1996,0.092,0.3634,0.131,0.219,0.2129,0.0988,0.282,0.4446,0.0638,0.087,0.0772,0.037,0.292,1172,59,0.031,0.3268,0.095,0.177,1939,,,0.5,0.0689,0.084,0.192,0.0781,0.247,0.0478,0.0234,0.297,0.0802,0.0517,0.392,0.545,0.0824,0.092,430,87,0.123,359,82,0.139,0.5235,0.1048,0.122,519,71,0.083,29000,2158,0.045,0.593,0.1575,0.161,0.3791,0.1541,0.247,0.2423,0.1243,0.312,0.3368,0.1029,0.186,0.3866,0.1408,0.221,0.11,0.056,0.31,0.0206,0.0218,0.642,0.0155,0.0168,0.66,0.4411,0.103,0.142
4200308008,2014,1713,116,0.041,984,64,0.04,51.1,2.2,0.026,0.1226,0.0312,0.155,0.2604,0.0426,0.099,0.6947,0.0437,0.038,0.2761,0.0491,0.108,0.0,0.0058,,0.0018,0.0064,2.229,30208,8036,0.162,29030,5279,0.111,0.2037,0.0522,0.156,0.0852,0.041,0.293,0.5301,0.0408,0.047,0.2364,0.0508,0.131,1094,26,0.014,0.1005,0.0493,0.298,1957,2,0.001,0.5594,0.0494,0.054,0.1298,0.0551,0.258,0.0347,0.0262,0.458,0.2431,0.0464,0.116,0.497,0.0553,0.068,489,63,0.078,495,48,0.059,0.391,0.0586,0.091,314,61,0.118,83800,3762,0.027,0.3006,0.0973,0.197,0.0695,0.0378,0.331,0.2364,0.0731,0.188,0.7271,0.0751,0.063,0.1343,0.047,0.213,0.0443,0.0356,0.488,0.0,0.0139,,0.036,0.0399,0.674,0.2612,0.0615,0.143
4200308064,2014,1249,69,0.034,507,32,0.038,48.1,2.9,0.037,0.2138,0.0385,0.109,0.2114,0.0314,0.09,0.9792,0.0062,0.004,0.0,0.008,,0.012,0.0112,0.566,0.008,0.008,0.607,102292,9750,0.058,55101,7443,0.082,0.0384,0.016,0.253,0.0347,0.0241,0.422,0.5782,0.04,0.042,0.7109,0.0729,0.062,520,23,0.027,0.025,0.0384,0.935,1969,7,0.002,0.8154,0.0346,0.026,0.0,0.0272,,0.0327,0.0246,0.457,0.0,0.0272,,0.0335,0.0156,0.283,17,8,0.286,490,30,0.037,0.0136,0.0064,0.284,233,30,0.078,268700,11623,0.026,1.0,0.9701,0.59,0.0,0.5882,,0.1939,0.0644,0.202,0.8629,0.0565,0.04,0.0037,0.0055,0.91,0.0091,0.0109,0.728,0.0,0.0183,,0.0713,0.0249,0.212,0.0375,0.0175,0.284
4200308416,2014,9625,31,0.002,4276,199,0.028,40.0,2.5,0.038,0.1965,0.0315,0.097,0.1445,0.0227,0.096,0.8943,0.0331,0.023,0.0243,0.0157,0.392,0.0266,0.0196,0.449,0.0188,0.0116,0.376,52455,5040,0.058,26714,1915,0.044,0.1023,0.0335,0.199,0.0692,0.0207,0.182,0.668,0.0322,0.029,0.2778,0.0329,0.072,4741,278,0.036,0.0981,0.039,0.242,1948,3,0.001,0.6556,0.0289,0.027,0.1392,0.0347,0.152,0.0814,0.0296,0.221,0.0491,0.0169,0.209,0.3627,0.0414,0.069,1551,191,0.075,2725,193,0.043,0.272,0.0386,0.086,692,84,0.074,97400,2464,0.015,0.5622,0.1048,0.113,0.2824,0.0777,0.167,0.1798,0.049,0.166,0.7245,0.0426,0.036,0.0962,0.0332,0.21,0.0201,0.0145,0.439,0.0,0.0031,,0.0423,0.0245,0.352,0.1513,0.0375,0.151
4200308624,2014,5142,22,0.003,2484,116,0.028,46.1,2.3,0.03,0.1859,0.0333,0.109,0.2231,0.0317,0.086,0.9417,0.023,0.015,0.0119,0.0058,0.299,0.0179,0.013,0.443,0.0074,0.0064,0.528,43465,3995,0.056,26455,2024,0.047,0.1051,0.0353,0.204,0.0498,0.0279,0.341,0.6211,0.0339,0.033,0.2589,0.0431,0.101,2738,164,0.036,0.0928,0.0402,0.263,1954,2,0.001,0.6373,0.0372,0.036,0.1519,0.0415,0.166,0.0855,0.034,0.242,0.1099,0.0261,0.144,0.3796,0.0458,0.073,943,122,0.079,1541,146,0.058,0.3139,0.0598,0.116,650,49,0.046,112400,6664,0.036,0.4125,0.1062,0.157,0.1506,0.0493,0.199,0.2109,0.0534,0.154,0.7207,0.0426,0.036,0.0955,0.0319,0.203,0.0565,0.0396,0.426,0.002,0.0032,0.972,0.0298,0.0178,0.362,0.1345,0.0352,0.159
4200311336,2014,7960,34,0.003,3709,193,0.032,36.4,4.3,0.072,0.2064,0.0354,0.104,0.1538,0.0208,0.082,0.8185,0.0503,0.037,0.1182,0.0422,0.217,0.0052,0.0046,0.549,0.0072,0.005,0.427,37846,6407,0.103,30045,5706,0.115,0.2536,0.0596,0.143,0.0803,0.0185,0.14,0.6312,0.0341,0.033,0.2756,0.0329,0.073,4077,231,0.034,0.0903,0.0272,0.183,1947,3,0.001,0.5484,0.0398,0.044,0.1374,0.0365,0.161,0.105,0.0323,0.187,0.1501,0.0255,0.103,0.5398,0.0376,0.042,2002,174,0.053,1707,173,0.062,0.5083,0.0496,0.059,740,42,0.035,101700,9195,0.055,0.4336,0.0783,0.11,0.2717,0.0637,0.142,0.1629,0.0436,0.163,0.7692,0.0443,0.035,0.0989,0.0379,0.233,0.0073,0.0088,0.741,0.0,0.004,,0.032,0.0173,0.329,0.1734,0.0373,0.131
4200311680,2014,8317,43,0.003,3882,173,0.027,41.0,2.2,0.033,0.154,0.0296,0.117,0.1764,0.0232,0.08,0.8883,0.0463,0.032,0.0132,0.0094,0.431,0.0558,0.0408,0.444,0.0226,0.0194,0.521,47149,6054,0.078,28908,3081,0.065,0.128,0.0448,0.213,0.0626,0.0228,0.221,0.704,0.0284,0.025,0.2784,0.0408,0.089,4186,169,0.025,0.0726,0.0391,0.327,1955,1,0.0,0.5721,0.0424,0.045,0.0982,0.0362,0.224,0.1302,0.0382,0.178,0.1061,0.0369,0.211,0.4119,0.0445,0.066,1599,187,0.071,2283,167,0.044,0.3629,0.0487,0.082,703,56,0.048,112000,4831,0.026,0.3777,0.0976,0.157,0.207,0.071,0.209,0.1919,0.0475,0.15,0.6619,0.0525,0.048,0.1746,0.0404,0.141,0.0251,0.0166,0.4,0.0,0.0032,,0.0264,0.0172,0.396,0.0876,0.0278,0.193
4200312496,2014,956,160,0.102,455,67,0.09,42.3,4.9,0.07,0.1151,0.0392,0.207,0.1778,0.0256,0.087,0.8724,0.0881,0.061,0.0858,0.0697,0.494,0.0,0.0105,,0.0042,0.0062,0.906,49879,4281,0.052,27443,3118,0.069,0.0832,0.0394,0.288,0.0375,0.0296,0.479,0.6939,0.1004,0.088,0.2927,0.0625,0.13,542,70,0.079,0.1605,0.0823,0.312,1945,4,0.001,0.8155,0.0492,0.037,0.1365,0.073,0.325,0.024,0.0331,0.839,0.0,0.0261,,0.2659,0.1259,0.288,121,60,0.301,334,48,0.087,0.2071,0.113,0.332,597,186,0.189,77700,3396,0.027,0.2231,0.1385,0.377,0.1405,0.1407,0.609,0.1707,0.087,0.31,0.808,0.0929,0.07,0.0399,0.0313,0.478,0.0344,0.0279,0.493,0.0072,0.0107,0.901,0.0308,0.0225,0.444,0.0637,0.0443,0.423
4200313392,2014,1723,92,0.032,809,47,0.035,50.0,1.5,0.018,0.1608,0.0328,0.124,0.2652,0.0419,0.096,0.9971,0.0089,0.005,0.0006,0.0012,1.215,0.0,0.0058,,0.0,0.0058,,53925,2805,0.032,31572,2805,0.054,0.0696,0.0375,0.327,0.0878,0.0849,0.588,0.5708,0.0485,0.052,0.3269,0.0506,0.094,848,38,0.027,0.046,0.0412,0.545,1954,2,0.001,0.9021,0.0362,0.024,0.066,0.031,0.285,0.0142,0.0167,0.716,0.0,0.0167,,0.0927,0.0354,0.232,75,29,0.235,734,49,0.041,0.1094,0.0667,0.37,805,145,0.109,105600,6224,0.036,0.48,0.2264,0.287,0.12,0.1107,0.561,0.2262,0.0637,0.171,0.8562,0.0439,0.031,0.0484,0.0389,0.489,0.0314,0.0207,0.401,0.0,0.0131,,0.0314,0.0207,0.401,0.0544,0.0307,0.344
4200313608,2014,3006,19,0.004,1285,105,0.05,53.1,3.6,0.041,0.187,0.0423,0.138,0.2478,0.0417,0.102,0.7548,0.0707,0.057,0.1427,0.0319,0.136,0.0269,0.023,0.518,0.0273,0.0256,0.571,79375,12463,0.095,42243,5331,0.077,0.0317,0.0254,0.487,0.0674,0.0312,0.281,0.6545,0.0539,0.05,0.5925,0.0636,0.065,1344,115,0.052,0.0439,0.0355,0.492,1958,2,0.001,0.965,0.1163,0.073,0.0,0.0105,,0.0067,0.0122,1.107,0.0283,0.027,0.58,0.1012,0.0499,0.3,130,65,0.304,1155,130,0.068,0.1025,0.0659,0.391,1155,280,0.147,156600,5731,0.022,0.1077,0.1525,0.861,0.0538,0.0802,0.906,0.2355,0.0706,0.182,0.7557,0.0547,0.044,0.0348,0.0232,0.404,0.0,0.0067,,0.0,0.0067,,0.071,0.0381,0.327,0.0109,0.0121,0.674
4200313704,2014,6752,39,0.004,3143,188,0.036,41.7,4.2,0.061,0.1765,0.0335,0.116,0.1617,0.0241,0.091,0.5403,0.0509,0.057,0.3888,0.0519,0.081,0.0,0.0022,,0.0287,0.0191,0.404,29158,5472,0.114,20120,1941,0.059,0.2736,0.0621,0.138,0.1251,0.051,0.248,0.6126,0.0397,0.039,0.1378,0.0322,0.142,4006,192,0.029,0.2154,0.0365,0.103,1941,2,0.001,0.638,0.042,0.04,0.0881,0.0291,0.201,0.0746,0.0273,0.223,0.007,0.0071,0.621,0.4305,0.0515,0.073,1353,181,0.081,1790,172,0.058,0.4164,0.0585,0.085,697,56,0.049,48700,3197,0.04,0.6001,0.104,0.105,0.3052,0.0837,0.167,0.2,0.0588,0.179,0.7083,0.0424,0.036,0.106,0.0368,0.211,0.042,0.0266,0.385,0.0,0.005,,0.0235,0.0188,0.486,0.2809,0.0506,0.11
4200315216,2014,7450,16,0.001,3341,151,0.027,48.1,2.2,0.028,0.1711,0.0307,0.109,0.187,0.0355,0.115,0.9297,0.03,0.02,0.0081,0.0074,0.557,0.0326,0.0255,0.475,0.0176,0.0141,0.487,69139,6412,0.056,44124,4554,0.063,0.0691,0.0374,0.329,0.0628,0.0258,0.249,0.6577,0.0438,0.041,0.4242,0.0614,0.088,3618,172,0.029,0.0766,0.0432,0.343,1991,3,0.001,0.565,0.0524,0.056,0.0368,0.028,0.463,0.0569,0.0361,0.386,0.0575,0.0328,0.346,0.1889,0.0562,0.181,631,190,0.183,2710,197,0.044,0.157,0.0496,0.192,1125,150,0.081,150900,27452,0.111,0.3074,0.1714,0.339,0.1474,0.1205,0.497,0.2613,0.0703,0.164,0.8257,0.0572,0.042,0.0449,0.0283,0.383,0.0158,0.0132,0.506,0.0,0.0039,,0.0566,0.0279,0.3,0.0284,0.0183,0.391
4200316144,2014,5655,22,0.002,2686,175,0.04,41.1,2.1,0.031,0.1788,0.0423,0.144,0.1839,0.0285,0.094,0.76,0.0563,0.045,0.1181,0.0338,0.174,0.0037,0.0051,0.839,0.0444,0.0242,0.332,35704,3754,0.064,22968,2270,0.06,0.1487,0.0457,0.187,0.0623,0.0286,0.28,0.6337,0.0504,0.048,0.263,0.0484,0.112,3073,214,0.042,0.1259,0.047,0.227,1939,,,0.6046,0.0364,0.037,0.1106,0.0392,0.215,0.1035,0.0349,0.205,0.1185,0.027,0.139,0.5048,0.051,0.061,1356,163,0.073,1330,141,0.064,0.4382,0.0621,0.086,639,80,0.076,82000,6179,0.046,0.3886,0.1062,0.166,0.1711,0.0716,0.254,0.1805,0.0644,0.217,0.7868,0.0493,0.038,0.0435,0.0292,0.409,0.0625,0.0323,0.314,0.0,0.0054,,0.0201,0.0172,0.518,0.1869,0.052,0.169
4200316848,2014,5931,32,0.003,2731,135,0.03,39.5,2.6,0.04,0.1794,0.0307,0.104,0.1297,0.0242,0.113,0.8965,0.0419,0.028,0.0661,0.0378,0.347,0.0,0.0025,,0.0096,0.0084,0.533,49888,3453,0.042,32800,4960,0.092,0.047,0.0154,0.199,0.0393,0.0177,0.274,0.731,0.0386,0.032,0.355,0.0518,0.089,2988,172,0.035,0.086,0.0375,0.265,1939,,,0.4886,0.0424,0.053,0.2771,0.0504,0.111,0.0897,0.0242,0.164,0.0693,0.0255,0.224,0.4647,0.045,0.059,1269,138,0.066,1462,128,0.053,0.3943,0.052,0.08,726,47,0.039,112700,5163,0.028,0.3073,0.0784,0.155,0.093,0.051,0.334,0.1943,0.0625,0.196,0.7283,0.0348,0.029,0.1365,0.046,0.205,0.0283,0.0155,0.333,0.0036,0.0051,0.86,0.0388,0.0214,0.336,0.1205,0.0321,0.162
4200317048,2014,2637,19,0.004,1074,58,0.033,45.5,2.2,0.029,0.2025,0.0364,0.109,0.2105,0.0341,0.098,0.9492,0.0241,0.015,0.0288,0.022,0.464,0.0095,0.0091,0.584,0.0061,0.0087,0.874,55068,4533,0.05,28891,2364,0.05,0.0705,0.0394,0.34,0.049,0.0232,0.288,0.647,0.0304,0.029,0.2725,0.0425,0.095,1113,65,0.036,0.035,0.0332,0.576,1960,3,0.001,0.8428,0.0314,0.023,0.0323,0.0246,0.463,0.0189,0.0133,0.429,0.0,0.0127,,0.1778,0.055,0.188,191,60,0.191,883,62,0.043,0.1608,0.0581,0.22,842,75,0.054,115900,11973,0.063,0.3717,0.1761,0.288,0.2147,0.1183,0.335,0.2412,0.0632,0.159,0.8483,0.0252,0.018,0.0195,0.0135,0.419,0.015,0.0187,0.759,0.0,0.0075,,0.0435,0.0224,0.312,0.0819,0.0368,0.273
4200319576,2014,8565,26,0.002,3940,141,0.022,36.2,2.0,0.034,0.1598,0.0234,0.089,0.1277,0.019,0.09,0.9254,0.0251,0.016,0.0083,0.0053,0.385,0.0097,0.0069,0.432,0.0351,0.0168,0.291,51901,3205,0.038,29369,1663,0.034,0.0797,0.0236,0.18,0.052,0.0144,0.169,0.7328,0.0316,0.026,0.3602,0.0347,0.059,4248,190,0.027,0.0725,0.0307,0.257,1939,,,0.5487,0.0396,0.044,0.2326,0.0368,0.096,0.1514,0.0304,0.122,0.0129,0.0073,0.344,0.4459,0.0326,0.044,1757,143,0.049,2183,171,0.048,0.3584,0.0336,0.057,793,46,0.035,110900,5019,0.028,0.3591,0.0784,0.133,0.1668,0.0535,0.195,0.2803,0.051,0.111,0.6129,0.0369,0.037,0.1966,0.0327,0.101,0.0517,0.023,0.27,0.0,0.003,,0.0349,0.0137,0.239,0.1678,0.0312,0.113
4200319856,2014,1821,178,0.059,883,66,0.045,50.1,4.5,0.055,0.1532,0.0411,0.163,0.2208,0.033,0.091,0.9495,0.0203,0.013,0.0203,0.0246,0.737,0.0,0.0055,,0.0192,0.0213,0.675,42212,2976,0.043,26167,2778,0.065,0.1168,0.0541,0.281,0.0851,0.0603,0.431,0.6211,0.0225,0.022,0.1799,0.0505,0.17,974,38,0.024,0.0934,0.0522,0.34,1944,3,0.001,0.7156,0.0617,0.052,0.0698,0.0382,0.333,0.1643,0.034,0.126,0.0,0.0145,,0.3635,0.0573,0.096,321,56,0.106,562,60,0.065,0.2845,0.048,0.103,481,33,0.042,61800,6827,0.067,0.3271,0.1159,0.215,0.1745,0.1015,0.354,0.1762,0.0793,0.274,0.8148,0.0491,0.037,0.0449,0.03,0.406,0.018,0.019,0.643,0.0,0.0112,,0.0146,0.0156,0.652,0.111,0.0451,0.247
4200320432,2014,5558,31,0.003,2369,168,0.043,35.9,5.2,0.088,0.2875,0.0416,0.088,0.1499,0.0254,0.103,0.3489,0.0475,0.083,0.5193,0.0499,0.058,0.0056,0.0056,0.608,0.0122,0.0085,0.42,19811,2873,0.088,17688,7123,0.245,0.4263,0.0839,0.12,0.2594,0.0695,0.163,0.5113,0.0448,0.053,0.1236,0.0347,0.171,3158,208,0.04,0.2498,0.036,0.088,1944,3,0.001,0.613,0.0463,0.046,0.0972,0.0343,0.214,0.1339,0.0386,0.175,0.0513,0.0243,0.288,0.5855,0.0601,0.062,1387,173,0.076,982,135,0.084,0.5876,0.0615,0.064,700,86,0.075,39300,5620,0.087,0.6727,0.0968,0.088,0.4146,0.0825,0.121,0.2546,0.0652,0.156,0.6035,0.072,0.072,0.1744,0.064,0.223,0.034,0.0291,0.521,0.0,0.0098,,0.0392,0.023,0.357,0.4171,0.0641,0.093
4200321024,2014,1337,87,0.04,608,35,0.035,41.8,3.9,0.057,0.1915,0.0374,0.119,0.1242,0.0247,0.121,0.9334,0.0254,0.017,0.0269,0.0231,0.522,0.0,0.0075,,0.0075,0.009,0.728,46406,7179,0.094,26277,2907,0.067,0.1398,0.0526,0.228,0.1241,0.0456,0.224,0.7387,0.0374,0.031,0.2014,0.0463,0.14,754,29,0.023,0.1936,0.0512,0.161,1944,4,0.001,0.6658,0.0403,0.037,0.1326,0.04,0.183,0.0106,0.0207,1.187,0.0172,0.018,0.636,0.3257,0.0613,0.115,198,39,0.12,410,43,0.064,0.313,0.0646,0.126,742,45,0.037,68200,4909,0.044,0.4091,0.127,0.189,0.1919,0.0991,0.314,0.1732,0.072,0.253,0.8218,0.0585,0.043,0.041,0.0281,0.416,0.0028,0.0071,1.519,0.0042,0.0056,0.809,0.0198,0.0155,0.475,0.0872,0.0364,0.254
4200321444,2014,2233,137,0.037,1051,68,0.039,41.2,3.8,0.056,0.2069,0.0396,0.116,0.1729,0.0272,0.095,0.8836,0.0462,0.032,0.0452,0.0218,0.293,0.0134,0.0116,0.526,0.0116,0.0103,0.536,39489,7241,0.111,22375,1661,0.045,0.12,0.0438,0.222,0.0775,0.0355,0.278,0.6365,0.0405,0.039,0.1539,0.0445,0.176,1182,45,0.023,0.1108,0.0463,0.254,1946,6,0.002,0.7335,0.0503,0.042,0.1303,0.0464,0.217,0.0635,0.0276,0.265,0.0305,0.0196,0.392,0.4244,0.072,0.103,446,81,0.11,605,72,0.072,0.3596,0.0696,0.118,658,59,0.055,70800,3399,0.029,0.4395,0.1146,0.159,0.2444,0.0906,0.225,0.2182,0.0697,0.194,0.8401,0.0436,0.032,0.0247,0.0166,0.41,0.0188,0.0236,0.766,0.0,0.0099,,0.0849,0.0517,0.371,0.1237,0.0487,0.239
4200321712,2014,1910,248,0.079,790,70,0.054,31.4,4.8,0.093,0.2995,0.0624,0.127,0.1204,0.0222,0.112,0.445,0.0389,0.053,0.4634,0.1061,0.139,0.0539,0.0508,0.573,0.0183,0.0198,0.655,22500,6773,0.183,15521,1660,0.065,0.2969,0.0979,0.2,0.0962,0.0578,0.365,0.6372,0.0906,0.086,0.1381,0.0523,0.23,1025,38,0.023,0.2293,0.0678,0.18,1942,6,0.002,0.3707,0.0679,0.111,0.2293,0.0621,0.165,0.0946,0.0479,0.308,0.0654,0.0289,0.269,0.6557,0.0751,0.07,518,75,0.088,272,54,0.121,0.5843,0.0977,0.102,541,81,0.091,39200,5194,0.081,0.4826,0.136,0.171,0.2124,0.0895,0.256,0.2169,0.126,0.353,0.6242,0.1612,0.157,0.149,0.0684,0.279,0.0846,0.0611,0.439,0.0,0.0134,,0.0067,0.0107,0.966,0.3013,0.0736,0.148
4200322520,2014,3109,19,0.004,1507,112,0.045,39.3,2.6,0.04,0.1827,0.0356,0.119,0.1312,0.025,0.116,0.834,0.048,0.035,0.0798,0.0325,0.248,0.0434,0.0251,0.351,0.0354,0.0328,0.564,68925,7387,0.065,47009,4652,0.06,0.0958,0.0397,0.252,0.0412,0.0174,0.257,0.7439,0.0245,0.02,0.6845,0.0669,0.059,1622,138,0.052,0.0709,0.0477,0.409,1939,,,0.6942,0.0358,0.031,0.0826,0.0314,0.231,0.1578,0.0415,0.16,0.0228,0.0209,0.556,0.3198,0.0662,0.126,482,106,0.134,1025,77,0.046,0.2414,0.0532,0.134,712,35,0.03,180500,20366,0.069,0.4149,0.1319,0.193,0.1743,0.1031,0.36,0.1493,0.0467,0.19,0.6523,0.0401,0.037,0.1887,0.0434,0.14,0.0099,0.0094,0.573,0.0066,0.0077,0.708,0.0866,0.0322,0.226,0.0856,0.0327,0.232
4200322576,2014,1650,79,0.029,604,28,0.028,45.2,1.9,0.026,0.2891,0.0327,0.069,0.1679,0.0248,0.09,0.9394,0.0359,0.023,0.0036,0.0048,0.81,0.0067,0.0061,0.552,0.0333,0.0169,0.308,151250,12289,0.049,91741,11652,0.077,0.0212,0.0119,0.341,0.0308,0.0145,0.285,0.6016,0.0493,0.05,0.8184,0.0694,0.052,652,22,0.021,0.0736,0.0413,0.341,1939,,,0.9494,0.0237,0.015,0.0276,0.0276,0.608,0.0,0.0217,,0.0,0.0217,,0.0811,0.0262,0.196,49,16,0.198,555,30,0.033,0.0842,0.0331,0.239,1236,384,0.189,490700,45156,0.056,0.2653,0.3409,0.781,0.2041,0.1712,0.51,0.2468,0.0538,0.133,0.7674,0.0612,0.048,0.0265,0.0165,0.379,0.0279,0.0151,0.329,0.0084,0.0097,0.707,0.085,0.0251,0.18,0.0232,0.014,0.367
4200322992,2014,1397,81,0.035,655,40,0.037,45.1,4.1,0.055,0.2019,0.0344,0.104,0.1775,0.032,0.109,0.9234,0.0748,0.049,0.0115,0.01,0.531,0.0,0.0072,,0.0258,0.0135,0.319,35815,5214,0.088,22025,1952,0.054,0.1665,0.0535,0.195,0.13,0.0411,0.192,0.6687,0.0514,0.047,0.1441,0.0375,0.158,723,24,0.02,0.0941,0.0469,0.303,1939,,,0.5975,0.0561,0.057,0.2075,0.0574,0.168,0.0484,0.0321,0.403,0.0761,0.0384,0.307,0.4534,0.0662,0.089,297,47,0.096,358,40,0.068,0.3726,0.0557,0.091,574,32,0.034,80200,7539,0.057,0.3737,0.1173,0.191,0.1717,0.0903,0.32,0.2849,0.1001,0.214,0.7553,0.0701,0.056,0.0468,0.0312,0.405,0.0483,0.0311,0.392,0.0,0.0151,,0.0196,0.0149,0.461,0.1542,0.0591,0.233
4200323000,2014,13297,27,0.001,5434,160,0.018,46.7,1.7,0.022,0.1929,0.0236,0.074,0.2163,0.0236,0.066,0.9758,0.011,0.007,0.0089,0.0071,0.485,0.0014,0.0016,0.672,0.0044,0.0038,0.535,60342,3160,0.032,28490,1271,0.027,0.0771,0.0235,0.185,0.0856,0.0272,0.193,0.5808,0.0242,0.025,0.2596,0.0332,0.078,6031,193,0.019,0.099,0.029,0.178,1959,2,0.001,0.8805,0.0262,0.018,0.003,0.0055,1.118,0.0418,0.0184,0.267,0.0342,0.0163,0.29,0.1404,0.0279,0.121,763,153,0.122,4671,177,0.023,0.1148,0.0263,0.139,746,94,0.077,115400,6225,0.033,0.4443,0.1345,0.184,0.3421,0.1313,0.233,0.1901,0.0385,0.123,0.8462,0.0284,0.02,0.015,0.0088,0.355,0.0095,0.0062,0.397,0.0,0.0028,,0.0209,0.0113,0.33,0.0374,0.0168,0.274
4200323616,2014,2471,123,0.03,1103,46,0.025,37.5,2.0,0.032,0.1975,0.0411,0.126,0.1202,0.0238,0.121,0.9369,0.0135,0.009,0.0316,0.0311,0.599,0.0,0.004,,0.0117,0.0097,0.502,50438,5885,0.071,29035,3597,0.075,0.0619,0.0297,0.291,0.0651,0.0254,0.238,0.7356,0.0349,0.029,0.3431,0.0527,0.093,1155,35,0.018,0.045,0.0294,0.397,1947,5,0.002,0.5775,0.0598,0.063,0.1385,0.0511,0.224,0.1229,0.047,0.232,0.1022,0.0391,0.233,0.3998,0.0706,0.107,441,80,0.11,662,77,0.071,0.3182,0.0817,0.156,743,51,0.042,112800,9446,0.051,0.3469,0.0954,0.167,0.1995,0.0905,0.276,0.1616,0.0515,0.194,0.8218,0.0424,0.031,0.0534,0.0263,0.3,0.0137,0.0137,0.606,0.0029,0.0036,0.758,0.0512,0.0271,0.321,0.0299,0.018,0.365
4200324160,2014,3446,24,0.004,1619,100,0.038,36.2,2.0,0.034,0.1936,0.0462,0.145,0.1184,0.0296,0.152,0.9504,0.0271,0.017,0.0139,0.0168,0.735,0.0003,0.0009,1.824,0.02,0.0192,0.581,37860,3613,0.058,24480,2262,0.056,0.1833,0.069,0.229,0.0632,0.0312,0.3,0.7074,0.0486,0.042,0.186,0.0507,0.166,1777,99,0.034,0.0889,0.0527,0.36,1939,,,0.5993,0.0574,0.058,0.2043,0.0715,0.213,0.0422,0.0223,0.322,0.0197,0.0111,0.342,0.4589,0.0778,0.103,743,134,0.11,876,113,0.078,0.3924,0.0791,0.123,671,29,0.026,82000,3492,0.026,0.4522,0.1275,0.171,0.1844,0.0646,0.213,0.2591,0.0973,0.228,0.7907,0.0545,0.042,0.051,0.0218,0.26,0.0396,0.0334,0.513,0.0,0.0054,,0.0304,0.0259,0.518,0.1186,0.0465,0.238
4200325400,2014,2354,149,0.038,1011,55,0.033,49.5,1.6,0.02,0.161,0.0393,0.149,0.1899,0.028,0.09,0.9669,0.0144,0.009,0.0085,0.0123,0.881,0.0055,0.0059,0.654,0.0157,0.0153,0.59,54883,7092,0.079,29767,3121,0.064,0.0616,0.0262,0.259,0.1075,0.0382,0.216,0.6328,0.044,0.042,0.1689,0.0456,0.164,1051,42,0.024,0.0381,0.0314,0.501,1954,3,0.001,0.8963,0.0432,0.029,0.0419,0.0325,0.472,0.0,0.0135,,0.0,0.0135,,0.2305,0.0631,0.166,233,65,0.17,778,76,0.059,0.1922,0.0513,0.162,647,52,0.049,117500,10717,0.055,0.3176,0.1715,0.328,0.1717,0.1287,0.456,0.1812,0.0609,0.204,0.8664,0.0654,0.046,0.0126,0.0152,0.736,0.0117,0.0125,0.652,0.0,0.009,,0.0305,0.0258,0.515,0.0425,0.0319,0.456
4200325904,2014,5199,25,0.003,2133,138,0.039,43.6,2.3,0.032,0.2527,0.0478,0.115,0.1466,0.0329,0.136,0.9259,0.0461,0.03,0.0379,0.041,0.657,0.0,0.0029,,0.0154,0.0183,0.722,69375,9386,0.082,31621,2836,0.055,0.0658,0.0373,0.345,0.0725,0.0331,0.278,0.6942,0.042,0.037,0.3142,0.0562,0.109,2397,149,0.038,0.1101,0.0605,0.334,1974,3,0.001,0.6754,0.0458,0.041,0.0492,0.0359,0.444,0.0622,0.0458,0.447,0.0234,0.0229,0.597,0.1974,0.0567,0.175,421,124,0.179,1712,151,0.054,0.1516,0.0504,0.202,747,207,0.168,160800,11567,0.044,0.304,0.2384,0.477,0.304,0.2302,0.46,0.205,0.0689,0.204,0.8984,0.0428,0.029,0.0192,0.0157,0.495,0.0081,0.0131,0.983,0.0,0.0058,,0.0242,0.016,0.401,0.0361,0.0388,0.653
4200326592,2014,6501,37,0.003,3040,129,0.026,45.7,1.9,0.025,0.1872,0.0304,0.099,0.2081,0.0264,0.077,0.8257,0.0504,0.037,0.1334,0.0495,0.226,0.0149,0.0186,0.758,0.0151,0.0137,0.552,63378,4316,0.041,36359,2026,0.034,0.0677,0.0272,0.244,0.0779,0.0259,0.202,0.6673,0.0234,0.021,0.4992,0.0515,0.063,3348,149,0.027,0.092,0.0392,0.259,1950,2,0.001,0.7727,0.0282,0.022,0.0908,0.0309,0.207,0.0239,0.0134,0.341,0.0502,0.0189,0.229,0.2263,0.043,0.116,688,134,0.118,2352,157,0.041,0.2142,0.0571,0.162,710,44,0.038,117800,6598,0.034,0.3547,0.1215,0.208,0.2195,0.1003,0.278,0.148,0.0452,0.186,0.7693,0.0372,0.029,0.0957,0.0272,0.173,0.0085,0.0073,0.52,0.0021,0.004,1.128,0.0515,0.0215,0.253,0.0987,0.0331,0.204
4200326896,2014,3369,18,0.003,1554,120,0.047,48.3,3.1,0.039,0.182,0.0503,0.168,0.2235,0.0429,0.117,0.9261,0.0556,0.036,0.0407,0.0374,0.559,0.0,0.003,,0.0332,0.0341,0.624,40921,12014,0.178,25663,3048,0.072,0.0804,0.0587,0.444,0.1445,0.0795,0.335,0.6458,0.0543,0.051,0.1688,0.0557,0.201,1645,138,0.051,0.0553,0.0441,0.485,1959,6,0.002,0.7106,0.091,0.078,0.0274,0.0339,0.753,0.0,0.0086,,0.0,0.0086,,0.186,0.0726,0.237,289,115,0.242,1265,170,0.082,0.2209,0.1106,0.304,639,134,0.127,78500,8488,0.066,0.4567,0.2207,0.294,0.1834,0.1758,0.583,0.1565,0.0552,0.214,0.8598,0.0662,0.047,0.0096,0.0147,0.929,0.0199,0.0211,0.643,0.0,0.0064,,0.0386,0.024,0.377,0.0489,0.0313,0.389
4200327120,2014,5397,32,0.004,1959,118,0.037,48.2,3.1,0.039,0.2903,0.0436,0.091,0.1658,0.033,0.121,0.9016,0.0325,0.022,0.0,0.0028,,0.0515,0.022,0.26,0.0183,0.0139,0.461,168274,34217,0.124,104737,16341,0.095,0.0514,0.0549,0.65,0.0799,0.0437,0.333,0.5646,0.0592,0.064,0.8498,0.0829,0.059,2109,153,0.044,0.0711,0.0462,0.395,1967,5,0.002,0.9768,0.0102,0.006,0.0,0.0101,,0.0,0.0101,,0.0,0.0101,,0.0383,0.0285,0.452,75,56,0.454,1884,131,0.042,0.049,0.0406,0.504,,,,521400,74848,0.087,0.0,0.4,,0.0,0.2,,0.2304,0.0711,0.188,0.8184,0.0658,0.049,0.0,0.007,,0.0206,0.0327,0.964,0.0108,0.0163,0.922,0.059,0.0277,0.285,0.0153,0.0189,0.752
4200327552,2014,13882,31,0.001,4807,206,0.026,42.1,1.6,0.023,0.2894,0.0288,0.06,0.1212,0.02,0.1,0.8623,0.0191,0.013,0.0119,0.0117,0.597,0.0942,0.0148,0.095,0.0075,0.0054,0.438,116378,8822,0.046,53405,4320,0.049,0.0124,0.0075,0.368,0.0369,0.0162,0.267,0.6689,0.0346,0.031,0.6716,0.0489,0.044,5131,212,0.025,0.0631,0.0295,0.284,1983,2,0.001,0.8823,0.0233,0.016,0.0014,0.004,1.79,0.0047,0.0063,0.825,0.0127,0.0157,0.754,0.0426,0.0186,0.266,205,90,0.267,4602,206,0.027,0.0316,0.0147,0.282,1583,563,0.216,295500,14890,0.031,0.3659,0.2325,0.386,0.2195,0.1863,0.516,0.1925,0.0416,0.131,0.813,0.0357,0.027,0.0161,0.0095,0.356,0.0062,0.0056,0.548,0.0,0.0024,,0.0694,0.0227,0.199,0.0131,0.0094,0.436
4200327608,2014,1111,83,0.045,487,32,0.04,48.4,2.1,0.026,0.1818,0.0363,0.121,0.1845,0.0275,0.091,0.982,0.0247,0.015,0.0,0.009,,0.0063,0.0063,0.606,0.0,0.009,,50341,5349,0.065,29302,4937,0.102,0.0936,0.0527,0.342,0.0843,0.0354,0.255,0.6227,0.0305,0.03,0.1486,0.047,0.192,534,22,0.025,0.088,0.0486,0.335,1957,2,0.001,0.8876,0.0376,0.026,0.0,0.0265,,0.0,0.0265,,0.0,0.0265,,0.1027,0.0509,0.301,50,25,0.304,437,34,0.047,0.0936,0.049,0.318,638,322,0.307,107400,12947,0.073,0.32,0.3633,0.69,0.22,0.2356,0.651,0.2494,0.0628,0.153,0.9286,0.1343,0.088,0.015,0.015,0.605,0.0,0.0188,,0.0,0.0188,,0.0038,0.0075,1.214,0.0575,0.0348,0.368
4200329432,2014,4485,50,0.007,1967,111,0.034,42.6,4.6,0.066,0.1964,0.0323,0.1,0.1663,0.0313,0.114,0.9523,0.0279,0.018,0.0145,0.0152,0.636,0.0065,0.0103,0.964,0.0045,0.0069,0.942,31859,4934,0.094,19299,1414,0.045,0.1379,0.0408,0.18,0.1203,0.0481,0.243,0.5828,0.048,0.05,0.1426,0.0364,0.155,2347,120,0.031,0.1619,0.0483,0.181,1940,3,0.001,0.712,0.0591,0.051,0.1679,0.0537,0.194,0.0639,0.0379,0.361,0.0051,0.0073,0.871,0.3691,0.067,0.11,726,138,0.116,1241,127,0.062,0.3619,0.0763,0.128,585,24,0.025,58200,5458,0.057,0.4793,0.14,0.178,0.1377,0.0516,0.228,0.2305,0.0621,0.164,0.7964,0.044,0.034,0.0302,0.0241,0.485,0.054,0.0304,0.342,0.0,0.0054,,0.027,0.0204,0.459,0.1784,0.0521,0.177
4200329592,2014,202,36,0.108,84,16,0.116,43.5,9.0,0.126,0.2178,0.0961,0.268,0.1782,0.0927,0.316,0.9059,0.0249,0.017,0.0347,0.0541,0.949,0.0,0.0495,,0.0198,0.0245,0.752,57500,25877,0.274,30911,6110,0.12,0.0594,0.0635,0.65,0.0789,0.0775,0.596,0.7037,0.0754,0.065,0.2394,0.1144,0.29,94,19,0.123,0.1064,0.115,0.657,1939,,,0.8723,0.2451,0.171,0.0957,0.1067,0.678,0.0,0.1504,,0.0,0.1504,,0.1667,0.1023,0.373,14,9,0.391,70,15,0.13,0.1386,0.0908,0.398,650,313,0.293,125000,55762,0.271,0.1429,1.2664,5.389,0.1429,0.2706,1.151,0.1571,0.2354,0.911,0.7596,0.0869,0.07,0.0481,0.0568,0.718,0.0096,0.0288,1.819,0.0,0.0962,,0.0288,0.038,0.8,0.0476,0.0588,0.751
4200329732,2014,563,79,0.085,215,28,0.079,45.8,2.2,0.029,0.2327,0.0502,0.131,0.1918,0.0371,0.118,0.9538,0.1863,0.119,0.0142,0.0123,0.525,0.0,0.0178,,0.0,0.0178,,116875,21663,0.113,59126,11813,0.121,0.0769,0.0665,0.525,0.0612,0.0384,0.382,0.6171,0.0402,0.04,0.6522,0.064,0.06,229,29,0.077,0.0611,0.0606,0.603,1939,,,0.9563,0.0168,0.011,0.0,0.0618,,0.0,0.0618,,0.0,0.0618,,0.0326,0.037,0.69,7,8,0.695,208,29,0.085,0.0234,0.0286,0.743,,,,408700,39193,0.058,0.0,2.8571,,0.0,1.4286,,0.2837,0.1097,0.235,0.6367,0.1132,0.108,0.0352,0.0307,0.532,0.043,0.0345,0.488,0.0,0.0391,,0.1445,0.0581,0.244,0.0093,0.0501,3.273
4200331256,2014,4542,22,0.003,1967,84,0.026,46.8,2.8,0.036,0.1565,0.029,0.113,0.2021,0.0321,0.097,0.9306,0.0372,0.024,0.0198,0.0167,0.513,0.0473,0.0332,0.427,0.0,0.0022,,66635,12489,0.114,45032,10689,0.144,0.0481,0.0381,0.481,0.0464,0.0216,0.283,0.6939,0.0304,0.027,0.432,0.0638,0.09,2086,91,0.027,0.057,0.0287,0.305,1957,2,0.001,0.9195,0.0226,0.015,0.0201,0.0207,0.624,0.0508,0.0281,0.337,0.0096,0.0165,1.048,0.0813,0.0364,0.272,160,72,0.274,1807,101,0.034,0.0555,0.0242,0.265,802,335,0.254,153900,7174,0.028,0.0,0.125,,0.0,0.0625,,0.2125,0.0585,0.167,0.6974,0.0645,0.056,0.0562,0.0208,0.225,0.0138,0.0122,0.537,0.0,0.004,,0.0938,0.0508,0.329,0.0269,0.0148,0.333
4200332328,2014,18444,21,0.001,7231,202,0.017,45.4,1.1,0.015,0.2296,0.0244,0.065,0.1713,0.0184,0.065,0.9552,0.0157,0.01,0.004,0.003,0.452,0.0261,0.0141,0.329,0.01,0.0063,0.387,84351,4990,0.036,45435,3454,0.046,0.0302,0.0127,0.255,0.037,0.0143,0.234,0.6709,0.0239,0.022,0.4888,0.0384,0.048,7696,200,0.016,0.0604,0.0214,0.215,1975,2,0.001,0.7781,0.0277,0.022,0.0086,0.0066,0.466,0.052,0.0171,0.2,0.0455,0.0152,0.203,0.1361,0.0229,0.102,984,168,0.104,6247,240,0.023,0.1052,0.0297,0.172,1126,83,0.045,206800,13028,0.038,0.4787,0.1236,0.157,0.31,0.1008,0.198,0.2404,0.0448,0.113,0.8426,0.0208,0.015,0.0215,0.016,0.452,0.0022,0.0027,0.752,0.0,0.0017,,0.0491,0.0189,0.234,0.0402,0.0144,0.218
4200332624,2014,2991,22,0.004,1325,138,0.063,54.5,3.8,0.042,0.1431,0.0399,0.169,0.334,0.0613,0.111,0.9616,0.0254,0.016,0.0144,0.0177,0.749,0.0137,0.015,0.667,0.0053,0.0057,0.646,47690,8084,0.103,33134,6426,0.118,0.1228,0.0631,0.312,0.0929,0.0453,0.296,0.5377,0.0563,0.064,0.3055,0.0662,0.132,1494,151,0.061,0.1131,0.0537,0.288,1960,4,0.001,0.5877,0.0521,0.054,0.0435,0.0293,0.41,0.0382,0.0252,0.401,0.0,0.0095,,0.2189,0.06,0.167,290,85,0.178,1035,126,0.074,0.1964,0.0675,0.209,621,33,0.032,114800,14665,0.078,0.2897,0.1236,0.259,0.1517,0.0896,0.359,0.3285,0.0976,0.181,0.7395,0.0748,0.061,0.061,0.0381,0.38,0.0148,0.0147,0.604,0.0,0.0082,,0.0404,0.0343,0.517,0.0438,0.0275,0.381
4200332832,2014,10462,44,0.003,4376,166,0.023,43.3,2.5,0.035,0.1819,0.0289,0.097,0.1759,0.022,0.076,0.9334,0.0274,0.018,0.0239,0.0106,0.27,0.0034,0.0035,0.625,0.0043,0.0045,0.635,47058,7579,0.098,23347,1421,0.037,0.1449,0.0372,0.156,0.0914,0.0253,0.168,0.6114,0.0298,0.03,0.2255,0.0382,0.103,5066,189,0.023,0.1362,0.0358,0.16,1950,2,0.001,0.756,0.032,0.026,0.0521,0.0211,0.247,0.0855,0.0304,0.217,0.0239,0.0107,0.273,0.3183,0.0376,0.072,1393,173,0.075,2983,218,0.044,0.295,0.046,0.095,704,49,0.042,89500,4575,0.031,0.3805,0.0942,0.15,0.1565,0.0525,0.204,0.2028,0.0442,0.132,0.8206,0.0345,0.026,0.0074,0.0072,0.59,0.0416,0.0236,0.344,0.0,0.0033,,0.0239,0.0127,0.323,0.1056,0.0303,0.175
4200333312,2014,87,33,0.231,43,16,0.226,57.3,15.7,0.167,0.1149,0.2709,1.433,0.3103,0.2848,0.558,0.908,0.0165,0.011,0.0,0.1149,,0.0,0.1149,,0.069,0.1001,0.882,51250,21101,0.25,26693,6384,0.145,0.1839,0.1491,0.493,0.075,0.1222,0.991,0.5195,0.2671,0.313,0.3125,0.2538,0.494,49,16,0.198,0.1224,0.1371,0.681,1939,,,1.0,0.0,0.0,0.0,0.2886,,0.0,0.2886,,0.0,0.2886,,0.2558,0.1599,0.38,11,8,0.442,32,15,0.285,0.2989,0.2,0.407,950,302,0.193,95000,32530,0.208,0.3636,1.3653,2.282,0.2727,0.409,0.912,0.3125,0.7629,1.484,0.7027,0.085,0.074,0.0541,0.0792,0.89,0.0,0.2703,,0.0,0.2703,,0.1351,0.2117,0.952,0.0465,0.2422,3.165
4200333592,2014,1321,89,0.041,625,33,0.032,44.2,2.7,0.037,0.1567,0.035,0.136,0.1749,0.0261,0.091,0.9629,0.0054,0.003,0.0091,0.0091,0.607,0.0,0.0076,,0.028,0.0196,0.425,48142,6760,0.085,26240,2064,0.048,0.0636,0.0267,0.256,0.0152,0.0126,0.504,0.6937,0.0406,0.036,0.1925,0.0529,0.167,663,23,0.021,0.0573,0.0361,0.383,1941,5,0.002,0.7949,0.052,0.04,0.0845,0.0363,0.261,0.092,0.0333,0.22,0.0,0.0213,,0.3664,0.061,0.101,229,40,0.106,396,46,0.071,0.2839,0.0678,0.145,764,205,0.163,92500,6213,0.041,0.2576,0.0912,0.215,0.1659,0.0824,0.302,0.2525,0.0759,0.183,0.7474,0.088,0.072,0.0515,0.0267,0.315,0.0348,0.0256,0.447,0.0,0.0129,,0.0296,0.0257,0.526,0.0976,0.0407,0.253
4200335424,2014,3157,20,0.004,1472,110,0.045,38.5,6.3,0.099,0.2477,0.0636,0.156,0.1758,0.0376,0.13,0.2515,0.0541,0.131,0.7064,0.061,0.052,0.0127,0.0209,1.003,0.0,0.0032,,25595,5317,0.126,17303,2140,0.075,0.2661,0.0959,0.219,0.1113,0.0512,0.28,0.5841,0.0625,0.065,0.1655,0.0585,0.215,1962,145,0.045,0.2497,0.0562,0.137,1939,,,0.5392,0.0752,0.085,0.1575,0.0617,0.238,0.0724,0.0449,0.377,0.1458,0.0445,0.186,0.5999,0.0854,0.087,883,142,0.098,589,125,0.129,0.556,0.1035,0.113,688,110,0.097,39900,4384,0.067,0.4337,0.1239,0.174,0.2322,0.1009,0.264,0.2733,0.1436,0.319,0.4807,0.0776,0.098,0.17,0.0719,0.257,0.2027,0.0984,0.295,0.0034,0.0067,1.211,0.067,0.0821,0.745,0.3852,0.0884,0.14
4200336808,2014,7297,21,0.002,2590,149,0.035,45.5,2.0,0.027,0.2356,0.028,0.072,0.1705,0.0268,0.095,0.9064,0.0423,0.028,0.0143,0.0092,0.392,0.0222,0.0119,0.326,0.0267,0.0369,0.839,85286,8722,0.062,48677,5020,0.063,0.0675,0.0284,0.256,0.0536,0.0181,0.205,0.6265,0.0218,0.021,0.4495,0.0456,0.062,2867,158,0.034,0.0966,0.0433,0.272,1963,6,0.002,0.8364,0.0442,0.032,0.0446,0.0325,0.442,0.0352,0.0288,0.498,0.0031,0.0072,1.385,0.19,0.0466,0.149,492,124,0.153,2098,174,0.05,0.1821,0.0565,0.189,895,114,0.077,214900,15824,0.045,0.2317,0.1105,0.29,0.1545,0.0961,0.378,0.1754,0.0463,0.16,0.833,0.0242,0.018,0.0024,0.0035,0.911,0.0133,0.0141,0.648,0.0,0.0044,,0.0655,0.0254,0.236,0.0332,0.0198,0.362
4200337000,2014,3310,33,0.006,1471,103,0.043,41.4,3.2,0.047,0.2124,0.0476,0.136,0.142,0.0326,0.139,0.9136,0.0533,0.035,0.052,0.0468,0.548,0.0166,0.0202,0.741,0.0048,0.0076,0.95,47639,9713,0.124,31341,7533,0.146,0.128,0.0672,0.319,0.0443,0.028,0.385,0.6984,0.055,0.048,0.2514,0.055,0.133,1658,105,0.038,0.1128,0.0538,0.29,1939,,,0.6049,0.0663,0.067,0.2262,0.0653,0.176,0.0959,0.0395,0.25,0.029,0.0192,0.403,0.3535,0.0713,0.123,520,111,0.13,951,110,0.07,0.3018,0.0823,0.166,737,106,0.087,93900,8058,0.052,0.4231,0.1343,0.193,0.2346,0.1018,0.264,0.2124,0.0767,0.22,0.7108,0.0287,0.025,0.1183,0.0414,0.213,0.0362,0.0235,0.394,0.0,0.0057,,0.0096,0.0101,0.641,0.0795,0.0366,0.28
4200337955,2014,10984,41,0.002,4442,196,0.027,45.1,2.6,0.035,0.2071,0.0249,0.073,0.1702,0.0245,0.087,0.9563,0.0159,0.01,0.0208,0.0129,0.377,0.008,0.0095,0.718,0.0073,0.0057,0.479,77118,7463,0.059,40867,4546,0.068,0.0451,0.0156,0.21,0.0607,0.0232,0.233,0.6677,0.0253,0.023,0.4313,0.0435,0.061,4601,203,0.027,0.0346,0.0151,0.266,1976,4,0.001,0.775,0.0207,0.016,0.0161,0.0089,0.335,0.0424,0.0146,0.209,0.0187,0.0097,0.316,0.1837,0.0277,0.092,816,128,0.095,3626,221,0.037,0.1355,0.0306,0.137,865,30,0.021,185300,24339,0.08,0.3701,0.1327,0.218,0.1949,0.097,0.303,0.2121,0.0516,0.148,0.8347,0.0435,0.032,0.0326,0.0137,0.255,0.0018,0.0028,0.911,0.0,0.003,,0.0338,0.018,0.324,0.0518,0.022,0.258
4200339312,2014,7839,28,0.002,3264,122,0.023,49.1,1.9,0.024,0.1753,0.0247,0.086,0.2184,0.0252,0.07,0.9245,0.0407,0.027,0.0307,0.0268,0.53,0.0287,0.0291,0.616,0.0028,0.0032,0.691,61806,8460,0.083,33751,3787,0.068,0.0806,0.0338,0.255,0.0624,0.0253,0.246,0.6363,0.0312,0.03,0.312,0.0385,0.075,3508,114,0.02,0.0696,0.0287,0.251,1969,2,0.001,0.7286,0.0307,0.026,0.0533,0.0232,0.265,0.0396,0.0122,0.187,0.0319,0.0187,0.357,0.1541,0.0344,0.136,503,114,0.138,2761,137,0.03,0.1448,0.0343,0.144,872,95,0.066,156300,6038,0.023,0.4632,0.1412,0.185,0.1948,0.1,0.312,0.2314,0.0495,0.13,0.8234,0.0376,0.028,0.0391,0.0135,0.21,0.0,0.0038,,0.0,0.0038,,0.0381,0.024,0.383,0.0631,0.0205,0.197
4200339624,2014,715,92,0.078,295,33,0.068,45.0,4.3,0.058,0.2713,0.0532,0.119,0.1916,0.037,0.117,0.9077,0.157,0.105,0.028,0.0207,0.449,0.0112,0.0111,0.603,0.0042,0.0084,1.213,61635,19990,0.197,34832,4757,0.083,0.0579,0.0301,0.316,0.0292,0.023,0.479,0.6317,0.0556,0.054,0.5029,0.0741,0.09,320,37,0.07,0.0781,0.0587,0.457,1954,2,0.001,0.9812,0.0223,0.014,0.0,0.0442,,0.0,0.0442,,0.0062,0.0326,3.173,0.0644,0.0296,0.28,19,9,0.288,276,34,0.075,0.0448,0.0231,0.313,775,212,0.166,171600,10742,0.038,0.3158,0.7911,1.523,0.1053,0.1498,0.865,0.2138,0.097,0.276,0.7523,0.0627,0.051,0.0514,0.0324,0.384,0.0,0.0302,,0.0,0.0302,,0.0423,0.0388,0.558,0.0271,0.0238,0.533
4200342368,2014,1592,93,0.036,601,36,0.036,43.7,1.5,0.021,0.2588,0.0369,0.087,0.1351,0.0232,0.105,0.8882,0.0191,0.013,0.0057,0.0056,0.607,0.0747,0.0425,0.346,0.0113,0.0119,0.641,72031,13017,0.11,38057,4687,0.075,0.0254,0.0125,0.3,0.0369,0.0181,0.299,0.6689,0.0431,0.039,0.4594,0.0601,0.08,642,24,0.023,0.0639,0.0435,0.415,1963,3,0.001,0.9657,0.0271,0.017,0.0265,0.0199,0.457,0.0078,0.0182,1.418,0.0,0.022,,0.1015,0.0361,0.216,61,22,0.219,540,37,0.042,0.0823,0.0323,0.239,912,97,0.065,189200,14669,0.047,0.4098,0.2479,0.368,0.2295,0.1602,0.424,0.2278,0.0701,0.187,0.8538,0.105,0.075,0.0116,0.0103,0.537,0.022,0.0141,0.389,0.0,0.0129,,0.0388,0.0295,0.463,0.0383,0.0223,0.354
4200342392,2014,1253,92,0.045,554,36,0.04,39.9,3.6,0.055,0.2314,0.0427,0.112,0.1756,0.0293,0.101,0.8763,0.0524,0.036,0.0455,0.0277,0.371,0.0176,0.0167,0.579,0.0168,0.0183,0.664,42875,6734,0.095,27953,4009,0.087,0.0638,0.0426,0.406,0.0829,0.0377,0.276,0.6234,0.055,0.054,0.3359,0.0718,0.13,636,25,0.024,0.1289,0.0501,0.236,1942,3,0.001,0.5597,0.0504,0.055,0.0582,0.0323,0.338,0.0283,0.0274,0.589,0.1226,0.0348,0.173,0.4061,0.0633,0.095,225,38,0.103,329,35,0.065,0.3328,0.0785,0.143,813,127,0.095,83000,7788,0.057,0.4267,0.1287,0.183,0.1644,0.0655,0.242,0.2796,0.0997,0.217,0.7509,0.0742,0.06,0.0675,0.0353,0.318,0.0242,0.024,0.603,0.0121,0.012,0.603,0.0433,0.0342,0.48,0.1643,0.0506,0.187
4200343064,2014,2536,35,0.008,1042,49,0.029,44.9,1.8,0.024,0.1692,0.0358,0.129,0.1976,0.0313,0.096,0.9527,0.0334,0.021,0.0244,0.0268,0.667,0.013,0.0154,0.718,0.0071,0.0055,0.473,51071,3485,0.041,24596,1669,0.041,0.0862,0.0312,0.22,0.0753,0.0298,0.241,0.648,0.0329,0.031,0.1623,0.0377,0.141,1117,36,0.02,0.0671,0.0429,0.389,1954,2,0.001,0.9445,0.0432,0.028,0.017,0.0109,0.39,0.0215,0.0266,0.753,0.0,0.0127,,0.1401,0.0456,0.198,146,48,0.2,896,61,0.041,0.1272,0.0434,0.208,760,215,0.172,76000,2897,0.023,0.3904,0.2181,0.34,0.0548,0.0517,0.574,0.135,0.0412,0.185,0.7823,0.0365,0.028,0.054,0.039,0.439,0.0094,0.0125,0.81,0.0,0.0078,,0.0078,0.0086,0.668,0.0662,0.0383,0.351
4200343408,2014,1000,76,0.046,419,28,0.041,48.2,1.3,0.016,0.177,0.0345,0.118,0.209,0.0347,0.101,0.926,0.0993,0.065,0.008,0.011,0.835,0.0,0.01,,0.06,0.0397,0.403,44875,8834,0.12,24979,2421,0.059,0.091,0.0356,0.238,0.0798,0.0344,0.262,0.5707,0.0513,0.055,0.1248,0.0499,0.243,481,17,0.021,0.1289,0.0539,0.254,1953,2,0.001,0.9335,0.0454,0.03,0.0062,0.0224,2.182,0.0,0.0294,,0.0,0.0294,,0.1265,0.0518,0.249,53,22,0.252,366,31,0.051,0.0922,0.0379,0.25,753,227,0.183,82300,4997,0.037,0.1698,0.2966,1.062,0.1132,0.103,0.553,0.194,0.0732,0.229,0.7949,0.0573,0.044,0.0369,0.0296,0.488,0.0092,0.0115,0.756,0.0,0.023,,0.0138,0.0137,0.603,0.0501,0.0371,0.45
4200345900,2014,28788,27,0.001,11579,317,0.017,43.8,1.5,0.021,0.2025,0.0161,0.048,0.1842,0.0146,0.048,0.8984,0.0177,0.012,0.0187,0.0088,0.285,0.0633,0.0135,0.13,0.0118,0.0046,0.237,81257,5031,0.038,41258,2143,0.032,0.0497,0.0123,0.15,0.0414,0.0121,0.177,0.6591,0.0184,0.017,0.5477,0.0289,0.032,12259,320,0.016,0.0555,0.0164,0.18,1972,2,0.001,0.6865,0.0184,0.016,0.0161,0.0062,0.234,0.1026,0.0192,0.114,0.0932,0.0177,0.115,0.2288,0.0267,0.071,2649,318,0.073,8930,342,0.023,0.1657,0.026,0.095,948,41,0.026,210600,6697,0.019,0.4541,0.0607,0.081,0.2122,0.0459,0.131,0.1683,0.0247,0.089,0.7977,0.0229,0.017,0.023,0.0076,0.202,0.0123,0.0047,0.231,0.0005,0.0008,0.912,0.0477,0.0102,0.13,0.0482,0.012,0.152
4200346072,2014,522,142,0.165,200,54,0.164,42.6,9.1,0.13,0.2739,0.0834,0.185,0.1494,0.0692,0.281,0.9885,0.0411,0.025,0.0,0.0192,,0.0,0.0192,,0.0,0.0192,,58333,11796,0.123,20880,3278,0.095,0.0988,0.1066,0.656,0.0584,0.0947,0.987,0.6346,0.1541,0.148,0.0778,0.0937,0.732,240,63,0.16,0.1667,0.1909,0.696,1939,,,0.9083,0.0752,0.05,0.0,0.0589,,0.0,0.0589,,0.0,0.0589,,0.06,0.0681,0.69,12,14,0.709,188,54,0.175,0.0977,0.1177,0.733,,,,106600,10600,0.06,0.5,1.5184,1.846,0.5,0.4714,0.573,0.2713,0.196,0.439,0.8723,0.1053,0.073,0.0,0.0426,,0.0383,0.053,0.841,0.0,0.0426,,0.0298,0.0451,0.921,0.055,0.0807,0.891
4200346256,2014,19663,44,0.001,8760,319,0.022,41.6,2.0,0.029,0.2014,0.0203,0.061,0.1795,0.0152,0.052,0.6165,0.0264,0.026,0.2854,0.0238,0.051,0.0121,0.0071,0.359,0.0352,0.0117,0.203,26224,1599,0.037,17897,916,0.031,0.3186,0.0359,0.069,0.1393,0.0241,0.105,0.5493,0.0227,0.025,0.1142,0.0176,0.094,10888,357,0.02,0.1954,0.0243,0.076,1939,,,0.6725,0.0208,0.019,0.0871,0.0172,0.12,0.0535,0.0131,0.149,0.0916,0.0135,0.09,0.4692,0.0255,0.033,4110,269,0.04,4650,261,0.034,0.4292,0.0312,0.044,565,35,0.038,46600,2582,0.034,0.5253,0.0631,0.073,0.2348,0.0444,0.115,0.2273,0.0364,0.097,0.6924,0.0319,0.028,0.1131,0.0237,0.127,0.0529,0.0158,0.181,0.0009,0.0013,0.868,0.0188,0.0092,0.296,0.303,0.025,0.05
4200346264,2014,6088,32,0.003,2738,163,0.036,37.1,5.0,0.082,0.2339,0.0478,0.124,0.1271,0.0221,0.106,0.6782,0.0584,0.052,0.2518,0.0535,0.129,0.0,0.0025,,0.0145,0.0186,0.781,26317,2025,0.047,19206,4894,0.155,0.2785,0.0712,0.156,0.1328,0.0413,0.189,0.6399,0.0415,0.039,0.1264,0.0353,0.17,3356,218,0.039,0.1841,0.0443,0.146,1939,,,0.4744,0.0446,0.057,0.2029,0.0506,0.152,0.1883,0.0455,0.147,0.0286,0.0106,0.225,0.6476,0.0667,0.063,1773,211,0.072,965,124,0.078,0.5872,0.0605,0.063,602,50,0.05,48000,5790,0.073,0.511,0.0888,0.106,0.2696,0.0609,0.137,0.1917,0.0672,0.213,0.5821,0.0648,0.068,0.1706,0.0634,0.226,0.0864,0.0434,0.305,0.0,0.0056,,0.0352,0.0228,0.393,0.3692,0.0664,0.109
4200347696,2014,7225,46,0.004,2526,102,0.025,42.0,1.6,0.023,0.3056,0.0396,0.079,0.1087,0.0244,0.137,0.8641,0.0288,0.02,0.0253,0.0216,0.518,0.0937,0.0235,0.153,0.0048,0.006,0.747,115268,14968,0.079,57819,7396,0.078,0.0244,0.0201,0.501,0.06,0.025,0.253,0.6834,0.0382,0.034,0.7236,0.0755,0.063,2637,130,0.03,0.0421,0.0341,0.492,1989,3,0.001,0.8479,0.0339,0.024,0.0319,0.0273,0.52,0.0155,0.0121,0.472,0.0064,0.0117,1.104,0.1093,0.0433,0.241,276,110,0.242,2250,139,0.038,0.0889,0.044,0.301,1801,231,0.078,286400,17754,0.038,0.4783,0.3348,0.426,0.3804,0.3331,0.532,0.1618,0.0531,0.2,0.7739,0.0483,0.038,0.0037,0.0067,1.114,0.0,0.0046,,0.0,0.0046,,0.0851,0.0393,0.281,0.0337,0.0229,0.414
4200349920,2014,3740,29,0.005,1795,134,0.045,38.7,2.8,0.044,0.1922,0.0411,0.13,0.1398,0.0324,0.141,0.9489,0.024,0.015,0.0291,0.0214,0.446,0.0027,0.0045,1.033,0.0078,0.0072,0.566,34365,4732,0.084,20629,2008,0.059,0.2289,0.0804,0.214,0.1044,0.0694,0.404,0.6982,0.0537,0.047,0.1836,0.0438,0.145,2091,157,0.046,0.1416,0.0583,0.251,1939,,,0.4175,0.0515,0.075,0.2602,0.0722,0.169,0.0617,0.0371,0.365,0.089,0.0449,0.307,0.5437,0.0718,0.08,976,148,0.092,819,113,0.084,0.4445,0.0812,0.111,655,70,0.065,64000,8327,0.079,0.4406,0.1268,0.175,0.2008,0.086,0.26,0.2149,0.0792,0.224,0.7382,0.0553,0.046,0.0732,0.0332,0.276,0.0379,0.0317,0.508,0.0043,0.0076,1.062,0.0201,0.0178,0.538,0.2379,0.0641,0.164
4200350528,2014,28365,31,0.001,12594,305,0.015,45.6,1.4,0.019,0.1769,0.015,0.051,0.2141,0.0151,0.043,0.7776,0.0226,0.018,0.1229,0.0159,0.079,0.0524,0.0102,0.119,0.0137,0.0054,0.238,56554,3942,0.042,32647,1610,0.03,0.0763,0.0162,0.129,0.0553,0.0119,0.131,0.6163,0.0189,0.019,0.3783,0.0265,0.043,13566,383,0.017,0.0716,0.0185,0.157,1966,2,0.001,0.6661,0.0227,0.021,0.0134,0.0062,0.281,0.1133,0.0211,0.113,0.1488,0.0177,0.072,0.3459,0.0218,0.038,4356,294,0.041,8238,330,0.024,0.2719,0.0218,0.049,875,32,0.022,129800,4030,0.019,0.418,0.0622,0.09,0.208,0.0485,0.142,0.1952,0.0271,0.084,0.776,0.0326,0.026,0.0368,0.0112,0.185,0.022,0.009,0.248,0.0009,0.0015,1.064,0.0457,0.0112,0.149,0.0682,0.0173,0.154
4200350784,2014,24966,28,0.001,9903,326,0.02,39.9,1.7,0.026,0.1932,0.018,0.057,0.1363,0.0141,0.063,0.8797,0.0226,0.016,0.0435,0.0155,0.217,0.037,0.0091,0.149,0.0263,0.0161,0.373,70155,6321,0.055,37532,2028,0.033,0.0807,0.0202,0.152,0.062,0.0144,0.141,0.6856,0.0186,0.016,0.4524,0.0294,0.04,10479,386,0.022,0.055,0.0204,0.226,1973,1,0.0,0.6607,0.0163,0.015,0.0333,0.0111,0.202,0.1781,0.024,0.082,0.0372,0.0133,0.217,0.2754,0.0224,0.049,2727,239,0.053,7176,325,0.028,0.2176,0.0283,0.079,875,46,0.032,175700,5922,0.02,0.37,0.0748,0.123,0.1966,0.0557,0.172,0.1991,0.0318,0.097,0.8048,0.0281,0.021,0.0221,0.0085,0.234,0.0265,0.0099,0.227,0.0,0.0014,,0.0365,0.0094,0.156,0.0394,0.0148,0.228
4200351696,2014,33085,40,0.001,13963,312,0.014,44.0,1.0,0.014,0.2353,0.0158,0.041,0.1943,0.0133,0.042,0.9118,0.0161,0.011,0.0115,0.008,0.426,0.0391,0.0119,0.186,0.0224,0.0102,0.277,80914,5963,0.045,49275,4581,0.057,0.0556,0.0125,0.136,0.046,0.012,0.159,0.639,0.0149,0.014,0.6381,0.0281,0.027,14596,290,0.012,0.0434,0.013,0.182,1951,2,0.001,0.6782,0.0137,0.012,0.0441,0.0098,0.135,0.0871,0.0147,0.102,0.1346,0.0155,0.07,0.2633,0.0198,0.046,3676,288,0.048,10287,305,0.018,0.1814,0.0194,0.065,828,33,0.024,214800,6516,0.018,0.4725,0.0685,0.088,0.2631,0.0509,0.118,0.2121,0.0253,0.072,0.723,0.0201,0.017,0.1023,0.014,0.083,0.0312,0.0097,0.188,0.0021,0.0017,0.497,0.0638,0.0126,0.12,0.0972,0.0148,0.093
4200351744,2014,3400,30,0.005,1351,171,0.077,29.9,2.2,0.045,0.3226,0.0653,0.123,0.0891,0.0259,0.177,0.5309,0.0799,0.091,0.3624,0.0817,0.137,0.0706,0.0744,0.641,0.0091,0.0162,1.079,31230,5393,0.105,16240,3262,0.122,0.3491,0.1155,0.201,0.1955,0.0687,0.214,0.6122,0.0722,0.072,0.1003,0.0386,0.234,1616,187,0.07,0.164,0.0647,0.24,1939,,,0.6015,0.0822,0.083,0.2803,0.0796,0.173,0.0588,0.0357,0.369,0.0037,0.0106,1.742,0.5596,0.0746,0.081,756,139,0.112,595,120,0.123,0.59,0.0854,0.088,734,116,0.096,49900,4574,0.056,0.6058,0.1148,0.115,0.459,0.1153,0.153,0.195,0.1128,0.352,0.6244,0.0781,0.076,0.237,0.0777,0.199,0.0311,0.0325,0.635,0.0,0.0084,,0.0,0.0084,,0.3605,0.0767,0.129
4200352320,2014,11355,53,0.003,5288,221,0.025,44.2,2.4,0.033,0.1769,0.0263,0.09,0.193,0.0245,0.077,0.8853,0.0221,0.015,0.0618,0.0186,0.183,0.0072,0.0099,0.83,0.0159,0.0131,0.503,44075,7341,0.101,27254,1994,0.044,0.0949,0.0273,0.175,0.0835,0.0249,0.181,0.6466,0.0364,0.034,0.2173,0.0352,0.099,5936,262,0.027,0.1092,0.0303,0.169,1948,3,0.001,0.6646,0.0293,0.027,0.1316,0.0371,0.171,0.0814,0.0218,0.163,0.0681,0.018,0.161,0.3434,0.0352,0.062,1816,201,0.067,3472,228,0.04,0.2915,0.0414,0.086,636,34,0.032,79900,3876,0.029,0.3678,0.0902,0.149,0.1558,0.0638,0.249,0.2022,0.0511,0.154,0.7099,0.0315,0.027,0.0645,0.0294,0.277,0.0297,0.0204,0.418,0.0,0.0029,,0.0405,0.0174,0.261,0.1831,0.0336,0.112
4200353136,2014,1088,63,0.035,574,34,0.036,48.5,1.7,0.021,0.1351,0.0352,0.158,0.2151,0.0379,0.107,0.9513,0.0206,0.013,0.0037,0.0046,0.759,0.0083,0.0064,0.472,0.0138,0.0138,0.607,40662,5847,0.087,27822,3351,0.073,0.1369,0.0585,0.26,0.122,0.0705,0.351,0.7007,0.0521,0.045,0.1382,0.0393,0.173,610,25,0.025,0.059,0.036,0.371,1948,2,0.001,0.5967,0.0537,0.055,0.3525,0.0597,0.103,0.018,0.0256,0.863,0.0049,0.0183,2.265,0.4895,0.0728,0.09,281,45,0.097,293,42,0.087,0.4596,0.0851,0.113,638,81,0.077,82100,3415,0.025,0.3772,0.1267,0.204,0.1281,0.0682,0.323,0.2799,0.0966,0.21,0.7839,0.0691,0.054,0.0377,0.0237,0.383,0.0446,0.0323,0.441,0.0,0.0172,,0.0257,0.017,0.401,0.1098,0.0425,0.236
4200354816,2014,4847,22,0.003,2170,120,0.034,37.7,3.2,0.052,0.2278,0.0379,0.101,0.1516,0.0294,0.118,0.5517,0.0528,0.058,0.3705,0.0579,0.095,0.001,0.0021,1.216,0.0093,0.0095,0.621,28893,4167,0.088,17593,1679,0.058,0.2385,0.0583,0.149,0.128,0.038,0.18,0.6429,0.0427,0.04,0.0924,0.0298,0.196,2903,136,0.028,0.2525,0.0385,0.093,1940,2,0.001,0.6166,0.0477,0.047,0.1271,0.0381,0.182,0.0455,0.0208,0.278,0.0968,0.0331,0.208,0.4613,0.0603,0.079,1001,142,0.086,1169,126,0.066,0.4553,0.073,0.098,475,33,0.042,40100,4772,0.072,0.5175,0.1026,0.121,0.2188,0.0769,0.214,0.2216,0.071,0.195,0.596,0.0653,0.067,0.1856,0.0553,0.181,0.0005,0.001,1.214,0.0,0.005,,0.0591,0.0353,0.363,0.2949,0.0633,0.13
4200355016,2014,14136,24,0.001,5821,256,0.027,39.0,2.0,0.031,0.2315,0.0255,0.067,0.1038,0.016,0.093,0.9259,0.0205,0.013,0.0163,0.0103,0.384,0.02,0.0127,0.387,0.0219,0.0116,0.323,70129,4524,0.039,38273,4487,0.071,0.0848,0.0325,0.233,0.0508,0.0159,0.19,0.7493,0.0268,0.022,0.3913,0.0351,0.055,6171,330,0.033,0.0567,0.036,0.386,1986,2,0.001,0.5506,0.0283,0.031,0.0136,0.0111,0.497,0.104,0.0316,0.184,0.0279,0.0162,0.354,0.2134,0.0364,0.104,1242,219,0.107,4579,259,0.034,0.1856,0.0354,0.116,1023,118,0.07,143100,10378,0.044,0.3172,0.1245,0.238,0.2053,0.1152,0.341,0.178,0.0371,0.127,0.8212,0.0305,0.023,0.0152,0.008,0.321,0.0,0.0021,,0.0017,0.0026,0.935,0.0329,0.0176,0.325,0.0301,0.0148,0.299
4200355488,2014,10200,23,0.001,4691,247,0.032,43.9,2.0,0.028,0.2031,0.04,0.12,0.1753,0.0243,0.084,0.7809,0.0455,0.035,0.1938,0.0462,0.145,0.0045,0.0054,0.727,0.0025,0.0031,0.748,42112,6511,0.094,22929,1755,0.047,0.2027,0.0625,0.188,0.055,0.024,0.265,0.6288,0.0516,0.05,0.1853,0.0361,0.118,5350,304,0.035,0.1232,0.0447,0.221,1957,2,0.001,0.7013,0.0402,0.035,0.0579,0.0276,0.29,0.1036,0.0355,0.208,0.0622,0.0281,0.274,0.3061,0.0449,0.089,1436,224,0.095,3255,283,0.053,0.2422,0.0538,0.135,642,90,0.085,77100,3049,0.024,0.5056,0.1453,0.175,0.2166,0.0966,0.271,0.1653,0.0426,0.157,0.8185,0.0349,0.026,0.0341,0.0182,0.324,0.0171,0.0168,0.598,0.0,0.0033,,0.0171,0.0151,0.539,0.1109,0.0303,0.166
4200355840,2014,1414,118,0.051,617,37,0.036,47.7,3.7,0.047,0.1704,0.0391,0.14,0.2235,0.0214,0.058,0.9788,0.0319,0.02,0.0042,0.0071,1.012,0.0,0.0071,,0.0113,0.0162,0.872,54234,2447,0.027,31711,4291,0.082,0.0835,0.0354,0.258,0.0447,0.0246,0.335,0.6385,0.0447,0.043,0.214,0.038,0.108,663,17,0.016,0.0694,0.0467,0.409,1955,5,0.002,0.8341,0.0466,0.034,0.0784,0.0471,0.365,0.0558,0.0243,0.265,0.0,0.0213,,0.175,0.0491,0.171,108,31,0.174,509,40,0.048,0.1542,0.0522,0.206,793,129,0.099,106000,8222,0.047,0.2685,0.2465,0.558,0.1111,0.1541,0.843,0.1729,0.0493,0.173,0.7931,0.0428,0.033,0.0317,0.0204,0.392,0.0221,0.0233,0.643,0.0,0.0138,,0.0428,0.0231,0.328,0.0762,0.0354,0.283
4200356088,2014,6358,26,0.002,3068,88,0.017,48.8,2.1,0.026,0.1626,0.0224,0.084,0.255,0.0309,0.074,0.9618,0.0157,0.01,0.0057,0.0039,0.422,0.0134,0.0112,0.508,0.0176,0.0109,0.375,57813,5385,0.057,41519,4497,0.066,0.0613,0.0229,0.227,0.0466,0.0213,0.278,0.5999,0.0299,0.03,0.4391,0.0439,0.061,3270,118,0.022,0.0618,0.0277,0.273,1953,2,0.001,0.5679,0.041,0.044,0.1104,0.0301,0.166,0.0936,0.0255,0.166,0.082,0.0212,0.157,0.3546,0.0381,0.065,1088,121,0.068,1980,124,0.038,0.2921,0.0397,0.083,829,32,0.023,172400,8255,0.029,0.3483,0.0901,0.157,0.1342,0.054,0.245,0.248,0.0562,0.138,0.8064,0.0311,0.023,0.0337,0.0187,0.337,0.0492,0.0231,0.286,0.0,0.0049,,0.0583,0.0208,0.217,0.0522,0.0201,0.234
4200356384,2014,8499,58,0.004,3502,129,0.022,47.8,1.6,0.02,0.2127,0.0262,0.075,0.2224,0.0244,0.067,0.8647,0.0335,0.024,0.0086,0.0068,0.483,0.0715,0.0247,0.21,0.0106,0.0072,0.412,90392,5954,0.04,50621,3496,0.042,0.0388,0.0133,0.208,0.0477,0.0192,0.245,0.6145,0.0294,0.029,0.6276,0.0459,0.044,3720,159,0.026,0.0586,0.0314,0.325,1961,3,0.001,0.8344,0.0215,0.016,0.0169,0.0117,0.421,0.0102,0.0069,0.408,0.0804,0.0198,0.149,0.1345,0.027,0.122,471,96,0.124,3031,135,0.027,0.0949,0.0235,0.151,1156,1146,0.603,226400,21012,0.056,0.5265,0.1439,0.166,0.4119,0.1403,0.207,0.1841,0.0439,0.145,0.8449,0.0219,0.016,0.0174,0.0112,0.392,0.0056,0.0064,0.69,0.0031,0.0049,0.962,0.0578,0.0202,0.212,0.0463,0.0175,0.231
4200356392,2014,5493,25,0.003,2015,157,0.047,36.5,3.2,0.053,0.2623,0.039,0.09,0.0876,0.0263,0.183,0.8924,0.0552,0.038,0.0475,0.0535,0.685,0.0289,0.0189,0.398,0.0102,0.0115,0.684,99046,10880,0.067,43963,3475,0.048,0.0396,0.0291,0.447,0.0482,0.0214,0.27,0.7786,0.0434,0.034,0.6001,0.067,0.068,2121,161,0.046,0.05,0.0389,0.474,1995,2,0.001,0.6671,0.0669,0.061,0.0486,0.0339,0.425,0.1405,0.0496,0.215,0.024,0.0181,0.458,0.2576,0.0529,0.125,519,114,0.134,1496,184,0.075,0.1949,0.06,0.187,1104,59,0.032,262600,17252,0.04,0.21,0.1002,0.29,0.0135,0.021,0.946,0.1999,0.0674,0.205,0.8772,0.0238,0.017,0.0148,0.0141,0.579,0.0,0.0049,,0.0,0.0049,,0.0535,0.0277,0.314,0.0134,0.0128,0.582
4200359032,2014,42292,36,0.001,18272,381,0.013,45.1,0.9,0.012,0.1954,0.0152,0.047,0.189,0.0119,0.038,0.5758,0.0173,0.018,0.3731,0.017,0.028,0.0065,0.0038,0.353,0.0143,0.0054,0.228,46764,2648,0.034,25280,1051,0.025,0.1122,0.0194,0.105,0.0901,0.0147,0.099,0.6495,0.0183,0.017,0.2481,0.0195,0.048,19950,388,0.012,0.0841,0.015,0.108,1957,1,0.0,0.8295,0.0174,0.013,0.0326,0.0101,0.188,0.0325,0.009,0.169,0.0468,0.0092,0.12,0.2365,0.0211,0.054,4321,396,0.056,13951,416,0.018,0.2177,0.0263,0.074,764,41,0.033,85100,1931,0.014,0.4622,0.058,0.076,0.2622,0.0508,0.118,0.2558,0.0282,0.067,0.7666,0.0251,0.02,0.0811,0.0147,0.11,0.0162,0.0066,0.247,0.0017,0.0017,0.608,0.0357,0.009,0.153,0.1054,0.0148,0.085
4200359152,2014,690,49,0.043,475,22,0.028,39.7,3.5,0.054,0.0667,0.0369,0.336,0.1319,0.0453,0.209,0.9406,0.0379,0.025,0.042,0.0288,0.417,0.0,0.0145,,0.0043,0.0087,1.215,50509,5573,0.067,39955,3114,0.047,0.0594,0.0374,0.383,0.0403,0.0291,0.44,0.8387,0.037,0.027,0.5684,0.0847,0.091,494,16,0.02,0.0385,0.0283,0.447,1974,1,0.0,0.0385,0.0283,0.447,0.0506,0.0378,0.454,0.1579,0.0558,0.215,0.0486,0.0393,0.491,0.1684,0.0478,0.172,80,23,0.175,395,31,0.048,0.1899,0.0564,0.181,986,44,0.027,101100,3836,0.023,0.2625,0.1757,0.407,0.1875,0.1128,0.366,0.2203,0.0874,0.241,0.8643,0.0335,0.024,0.0407,0.023,0.344,0.0058,0.0116,1.215,0.0,0.0194,,0.031,0.0231,0.453,0.0189,0.017,0.544
4200360272,2014,11975,26,0.001,3993,128,0.019,41.3,1.1,0.016,0.291,0.0361,0.075,0.0806,0.0177,0.134,0.9243,0.0261,0.017,0.0233,0.0204,0.532,0.0338,0.0124,0.222,0.0137,0.0124,0.549,145504,13257,0.055,62319,5914,0.058,0.0113,0.0068,0.368,0.0487,0.0206,0.257,0.6868,0.0313,0.028,0.6755,0.0571,0.051,4181,165,0.024,0.045,0.0303,0.41,1995,2,0.001,0.8362,0.0305,0.022,0.0033,0.0067,1.216,0.017,0.0151,0.539,0.0887,0.0371,0.254,0.1395,0.0469,0.204,557,188,0.205,3436,165,0.029,0.0864,0.032,0.225,1430,123,0.052,362800,30420,0.051,0.3178,0.1487,0.284,0.2639,0.1496,0.345,0.1583,0.0495,0.19,0.8335,0.0288,0.021,0.0147,0.0117,0.485,0.0094,0.0097,0.629,0.0026,0.0043,1.013,0.0787,0.0307,0.237,0.0138,0.0146,0.643
4200360712,2014,3283,17,0.003,1585,127,0.049,40.0,2.7,0.041,0.1876,0.056,0.182,0.1566,0.0329,0.128,0.7868,0.084,0.065,0.1599,0.0844,0.321,0.0,0.003,,0.0195,0.0183,0.57,30560,9783,0.195,22725,5943,0.159,0.1651,0.069,0.254,0.1602,0.0572,0.217,0.6239,0.0616,0.06,0.1799,0.0556,0.188,1930,154,0.049,0.1788,0.06,0.204,1939,,,0.5171,0.0513,0.06,0.1648,0.0704,0.26,0.1611,0.0473,0.178,0.0782,0.0323,0.251,0.4864,0.0904,0.113,771,156,0.123,814,124,0.093,0.4283,0.1023,0.145,536,29,0.033,58400,7226,0.075,0.5149,0.1408,0.166,0.1258,0.0708,0.342,0.2666,0.116,0.264,0.7705,0.0857,0.068,0.0565,0.0356,0.383,0.0304,0.0251,0.502,0.0232,0.0405,1.061,0.0601,0.0546,0.552,0.1666,0.0502,0.183
4200361328,2014,8291,22,0.002,3482,129,0.023,46.2,1.4,0.018,0.1947,0.0264,0.082,0.22,0.0297,0.082,0.9481,0.0259,0.017,0.0285,0.0201,0.43,0.0164,0.0134,0.496,0.0049,0.0057,0.697,62969,3909,0.038,30961,1744,0.034,0.0684,0.0238,0.211,0.0949,0.0374,0.24,0.6164,0.0232,0.023,0.4087,0.0498,0.074,3737,141,0.023,0.0682,0.0336,0.299,1957,1,0.0,0.7752,0.0294,0.023,0.0244,0.0165,0.413,0.0302,0.0164,0.33,0.168,0.0331,0.12,0.2203,0.0355,0.098,767,127,0.101,2715,132,0.03,0.1388,0.0312,0.137,859,54,0.038,147100,7496,0.031,0.5971,0.1427,0.145,0.4068,0.1147,0.171,0.2007,0.0488,0.148,0.8005,0.0462,0.035,0.0461,0.0272,0.359,0.0225,0.0177,0.476,0.0,0.004,,0.0349,0.0173,0.302,0.1221,0.0354,0.177
4200361536,2014,27386,39,0.001,10867,277,0.015,43.2,1.0,0.014,0.2175,0.0182,0.051,0.1868,0.0149,0.049,0.9342,0.0147,0.01,0.0297,0.0093,0.19,0.0082,0.0075,0.559,0.0153,0.0065,0.257,67639,3505,0.032,30971,1243,0.024,0.0462,0.0122,0.161,0.0636,0.0157,0.15,0.6719,0.0205,0.019,0.3382,0.0234,0.042,11475,259,0.014,0.053,0.019,0.219,1972,2,0.001,0.7852,0.0174,0.013,0.0209,0.0075,0.218,0.0437,0.0127,0.176,0.0368,0.012,0.199,0.1849,0.0255,0.084,2009,282,0.085,8858,328,0.023,0.1509,0.0284,0.114,869,43,0.03,139700,3657,0.016,0.3718,0.0703,0.115,0.1603,0.0461,0.175,0.1879,0.0263,0.085,0.8452,0.0274,0.02,0.0433,0.0106,0.149,0.0067,0.004,0.359,0.0004,0.0007,0.912,0.0294,0.0086,0.178,0.0444,0.0123,0.168
4200362320,2014,3784,17,0.003,1785,98,0.033,45.4,4.7,0.063,0.1826,0.0429,0.143,0.1987,0.0314,0.096,0.9635,0.0301,0.019,0.0,0.0026,,0.0,0.0026,,0.0055,0.0085,0.926,44560,5337,0.073,25294,2095,0.05,0.1023,0.0481,0.286,0.0586,0.0308,0.319,0.5913,0.0482,0.05,0.1222,0.0404,0.201,2023,115,0.035,0.1176,0.0334,0.173,1952,2,0.001,0.8705,0.0345,0.024,0.0282,0.0234,0.506,0.0465,0.0206,0.27,0.004,0.0081,1.246,0.2314,0.058,0.152,413,106,0.156,1372,118,0.052,0.2238,0.0719,0.195,652,81,0.076,65400,3419,0.032,0.3462,0.1169,0.205,0.2639,0.1061,0.244,0.1494,0.0611,0.248,0.867,0.0595,0.042,0.0401,0.0319,0.483,0.0138,0.0206,0.91,0.0,0.0057,,0.0057,0.0097,1.032,0.0857,0.0329,0.234
4200363408,2014,2142,266,0.075,890,72,0.049,32.5,4.3,0.08,0.2913,0.0574,0.12,0.134,0.0309,0.14,0.2409,0.0435,0.11,0.7045,0.0758,0.065,0.0,0.0047,,0.0341,0.0324,0.578,20652,3872,0.114,14089,1779,0.077,0.4486,0.1143,0.155,0.215,0.0624,0.177,0.5822,0.0669,0.07,0.0848,0.0374,0.268,1096,33,0.018,0.188,0.0654,0.212,1939,,,0.3869,0.0711,0.112,0.1104,0.0489,0.269,0.2327,0.0691,0.181,0.0319,0.0163,0.31,0.6438,0.0746,0.07,573,81,0.086,317,63,0.121,0.5971,0.0715,0.073,318,139,0.266,34700,17613,0.309,0.3403,0.1096,0.196,0.1518,0.0828,0.331,0.2366,0.1427,0.367,0.5732,0.086,0.091,0.2268,0.0939,0.252,0.0563,0.0354,0.382,0.0,0.0141,,0.0211,0.0194,0.558,0.4764,0.0794,0.101
4200364240,2014,3325,20,0.004,1426,70,0.03,45.6,3.1,0.041,0.1603,0.0376,0.143,0.1829,0.028,0.093,0.9585,0.0326,0.021,0.0337,0.0325,0.586,0.0,0.003,,0.0,0.003,,57338,4008,0.042,29077,2055,0.043,0.0499,0.0272,0.331,0.0769,0.0368,0.291,0.65,0.0291,0.027,0.2715,0.0482,0.108,1547,73,0.029,0.0782,0.0406,0.315,1957,2,0.001,0.872,0.0302,0.021,0.0427,0.0242,0.345,0.0,0.0091,,0.0,0.0091,,0.1374,0.0515,0.228,196,74,0.23,1230,91,0.045,0.132,0.0508,0.234,873,99,0.069,113200,5109,0.027,0.3724,0.1794,0.293,0.0969,0.0613,0.385,0.2333,0.0561,0.146,0.8091,0.0378,0.028,0.0412,0.0246,0.362,0.0153,0.0117,0.466,0.0,0.0059,,0.0295,0.0152,0.313,0.0708,0.0291,0.25
4200364528,2014,11377,23,0.001,4265,136,0.019,43.6,1.5,0.021,0.2463,0.0311,0.077,0.1818,0.0231,0.077,0.9378,0.0235,0.015,0.0153,0.0161,0.639,0.0251,0.0145,0.351,0.0187,0.0115,0.374,87184,7578,0.053,39405,3412,0.053,0.0476,0.0256,0.327,0.0371,0.0152,0.249,0.6753,0.0303,0.027,0.4918,0.0488,0.06,4551,156,0.021,0.0628,0.0287,0.278,1977,4,0.001,0.7726,0.0267,0.021,0.0231,0.0156,0.411,0.0365,0.0164,0.273,0.0519,0.0144,0.169,0.1463,0.0244,0.101,624,106,0.103,3641,154,0.026,0.0883,0.0173,0.119,1544,706,0.278,210900,15974,0.046,0.4615,0.1007,0.133,0.3622,0.0821,0.138,0.2247,0.0566,0.153,0.8801,0.0237,0.016,0.002,0.0033,0.994,0.002,0.0029,0.884,0.0,0.0029,,0.0436,0.0156,0.218,0.0483,0.0178,0.224
4200365352,2014,13549,37,0.002,5820,225,0.024,42.3,2.0,0.029,0.1698,0.0208,0.074,0.1574,0.0206,0.08,0.8885,0.035,0.024,0.0251,0.0145,0.352,0.04,0.0246,0.373,0.023,0.0143,0.378,78627,6771,0.052,41871,3221,0.047,0.0493,0.0156,0.193,0.0487,0.0151,0.188,0.7058,0.0334,0.029,0.456,0.0454,0.06,6085,228,0.023,0.0435,0.0253,0.353,1985,3,0.001,0.6028,0.0321,0.032,0.0444,0.023,0.316,0.1376,0.0367,0.162,0.0795,0.0256,0.196,0.2847,0.0276,0.059,1657,173,0.063,4163,257,0.038,0.2262,0.0322,0.086,1070,60,0.034,176800,11510,0.04,0.1328,0.062,0.284,0.0471,0.031,0.4,0.16,0.0343,0.13,0.8184,0.0423,0.031,0.033,0.0145,0.268,0.0051,0.0052,0.623,0.0025,0.0041,0.991,0.0449,0.0178,0.24,0.0342,0.0168,0.298
4200366264,2014,31108,29,0.001,13982,263,0.011,45.3,0.7,0.009,0.1691,0.0138,0.05,0.2142,0.0152,0.043,0.9157,0.0151,0.01,0.0247,0.0083,0.205,0.0318,0.0106,0.204,0.0126,0.0054,0.262,61819,1739,0.017,34860,1492,0.026,0.0655,0.0125,0.116,0.0408,0.0082,0.122,0.6602,0.0157,0.014,0.4147,0.0247,0.036,14880,285,0.012,0.0603,0.0155,0.157,1963,2,0.001,0.6805,0.0164,0.015,0.0235,0.0073,0.188,0.0821,0.0115,0.085,0.1166,0.013,0.068,0.2522,0.0192,0.046,3526,276,0.048,10456,294,0.017,0.1967,0.02,0.062,791,29,0.022,153300,2929,0.012,0.4237,0.0662,0.095,0.1977,0.0516,0.159,0.1952,0.0252,0.079,0.7958,0.0207,0.016,0.0453,0.0115,0.154,0.0133,0.0077,0.353,0.0004,0.0007,0.955,0.033,0.0087,0.161,0.0693,0.0144,0.127
4200366320,2014,445,42,0.057,173,18,0.063,45.4,1.9,0.025,0.2202,0.0362,0.1,0.1596,0.03,0.114,0.9708,0.0226,0.014,0.009,0.0112,0.758,0.0022,0.0045,1.214,0.009,0.0135,0.91,115313,20022,0.106,63035,7700,0.074,0.0292,0.0233,0.485,0.0308,0.0189,0.373,0.7263,0.0465,0.039,0.7554,0.0615,0.049,182,18,0.06,0.0495,0.0326,0.401,1939,,,0.989,0.0146,0.009,0.0,0.0777,,0.0,0.0777,,0.0,0.0777,,0.0751,0.0397,0.321,13,7,0.327,160,19,0.072,0.1191,0.0824,0.42,2001,,,300000,24415,0.049,0.5385,1.1404,1.287,0.0,0.7692,,0.2,0.1237,0.376,0.7951,0.0519,0.04,0.0287,0.016,0.339,0.0328,0.0201,0.373,0.0,0.041,,0.0615,0.0277,0.274,0.0,0.0817,
4200368388,2014,17017,45,0.002,7723,237,0.019,43.4,1.0,0.014,0.1661,0.0195,0.071,0.2154,0.019,0.053,0.8377,0.0262,0.019,0.0437,0.0266,0.37,0.0848,0.0204,0.147,0.012,0.0063,0.317,62216,3293,0.032,33632,1412,0.026,0.076,0.0218,0.175,0.0689,0.0196,0.173,0.6279,0.0174,0.017,0.4436,0.0333,0.046,8175,240,0.018,0.0553,0.0193,0.212,1961,2,0.001,0.5517,0.0269,0.03,0.0601,0.0155,0.157,0.1273,0.0273,0.13,0.1638,0.0274,0.102,0.3451,0.0288,0.051,2665,237,0.054,5058,276,0.033,0.32,0.0354,0.067,960,43,0.027,139800,4998,0.022,0.2225,0.0498,0.136,0.1088,0.0347,0.194,0.2106,0.0378,0.109,0.7644,0.0312,0.025,0.0942,0.0233,0.15,0.0159,0.0102,0.391,0.0,0.0019,,0.0173,0.0081,0.284,0.0814,0.019,0.142
4200369376,2014,3832,31,0.005,1709,97,0.035,40.6,3.0,0.045,0.2406,0.0401,0.101,0.172,0.0316,0.112,0.8489,0.0575,0.041,0.0861,0.047,0.332,0.0198,0.0266,0.816,0.0308,0.0198,0.391,70268,21182,0.183,51448,8220,0.097,0.0692,0.0337,0.296,0.0671,0.0489,0.443,0.6346,0.0532,0.051,0.5738,0.0696,0.074,1898,111,0.036,0.0996,0.0444,0.271,1939,,,0.5063,0.0716,0.086,0.196,0.0534,0.166,0.1538,0.0407,0.161,0.079,0.0325,0.25,0.4002,0.0583,0.089,684,107,0.095,1025,96,0.057,0.3257,0.0606,0.113,745,50,0.041,294900,40670,0.084,0.2705,0.1056,0.237,0.1272,0.0688,0.329,0.358,0.0948,0.161,0.7217,0.0762,0.064,0.0275,0.0198,0.436,0.0855,0.045,0.32,0.0,0.0059,,0.0475,0.0242,0.31,0.1012,0.0418,0.251
4200369400,2014,723,135,0.114,270,48,0.108,51.5,2.2,0.026,0.2573,0.0426,0.101,0.1632,0.0128,0.048,0.8603,0.2058,0.145,0.0138,0.015,0.659,0.0124,0.0108,0.528,0.0899,0.108,0.73,171474,15203,0.054,121602,23676,0.118,0.0166,0.0124,0.453,0.0111,0.0107,0.586,0.6233,0.1303,0.127,0.7912,0.0509,0.039,352,34,0.059,0.233,0.0998,0.26,1958,9,0.003,0.9602,0.0552,0.035,0.0,0.0402,,0.0227,0.0422,1.128,0.0,0.0402,,0.0556,0.0318,0.348,15,9,0.365,255,49,0.117,0.0429,0.0265,0.375,1438,697,0.295,832500,181257,0.132,0.2667,1.1742,2.677,0.2667,0.2133,0.486,0.1922,0.0793,0.251,0.6487,0.2266,0.212,0.0,0.0283,,0.0057,0.0055,0.585,0.0,0.0283,,0.0623,0.0228,0.223,0.0185,0.0413,1.355
4200369416,2014,668,72,0.066,251,24,0.058,45.8,5.4,0.072,0.2111,0.0511,0.147,0.1617,0.0355,0.133,0.9611,0.0238,0.015,0.0135,0.0119,0.536,0.0165,0.0149,0.549,0.0075,0.0104,0.849,103542,19346,0.114,46942,5184,0.067,0.0389,0.0238,0.372,0.0426,0.0364,0.52,0.6604,0.0645,0.059,0.521,0.0725,0.085,259,26,0.061,0.0309,0.0385,0.757,1973,5,0.002,0.9266,0.0551,0.036,0.0,0.0546,,0.0656,0.0599,0.555,0.0,0.0546,,0.0956,0.051,0.324,24,13,0.329,227,28,0.075,0.0509,0.0233,0.278,485,118,0.148,293000,29922,0.062,0.2083,0.7426,2.167,0.2083,0.1751,0.511,0.2907,0.1147,0.24,0.8503,0.0741,0.053,0.0,0.0299,,0.0,0.0299,,0.0,0.0299,,0.0329,0.0204,0.377,0.0279,0.0445,0.969
4200369584,2014,28736,42,0.001,11849,258,0.013,45.7,1.1,0.015,0.1855,0.0173,0.057,0.2038,0.0154,0.046,0.9723,0.0112,0.007,0.0098,0.007,0.433,0.0038,0.0023,0.363,0.0068,0.006,0.539,69816,3240,0.028,33303,1910,0.035,0.0489,0.0125,0.156,0.0575,0.0116,0.123,0.6722,0.0163,0.015,0.3703,0.0267,0.044,12407,272,0.013,0.045,0.0172,0.233,1961,2,0.001,0.8434,0.0168,0.012,0.0385,0.0104,0.164,0.0387,0.0123,0.193,0.0184,0.0075,0.248,0.1254,0.0157,0.076,1486,189,0.077,10363,281,0.016,0.0873,0.0133,0.093,762,39,0.031,148500,4451,0.018,0.3809,0.0944,0.151,0.1958,0.0726,0.225,0.1765,0.0248,0.085,0.8345,0.0165,0.012,0.0209,0.0083,0.24,0.0145,0.0053,0.224,0.0025,0.0025,0.608,0.0365,0.0129,0.215,0.0452,0.0112,0.151
4200369776,2014,3436,16,0.003,1579,97,0.037,39.9,3.1,0.047,0.2055,0.0459,0.136,0.1545,0.0373,0.147,0.7651,0.0753,0.06,0.1359,0.076,0.34,0.0242,0.021,0.527,0.0492,0.0533,0.658,29736,6795,0.139,19925,3392,0.103,0.2375,0.0744,0.19,0.1316,0.0586,0.271,0.5952,0.0561,0.057,0.1553,0.0429,0.168,1861,128,0.042,0.1515,0.0609,0.244,1945,7,0.002,0.3509,0.0621,0.108,0.3192,0.0811,0.154,0.0543,0.0348,0.39,0.0833,0.0276,0.201,0.5985,0.0672,0.068,945,121,0.078,634,99,0.095,0.541,0.0814,0.092,638,37,0.035,67900,5539,0.05,0.5767,0.1413,0.149,0.3005,0.1132,0.229,0.1719,0.0908,0.321,0.6197,0.1018,0.1,0.1225,0.057,0.283,0.0758,0.0455,0.365,0.0,0.0071,,0.0,0.0071,,0.311,0.077,0.151
4200372160,2014,14898,22,0.001,5770,250,0.026,39.7,0.9,0.014,0.2396,0.0256,0.065,0.1549,0.0196,0.077,0.9101,0.0224,0.015,0.0122,0.0087,0.431,0.0582,0.0195,0.203,0.0097,0.0067,0.419,80804,6451,0.049,40114,3040,0.046,0.0495,0.0165,0.202,0.0568,0.0142,0.152,0.6903,0.0352,0.031,0.4844,0.0417,0.052,6191,260,0.026,0.068,0.0252,0.225,1983,3,0.001,0.5938,0.0269,0.028,0.0299,0.0175,0.356,0.1352,0.0334,0.15,0.0446,0.0176,0.24,0.1884,0.0346,0.112,1087,205,0.115,4683,229,0.03,0.1245,0.0252,0.123,902,55,0.037,186500,13647,0.044,0.3873,0.0912,0.143,0.2447,0.0796,0.198,0.1836,0.0372,0.123,0.8469,0.0394,0.028,0.038,0.0149,0.238,0.0,0.0022,,0.0,0.0022,,0.0523,0.0182,0.211,0.0466,0.0182,0.237
4200372400,2014,13492,22,0.001,5440,196,0.022,43.4,1.5,0.021,0.217,0.0259,0.073,0.1504,0.0176,0.071,0.9299,0.0223,0.015,0.0196,0.0144,0.445,0.0223,0.014,0.382,0.0127,0.0104,0.495,69365,6047,0.053,32086,1818,0.034,0.074,0.0257,0.211,0.0602,0.0185,0.187,0.6831,0.014,0.012,0.3651,0.0277,0.046,5908,198,0.02,0.0792,0.0354,0.272,1973,1,0.0,0.7539,0.0255,0.021,0.0355,0.0197,0.338,0.0691,0.0228,0.201,0.0652,0.0216,0.201,0.2009,0.0362,0.11,1093,201,0.112,4347,195,0.027,0.1701,0.0382,0.136,832,57,0.042,148000,5678,0.023,0.3861,0.1064,0.168,0.15,0.0668,0.271,0.199,0.0447,0.137,0.792,0.0405,0.031,0.0653,0.0208,0.194,0.0055,0.0044,0.479,0.0,0.0023,,0.0334,0.0148,0.269,0.0474,0.0207,0.265
4200372568,2014,470,116,0.15,174,34,0.119,48.8,3.2,0.04,0.1936,0.0454,0.143,0.2106,0.0498,0.144,0.9468,0.3292,0.211,0.0,0.0213,,0.0298,0.0354,0.723,0.0191,0.0337,1.07,58864,5893,0.061,23599,2888,0.074,0.0596,0.0741,0.756,0.0505,0.0439,0.529,0.5575,0.0573,0.062,0.1579,0.0687,0.265,177,33,0.113,0.0169,0.0281,1.007,1953,3,0.001,0.904,0.018,0.012,0.0395,0.046,0.707,0.0,0.0799,,0.0,0.0799,,0.1379,0.0758,0.334,24,14,0.355,150,33,0.134,0.1511,0.0812,0.327,745,214,0.175,84100,9766,0.071,0.2917,0.6296,1.312,0.2083,0.2185,0.637,0.1467,0.1205,0.499,0.8408,0.0775,0.056,0.01,0.0147,0.897,0.0,0.0498,,0.0,0.0498,,0.0448,0.0483,0.655,0.0575,0.0765,0.809
4200372960,2014,3400,21,0.004,1508,84,0.034,42.5,4.1,0.059,0.2044,0.0323,0.096,0.155,0.0261,0.102,0.9453,0.0348,0.022,0.0059,0.0053,0.547,0.0144,0.0235,0.992,0.0209,0.0135,0.394,49022,6174,0.077,25487,1713,0.041,0.1171,0.043,0.223,0.0627,0.0241,0.234,0.6783,0.0356,0.032,0.2285,0.0464,0.123,1689,102,0.037,0.1072,0.0367,0.208,1950,3,0.001,0.7075,0.0401,0.034,0.1208,0.0391,0.197,0.0551,0.029,0.32,0.0414,0.0155,0.228,0.3389,0.0545,0.098,511,87,0.103,997,99,0.06,0.2996,0.0663,0.134,686,39,0.035,91100,4453,0.03,0.5479,0.1212,0.134,0.2368,0.0934,0.24,0.1605,0.0557,0.211,0.7496,0.0543,0.044,0.087,0.0339,0.237,0.007,0.0076,0.657,0.0,0.0058,,0.0239,0.0186,0.472,0.1459,0.0468,0.195
4200372968,2014,1639,104,0.039,793,50,0.038,51.8,1.1,0.013,0.1184,0.0267,0.137,0.2355,0.0283,0.073,0.9933,0.0073,0.004,0.0,0.0061,,0.0,0.0061,,0.0,0.0061,,47639,4143,0.053,28436,2184,0.047,0.119,0.0514,0.263,0.0739,0.0319,0.262,0.6067,0.0367,0.037,0.2146,0.0319,0.09,846,36,0.026,0.0626,0.0377,0.366,1965,4,0.001,0.6454,0.037,0.035,0.0745,0.028,0.229,0.0035,0.0127,2.182,0.0,0.0167,,0.2207,0.0498,0.137,175,41,0.142,618,50,0.049,0.2087,0.0614,0.179,689,79,0.07,91100,5524,0.037,0.3314,0.1393,0.256,0.16,0.114,0.433,0.2362,0.0638,0.164,0.7485,0.0367,0.03,0.027,0.012,0.271,0.0454,0.0378,0.507,0.0,0.0123,,0.0258,0.017,0.402,0.0618,0.027,0.266
4200374648,2014,6351,36,0.003,2734,147,0.033,42.5,3.7,0.053,0.2266,0.0362,0.097,0.1593,0.0252,0.096,0.718,0.0461,0.039,0.2015,0.0449,0.135,0.0016,0.0024,0.912,0.0107,0.0098,0.554,34340,3209,0.057,19987,2044,0.062,0.2646,0.0552,0.127,0.1773,0.0481,0.165,0.6372,0.0268,0.026,0.1636,0.0375,0.139,3271,187,0.035,0.1642,0.0402,0.149,1943,4,0.001,0.5958,0.0405,0.041,0.1669,0.0453,0.165,0.0355,0.0138,0.236,0.0235,0.0136,0.35,0.4481,0.0448,0.061,1225,139,0.069,1509,137,0.055,0.4412,0.0605,0.083,655,37,0.034,70500,5916,0.051,0.4049,0.1074,0.161,0.2678,0.0914,0.208,0.2359,0.0702,0.181,0.6872,0.0589,0.052,0.1062,0.0352,0.202,0.0302,0.0227,0.458,0.0,0.006,,0.0133,0.0116,0.531,0.2732,0.0461,0.103
4200375816,2014,8963,24,0.002,4683,172,0.022,41.7,1.8,0.026,0.1529,0.0251,0.1,0.1552,0.0211,0.083,0.5939,0.0379,0.039,0.3368,0.0381,0.069,0.0213,0.018,0.512,0.0238,0.0115,0.294,37039,4020,0.066,26299,2110,0.049,0.1733,0.043,0.151,0.0978,0.0246,0.153,0.6799,0.0223,0.02,0.3461,0.041,0.072,5546,232,0.025,0.1556,0.0331,0.129,1941,3,0.001,0.471,0.0439,0.057,0.1738,0.0333,0.116,0.1497,0.0334,0.136,0.0658,0.0214,0.197,0.4856,0.0485,0.061,2274,242,0.065,2409,218,0.055,0.4374,0.0542,0.075,716,55,0.047,73200,3793,0.031,0.449,0.0759,0.103,0.219,0.0603,0.167,0.1822,0.0467,0.156,0.6124,0.0427,0.042,0.21,0.0364,0.105,0.0402,0.0163,0.246,0.0,0.0033,,0.0547,0.0213,0.237,0.1911,0.0367,0.117
4200376104,2014,4514,16,0.002,2031,176,0.053,40.6,7.4,0.111,0.2191,0.0499,0.138,0.1469,0.0349,0.144,0.8773,0.0595,0.041,0.1032,0.0549,0.324,0.0,0.0022,,0.0,0.0022,,36875,7167,0.118,20378,2294,0.068,0.1785,0.0661,0.225,0.0814,0.0616,0.46,0.6161,0.0611,0.06,0.173,0.0607,0.213,2488,188,0.046,0.1837,0.0632,0.209,1939,,,0.5518,0.087,0.096,0.2858,0.094,0.2,0.0446,0.0268,0.365,0.0719,0.0452,0.382,0.519,0.0975,0.114,1054,218,0.126,977,158,0.098,0.4598,0.0937,0.124,675,42,0.038,48000,10405,0.132,0.425,0.1286,0.184,0.2116,0.0979,0.281,0.1924,0.0982,0.31,0.6991,0.0723,0.063,0.0943,0.0634,0.409,0.0474,0.0327,0.42,0.0,0.0049,,0.0156,0.0175,0.68,0.2703,0.0881,0.198
4200376560,2014,538,41,0.046,196,16,0.05,47.6,1.5,0.019,0.2119,0.0396,0.114,0.21,0.03,0.087,0.9721,0.0246,0.015,0.0,0.0186,,0.0186,0.0092,0.3,0.0037,0.0037,0.606,128333,21234,0.101,72864,13315,0.111,0.0,0.0263,,0.0075,0.0111,0.908,0.6189,0.0703,0.069,0.6375,0.0902,0.086,196,16,0.05,0.0,0.051,,1954,3,0.001,0.9541,0.0245,0.016,0.0,0.0722,,0.0,0.0722,,0.0,0.0722,,0.0255,0.0408,0.971,5,8,0.973,191,16,0.051,0.0372,0.0576,0.941,,,,281800,17882,0.039,1.0,3.4641,2.106,0.0,2.0,,0.199,0.0857,0.262,0.6842,0.1343,0.119,0.0639,0.0328,0.312,0.0188,0.0148,0.48,0.0376,0.0297,0.48,0.1053,0.0349,0.202,0.0102,0.052,3.099
4200377272,2014,256,154,0.366,79,41,0.315,23.8,9.1,0.232,0.1602,0.1481,0.562,0.0703,0.1443,1.247,0.918,0.2756,0.183,0.0,0.0391,,0.0,0.0391,,0.0,0.0391,,14436,22255,0.937,8105,5568,0.418,0.5977,0.555,0.565,0.0,0.1064,,0.4178,0.1431,0.208,0.0,0.1667,,79,41,0.315,0.0,0.1266,,1972,20,0.006,0.6329,0.3339,0.321,0.1013,0.2221,1.333,0.0,0.179,,0.0,0.179,,0.7468,0.2849,0.232,59,38,0.392,20,17,0.517,0.7969,0.3301,0.252,1004,712,0.431,,,,0.8644,0.6198,0.436,0.8644,0.5458,0.384,0.5,1.4864,1.807,0.883,0.1184,0.082,0.0,0.1064,,0.117,0.1988,1.032,0.0,0.1064,,0.0,0.1064,,0.2658,0.4269,0.976
4200377912,2014,5335,20,0.002,2465,221,0.055,42.7,2.8,0.04,0.2272,0.0576,0.154,0.1867,0.0349,0.113,0.7882,0.071,0.055,0.1762,0.0675,0.233,0.0,0.0028,,0.0268,0.0195,0.442,29635,3969,0.081,18559,1747,0.057,0.2301,0.1057,0.279,0.0908,0.0396,0.265,0.5694,0.0515,0.055,0.1039,0.0427,0.25,3031,255,0.051,0.1867,0.0556,0.181,1943,3,0.001,0.4949,0.0546,0.067,0.2154,0.0635,0.179,0.093,0.0494,0.323,0.0779,0.0464,0.363,0.6203,0.0719,0.07,1529,224,0.089,936,128,0.083,0.5329,0.0835,0.095,427,33,0.047,64300,4157,0.039,0.414,0.1277,0.187,0.2041,0.0914,0.272,0.1944,0.0948,0.296,0.6668,0.1034,0.094,0.0524,0.0352,0.408,0.061,0.0492,0.491,0.0,0.0068,,0.033,0.0405,0.746,0.1671,0.0528,0.192
4200379274,2014,19303,27,0.001,6973,121,0.011,43.8,0.8,0.011,0.2667,0.019,0.043,0.1668,0.0133,0.049,0.8924,0.018,0.012,0.0024,0.0018,0.453,0.0633,0.0161,0.155,0.0233,0.0109,0.286,106444,3541,0.02,48691,2714,0.034,0.0318,0.0105,0.2,0.0517,0.0121,0.142,0.6307,0.0156,0.015,0.6933,0.032,0.028,7242,165,0.014,0.0371,0.0154,0.253,1969,1,0.0,0.9021,0.006,0.004,0.0087,0.0072,0.5,0.0059,0.0061,0.627,0.0503,0.0102,0.123,0.0908,0.0163,0.109,633,114,0.109,6340,156,0.015,0.0788,0.0181,0.14,2001,,,254300,7520,0.018,0.5245,0.1225,0.142,0.3365,0.1145,0.207,0.233,0.0308,0.08,0.8034,0.0257,0.019,0.0641,0.0151,0.143,0.0018,0.002,0.646,0.0,0.0018,,0.0762,0.0156,0.125,0.0298,0.0108,0.219
4200380032,2014,2502,154,0.037,1146,82,0.043,36.7,5.8,0.096,0.2302,0.0523,0.138,0.1395,0.0301,0.131,0.8757,0.0546,0.038,0.0767,0.0521,0.413,0.0,0.004,,0.0292,0.0203,0.423,35286,5059,0.087,20308,2042,0.061,0.2143,0.0756,0.215,0.0949,0.0413,0.264,0.658,0.0459,0.042,0.1573,0.0475,0.183,1234,41,0.02,0.0713,0.0494,0.421,1950,8,0.002,0.5016,0.0685,0.083,0.2399,0.0793,0.201,0.1459,0.0696,0.29,0.0421,0.0271,0.392,0.6012,0.0779,0.079,689,102,0.09,457,80,0.106,0.5563,0.0965,0.105,617,63,0.062,75700,5129,0.041,0.3962,0.1071,0.164,0.2627,0.0923,0.214,0.3435,0.1164,0.206,0.7943,0.081,0.062,0.04,0.0313,0.476,0.0441,0.038,0.523,0.0,0.0083,,0.005,0.0075,0.909,0.1771,0.0659,0.226
4200380040,2014,1634,134,0.05,784,44,0.034,44.9,2.4,0.032,0.186,0.0322,0.105,0.2197,0.0277,0.077,0.9155,0.057,0.038,0.0508,0.0266,0.318,0.011,0.0116,0.64,0.0031,0.0049,0.971,29279,2865,0.059,22377,2115,0.057,0.1784,0.0599,0.204,0.1377,0.0408,0.18,0.5905,0.0561,0.058,0.1398,0.0342,0.149,868,24,0.017,0.0968,0.0425,0.267,1951,4,0.001,0.5979,0.0516,0.052,0.1025,0.0382,0.226,0.2074,0.0474,0.139,0.053,0.0239,0.274,0.5166,0.0568,0.067,405,50,0.075,379,39,0.063,0.44,0.0864,0.119,683,29,0.026,60800,4415,0.044,0.5407,0.1008,0.113,0.2765,0.074,0.163,0.1082,0.07,0.393,0.825,0.0135,0.01,0.0132,0.0131,0.603,0.0162,0.0146,0.547,0.0,0.0147,,0.0103,0.0161,0.952,0.1977,0.0548,0.168
4200380600,2014,744,242,0.198,300,68,0.138,38.6,8.9,0.14,0.168,0.0437,0.158,0.1048,0.0346,0.201,0.8145,0.367,0.274,0.121,0.1369,0.688,0.0,0.0134,,0.0417,0.0617,0.9,57292,7988,0.085,24202,4842,0.122,0.1355,0.1057,0.474,0.0641,0.048,0.456,0.6882,0.0686,0.061,0.0933,0.0615,0.401,354,67,0.115,0.1525,0.0675,0.269,1939,,,0.8192,0.0874,0.065,0.096,0.0511,0.324,0.0367,0.0414,0.686,0.0,0.0399,,0.3267,0.0944,0.176,98,36,0.223,202,54,0.163,0.379,0.2035,0.326,720,126,0.106,48800,5053,0.063,0.2755,0.1364,0.301,0.1633,0.1068,0.397,0.1733,0.0909,0.319,0.7641,0.349,0.278,0.0147,0.0191,0.786,0.0049,0.0097,1.2,0.0123,0.0218,1.076,0.0295,0.033,0.681,0.0667,0.0427,0.39
4200382800,2014,11837,34,0.002,4841,208,0.026,44.8,1.7,0.023,0.2008,0.0275,0.083,0.1875,0.0269,0.087,0.9758,0.0151,0.009,0.0041,0.003,0.443,0.0015,0.0024,0.946,0.0046,0.0063,0.829,59466,3711,0.038,30975,2952,0.058,0.0524,0.022,0.255,0.0714,0.0333,0.283,0.6552,0.0346,0.032,0.2653,0.0388,0.089,5130,222,0.026,0.0563,0.0323,0.348,1968,3,0.001,0.8025,0.0296,0.022,0.0285,0.0176,0.377,0.0109,0.0123,0.683,0.0136,0.0095,0.423,0.1617,0.0453,0.17,783,222,0.172,4058,265,0.04,0.1388,0.0466,0.204,680,55,0.049,143100,11707,0.05,0.5338,0.1939,0.221,0.1571,0.1238,0.479,0.1767,0.0495,0.17,0.8383,0.049,0.036,0.0089,0.0076,0.524,0.0037,0.006,0.966,0.0,0.0027,,0.0271,0.0178,0.399,0.0426,0.0192,0.275
4200382848,2014,636,148,0.141,253,55,0.132,38.8,7.8,0.122,0.2547,0.0508,0.121,0.1431,0.0453,0.193,0.9104,0.039,0.026,0.0094,0.0156,1.003,0.0,0.0157,,0.0503,0.057,0.689,38661,7873,0.124,20126,2807,0.085,0.2327,0.1119,0.292,0.0442,0.0342,0.471,0.7298,0.0833,0.069,0.0778,0.0532,0.415,307,62,0.123,0.1759,0.1083,0.374,1939,,,0.6221,0.0619,0.06,0.1564,0.0893,0.347,0.0,0.0461,,0.0098,0.0364,2.262,0.3439,0.1117,0.197,87,34,0.238,166,43,0.157,0.3208,0.1221,0.231,758,234,0.188,60900,8589,0.086,0.3563,0.2142,0.365,0.1149,0.1425,0.754,0.1867,0.1608,0.523,0.744,0.0546,0.045,0.0714,0.0751,0.639,0.0,0.0298,,0.0089,0.0177,1.205,0.0357,0.0406,0.691,0.083,0.0483,0.354
4200383200,2014,1798,154,0.052,817,58,0.043,52.2,4.1,0.048,0.1407,0.0316,0.136,0.2475,0.0347,0.085,0.8543,0.099,0.07,0.1251,0.0619,0.301,0.0,0.0056,,0.0,0.0056,,46375,13798,0.181,25499,1959,0.047,0.1021,0.0488,0.291,0.1287,0.0558,0.264,0.5539,0.0531,0.058,0.2723,0.0593,0.132,966,38,0.024,0.1542,0.0587,0.231,1953,1,0.0,0.7629,0.0459,0.037,0.1563,0.0624,0.243,0.0445,0.0314,0.429,0.0,0.0146,,0.1934,0.0609,0.191,158,51,0.196,659,44,0.041,0.1724,0.0617,0.217,639,45,0.043,100300,5601,0.034,0.7468,0.247,0.201,0.3861,0.1907,0.3,0.1988,0.0681,0.208,0.8273,0.0628,0.046,0.0469,0.0343,0.446,0.012,0.0133,0.671,0.0,0.0134,,0.0174,0.0146,0.509,0.1579,0.066,0.254
4200383512,2014,20271,25,0.001,8688,264,0.018,45.5,1.8,0.024,0.185,0.0189,0.062,0.1943,0.0166,0.052,0.848,0.026,0.019,0.108,0.0212,0.119,0.0024,0.0023,0.583,0.0133,0.0061,0.277,47894,3810,0.048,26090,1489,0.035,0.1356,0.0293,0.131,0.0959,0.0193,0.122,0.6348,0.0206,0.02,0.2063,0.0217,0.064,9695,323,0.02,0.1039,0.0217,0.127,1955,1,0.0,0.7843,0.0249,0.019,0.0337,0.0117,0.211,0.0594,0.0189,0.194,0.0425,0.0163,0.233,0.2328,0.0268,0.07,2023,241,0.072,6665,299,0.027,0.21,0.0319,0.092,567,95,0.102,88300,2143,0.015,0.3262,0.0655,0.122,0.1443,0.0505,0.213,0.2147,0.0317,0.09,0.7939,0.0307,0.024,0.0621,0.0171,0.167,0.0193,0.0088,0.278,0.0005,0.0008,0.972,0.0156,0.0071,0.276,0.0935,0.0173,0.113
4200384144,2014,6752,20,0.002,3024,151,0.03,38.1,2.1,0.034,0.2014,0.0307,0.093,0.136,0.0267,0.119,0.9695,0.0175,0.011,0.0167,0.0154,0.559,0.0018,0.0028,0.963,0.0059,0.0056,0.578,59387,6919,0.071,31708,2988,0.057,0.0789,0.0319,0.245,0.0442,0.0217,0.299,0.7709,0.0333,0.026,0.3201,0.0574,0.109,3181,167,0.032,0.0494,0.0376,0.464,1941,4,0.001,0.6881,0.0522,0.046,0.1125,0.0445,0.24,0.067,0.0352,0.32,0.0899,0.0291,0.197,0.3072,0.0472,0.093,929,150,0.098,2095,165,0.048,0.1899,0.0361,0.115,694,48,0.042,116600,9419,0.049,0.4123,0.1459,0.215,0.2648,0.1366,0.314,0.1914,0.0469,0.149,0.7752,0.048,0.038,0.0852,0.0435,0.31,0.0197,0.0146,0.451,0.0018,0.0028,0.955,0.0215,0.0156,0.442,0.087,0.0387,0.271
4200384440,2014,1278,75,0.036,550,31,0.034,40.2,3.9,0.059,0.1753,0.0355,0.123,0.1588,0.0266,0.102,0.8842,0.0521,0.036,0.0923,0.0443,0.291,0.0,0.0078,,0.0164,0.0172,0.636,40000,5016,0.076,20760,2774,0.081,0.1612,0.0596,0.225,0.0674,0.0293,0.265,0.6237,0.0395,0.038,0.109,0.0422,0.235,594,26,0.027,0.0741,0.0369,0.303,1939,,,0.8653,0.0359,0.025,0.1044,0.0479,0.279,0.0135,0.0216,0.973,0.0,0.0238,,0.2364,0.0622,0.16,130,35,0.164,420,35,0.051,0.1886,0.0568,0.183,635,69,0.066,59300,5002,0.051,0.4846,0.1959,0.246,0.4308,0.1815,0.256,0.2548,0.086,0.205,0.6801,0.062,0.055,0.0824,0.0296,0.219,0.0113,0.0145,0.779,0.0,0.0162,,0.0307,0.0175,0.347,0.14,0.0469,0.204
4200384512,2014,13931,30,0.001,6112,242,0.024,44.8,2.2,0.03,0.1934,0.0268,0.084,0.2291,0.0226,0.06,0.8653,0.0296,0.021,0.0486,0.0212,0.266,0.0736,0.0252,0.208,0.0078,0.0072,0.563,56196,3721,0.04,30896,1809,0.036,0.0994,0.0373,0.228,0.0578,0.0171,0.18,0.6412,0.026,0.025,0.3376,0.0332,0.06,6320,270,0.026,0.0329,0.0181,0.335,1957,2,0.001,0.6527,0.0229,0.021,0.0138,0.0096,0.424,0.0597,0.0232,0.236,0.1456,0.03,0.125,0.2842,0.0357,0.076,1737,229,0.08,4375,217,0.03,0.2373,0.031,0.079,728,213,0.178,134300,5226,0.024,0.4306,0.095,0.134,0.2666,0.0751,0.171,0.1733,0.0339,0.119,0.7402,0.0293,0.024,0.1284,0.0271,0.129,0.0124,0.0095,0.464,0.0,0.0023,,0.0139,0.007,0.306,0.1098,0.0299,0.165
4200384704,2014,7851,24,0.002,3789,241,0.039,53.0,3.0,0.034,0.1144,0.0263,0.14,0.2597,0.0359,0.084,0.9445,0.0307,0.02,0.0439,0.0292,0.404,0.0062,0.0042,0.409,0.0036,0.0036,0.608,50408,3156,0.038,30169,2476,0.05,0.0412,0.0158,0.233,0.0525,0.0221,0.256,0.6128,0.0175,0.017,0.246,0.0462,0.114,3980,277,0.042,0.048,0.0284,0.36,1955,1,0.0,0.803,0.0292,0.022,0.0389,0.0262,0.409,0.1003,0.0321,0.195,0.0324,0.0135,0.253,0.2412,0.0461,0.116,914,184,0.122,2875,232,0.049,0.1789,0.0453,0.154,760,39,0.031,97500,9160,0.057,0.3151,0.0994,0.192,0.2166,0.0907,0.255,0.161,0.052,0.196,0.8367,0.0477,0.035,0.0163,0.0093,0.349,0.0193,0.0131,0.412,0.0,0.0037,,0.0252,0.0158,0.38,0.0562,0.0305,0.329
4200385184,2014,6348,25,0.002,2927,172,0.036,45.7,2.3,0.031,0.1788,0.0345,0.117,0.2139,0.0277,0.079,0.7771,0.0442,0.035,0.1779,0.0387,0.132,0.008,0.0066,0.501,0.0139,0.0131,0.573,49666,3516,0.043,28949,2635,0.055,0.1213,0.0532,0.267,0.0628,0.0177,0.171,0.6267,0.0223,0.022,0.3304,0.0465,0.086,3299,217,0.04,0.1128,0.0378,0.204,1960,2,0.001,0.6632,0.0348,0.032,0.0409,0.022,0.327,0.054,0.0212,0.238,0.211,0.0304,0.088,0.3813,0.0343,0.055,1116,120,0.065,1811,157,0.053,0.3352,0.0499,0.091,877,38,0.026,97100,6221,0.039,0.509,0.1125,0.134,0.2688,0.081,0.183,0.2076,0.0609,0.178,0.7757,0.043,0.034,0.0533,0.023,0.262,0.018,0.0157,0.531,0.001,0.0022,1.418,0.0574,0.0233,0.246,0.0717,0.0251,0.213
4200385188,2014,15894,27,0.001,8014,256,0.019,40.6,2.7,0.04,0.1877,0.0243,0.079,0.1583,0.0172,0.066,0.305,0.0245,0.049,0.6166,0.0259,0.026,0.0123,0.0092,0.458,0.0134,0.0057,0.257,33483,2465,0.045,24076,1369,0.035,0.2138,0.0376,0.107,0.1145,0.0237,0.126,0.6337,0.024,0.023,0.3004,0.0279,0.056,10128,303,0.018,0.2087,0.0271,0.079,1946,3,0.001,0.3444,0.0282,0.05,0.2107,0.0279,0.08,0.1917,0.0248,0.079,0.1058,0.0208,0.119,0.6455,0.03,0.028,5173,292,0.034,2841,282,0.06,0.6275,0.0376,0.036,769,21,0.017,73300,8425,0.07,0.4632,0.0512,0.067,0.2182,0.036,0.1,0.2936,0.0524,0.108,0.5359,0.0375,0.043,0.2843,0.0365,0.078,0.0398,0.0133,0.204,0.0077,0.0052,0.411,0.0567,0.0188,0.202,0.2781,0.0293,0.064
4200385496,2014,1690,298,0.107,863,91,0.064,45.4,11.5,0.154,0.1775,0.0518,0.177,0.2118,0.0284,0.081,0.7065,0.0191,0.016,0.2325,0.1366,0.357,0.003,0.0077,1.577,0.0142,0.0134,0.573,21528,3747,0.106,15469,2034,0.08,0.2953,0.0817,0.168,0.2329,0.0869,0.227,0.4928,0.0744,0.092,0.1233,0.0439,0.217,1169,47,0.024,0.2618,0.0694,0.161,1943,8,0.003,0.3576,0.0695,0.118,0.1891,0.083,0.267,0.1437,0.0457,0.193,0.1257,0.0447,0.216,0.6582,0.0839,0.078,568,94,0.101,295,57,0.117,0.6554,0.135,0.125,545,62,0.069,47800,3492,0.044,0.588,0.1233,0.127,0.169,0.0608,0.219,0.3661,0.1516,0.252,0.6814,0.1544,0.138,0.0847,0.0614,0.441,0.0405,0.0337,0.506,0.0,0.0184,,0.0295,0.0249,0.513,0.3534,0.0741,0.127
4200300724,2015,1700,164,0.059,980,82,0.051,67.9,3.8,0.034,0.1094,0.0308,0.171,0.5312,0.0466,0.053,0.9594,0.1295,0.082,0.01,0.007,0.425,0.0271,0.0228,0.512,0.0006,0.0024,2.431,55357,10646,0.117,43842,4545,0.063,0.0309,0.0168,0.33,0.0185,0.0164,0.539,0.355,0.0432,0.074,0.44,0.0407,0.056,1111,77,0.042,0.1179,0.047,0.242,1997,3,0.001,0.2286,0.0363,0.097,0.0144,0.0104,0.441,0.0486,0.019,0.237,0.4743,0.0554,0.071,0.502,0.064,0.077,492,75,0.093,488,57,0.071,0.4188,0.0553,0.08,2414,152,0.038,175600,12206,0.042,0.6646,0.0594,0.054,0.5122,0.0651,0.077,0.3074,0.0733,0.145,0.8488,0.0608,0.044,0.0189,0.0167,0.538,0.017,0.0225,0.805,0.0,0.0189,,0.0473,0.0254,0.326,0.1735,0.0462,0.162
4200303320,2015,2795,28,0.006,1307,118,0.055,37.6,1.2,0.019,0.2204,0.058,0.16,0.142,0.0372,0.159,0.8948,0.0391,0.027,0.0057,0.0093,0.988,0.0758,0.0401,0.321,0.0182,0.0154,0.513,64125,9961,0.094,42725,7439,0.106,0.0608,0.0345,0.345,0.0529,0.0322,0.37,0.7566,0.0518,0.042,0.5893,0.0817,0.084,1413,130,0.056,0.075,0.0433,0.351,1947,14,0.004,0.3949,0.0574,0.088,0.2109,0.0626,0.181,0.2279,0.0735,0.196,0.0057,0.0116,1.245,0.5555,0.0796,0.087,726,123,0.103,581,90,0.094,0.4966,0.0811,0.099,879,99,0.068,243200,23097,0.058,0.2989,0.103,0.21,0.1322,0.0767,0.353,0.1876,0.0888,0.288,0.7821,0.0809,0.063,0.0589,0.0313,0.323,0.0146,0.0218,0.91,0.0099,0.0119,0.727,0.0225,0.0218,0.587,0.1102,0.0493,0.272
4200303608,2015,4681,20,0.003,2458,149,0.037,44.7,4.6,0.063,0.1696,0.0378,0.135,0.188,0.0305,0.099,0.8609,0.0477,0.034,0.0865,0.037,0.26,0.0109,0.0132,0.739,0.0079,0.0096,0.739,38464,4104,0.065,25579,1647,0.039,0.0907,0.0368,0.247,0.0735,0.0274,0.226,0.6713,0.0406,0.037,0.2629,0.0437,0.101,2939,199,0.041,0.1637,0.0435,0.162,1949,5,0.002,0.3971,0.0458,0.07,0.2113,0.052,0.15,0.065,0.0306,0.286,0.2586,0.0487,0.114,0.5053,0.0661,0.079,1242,179,0.088,1216,132,0.066,0.4002,0.0731,0.111,671,26,0.024,92600,6418,0.042,0.4461,0.096,0.131,0.1731,0.0774,0.272,0.3191,0.0862,0.164,0.7439,0.0685,0.056,0.0881,0.0335,0.231,0.0708,0.0387,0.333,0.0021,0.0037,1.093,0.0296,0.0196,0.403,0.1957,0.0577,0.179
4200303928,2015,19803,31,0.001,8195,294,0.022,41.5,1.8,0.026,0.2074,0.0212,0.062,0.1926,0.0175,0.055,0.8785,0.0256,0.018,0.074,0.0233,0.192,0.0338,0.0192,0.346,0.0084,0.0054,0.388,53660,4353,0.049,27395,1074,0.024,0.0811,0.0253,0.19,0.0672,0.0178,0.161,0.6468,0.0178,0.017,0.2524,0.0252,0.061,8775,322,0.022,0.0661,0.0221,0.203,1957,2,0.001,0.7487,0.0192,0.016,0.0239,0.0142,0.362,0.0931,0.021,0.137,0.0855,0.0211,0.15,0.2312,0.0245,0.064,1895,212,0.068,6300,260,0.025,0.2192,0.0255,0.071,734,42,0.035,116400,2810,0.015,0.4823,0.1231,0.155,0.2269,0.0937,0.251,0.1494,0.0267,0.109,0.7734,0.0286,0.022,0.0538,0.0174,0.197,0.0107,0.0069,0.393,0.0045,0.004,0.537,0.0288,0.0097,0.205,0.0842,0.0205,0.148
4200303932,2015,2004,102,0.031,853,42,0.03,44.3,2.8,0.038,0.1796,0.0402,0.136,0.1756,0.0296,0.102,0.983,0.0061,0.004,0.0,0.005,,0.0025,0.0035,0.851,0.0,0.005,,62917,4410,0.043,34011,3790,0.068,0.0763,0.0353,0.281,0.066,0.029,0.267,0.6639,0.0379,0.035,0.3,0.0479,0.097,899,23,0.016,0.0512,0.0378,0.449,1953,1,0.0,0.9366,0.0278,0.018,0.0033,0.0124,2.265,0.0,0.0157,,0.0,0.0157,,0.0891,0.042,0.286,76,36,0.288,777,55,0.043,0.0768,0.0392,0.31,794,242,0.185,115800,3735,0.02,0.4737,0.3178,0.408,0.4211,0.2616,0.378,0.2008,0.0554,0.168,0.7341,0.0656,0.054,0.0657,0.0288,0.266,0.0111,0.0121,0.661,0.0,0.0101,,0.0313,0.019,0.369,0.0422,0.0309,0.445
4200305216,2015,1444,88,0.037,559,32,0.035,46.6,1.1,0.014,0.2348,0.0316,0.082,0.1593,0.0258,0.098,0.9266,0.0364,0.024,0.0506,0.0324,0.39,0.0,0.0069,,0.0069,0.0062,0.546,84479,13844,0.1,51536,6185,0.073,0.0609,0.0322,0.321,0.0447,0.0261,0.355,0.612,0.0504,0.05,0.4887,0.0497,0.062,587,25,0.026,0.0477,0.0374,0.477,1958,3,0.001,0.9472,0.0314,0.02,0.0102,0.0199,1.181,0.0,0.0241,,0.0,0.0241,,0.127,0.0586,0.28,71,33,0.283,488,41,0.051,0.1046,0.0488,0.283,1073,177,0.1,263200,64909,0.15,0.2254,0.2833,0.764,0.1268,0.1882,0.902,0.2869,0.0776,0.164,0.8497,0.0276,0.02,0.0149,0.0133,0.543,0.0074,0.0074,0.604,0.0,0.0149,,0.0967,0.034,0.213,0.0125,0.0218,1.059
4200305312,2015,8329,25,0.002,4310,185,0.026,39.7,3.3,0.051,0.1413,0.0224,0.096,0.1299,0.0222,0.104,0.8434,0.0301,0.022,0.1,0.02,0.122,0.0076,0.0094,0.753,0.0124,0.012,0.59,39877,3212,0.049,27029,1885,0.042,0.1585,0.0319,0.122,0.0789,0.0233,0.179,0.7359,0.0203,0.017,0.3133,0.0381,0.074,4856,216,0.027,0.1124,0.029,0.157,1941,4,0.001,0.3556,0.0287,0.049,0.2146,0.0368,0.104,0.1662,0.0327,0.119,0.1796,0.0314,0.106,0.642,0.0443,0.042,2767,225,0.049,1543,130,0.051,0.5327,0.0422,0.048,666,28,0.026,101600,8503,0.051,0.4066,0.0597,0.089,0.2338,0.0445,0.116,0.1458,0.0537,0.224,0.6609,0.0447,0.041,0.1422,0.0303,0.13,0.0664,0.0283,0.259,0.0017,0.0025,0.911,0.0311,0.0154,0.301,0.2063,0.0339,0.1
4200305504,2015,1692,102,0.037,706,45,0.039,40.5,2.3,0.035,0.2394,0.0306,0.078,0.1294,0.0229,0.108,0.9492,0.0122,0.008,0.0165,0.0112,0.411,0.0047,0.0047,0.607,0.0077,0.0083,0.654,86875,6818,0.048,48147,5736,0.072,0.0296,0.0154,0.316,0.0263,0.0151,0.348,0.7432,0.0204,0.017,0.6265,0.0504,0.049,812,34,0.025,0.1305,0.044,0.205,1939,,,0.766,0.0467,0.037,0.1823,0.052,0.173,0.0222,0.0193,0.528,0.0,0.0174,,0.1856,0.0423,0.139,131,31,0.144,575,41,0.043,0.1535,0.0417,0.165,901,92,0.062,202500,10950,0.033,0.3282,0.1709,0.317,0.1603,0.1321,0.501,0.2035,0.0517,0.154,0.7576,0.0371,0.03,0.0546,0.0217,0.242,0.0073,0.0073,0.607,0.0,0.0105,,0.043,0.0197,0.279,0.0538,0.029,0.327
4200305520,2015,362,54,0.091,143,18,0.077,44.2,3.1,0.043,0.2735,0.049,0.109,0.1381,0.051,0.225,0.9669,0.0632,0.04,0.0,0.0276,,0.0083,0.0138,1.009,0.0249,0.0218,0.533,151250,18066,0.073,69285,13401,0.118,0.0249,0.0252,0.616,0.0206,0.0359,1.058,0.708,0.0901,0.077,0.834,0.0952,0.069,147,19,0.079,0.0272,0.027,0.603,1939,,,0.9864,0.0212,0.013,0.0,0.0962,,0.0,0.0962,,0.0,0.0962,,0.014,0.0209,0.909,2,3,0.912,141,18,0.078,0.0083,0.011,0.805,,,,327600,21989,0.041,0.0,10.0,,0.0,5.0,,0.1135,0.1216,0.651,0.7872,0.079,0.061,0.0,0.0532,,0.0,0.0532,,0.0,0.0532,,0.1064,0.0771,0.441,0.021,0.0781,2.264
4200306064,2015,32322,26,0.0,13367,249,0.011,46.0,0.9,0.012,0.1985,0.0145,0.045,0.2029,0.0128,0.038,0.9422,0.0129,0.008,0.016,0.0083,0.315,0.0165,0.0071,0.261,0.0095,0.0044,0.279,70264,3174,0.027,36316,1564,0.026,0.0445,0.01,0.136,0.0497,0.0109,0.134,0.6602,0.0151,0.014,0.4631,0.0234,0.031,13928,285,0.012,0.0403,0.0151,0.228,1965,1,0.0,0.7443,0.0115,0.009,0.019,0.0088,0.284,0.077,0.015,0.119,0.1079,0.0155,0.087,0.2181,0.0205,0.057,2916,280,0.058,10451,308,0.018,0.178,0.0212,0.072,873,39,0.027,162300,2974,0.011,0.4016,0.067,0.101,0.1982,0.0526,0.161,0.1739,0.0215,0.075,0.7341,0.0194,0.016,0.119,0.016,0.082,0.0081,0.0059,0.443,0.002,0.0021,0.665,0.062,0.0131,0.129,0.0551,0.011,0.121
4200307000,2015,1570,150,0.058,814,47,0.035,38.8,8.8,0.138,0.2038,0.0491,0.146,0.1828,0.0342,0.114,0.8108,0.0254,0.019,0.021,0.0145,0.42,0.1446,0.0674,0.283,0.0153,0.0197,0.783,35833,8174,0.139,23815,2075,0.053,0.1366,0.0646,0.288,0.0507,0.0332,0.398,0.6571,0.0656,0.061,0.2766,0.0639,0.14,857,38,0.027,0.0502,0.0408,0.494,1953,6,0.002,0.3081,0.0495,0.098,0.1435,0.0561,0.238,0.1575,0.0526,0.203,0.1319,0.0388,0.179,0.6192,0.0645,0.063,504,60,0.072,310,51,0.1,0.607,0.0944,0.095,649,74,0.069,100000,16983,0.103,0.3413,0.1043,0.186,0.1052,0.0602,0.348,0.2581,0.1039,0.245,0.8145,0.0503,0.038,0.061,0.0381,0.38,0.0545,0.0409,0.457,0.0078,0.0103,0.807,0.0324,0.0269,0.505,0.1597,0.0493,0.188
4200307976,2015,3244,16,0.003,1434,84,0.036,43.0,4.7,0.066,0.2019,0.0467,0.141,0.2016,0.0386,0.116,0.918,0.0445,0.029,0.0546,0.0401,0.446,0.0018,0.0062,2.026,0.0049,0.0074,0.912,42560,4995,0.071,27743,4312,0.094,0.1226,0.0476,0.236,0.0725,0.049,0.41,0.5956,0.0533,0.054,0.1884,0.0477,0.154,1580,94,0.036,0.0924,0.0478,0.314,1943,4,0.001,0.8057,0.0548,0.041,0.0646,0.0369,0.348,0.0177,0.0172,0.589,0.0646,0.0252,0.238,0.3689,0.0692,0.114,529,104,0.12,905,105,0.071,0.3094,0.0733,0.144,671,24,0.022,74500,2109,0.017,0.38,0.1501,0.24,0.1418,0.0804,0.345,0.1227,0.0609,0.302,0.8652,0.0605,0.043,0.0332,0.033,0.604,0.0106,0.0119,0.686,0.0,0.0071,,0.0141,0.0162,0.696,0.1095,0.0434,0.241
4200307992,2015,1989,306,0.094,737,84,0.069,45.0,6.1,0.082,0.2021,0.0421,0.127,0.1976,0.0301,0.093,0.2866,0.0636,0.135,0.6511,0.0379,0.035,0.0,0.005,,0.0166,0.0154,0.563,23591,3788,0.098,12037,1711,0.086,0.3718,0.1002,0.164,0.1566,0.0755,0.293,0.4365,0.0767,0.107,0.0813,0.035,0.262,1162,39,0.02,0.3657,0.0739,0.123,1939,,,0.5241,0.0675,0.078,0.1652,0.0641,0.236,0.0757,0.0328,0.264,0.0645,0.0281,0.265,0.5739,0.0689,0.073,423,70,0.101,314,60,0.116,0.5653,0.0795,0.086,583,48,0.05,31700,4537,0.087,0.6809,0.1465,0.131,0.4303,0.1335,0.189,0.242,0.154,0.387,0.3456,0.0856,0.151,0.3909,0.1406,0.219,0.0906,0.0606,0.407,0.0218,0.023,0.641,0.0235,0.0246,0.638,0.422,0.0852,0.123
4200308008,2015,1733,105,0.037,987,57,0.035,51.3,1.8,0.021,0.135,0.0315,0.142,0.2452,0.0376,0.093,0.7507,0.0552,0.045,0.1939,0.0624,0.196,0.0058,0.0092,0.972,0.0317,0.0375,0.717,30871,6975,0.137,30124,7144,0.144,0.1777,0.048,0.164,0.0857,0.0356,0.252,0.562,0.0373,0.04,0.2361,0.0573,0.147,1114,27,0.015,0.114,0.043,0.229,1957,2,0.001,0.6014,0.0434,0.044,0.0889,0.0406,0.278,0.0359,0.0268,0.453,0.2379,0.0386,0.099,0.4721,0.0599,0.077,466,65,0.085,521,56,0.065,0.3675,0.0616,0.102,333,45,0.082,79700,5308,0.04,0.2918,0.0971,0.202,0.1073,0.0714,0.405,0.2265,0.0726,0.195,0.7089,0.0878,0.075,0.1136,0.0482,0.258,0.0379,0.0363,0.583,0.0,0.0131,,0.0339,0.0442,0.792,0.2533,0.0615,0.148
4200308064,2015,1202,62,0.031,496,25,0.031,48.0,2.9,0.037,0.2113,0.0402,0.116,0.2063,0.033,0.097,0.9775,0.0171,0.011,0.0,0.0083,,0.0133,0.0133,0.607,0.0083,0.0091,0.668,102308,13454,0.08,56720,7718,0.083,0.0366,0.0152,0.253,0.0374,0.0211,0.343,0.5836,0.0451,0.047,0.6839,0.0683,0.061,515,21,0.025,0.0369,0.0369,0.607,1967,7,0.002,0.7903,0.0462,0.036,0.0,0.0275,,0.0466,0.0303,0.395,0.0,0.0275,,0.0484,0.0241,0.302,24,12,0.304,472,28,0.036,0.02,0.0099,0.302,229,9,0.024,271100,13811,0.031,1.0,0.6935,0.422,0.0,0.4167,,0.1907,0.0695,0.222,0.8547,0.0525,0.037,0.0094,0.0132,0.849,0.0113,0.0113,0.605,0.0,0.0189,,0.0792,0.0331,0.254,0.0585,0.026,0.271
4200308416,2015,9598,20,0.001,4222,210,0.03,39.3,2.1,0.032,0.2082,0.0334,0.097,0.1366,0.0206,0.092,0.8999,0.0337,0.023,0.018,0.0177,0.597,0.0262,0.0189,0.438,0.0246,0.0128,0.317,51685,5897,0.069,26749,1799,0.041,0.0829,0.0312,0.229,0.0593,0.0211,0.216,0.6753,0.0208,0.019,0.2783,0.0387,0.084,4638,230,0.03,0.0897,0.0396,0.269,1949,2,0.001,0.6276,0.0366,0.035,0.1639,0.0392,0.145,0.0931,0.0348,0.227,0.0431,0.0162,0.229,0.3906,0.0486,0.076,1649,221,0.081,2573,202,0.048,0.303,0.0521,0.105,699,64,0.056,97900,3489,0.022,0.4833,0.0906,0.114,0.222,0.0704,0.193,0.1862,0.0538,0.176,0.7146,0.0518,0.044,0.1087,0.0321,0.18,0.0285,0.0217,0.463,0.0,0.0029,,0.0256,0.0131,0.31,0.1393,0.0396,0.173
4200308624,2015,5135,22,0.003,2546,122,0.029,45.8,1.6,0.021,0.1735,0.0287,0.101,0.2232,0.0321,0.087,0.9447,0.0198,0.013,0.0156,0.007,0.274,0.016,0.013,0.497,0.0115,0.0084,0.443,44893,6027,0.082,29546,2474,0.051,0.0973,0.0329,0.206,0.039,0.0188,0.294,0.6292,0.03,0.029,0.2885,0.0446,0.094,2726,130,0.029,0.066,0.0288,0.265,1953,2,0.001,0.6544,0.0361,0.033,0.1189,0.036,0.184,0.0987,0.0371,0.228,0.1053,0.0284,0.164,0.4038,0.0556,0.084,1028,150,0.089,1518,126,0.05,0.3303,0.0554,0.102,675,38,0.034,116100,5989,0.031,0.3804,0.0949,0.152,0.1265,0.0492,0.236,0.1831,0.0464,0.154,0.762,0.0447,0.036,0.0723,0.0257,0.216,0.0409,0.0228,0.339,0.0027,0.0038,0.868,0.0241,0.0133,0.336,0.13,0.0309,0.144
4200311336,2015,7953,23,0.002,3733,163,0.027,37.8,4.0,0.064,0.2026,0.0327,0.098,0.1648,0.0227,0.084,0.8472,0.0477,0.034,0.1069,0.0397,0.226,0.0058,0.0062,0.648,0.0107,0.0083,0.472,40838,4052,0.06,30199,5887,0.119,0.2322,0.0529,0.139,0.0747,0.0234,0.19,0.6389,0.0284,0.027,0.2755,0.036,0.079,4077,188,0.028,0.0844,0.0252,0.182,1949,3,0.001,0.5497,0.034,0.038,0.1347,0.0315,0.142,0.1168,0.0328,0.171,0.141,0.0253,0.109,0.5317,0.0398,0.045,1985,172,0.053,1748,145,0.05,0.4907,0.049,0.061,744,47,0.038,95200,6072,0.039,0.4,0.0695,0.106,0.2418,0.0562,0.141,0.1762,0.047,0.162,0.7384,0.0504,0.041,0.096,0.0305,0.193,0.0166,0.0163,0.597,0.0,0.0037,,0.0384,0.0169,0.268,0.1731,0.0352,0.124
4200311680,2015,8293,26,0.002,3962,182,0.028,41.5,3.1,0.045,0.1507,0.0302,0.122,0.178,0.023,0.079,0.8772,0.0474,0.033,0.0123,0.0092,0.453,0.0684,0.042,0.373,0.0223,0.0186,0.506,47436,7365,0.094,29409,3026,0.063,0.1499,0.0556,0.226,0.0467,0.0168,0.219,0.7054,0.0303,0.026,0.2767,0.0397,0.087,4231,200,0.029,0.0636,0.0349,0.333,1956,2,0.001,0.5767,0.0395,0.042,0.1009,0.0337,0.203,0.1293,0.0388,0.182,0.1101,0.0324,0.179,0.4387,0.0446,0.062,1738,194,0.068,2224,150,0.041,0.3853,0.0453,0.072,726,33,0.028,113000,4379,0.024,0.4005,0.0979,0.149,0.2112,0.0716,0.206,0.1929,0.053,0.167,0.6599,0.0458,0.042,0.1934,0.0431,0.135,0.0167,0.0098,0.356,0.0,0.0029,,0.0267,0.0183,0.417,0.0848,0.0338,0.242
4200312496,2015,897,170,0.115,426,75,0.107,43.9,6.8,0.094,0.1204,0.0393,0.199,0.1605,0.0239,0.09,0.8517,0.0677,0.048,0.0602,0.0454,0.459,0.0,0.0111,,0.0089,0.0099,0.674,49922,5161,0.063,27632,2692,0.059,0.0887,0.0372,0.255,0.0295,0.0231,0.476,0.7295,0.1156,0.096,0.2968,0.052,0.106,487,79,0.099,0.1253,0.0711,0.345,1948,5,0.002,0.809,0.0882,0.066,0.115,0.0542,0.286,0.0513,0.0527,0.624,0.0,0.029,,0.3099,0.1299,0.255,132,60,0.276,294,52,0.108,0.2731,0.1401,0.312,659,161,0.149,78000,3517,0.027,0.3712,0.1762,0.289,0.2121,0.1541,0.442,0.1599,0.0909,0.346,0.8066,0.1256,0.095,0.07,0.0462,0.401,0.0221,0.0194,0.534,0.0055,0.0091,1.0,0.0239,0.0173,0.439,0.108,0.0704,0.396
4200313392,2015,1758,110,0.038,842,45,0.032,51.7,2.9,0.034,0.161,0.0316,0.119,0.2639,0.0408,0.094,0.9926,0.0114,0.007,0.0006,0.0011,1.215,0.0,0.0057,,0.0057,0.008,0.85,54573,3214,0.036,32675,2987,0.056,0.0808,0.0537,0.404,0.0758,0.06,0.481,0.5811,0.0689,0.072,0.3142,0.0541,0.105,883,24,0.017,0.0464,0.0419,0.548,1953,2,0.001,0.8901,0.0436,0.03,0.0691,0.04,0.352,0.0068,0.0152,1.363,0.0,0.016,,0.1069,0.0484,0.275,90,41,0.277,752,50,0.04,0.1289,0.0697,0.329,904,95,0.064,109700,5408,0.03,0.5,0.2314,0.281,0.1222,0.1212,0.603,0.2247,0.0611,0.165,0.8028,0.0357,0.027,0.084,0.0447,0.324,0.0204,0.0177,0.527,0.0,0.0127,,0.0445,0.0262,0.358,0.0748,0.0377,0.306
4200313608,2015,3009,34,0.007,1323,55,0.025,55.0,1.3,0.014,0.1525,0.0271,0.108,0.2732,0.0423,0.094,0.7714,0.0437,0.034,0.1525,0.0275,0.11,0.0362,0.0223,0.374,0.0166,0.013,0.474,86616,8271,0.058,48072,5479,0.069,0.0278,0.0257,0.562,0.0767,0.0346,0.274,0.6693,0.036,0.033,0.6398,0.0658,0.063,1432,65,0.028,0.0761,0.0425,0.339,1957,2,0.001,0.9658,0.0164,0.01,0.0,0.0099,,0.0056,0.012,1.307,0.0286,0.0254,0.539,0.0718,0.0415,0.351,95,55,0.352,1228,76,0.038,0.0625,0.0352,0.343,1082,217,0.122,162000,10227,0.038,0.1368,0.2072,0.92,0.0632,0.0987,0.95,0.2134,0.068,0.194,0.7974,0.0512,0.039,0.025,0.0179,0.435,0.0,0.0064,,0.0,0.0064,,0.0673,0.0324,0.293,0.0166,0.0163,0.597
4200313704,2015,6752,35,0.003,3058,160,0.032,41.7,4.5,0.066,0.1828,0.0358,0.119,0.1715,0.0256,0.091,0.5505,0.046,0.051,0.3797,0.0389,0.062,0.0019,0.0033,1.029,0.0256,0.0233,0.552,30207,4023,0.081,19942,1831,0.056,0.2857,0.0669,0.142,0.1468,0.0515,0.213,0.6147,0.0298,0.029,0.1344,0.0307,0.139,3976,175,0.027,0.2309,0.0355,0.094,1941,2,0.001,0.6202,0.038,0.037,0.0908,0.034,0.228,0.0734,0.0274,0.227,0.0133,0.0122,0.558,0.4137,0.0579,0.085,1265,189,0.091,1793,152,0.052,0.396,0.0713,0.109,727,30,0.025,46600,2916,0.038,0.6055,0.1076,0.108,0.313,0.0843,0.164,0.2164,0.0609,0.171,0.7105,0.0476,0.041,0.0948,0.036,0.231,0.0377,0.0243,0.392,0.0,0.0048,,0.033,0.0257,0.474,0.2646,0.0499,0.115
4200315216,2015,7620,30,0.002,3356,189,0.034,49.0,2.1,0.026,0.1724,0.0294,0.103,0.2058,0.0346,0.102,0.9495,0.0282,0.018,0.0084,0.0071,0.513,0.0255,0.0197,0.47,0.0051,0.0081,0.966,66090,8196,0.075,41141,4650,0.069,0.0575,0.0334,0.353,0.0572,0.0246,0.261,0.6319,0.0461,0.044,0.4256,0.059,0.084,3640,211,0.035,0.078,0.0462,0.36,1990,5,0.002,0.561,0.0486,0.053,0.0324,0.0277,0.52,0.0396,0.0331,0.509,0.0695,0.0376,0.329,0.1931,0.0528,0.166,648,181,0.17,2708,213,0.048,0.1699,0.0513,0.184,1260,246,0.119,159200,26039,0.099,0.358,0.1967,0.334,0.1312,0.1227,0.569,0.2271,0.0619,0.166,0.8176,0.0417,0.031,0.0561,0.0346,0.375,0.0086,0.0099,0.698,0.0,0.0037,,0.059,0.0299,0.308,0.0259,0.0175,0.41
4200316144,2015,5642,24,0.003,2682,181,0.041,40.7,1.8,0.027,0.1836,0.0416,0.138,0.1852,0.0275,0.09,0.7772,0.0589,0.046,0.1161,0.0289,0.151,0.003,0.0041,0.822,0.0317,0.0218,0.418,34483,3565,0.063,22018,1721,0.048,0.1701,0.0454,0.162,0.0847,0.0323,0.232,0.6196,0.0464,0.046,0.2648,0.0519,0.119,3041,214,0.043,0.1181,0.0426,0.219,1941,4,0.001,0.6018,0.0441,0.045,0.1092,0.0414,0.23,0.0802,0.0294,0.222,0.1588,0.0382,0.146,0.4985,0.0497,0.061,1337,161,0.073,1345,141,0.064,0.4334,0.0554,0.078,659,42,0.039,83600,7328,0.053,0.4503,0.1025,0.138,0.1683,0.0603,0.218,0.2335,0.068,0.177,0.8163,0.0401,0.03,0.0254,0.0219,0.524,0.0614,0.0318,0.315,0.0,0.0053,,0.0242,0.0177,0.443,0.1816,0.051,0.171
4200316848,2015,5920,32,0.003,2764,166,0.037,40.4,3.9,0.059,0.1713,0.0289,0.103,0.139,0.0238,0.104,0.8867,0.0447,0.031,0.0762,0.0402,0.321,0.001,0.0017,1.013,0.0098,0.0093,0.576,52674,5284,0.061,33905,4753,0.085,0.0426,0.0147,0.21,0.0247,0.0128,0.315,0.7481,0.0394,0.032,0.3323,0.0474,0.087,2998,179,0.036,0.0781,0.0357,0.278,1939,,,0.5027,0.0429,0.052,0.2595,0.0401,0.094,0.0834,0.0246,0.179,0.0811,0.0256,0.192,0.4678,0.0391,0.051,1293,133,0.063,1471,144,0.06,0.4072,0.0469,0.07,710,37,0.032,114500,5750,0.031,0.232,0.0751,0.197,0.0766,0.0473,0.376,0.1727,0.0602,0.212,0.7276,0.0394,0.033,0.1193,0.0415,0.212,0.0234,0.0146,0.379,0.0028,0.0042,0.911,0.0324,0.021,0.395,0.1169,0.0358,0.186
4200317048,2015,2636,27,0.006,1026,46,0.027,44.7,2.3,0.031,0.209,0.0339,0.099,0.206,0.0303,0.09,0.9385,0.0256,0.017,0.0303,0.0224,0.448,0.0102,0.0102,0.608,0.0064,0.0091,0.858,57451,5710,0.06,28639,2097,0.045,0.0756,0.0387,0.312,0.0484,0.0279,0.351,0.6622,0.0317,0.029,0.2663,0.0437,0.1,1098,55,0.03,0.0656,0.0399,0.37,1960,4,0.001,0.8497,0.0281,0.02,0.0291,0.0192,0.401,0.0337,0.0262,0.472,0.0,0.0129,,0.1481,0.0424,0.174,152,44,0.176,874,51,0.035,0.125,0.0414,0.201,850,68,0.049,124500,10222,0.05,0.3882,0.1904,0.298,0.2697,0.1522,0.343,0.214,0.0566,0.161,0.8535,0.0318,0.023,0.0178,0.0133,0.454,0.003,0.0045,0.911,0.0,0.0074,,0.0349,0.02,0.347,0.0565,0.0289,0.31
4200319576,2015,8555,33,0.002,3936,121,0.019,35.6,1.4,0.024,0.1591,0.0225,0.086,0.1164,0.0165,0.086,0.9309,0.0184,0.012,0.0081,0.0061,0.458,0.0126,0.0085,0.411,0.0296,0.0167,0.344,55975,3624,0.039,30541,1541,0.031,0.0656,0.0173,0.16,0.0482,0.0124,0.156,0.7383,0.028,0.023,0.4272,0.0419,0.06,4226,137,0.02,0.0686,0.0257,0.228,1939,,,0.5717,0.0344,0.037,0.2179,0.0358,0.1,0.138,0.0294,0.13,0.013,0.0077,0.359,0.4332,0.0333,0.047,1705,141,0.05,2231,126,0.034,0.3462,0.0295,0.052,797,50,0.038,113600,5354,0.029,0.346,0.0644,0.113,0.1443,0.0393,0.166,0.2636,0.0431,0.099,0.6372,0.0419,0.04,0.1963,0.0364,0.113,0.0369,0.0138,0.228,0.0,0.0028,,0.0327,0.0114,0.213,0.1489,0.0282,0.115
4200319856,2015,1864,154,0.05,885,51,0.035,50.4,2.6,0.031,0.1663,0.043,0.157,0.2436,0.0344,0.086,0.9555,0.0518,0.033,0.0209,0.0203,0.59,0.0,0.0054,,0.0134,0.0204,0.923,42594,3323,0.047,26206,2748,0.064,0.1234,0.0516,0.254,0.0589,0.03,0.309,0.6118,0.0413,0.041,0.1706,0.0539,0.192,986,32,0.02,0.1024,0.0435,0.258,1943,2,0.001,0.6897,0.0466,0.041,0.0619,0.0346,0.34,0.1988,0.0437,0.134,0.0,0.0143,,0.3367,0.065,0.117,298,60,0.122,587,55,0.057,0.2602,0.0561,0.131,470,33,0.043,61400,4766,0.047,0.3893,0.1323,0.207,0.2584,0.1237,0.291,0.201,0.075,0.227,0.7911,0.0717,0.055,0.0563,0.033,0.357,0.0152,0.0162,0.648,0.0,0.0108,,0.0097,0.0151,0.943,0.1401,0.0465,0.202
4200320432,2015,5556,29,0.003,2311,172,0.045,34.3,4.3,0.076,0.306,0.0422,0.084,0.1361,0.0227,0.101,0.3108,0.0468,0.091,0.5472,0.0575,0.064,0.004,0.0045,0.691,0.0225,0.0133,0.36,19776,2782,0.086,18715,8549,0.278,0.4018,0.0769,0.116,0.239,0.0612,0.156,0.5575,0.0366,0.04,0.1272,0.0375,0.179,2988,225,0.046,0.2266,0.0378,0.101,1941,3,0.001,0.6422,0.0515,0.049,0.0756,0.0281,0.226,0.1409,0.0395,0.171,0.0532,0.019,0.218,0.5617,0.0497,0.054,1298,150,0.07,1013,119,0.071,0.5558,0.0647,0.071,592,126,0.129,38600,4727,0.074,0.6425,0.0953,0.09,0.3482,0.0611,0.107,0.2458,0.0666,0.165,0.6001,0.0595,0.06,0.1984,0.0645,0.198,0.0361,0.0254,0.428,0.0,0.0086,,0.0361,0.0186,0.313,0.3778,0.0497,0.08
4200321024,2015,1392,91,0.04,651,37,0.035,41.8,4.3,0.063,0.1918,0.0369,0.117,0.1272,0.0278,0.133,0.931,0.0276,0.018,0.0266,0.0236,0.541,0.0,0.0072,,0.0151,0.0115,0.461,46080,5079,0.067,27086,2820,0.063,0.1067,0.0428,0.244,0.0929,0.0363,0.237,0.7566,0.0417,0.034,0.1863,0.0458,0.149,777,31,0.024,0.1622,0.0407,0.152,1944,4,0.001,0.6705,0.0394,0.036,0.1351,0.0453,0.204,0.009,0.0191,1.291,0.0257,0.0218,0.515,0.3088,0.0605,0.119,201,41,0.124,450,37,0.05,0.2937,0.0627,0.13,766,43,0.034,67500,6059,0.055,0.4328,0.1454,0.204,0.2438,0.1086,0.271,0.1689,0.0707,0.255,0.8427,0.0567,0.041,0.026,0.0194,0.453,0.013,0.0143,0.667,0.0039,0.0052,0.809,0.0169,0.0142,0.512,0.0722,0.0352,0.297
4200321444,2015,2140,157,0.045,1020,67,0.04,42.3,3.2,0.046,0.2047,0.0394,0.117,0.1729,0.0274,0.096,0.8523,0.0337,0.024,0.0593,0.0272,0.279,0.0131,0.0107,0.497,0.0103,0.0093,0.551,38977,4590,0.072,22479,1999,0.054,0.1164,0.0445,0.232,0.0546,0.0261,0.291,0.6163,0.0468,0.046,0.1456,0.0539,0.225,1178,37,0.019,0.1341,0.0508,0.23,1946,6,0.002,0.7173,0.0595,0.05,0.1553,0.0531,0.208,0.0603,0.0287,0.289,0.0382,0.0257,0.41,0.4833,0.076,0.096,493,84,0.104,527,61,0.07,0.4061,0.0762,0.114,682,88,0.078,70600,4579,0.039,0.4361,0.1243,0.173,0.2312,0.1,0.263,0.2125,0.0766,0.219,0.823,0.029,0.021,0.0061,0.0101,1.01,0.0305,0.0313,0.624,0.0,0.0102,,0.1007,0.0567,0.342,0.1088,0.0457,0.255
4200321712,2015,1827,237,0.079,778,74,0.058,31.8,5.1,0.097,0.3005,0.0599,0.121,0.1188,0.0235,0.12,0.4165,0.0739,0.108,0.4756,0.1015,0.13,0.0646,0.058,0.546,0.0246,0.0255,0.63,23824,4734,0.121,15034,1778,0.072,0.2766,0.0925,0.203,0.0905,0.0603,0.405,0.6426,0.0924,0.087,0.1152,0.0463,0.244,1034,38,0.022,0.2476,0.0661,0.162,1944,5,0.002,0.4072,0.065,0.097,0.2079,0.0555,0.162,0.1006,0.0441,0.267,0.0716,0.0293,0.249,0.6941,0.0822,0.072,540,82,0.092,238,49,0.125,0.6294,0.1146,0.111,610,82,0.082,39300,5958,0.092,0.5148,0.1277,0.151,0.1981,0.0836,0.257,0.1513,0.1283,0.516,0.6163,0.0584,0.058,0.1468,0.0745,0.308,0.0803,0.0564,0.427,0.0,0.0139,,0.0083,0.011,0.803,0.2494,0.0701,0.171
4200322520,2015,3093,25,0.005,1524,96,0.038,37.7,3.2,0.052,0.1849,0.0349,0.115,0.13,0.0226,0.106,0.8002,0.0481,0.037,0.1051,0.0362,0.209,0.0356,0.0236,0.403,0.055,0.0323,0.358,66964,9148,0.083,47659,4917,0.063,0.0944,0.035,0.225,0.0394,0.0222,0.342,0.7513,0.0295,0.024,0.6823,0.0587,0.052,1607,99,0.037,0.0516,0.0303,0.357,1939,,,0.6366,0.0229,0.022,0.1058,0.0355,0.204,0.2066,0.0426,0.125,0.0261,0.0253,0.588,0.3832,0.051,0.081,584,86,0.09,940,67,0.043,0.3304,0.0546,0.1,719,27,0.023,180500,16948,0.057,0.3596,0.121,0.205,0.1387,0.0849,0.372,0.1532,0.0435,0.172,0.6617,0.0353,0.032,0.1904,0.0446,0.142,0.0083,0.0072,0.526,0.0072,0.0077,0.654,0.0734,0.0239,0.198,0.0906,0.0346,0.232
4200322576,2015,1657,69,0.025,603,29,0.029,44.9,1.6,0.022,0.2897,0.0334,0.07,0.166,0.0237,0.087,0.924,0.0292,0.019,0.003,0.0042,0.851,0.0169,0.012,0.433,0.0314,0.0181,0.35,155170,8985,0.035,93453,11197,0.073,0.0223,0.0112,0.305,0.0478,0.0229,0.291,0.6202,0.0446,0.044,0.8209,0.0589,0.044,667,22,0.02,0.096,0.0328,0.208,1941,4,0.001,0.9505,0.0205,0.013,0.033,0.0234,0.431,0.0,0.0212,,0.0,0.0212,,0.0846,0.0296,0.213,51,18,0.215,552,30,0.033,0.0797,0.0336,0.257,1138,101,0.054,478500,33682,0.043,0.2353,0.3385,0.875,0.1765,0.1859,0.64,0.1938,0.0492,0.154,0.736,0.0401,0.033,0.0315,0.0162,0.313,0.0328,0.0162,0.3,0.0164,0.015,0.555,0.1108,0.0287,0.157,0.0249,0.0164,0.4
4200322992,2015,1391,86,0.038,643,43,0.041,45.6,3.5,0.047,0.1963,0.037,0.115,0.197,0.0343,0.106,0.931,0.034,0.022,0.0101,0.0079,0.476,0.0,0.0072,,0.0237,0.0172,0.441,37356,4559,0.074,22849,2104,0.056,0.1848,0.0585,0.192,0.1081,0.0475,0.267,0.6061,0.0554,0.056,0.149,0.0434,0.177,724,22,0.018,0.1119,0.0441,0.239,1939,,,0.6091,0.0665,0.066,0.203,0.0603,0.18,0.0387,0.0271,0.426,0.076,0.0358,0.287,0.4417,0.0753,0.104,284,52,0.111,359,43,0.073,0.3674,0.069,0.114,597,74,0.075,81900,2434,0.018,0.412,0.1282,0.189,0.2148,0.098,0.277,0.2368,0.095,0.244,0.7896,0.0831,0.064,0.0261,0.0193,0.448,0.0392,0.0205,0.319,0.0,0.0163,,0.0196,0.0144,0.448,0.1928,0.0529,0.167
4200323000,2015,13297,37,0.002,5488,184,0.02,47.0,1.5,0.019,0.1827,0.0219,0.073,0.2231,0.0253,0.069,0.9743,0.011,0.007,0.0063,0.0061,0.586,0.0026,0.0027,0.644,0.0068,0.0047,0.414,59795,3680,0.037,29281,1386,0.029,0.0795,0.0253,0.193,0.0802,0.0272,0.206,0.6017,0.0211,0.021,0.2521,0.0299,0.072,5989,200,0.02,0.0837,0.0251,0.182,1959,2,0.001,0.8721,0.0232,0.016,0.0053,0.0059,0.669,0.0394,0.0143,0.221,0.0362,0.0185,0.311,0.1593,0.0281,0.107,874,157,0.109,4614,193,0.025,0.1284,0.0283,0.134,736,53,0.044,118500,5396,0.028,0.3776,0.1445,0.233,0.2609,0.118,0.275,0.189,0.0393,0.126,0.8609,0.0242,0.017,0.013,0.0082,0.386,0.0121,0.0078,0.388,0.0036,0.0053,0.911,0.033,0.0168,0.308,0.0503,0.0203,0.246
4200323616,2015,2429,150,0.038,1114,58,0.032,37.6,3.2,0.052,0.1947,0.0334,0.104,0.1309,0.0241,0.112,0.9317,0.0789,0.051,0.0313,0.0308,0.599,0.0029,0.0037,0.781,0.0099,0.009,0.556,52200,7395,0.086,30119,3563,0.072,0.0495,0.0271,0.332,0.0644,0.021,0.198,0.7409,0.0213,0.017,0.3282,0.0501,0.093,1171,37,0.019,0.0487,0.0384,0.48,1946,6,0.002,0.6132,0.0474,0.047,0.0931,0.0386,0.252,0.1281,0.0415,0.197,0.1264,0.0437,0.21,0.3662,0.0608,0.101,408,71,0.106,706,69,0.059,0.2913,0.0586,0.122,723,30,0.025,117600,7899,0.041,0.348,0.1313,0.229,0.1765,0.1212,0.417,0.1516,0.0521,0.209,0.826,0.043,0.032,0.0406,0.0238,0.356,0.0268,0.0217,0.491,0.0029,0.0051,1.063,0.0428,0.0223,0.317,0.0431,0.0213,0.3
4200324160,2015,3432,19,0.003,1568,98,0.038,36.8,3.1,0.051,0.1903,0.0494,0.158,0.1221,0.0313,0.156,0.9438,0.0369,0.024,0.0143,0.0189,0.806,0.0,0.0029,,0.0253,0.0268,0.643,45493,4320,0.058,27230,2867,0.064,0.1148,0.0439,0.232,0.0414,0.0237,0.348,0.7141,0.0454,0.039,0.201,0.0574,0.173,1704,126,0.045,0.0798,0.0478,0.364,1939,,,0.6555,0.0435,0.04,0.179,0.0626,0.213,0.0317,0.0174,0.334,0.0194,0.0131,0.412,0.3999,0.0757,0.115,627,125,0.121,941,106,0.068,0.3207,0.0712,0.135,692,114,0.1,81700,4110,0.031,0.3923,0.1167,0.181,0.1754,0.0608,0.211,0.254,0.0999,0.239,0.7931,0.0357,0.027,0.0652,0.0283,0.263,0.0364,0.0307,0.511,0.0,0.0051,,0.0364,0.0301,0.503,0.095,0.0366,0.234
4200325400,2015,2338,108,0.028,1017,36,0.022,50.7,2.2,0.026,0.1574,0.0447,0.173,0.231,0.0332,0.087,0.9701,0.0192,0.012,0.0064,0.0103,0.972,0.0056,0.0064,0.701,0.018,0.0184,0.622,55893,6057,0.066,30619,3175,0.063,0.0576,0.0295,0.312,0.082,0.0325,0.241,0.6112,0.056,0.056,0.1678,0.045,0.163,1056,30,0.017,0.0369,0.0293,0.483,1953,3,0.001,0.9176,0.0451,0.03,0.0237,0.0264,0.677,0.0,0.0134,,0.0,0.0134,,0.174,0.0656,0.229,177,67,0.23,840,70,0.051,0.1689,0.062,0.223,666,84,0.077,117800,8501,0.044,0.2768,0.1741,0.382,0.1808,0.1612,0.542,0.2048,0.0665,0.198,0.8314,0.0712,0.052,0.0255,0.0199,0.473,0.0046,0.0064,0.848,0.0,0.0091,,0.0556,0.0304,0.332,0.0315,0.0289,0.558
4200325904,2015,5307,32,0.004,2170,118,0.033,41.9,3.8,0.055,0.2546,0.0512,0.122,0.1457,0.0336,0.14,0.9186,0.057,0.038,0.0492,0.0507,0.627,0.0,0.0026,,0.0196,0.0222,0.69,67386,11629,0.105,32263,2901,0.055,0.0565,0.0346,0.372,0.0588,0.0276,0.285,0.6896,0.0564,0.05,0.3394,0.0594,0.106,2381,140,0.036,0.0886,0.0628,0.431,1975,3,0.001,0.6879,0.0531,0.047,0.0584,0.0398,0.414,0.0424,0.0348,0.499,0.0126,0.015,0.726,0.1747,0.0587,0.204,379,129,0.207,1791,138,0.047,0.1356,0.0504,0.226,691,41,0.036,158800,9543,0.037,0.2586,0.2453,0.577,0.2111,0.2319,0.668,0.1787,0.0761,0.259,0.8909,0.048,0.033,0.0159,0.0177,0.678,0.006,0.0094,0.948,0.0,0.0053,,0.0234,0.018,0.467,0.0069,0.0124,1.091
4200326592,2015,6491,29,0.003,3205,145,0.028,48.4,2.4,0.03,0.1538,0.0278,0.11,0.2299,0.0271,0.072,0.8509,0.0479,0.034,0.1054,0.0439,0.253,0.0122,0.0088,0.439,0.0205,0.0154,0.457,64861,5122,0.048,39447,2451,0.038,0.0696,0.028,0.245,0.0465,0.023,0.3,0.6546,0.0322,0.03,0.5185,0.0534,0.063,3557,172,0.029,0.099,0.0374,0.23,1951,3,0.001,0.7728,0.0349,0.027,0.088,0.0311,0.215,0.0146,0.0098,0.408,0.0545,0.0194,0.216,0.2278,0.0386,0.103,730,128,0.107,2475,157,0.039,0.2035,0.0467,0.139,712,57,0.049,121100,7111,0.036,0.3712,0.1423,0.233,0.211,0.1219,0.351,0.1515,0.0387,0.155,0.7869,0.0362,0.028,0.0705,0.0245,0.211,0.0139,0.008,0.353,0.0029,0.0046,0.972,0.0601,0.0272,0.275,0.0877,0.0296,0.205
4200326896,2015,3356,39,0.007,1503,99,0.04,48.3,3.1,0.039,0.1576,0.0461,0.178,0.2288,0.0426,0.113,0.9559,0.0356,0.023,0.0244,0.0232,0.578,0.0,0.003,,0.0197,0.0292,0.903,40054,12514,0.19,24885,2753,0.067,0.0727,0.0563,0.471,0.1559,0.0698,0.272,0.6383,0.0498,0.047,0.1637,0.0437,0.162,1584,110,0.042,0.0511,0.0409,0.486,1960,6,0.002,0.714,0.0916,0.078,0.0322,0.0352,0.665,0.0057,0.0114,1.217,0.0,0.0089,,0.2016,0.0754,0.227,303,115,0.231,1200,165,0.084,0.2214,0.1035,0.284,711,203,0.174,81500,6836,0.051,0.3663,0.2193,0.364,0.1881,0.1669,0.539,0.1783,0.0564,0.192,0.8527,0.043,0.031,0.0105,0.0124,0.719,0.0262,0.0214,0.497,0.0,0.0065,,0.0354,0.0226,0.388,0.0546,0.0273,0.305
4200327120,2015,5413,30,0.003,1950,121,0.038,49.0,2.8,0.035,0.3026,0.0463,0.093,0.1749,0.0392,0.136,0.8964,0.0415,0.028,0.0,0.0026,,0.0523,0.0275,0.32,0.0216,0.0172,0.483,154722,27612,0.108,98977,17242,0.106,0.0445,0.0589,0.805,0.0906,0.0407,0.273,0.5894,0.0504,0.052,0.8359,0.1017,0.074,2080,162,0.047,0.0625,0.0435,0.423,1970,5,0.002,0.963,0.0337,0.021,0.0,0.0095,,0.0091,0.0159,1.058,0.0062,0.0117,1.141,0.0549,0.029,0.322,107,57,0.324,1843,138,0.046,0.0665,0.0434,0.397,,,,548100,63383,0.07,0.0,0.2617,,0.0,0.1308,,0.267,0.0861,0.196,0.8112,0.0603,0.045,0.0,0.0064,,0.0156,0.0247,0.964,0.0078,0.0119,0.928,0.0816,0.0451,0.336,0.021,0.0241,0.696
4200327552,2015,14062,19,0.001,5012,166,0.02,42.6,1.4,0.02,0.2804,0.0272,0.059,0.1368,0.0211,0.094,0.8516,0.0224,0.016,0.0123,0.0117,0.58,0.0949,0.0137,0.087,0.0105,0.0066,0.382,115278,8643,0.046,52708,3713,0.043,0.0184,0.0101,0.335,0.0408,0.0159,0.237,0.6591,0.0307,0.028,0.682,0.0506,0.045,5185,173,0.02,0.0334,0.0204,0.372,1983,2,0.001,0.8748,0.0195,0.014,0.0037,0.0056,0.923,0.0079,0.0079,0.608,0.0087,0.0096,0.669,0.0487,0.0219,0.273,244,110,0.274,4768,172,0.022,0.0398,0.0196,0.299,1389,229,0.1,298200,14879,0.03,0.3238,0.1857,0.349,0.2049,0.1501,0.445,0.1909,0.0432,0.138,0.8156,0.0332,0.025,0.0118,0.0089,0.459,0.009,0.0071,0.475,0.0,0.0024,,0.0759,0.021,0.168,0.0206,0.0121,0.358
4200327608,2015,1103,88,0.048,485,37,0.046,48.4,2.6,0.033,0.1786,0.0405,0.138,0.1868,0.0282,0.092,0.9891,0.0241,0.015,0.0,0.0091,,0.0063,0.0063,0.606,0.0,0.0091,,51125,7434,0.088,29003,4572,0.096,0.1034,0.0651,0.383,0.0664,0.0404,0.37,0.6292,0.0387,0.037,0.1295,0.0396,0.186,547,30,0.033,0.1133,0.0434,0.233,1957,2,0.001,0.8684,0.0555,0.039,0.0128,0.0314,1.494,0.0,0.0259,,0.0,0.0259,,0.1031,0.0426,0.251,50,21,0.255,435,35,0.049,0.0979,0.0492,0.306,829,189,0.139,110300,13163,0.073,0.56,0.3681,0.4,0.2,0.2461,0.748,0.2437,0.0655,0.163,0.9084,0.1367,0.091,0.0128,0.0127,0.604,0.0,0.0183,,0.0,0.0183,,0.0055,0.0073,0.808,0.068,0.0375,0.335
4200329432,2015,4454,23,0.003,1989,90,0.028,41.7,3.9,0.057,0.1967,0.0326,0.101,0.1715,0.028,0.099,0.9416,0.0292,0.019,0.0236,0.0222,0.573,0.0103,0.0121,0.714,0.0063,0.0074,0.716,31681,4069,0.078,19309,1542,0.049,0.1584,0.0466,0.179,0.1303,0.0555,0.259,0.5954,0.0475,0.048,0.1459,0.0434,0.181,2318,121,0.032,0.1419,0.0486,0.208,1939,,,0.7105,0.0455,0.039,0.1575,0.0556,0.215,0.0505,0.0314,0.378,0.0052,0.0067,0.791,0.3912,0.065,0.101,778,134,0.105,1211,136,0.068,0.4037,0.0721,0.109,596,65,0.066,56500,7442,0.08,0.4512,0.1112,0.15,0.1915,0.0796,0.253,0.204,0.0567,0.169,0.7786,0.0596,0.047,0.0277,0.0265,0.582,0.0792,0.0413,0.317,0.0,0.0054,,0.0293,0.0227,0.47,0.173,0.0474,0.167
4200329592,2015,197,35,0.108,74,17,0.14,34.5,6.2,0.109,0.2741,0.0866,0.192,0.1472,0.0772,0.319,0.9442,0.2371,0.153,0.0,0.0508,,0.0,0.0508,,0.0254,0.0301,0.721,71667,13982,0.119,29872,5665,0.115,0.0609,0.0557,0.556,0.0901,0.0607,0.41,0.7551,0.0507,0.041,0.2273,0.1181,0.316,82,17,0.126,0.0976,0.1079,0.672,1939,,,0.939,0.0132,0.009,0.0244,0.1272,3.171,0.0,0.1725,,0.0,0.1725,,0.2297,0.0785,0.208,17,7,0.25,57,15,0.16,0.198,0.0898,0.276,825,331,0.244,131300,26376,0.122,0.2353,1.0412,2.69,0.2353,0.2144,0.554,0.1754,0.3659,1.268,0.7449,0.0891,0.073,0.0408,0.0401,0.598,0.0204,0.0304,0.905,0.0,0.102,,0.0408,0.0401,0.598,0.0541,0.145,1.631
4200329732,2015,582,78,0.081,220,25,0.069,44.8,4.0,0.054,0.2509,0.0558,0.135,0.1838,0.0304,0.101,0.9399,0.1683,0.109,0.0086,0.012,0.847,0.0,0.0172,,0.012,0.0171,0.865,123125,30372,0.15,67281,12276,0.111,0.0556,0.0472,0.516,0.0147,0.0219,0.906,0.6096,0.0649,0.065,0.6963,0.0876,0.076,233,24,0.063,0.0558,0.0512,0.558,1939,,,0.9657,0.0268,0.017,0.0,0.0607,,0.0,0.0607,,0.0,0.0607,,0.0318,0.027,0.516,7,6,0.521,213,26,0.074,0.0123,0.0104,0.514,,,,412500,41272,0.061,0.0,2.8571,,0.0,1.4286,,0.2582,0.1009,0.238,0.6958,0.123,0.107,0.019,0.0187,0.598,0.038,0.0257,0.411,0.0,0.038,,0.1445,0.0634,0.267,0.0136,0.0489,2.181
4200331256,2015,4653,18,0.002,2049,78,0.023,47.4,1.5,0.019,0.1657,0.0307,0.112,0.2059,0.032,0.094,0.9345,0.0357,0.023,0.0142,0.0112,0.479,0.0438,0.0314,0.435,0.0054,0.0088,0.997,66078,9449,0.087,39683,3151,0.048,0.0463,0.0338,0.444,0.0414,0.0182,0.267,0.6862,0.0279,0.025,0.424,0.0487,0.07,2197,99,0.027,0.0674,0.0367,0.332,1958,2,0.001,0.9581,0.0595,0.038,0.0,0.0064,,0.0255,0.023,0.549,0.0127,0.0205,0.979,0.0625,0.0321,0.313,128,66,0.313,1921,98,0.031,0.051,0.0256,0.305,889,527,0.36,159500,6206,0.024,0.0,0.1562,,0.0,0.0781,,0.2145,0.0563,0.16,0.7611,0.0542,0.043,0.0573,0.0241,0.256,0.0039,0.0059,0.911,0.0,0.0039,,0.0549,0.0297,0.329,0.0264,0.0159,0.367
4200332328,2015,18476,20,0.001,7255,220,0.018,45.2,1.3,0.017,0.239,0.0234,0.06,0.181,0.0193,0.065,0.9409,0.0207,0.013,0.0141,0.0099,0.424,0.0318,0.0157,0.3,0.0089,0.006,0.408,83526,6039,0.044,44296,3414,0.047,0.0378,0.0194,0.312,0.0303,0.0136,0.274,0.6676,0.0264,0.024,0.514,0.0397,0.047,7715,223,0.018,0.0596,0.0231,0.236,1975,3,0.001,0.787,0.0264,0.02,0.0064,0.0059,0.564,0.0529,0.0156,0.179,0.045,0.0145,0.196,0.1304,0.0213,0.099,946,157,0.101,6309,224,0.022,0.107,0.0264,0.15,1153,58,0.031,213200,12968,0.037,0.481,0.1398,0.177,0.2844,0.1005,0.215,0.252,0.0444,0.107,0.8406,0.0374,0.027,0.0254,0.0156,0.372,0.0025,0.0029,0.713,0.0,0.0017,,0.0494,0.0176,0.216,0.0477,0.0167,0.213
4200332624,2015,3025,20,0.004,1336,100,0.046,56.1,3.5,0.038,0.1382,0.0349,0.153,0.3418,0.0501,0.089,0.9574,0.0191,0.012,0.0129,0.0073,0.343,0.0129,0.0142,0.67,0.0126,0.0122,0.592,48238,4809,0.061,32523,5127,0.096,0.1061,0.0563,0.322,0.0758,0.0413,0.331,0.5292,0.046,0.053,0.2673,0.0532,0.121,1519,119,0.048,0.1205,0.0532,0.268,1959,3,0.001,0.5523,0.0581,0.064,0.0441,0.032,0.441,0.0527,0.0263,0.304,0.0,0.0093,,0.2567,0.0622,0.147,343,87,0.154,993,87,0.053,0.2439,0.0702,0.175,661,61,0.056,113800,9740,0.052,0.3178,0.1312,0.251,0.1399,0.0799,0.347,0.3031,0.0915,0.184,0.755,0.0592,0.048,0.053,0.0357,0.409,0.004,0.0072,1.092,0.0,0.008,,0.049,0.0382,0.474,0.0539,0.0349,0.394
4200332832,2015,10473,22,0.001,4418,200,0.028,43.1,2.8,0.039,0.1952,0.03,0.094,0.1702,0.0209,0.075,0.9497,0.0236,0.015,0.0163,0.0113,0.419,0.0026,0.0026,0.608,0.0049,0.0045,0.56,48506,4321,0.054,23105,1251,0.033,0.1558,0.0343,0.134,0.0982,0.0307,0.19,0.6249,0.0311,0.03,0.2188,0.0334,0.093,5100,230,0.027,0.1337,0.0378,0.172,1950,3,0.001,0.7286,0.0334,0.028,0.051,0.0205,0.244,0.0888,0.0241,0.165,0.0304,0.0121,0.243,0.3257,0.037,0.069,1439,176,0.074,2979,233,0.048,0.2994,0.0431,0.088,672,55,0.05,91500,3992,0.027,0.4121,0.0925,0.136,0.2196,0.0603,0.167,0.1558,0.0406,0.159,0.8344,0.0331,0.024,0.0029,0.0035,0.737,0.0237,0.0166,0.425,0.0,0.0033,,0.0283,0.0141,0.302,0.1152,0.0298,0.157
4200333312,2015,79,24,0.185,36,11,0.186,51.5,30.3,0.358,0.1013,0.3272,1.964,0.1392,0.3232,1.411,0.9241,0.378,0.249,0.0,0.1266,,0.0,0.1266,,0.0759,0.1373,1.099,57500,20423,0.216,27686,8107,0.178,0.1646,0.1999,0.738,0.0833,0.1219,0.889,0.6761,0.1205,0.108,0.3729,0.2397,0.391,42,11,0.159,0.1429,0.1624,0.691,1939,,,1.0,0.0,0.0,0.0,0.3367,,0.0,0.3367,,0.0,0.3367,,0.3056,0.2017,0.401,11,8,0.442,25,10,0.243,0.3418,0.2309,0.411,950,287,0.184,86300,31602,0.223,0.4545,1.3508,1.807,0.2727,0.409,0.912,0.16,0.9923,3.77,0.6818,0.0852,0.076,0.0909,0.0875,0.585,0.0,0.2273,,0.0,0.2273,,0.1136,0.156,0.835,0.0556,0.2895,3.168
4200333592,2015,1324,90,0.041,646,37,0.035,44.6,2.8,0.038,0.1465,0.0315,0.131,0.173,0.028,0.099,0.96,0.0126,0.008,0.0098,0.0083,0.513,0.0,0.0076,,0.0302,0.0195,0.393,48438,8447,0.106,26656,2194,0.05,0.0755,0.0283,0.228,0.016,0.0135,0.511,0.7099,0.0475,0.041,0.1831,0.0558,0.185,687,26,0.023,0.0597,0.0392,0.4,1944,4,0.001,0.7802,0.0535,0.042,0.0932,0.0453,0.296,0.0946,0.0301,0.193,0.0,0.0206,,0.3638,0.0745,0.125,235,50,0.129,411,37,0.055,0.281,0.077,0.167,783,86,0.067,95900,6069,0.038,0.3149,0.1089,0.21,0.2213,0.1048,0.288,0.2044,0.0808,0.24,0.7378,0.0246,0.02,0.0477,0.0221,0.282,0.0389,0.0248,0.388,0.0,0.0125,,0.0364,0.0274,0.458,0.1068,0.0447,0.254
4200335424,2015,3144,17,0.003,1454,109,0.046,41.2,6.7,0.099,0.2287,0.0572,0.152,0.1854,0.0428,0.14,0.2525,0.0547,0.132,0.701,0.059,0.051,0.0127,0.0191,0.912,0.0,0.0032,,25859,4337,0.102,17438,2318,0.081,0.2401,0.0931,0.236,0.0974,0.0548,0.342,0.5982,0.0569,0.058,0.1589,0.0482,0.185,1896,142,0.046,0.2331,0.0559,0.146,1939,,,0.5005,0.078,0.095,0.1646,0.0647,0.239,0.0939,0.0525,0.34,0.1387,0.0443,0.194,0.6176,0.086,0.085,898,142,0.096,556,111,0.121,0.5675,0.1024,0.11,675,58,0.052,42900,4299,0.061,0.4443,0.1186,0.162,0.235,0.1014,0.262,0.2914,0.1266,0.264,0.5047,0.087,0.105,0.2563,0.0856,0.203,0.1411,0.1004,0.433,0.0016,0.0039,1.517,0.0149,0.0155,0.633,0.4195,0.0897,0.13
4200336808,2015,7292,20,0.002,2652,132,0.03,45.7,1.6,0.021,0.2324,0.0272,0.071,0.171,0.0235,0.083,0.8862,0.0376,0.026,0.0159,0.01,0.383,0.0313,0.0145,0.283,0.0243,0.0355,0.89,86509,7540,0.053,46913,5464,0.071,0.0655,0.0267,0.248,0.0443,0.0156,0.214,0.6256,0.0298,0.029,0.4612,0.0464,0.061,2829,150,0.032,0.0626,0.0334,0.325,1968,5,0.002,0.859,0.0424,0.03,0.0226,0.0208,0.56,0.0194,0.0202,0.632,0.0032,0.0068,1.29,0.1814,0.0447,0.15,481,121,0.153,2171,175,0.049,0.1732,0.055,0.193,870,89,0.062,227100,14364,0.038,0.2744,0.1303,0.289,0.1996,0.1255,0.382,0.1815,0.0433,0.145,0.8242,0.0244,0.018,0.0,0.0041,,0.016,0.0154,0.585,0.0,0.0041,,0.074,0.028,0.23,0.037,0.0241,0.396
4200337000,2015,3308,23,0.004,1516,106,0.043,43.1,3.1,0.044,0.1983,0.0399,0.122,0.1515,0.0302,0.121,0.8897,0.0522,0.036,0.0544,0.0378,0.422,0.0178,0.0203,0.69,0.0118,0.0097,0.499,47222,9527,0.123,32983,8524,0.157,0.123,0.0623,0.308,0.0408,0.0281,0.418,0.6999,0.0451,0.039,0.2689,0.0585,0.132,1645,101,0.037,0.0784,0.0466,0.361,1939,,,0.5939,0.0611,0.063,0.2413,0.0698,0.176,0.1106,0.0433,0.238,0.0328,0.0192,0.356,0.3602,0.0645,0.109,546,105,0.117,970,124,0.078,0.2923,0.0734,0.153,761,128,0.102,101400,7169,0.043,0.3791,0.1426,0.229,0.1996,0.0931,0.284,0.1938,0.0841,0.264,0.7489,0.0401,0.033,0.1142,0.0334,0.178,0.0408,0.0268,0.399,0.0,0.0055,,0.0044,0.0061,0.834,0.0752,0.0314,0.254
4200337955,2015,11115,31,0.002,4397,205,0.028,44.9,1.6,0.022,0.2219,0.0312,0.085,0.1834,0.0264,0.087,0.9553,0.0226,0.014,0.026,0.0205,0.48,0.0092,0.0114,0.757,0.0027,0.0027,0.608,77854,9360,0.073,39595,4232,0.065,0.0352,0.0134,0.232,0.0621,0.02,0.195,0.6522,0.024,0.022,0.4009,0.0396,0.06,4592,212,0.028,0.0425,0.0197,0.282,1977,4,0.001,0.77,0.0284,0.022,0.0137,0.0068,0.301,0.0507,0.0171,0.204,0.0157,0.0086,0.333,0.1756,0.0294,0.102,772,134,0.106,3625,205,0.034,0.1353,0.0324,0.145,913,48,0.032,189700,22747,0.073,0.2746,0.1002,0.222,0.1451,0.0722,0.302,0.181,0.0474,0.159,0.8021,0.0357,0.027,0.0346,0.0155,0.272,0.0038,0.0043,0.698,0.0,0.003,,0.0559,0.0305,0.332,0.0553,0.0209,0.23
4200339312,2015,7935,19,0.001,3367,119,0.021,49.5,2.2,0.027,0.1714,0.0246,0.087,0.2144,0.0249,0.071,0.9432,0.0332,0.021,0.0091,0.0082,0.549,0.0297,0.0309,0.631,0.0029,0.003,0.634,65262,7790,0.073,33363,2745,0.05,0.0594,0.0262,0.268,0.0541,0.0223,0.25,0.6358,0.0291,0.028,0.3089,0.0354,0.07,3553,135,0.023,0.0524,0.0238,0.277,1969,2,0.001,0.7188,0.0337,0.028,0.0422,0.0201,0.29,0.0453,0.0168,0.225,0.0388,0.0202,0.316,0.1788,0.0375,0.127,602,128,0.129,2765,184,0.04,0.163,0.0434,0.162,836,96,0.07,160900,4374,0.017,0.5731,0.141,0.15,0.2259,0.0873,0.235,0.183,0.0416,0.138,0.8243,0.0418,0.031,0.041,0.0176,0.261,0.0,0.0035,,0.0,0.0035,,0.0324,0.0217,0.407,0.0624,0.0195,0.19
4200339624,2015,701,87,0.075,292,33,0.069,44.2,3.7,0.051,0.2382,0.049,0.125,0.1912,0.0331,0.105,0.9444,0.0249,0.016,0.0285,0.024,0.511,0.01,0.0113,0.691,0.0057,0.0085,0.909,61364,14048,0.139,35327,4610,0.079,0.0532,0.0329,0.376,0.0249,0.0162,0.396,0.6441,0.0465,0.044,0.4788,0.0741,0.094,318,36,0.069,0.0818,0.059,0.439,1954,2,0.001,0.9906,0.0155,0.01,0.0,0.0445,,0.0,0.0445,,0.0094,0.0339,2.181,0.0822,0.047,0.348,24,14,0.355,268,34,0.077,0.0613,0.0304,0.302,775,432,0.339,174400,19265,0.067,0.375,0.8265,1.34,0.375,0.4028,0.653,0.2313,0.0986,0.259,0.6895,0.0555,0.049,0.0427,0.0308,0.438,0.0142,0.0227,0.969,0.0,0.0285,,0.0513,0.0392,0.465,0.0377,0.0243,0.393
4200342368,2015,1632,94,0.035,598,40,0.041,42.6,2.0,0.029,0.277,0.036,0.079,0.1385,0.0233,0.102,0.924,0.0265,0.017,0.0129,0.0128,0.607,0.0368,0.0238,0.394,0.011,0.0122,0.675,74107,12863,0.106,39162,5335,0.083,0.0179,0.0097,0.33,0.0227,0.0142,0.381,0.6794,0.0383,0.034,0.4858,0.06,0.075,654,20,0.019,0.0856,0.0473,0.336,1963,2,0.001,0.9541,0.0134,0.009,0.0382,0.0205,0.327,0.0076,0.0178,1.418,0.0,0.0216,,0.1087,0.0395,0.221,65,24,0.224,533,39,0.044,0.0839,0.0334,0.242,900,77,0.052,197300,17765,0.055,0.3231,0.2234,0.42,0.0462,0.075,0.988,0.1689,0.0613,0.221,0.8648,0.0992,0.07,0.0124,0.0111,0.545,0.0174,0.0123,0.431,0.0,0.0124,,0.0372,0.0246,0.402,0.0251,0.0166,0.403
4200342392,2015,1281,100,0.047,547,44,0.049,41.6,4.1,0.06,0.2272,0.0446,0.119,0.1874,0.0304,0.099,0.7845,0.0484,0.038,0.0484,0.0271,0.34,0.0148,0.0148,0.606,0.1062,0.0902,0.516,45625,7985,0.106,25252,3975,0.096,0.1483,0.1021,0.418,0.0815,0.0416,0.31,0.6146,0.0377,0.037,0.333,0.0754,0.138,633,27,0.026,0.1359,0.0518,0.232,1939,,,0.5735,0.0548,0.058,0.0585,0.0275,0.286,0.0284,0.0299,0.64,0.1295,0.0422,0.198,0.415,0.0651,0.095,227,40,0.107,320,40,0.076,0.292,0.0565,0.118,695,176,0.154,78600,8675,0.067,0.304,0.0826,0.165,0.1454,0.0609,0.255,0.2531,0.0871,0.209,0.814,0.0584,0.044,0.058,0.0387,0.406,0.0358,0.0218,0.37,0.0068,0.0085,0.757,0.0239,0.0169,0.429,0.1828,0.0587,0.195
4200343064,2015,2537,23,0.006,1068,52,0.03,45.4,1.3,0.017,0.1679,0.032,0.116,0.2054,0.0324,0.096,0.9393,0.0336,0.022,0.026,0.0303,0.709,0.0114,0.013,0.692,0.0083,0.0059,0.434,51607,4145,0.049,25401,1858,0.044,0.0908,0.0329,0.22,0.094,0.0412,0.266,0.6364,0.0356,0.034,0.1573,0.0368,0.142,1148,47,0.025,0.0697,0.0339,0.295,1954,2,0.001,0.9425,0.0298,0.019,0.0218,0.0129,0.361,0.0209,0.0171,0.498,0.0,0.0123,,0.1358,0.0388,0.174,145,42,0.176,923,58,0.038,0.1321,0.0455,0.209,755,131,0.105,75000,2866,0.023,0.3172,0.185,0.354,0.069,0.066,0.582,0.1365,0.0399,0.178,0.841,0.0322,0.023,0.0361,0.0286,0.481,0.0008,0.0025,1.823,0.0041,0.0066,0.972,0.0041,0.0049,0.728,0.0674,0.0373,0.336
4200343408,2015,1021,64,0.038,436,24,0.033,48.6,2.0,0.025,0.1645,0.0324,0.12,0.2165,0.0339,0.095,0.9412,0.0239,0.015,0.0088,0.0117,0.81,0.0,0.0098,,0.0421,0.0342,0.493,48393,7563,0.095,26828,2682,0.061,0.0921,0.0327,0.216,0.0609,0.0275,0.275,0.5733,0.057,0.06,0.1389,0.04,0.175,483,13,0.016,0.0973,0.0413,0.258,1953,2,0.001,0.9275,0.0453,0.03,0.0062,0.0223,2.182,0.0,0.0293,,0.0,0.0293,,0.1101,0.0478,0.264,48,21,0.266,388,27,0.042,0.0757,0.0315,0.253,752,458,0.37,83500,4400,0.032,0.2083,0.3267,0.953,0.0625,0.0787,0.766,0.1521,0.0722,0.289,0.8671,0.064,0.045,0.0131,0.0152,0.705,0.0109,0.013,0.725,0.0,0.0218,,0.024,0.0172,0.435,0.0505,0.034,0.409
4200345900,2015,28851,35,0.001,11735,297,0.015,44.0,1.6,0.022,0.1993,0.0173,0.053,0.1884,0.0136,0.044,0.8821,0.021,0.014,0.0249,0.0136,0.333,0.0693,0.0154,0.135,0.0164,0.0069,0.255,77820,4541,0.035,39975,1791,0.027,0.0597,0.0125,0.128,0.045,0.0113,0.153,0.6539,0.019,0.018,0.5438,0.0286,0.032,12273,338,0.017,0.0438,0.0164,0.228,1973,1,0.0,0.6795,0.0168,0.015,0.0135,0.0054,0.243,0.1126,0.0189,0.102,0.0924,0.0178,0.117,0.2343,0.0198,0.051,2750,243,0.054,8985,352,0.024,0.1774,0.0221,0.076,951,41,0.026,214600,5881,0.017,0.4182,0.0717,0.104,0.2025,0.0496,0.149,0.1782,0.0256,0.088,0.8039,0.0223,0.017,0.0194,0.0071,0.224,0.0132,0.0046,0.213,0.0006,0.001,1.013,0.049,0.0109,0.135,0.0567,0.0138,0.148
4200346072,2015,538,138,0.156,205,48,0.142,42.1,8.8,0.127,0.2621,0.083,0.192,0.1803,0.0657,0.221,0.9888,0.0226,0.014,0.0,0.0186,,0.0,0.0186,,0.0,0.0186,,51534,13112,0.155,20817,3314,0.097,0.0948,0.1058,0.679,0.0609,0.0977,0.975,0.5637,0.1439,0.155,0.0729,0.0909,0.758,221,52,0.143,0.0724,0.1164,0.977,1939,,,0.9276,0.3079,0.202,0.0,0.064,,0.0,0.064,,0.0,0.064,,0.0293,0.0483,1.003,6,10,1.013,199,48,0.147,0.0539,0.0881,0.994,,,,108200,9213,0.052,1.0,2.8868,1.755,1.0,0.0,0.0,0.2613,0.1667,0.388,0.96,0.1259,0.08,0.0,0.05,,0.0,0.05,,0.0,0.05,,0.0,0.05,,0.0829,0.09,0.66
4200346256,2015,19637,41,0.001,8653,273,0.019,41.9,2.0,0.029,0.2072,0.0214,0.063,0.1829,0.0154,0.051,0.596,0.0307,0.031,0.3033,0.0263,0.053,0.0046,0.0033,0.439,0.0373,0.0141,0.23,25697,1811,0.043,17831,885,0.03,0.3397,0.0402,0.072,0.1494,0.0206,0.084,0.5592,0.0232,0.025,0.126,0.0197,0.095,10869,341,0.019,0.2039,0.0253,0.076,1939,,,0.6738,0.0238,0.021,0.0828,0.0159,0.117,0.0666,0.0156,0.142,0.0915,0.0137,0.091,0.4754,0.0306,0.039,4114,295,0.044,4539,253,0.034,0.4519,0.0372,0.05,566,41,0.044,47100,2588,0.033,0.5338,0.0597,0.068,0.2455,0.0411,0.102,0.2144,0.034,0.096,0.7044,0.0295,0.025,0.1095,0.0232,0.129,0.0554,0.0217,0.238,0.0025,0.0028,0.671,0.0154,0.007,0.278,0.2953,0.0282,0.058
4200346264,2015,6075,36,0.004,2737,155,0.034,37.5,2.3,0.037,0.2153,0.047,0.133,0.1347,0.0236,0.107,0.6713,0.0557,0.05,0.2742,0.048,0.106,0.0,0.0023,,0.017,0.0189,0.679,28972,2590,0.054,21019,4504,0.13,0.2188,0.0459,0.127,0.1002,0.0343,0.208,0.6638,0.0422,0.039,0.1206,0.0286,0.144,3339,195,0.036,0.1803,0.0375,0.126,1939,,,0.4921,0.0413,0.051,0.201,0.0484,0.146,0.1312,0.0326,0.151,0.0479,0.0166,0.211,0.6091,0.0534,0.053,1667,174,0.063,1070,123,0.07,0.5417,0.058,0.065,612,38,0.038,46300,4720,0.062,0.5075,0.109,0.131,0.2591,0.0719,0.169,0.1533,0.0568,0.225,0.6063,0.0701,0.07,0.1468,0.0429,0.178,0.0971,0.0416,0.261,0.0,0.0048,,0.0161,0.0112,0.423,0.3186,0.0552,0.105
4200347696,2015,7571,22,0.002,2637,149,0.034,41.5,1.9,0.028,0.3031,0.0385,0.077,0.0999,0.0234,0.142,0.8571,0.0276,0.02,0.0143,0.0155,0.659,0.1112,0.0255,0.139,0.0081,0.0081,0.608,119776,22959,0.117,55639,6242,0.068,0.03,0.0236,0.479,0.0556,0.0227,0.248,0.6864,0.0387,0.034,0.7334,0.0861,0.071,2788,171,0.037,0.0542,0.0397,0.445,1990,3,0.001,0.826,0.0299,0.022,0.0473,0.0377,0.484,0.0165,0.0133,0.49,0.0057,0.0106,1.121,0.1236,0.0545,0.268,326,145,0.27,2311,183,0.048,0.0958,0.0477,0.303,1718,458,0.162,295900,22979,0.047,0.3742,0.3019,0.49,0.3282,0.2974,0.551,0.1173,0.0472,0.245,0.7989,0.0493,0.038,0.004,0.0066,0.998,0.0,0.004,,0.0185,0.0228,0.747,0.0793,0.037,0.283,0.0315,0.0171,0.329
4200349920,2015,3721,20,0.003,1883,133,0.043,40.7,1.4,0.021,0.1879,0.0374,0.121,0.1328,0.036,0.165,0.9395,0.0359,0.023,0.0333,0.029,0.529,0.0035,0.0056,0.982,0.0054,0.0062,0.699,30388,8736,0.175,21440,2607,0.074,0.2615,0.0834,0.194,0.0584,0.0311,0.324,0.6902,0.0527,0.046,0.1661,0.0514,0.188,2253,160,0.043,0.1642,0.0547,0.202,1939,,,0.443,0.0656,0.09,0.2534,0.0582,0.14,0.0737,0.0437,0.361,0.0901,0.0456,0.308,0.5746,0.0753,0.08,1082,161,0.09,801,103,0.078,0.4658,0.0735,0.096,634,64,0.061,65700,9599,0.089,0.4991,0.1312,0.16,0.1913,0.0801,0.255,0.1748,0.0714,0.248,0.7313,0.0488,0.041,0.0708,0.0315,0.271,0.0544,0.024,0.268,0.0056,0.0082,0.882,0.0215,0.0194,0.547,0.2225,0.0615,0.168
4200350528,2015,28346,29,0.001,12500,287,0.014,45.0,1.3,0.018,0.1767,0.0155,0.053,0.2145,0.0146,0.041,0.7678,0.021,0.017,0.1306,0.0152,0.071,0.0552,0.0103,0.113,0.0141,0.0061,0.261,58778,3349,0.035,32679,1430,0.027,0.0808,0.0181,0.136,0.0518,0.0113,0.132,0.6264,0.0207,0.02,0.3845,0.0213,0.034,13520,303,0.014,0.0754,0.0168,0.135,1966,1,0.0,0.668,0.0184,0.017,0.0129,0.0058,0.273,0.1116,0.0197,0.107,0.1439,0.0177,0.075,0.3482,0.0225,0.039,4353,299,0.042,8147,275,0.021,0.2711,0.0214,0.048,889,36,0.025,132400,4275,0.02,0.417,0.0675,0.098,0.2224,0.052,0.142,0.1852,0.0269,0.088,0.765,0.0305,0.024,0.0407,0.0128,0.191,0.0217,0.0104,0.291,0.0007,0.001,0.945,0.0492,0.0135,0.167,0.0772,0.0176,0.138
4200350784,2015,25248,27,0.001,9773,286,0.018,39.1,1.4,0.022,0.1997,0.0189,0.058,0.1288,0.0119,0.056,0.8757,0.0243,0.017,0.0412,0.0151,0.223,0.0362,0.0089,0.149,0.0312,0.0182,0.354,72921,3284,0.027,38191,2048,0.033,0.0759,0.0214,0.172,0.0593,0.0139,0.142,0.7104,0.0186,0.016,0.4757,0.0308,0.039,10376,299,0.018,0.0581,0.0216,0.226,1974,1,0.0,0.6512,0.0189,0.018,0.0369,0.0122,0.2,0.1807,0.0239,0.08,0.0395,0.013,0.199,0.2783,0.0233,0.051,2720,241,0.054,7053,285,0.025,0.2256,0.0253,0.068,898,39,0.026,187500,6796,0.022,0.3699,0.0819,0.135,0.1691,0.0554,0.199,0.1557,0.0268,0.104,0.7922,0.023,0.018,0.0332,0.0159,0.292,0.0262,0.0077,0.179,0.0,0.0013,,0.0414,0.0113,0.165,0.0387,0.0144,0.227
4200351696,2015,33020,25,0.0,14024,299,0.013,44.4,1.0,0.014,0.2355,0.0156,0.04,0.1963,0.0137,0.043,0.9079,0.0154,0.01,0.0108,0.0049,0.278,0.0426,0.0111,0.159,0.0227,0.0082,0.221,81274,5432,0.041,49779,4117,0.05,0.0637,0.0132,0.126,0.0397,0.0094,0.143,0.6327,0.014,0.013,0.6535,0.0271,0.025,14702,343,0.014,0.0461,0.0139,0.183,1951,2,0.001,0.673,0.0162,0.015,0.0414,0.0096,0.141,0.0891,0.0147,0.1,0.1454,0.0158,0.066,0.2731,0.0215,0.048,3830,313,0.05,10194,313,0.019,0.1871,0.0194,0.063,835,41,0.03,225100,7006,0.019,0.4632,0.0579,0.076,0.2663,0.0489,0.112,0.2048,0.0264,0.078,0.7077,0.0273,0.023,0.1038,0.0144,0.084,0.0314,0.0096,0.186,0.0033,0.0026,0.479,0.0687,0.0136,0.12,0.0964,0.0166,0.105
4200351744,2015,3399,52,0.009,1465,128,0.053,29.9,1.2,0.024,0.2471,0.0526,0.129,0.0939,0.029,0.188,0.5805,0.0706,0.074,0.3239,0.0902,0.169,0.0371,0.0294,0.482,0.0174,0.0247,0.865,28155,9643,0.208,18466,5339,0.176,0.3661,0.115,0.191,0.2094,0.0754,0.219,0.5888,0.0646,0.067,0.1169,0.041,0.213,1783,159,0.054,0.1784,0.0608,0.207,1939,,,0.5698,0.0712,0.076,0.2709,0.0739,0.166,0.0729,0.0388,0.323,0.0196,0.0214,0.663,0.5952,0.0874,0.089,872,149,0.104,593,104,0.107,0.5934,0.0816,0.084,694,66,0.058,49400,4817,0.059,0.6101,0.1233,0.123,0.4564,0.1203,0.16,0.1821,0.0964,0.322,0.5627,0.076,0.082,0.2731,0.0807,0.18,0.0503,0.0405,0.489,0.0,0.0083,,0.0091,0.0148,0.99,0.3713,0.0777,0.127
4200352320,2015,11351,22,0.001,5096,268,0.032,41.9,1.3,0.019,0.1949,0.0268,0.084,0.1821,0.0233,0.078,0.8688,0.0326,0.023,0.0884,0.0366,0.252,0.0008,0.0014,1.081,0.0161,0.0128,0.482,47756,6657,0.085,27222,1579,0.035,0.0869,0.0274,0.192,0.068,0.0263,0.235,0.6712,0.0311,0.028,0.2316,0.0387,0.102,5680,296,0.032,0.1028,0.0294,0.174,1948,3,0.001,0.6533,0.0265,0.025,0.1162,0.0375,0.196,0.1004,0.03,0.182,0.0585,0.0134,0.139,0.3646,0.0445,0.074,1858,247,0.081,3238,261,0.049,0.3377,0.0506,0.091,671,30,0.027,78900,3195,0.025,0.3461,0.0807,0.142,0.1173,0.047,0.243,0.2078,0.0542,0.158,0.7172,0.0387,0.033,0.086,0.0312,0.22,0.0274,0.0132,0.294,0.0,0.0028,,0.0413,0.019,0.279,0.1644,0.0354,0.131
4200353136,2015,1097,74,0.041,581,31,0.032,48.2,2.1,0.026,0.1322,0.0341,0.157,0.2097,0.0367,0.106,0.9198,0.0417,0.028,0.0191,0.0164,0.519,0.0055,0.0055,0.607,0.0346,0.0355,0.623,41875,5373,0.078,28924,3484,0.073,0.1677,0.0688,0.25,0.0849,0.0529,0.378,0.6982,0.0587,0.051,0.1578,0.0444,0.171,614,24,0.024,0.0537,0.0374,0.423,1947,2,0.001,0.6156,0.0535,0.053,0.3274,0.0615,0.114,0.0195,0.0294,0.913,0.0049,0.0175,2.182,0.4888,0.06,0.075,284,38,0.081,297,36,0.074,0.4758,0.0725,0.093,682,60,0.053,83900,4329,0.031,0.3592,0.1205,0.204,0.2042,0.0911,0.271,0.266,0.0843,0.193,0.7557,0.0755,0.061,0.0426,0.0308,0.439,0.0279,0.0178,0.387,0.0,0.0164,,0.0213,0.0146,0.415,0.1205,0.0496,0.25
4200354816,2015,4829,23,0.003,2231,113,0.031,38.4,3.8,0.06,0.2568,0.0384,0.091,0.1684,0.0264,0.095,0.4947,0.0451,0.055,0.3889,0.0499,0.078,0.0056,0.0058,0.63,0.0147,0.0106,0.437,29008,4030,0.084,17366,1971,0.069,0.3074,0.0673,0.133,0.1268,0.0381,0.183,0.6197,0.0434,0.043,0.1141,0.0321,0.171,2888,142,0.03,0.2275,0.0397,0.106,1941,2,0.001,0.6105,0.0466,0.046,0.1489,0.039,0.159,0.0554,0.0223,0.244,0.0803,0.029,0.22,0.5052,0.0568,0.068,1127,139,0.075,1104,141,0.078,0.4943,0.0721,0.089,501,37,0.045,37400,5902,0.096,0.5413,0.0925,0.104,0.2866,0.0686,0.146,0.2138,0.0687,0.195,0.5952,0.0425,0.043,0.1746,0.0546,0.19,0.0061,0.0087,0.859,0.0,0.0051,,0.0822,0.0437,0.323,0.2887,0.0519,0.109
4200355016,2015,14257,50,0.002,5935,242,0.025,38.0,1.9,0.03,0.2216,0.0253,0.069,0.1107,0.0179,0.098,0.9396,0.0206,0.013,0.0087,0.0069,0.48,0.0184,0.0111,0.365,0.0155,0.0108,0.424,70804,4126,0.035,38659,4189,0.066,0.092,0.0315,0.208,0.0389,0.0143,0.223,0.7409,0.0335,0.027,0.3962,0.0383,0.059,6251,311,0.03,0.0506,0.0277,0.333,1986,3,0.001,0.5542,0.0309,0.034,0.0118,0.0098,0.505,0.108,0.0293,0.165,0.036,0.0156,0.264,0.2342,0.0421,0.109,1390,256,0.112,4545,250,0.033,0.2159,0.04,0.113,995,96,0.059,149100,11116,0.045,0.2561,0.0831,0.197,0.1317,0.0738,0.341,0.1899,0.0409,0.131,0.8392,0.0333,0.024,0.012,0.0076,0.387,0.0001,0.0003,1.215,0.0,0.002,,0.0324,0.017,0.319,0.0234,0.0153,0.396
4200355488,2015,10205,33,0.002,4555,292,0.039,44.2,2.7,0.037,0.1936,0.0388,0.122,0.1774,0.0239,0.082,0.7612,0.0502,0.04,0.2137,0.051,0.145,0.0043,0.005,0.705,0.0038,0.0042,0.67,42270,4834,0.07,24351,2472,0.062,0.1897,0.0639,0.205,0.0537,0.0227,0.257,0.6202,0.0533,0.052,0.1847,0.0339,0.112,5224,337,0.039,0.1281,0.0397,0.189,1956,2,0.001,0.709,0.0232,0.02,0.0613,0.0277,0.275,0.0888,0.0304,0.208,0.0674,0.0302,0.272,0.3021,0.043,0.087,1376,215,0.095,3179,267,0.051,0.2589,0.0545,0.128,656,66,0.061,77700,3411,0.027,0.4382,0.1339,0.186,0.2304,0.1052,0.278,0.1661,0.0431,0.158,0.7853,0.0486,0.038,0.0435,0.0217,0.304,0.0197,0.0151,0.465,0.0,0.0033,,0.0299,0.0195,0.395,0.1254,0.0327,0.158
4200355840,2015,1432,99,0.042,635,33,0.032,48.5,3.0,0.038,0.1746,0.0355,0.124,0.2297,0.0255,0.067,0.97,0.0168,0.011,0.0112,0.0125,0.683,0.0,0.007,,0.0112,0.0125,0.683,54750,4254,0.047,30281,3531,0.071,0.0824,0.0332,0.245,0.049,0.0262,0.325,0.627,0.0384,0.037,0.2133,0.0404,0.115,661,26,0.024,0.0393,0.0348,0.537,1949,6,0.002,0.8411,0.0542,0.039,0.062,0.042,0.412,0.059,0.0209,0.215,0.0,0.0214,,0.1795,0.0495,0.168,114,32,0.171,521,38,0.044,0.1627,0.0561,0.21,823,133,0.098,109900,7895,0.044,0.3333,0.2315,0.422,0.1404,0.1619,0.701,0.1497,0.0434,0.176,0.7992,0.0404,0.031,0.0295,0.0195,0.402,0.0337,0.0237,0.427,0.0,0.014,,0.0337,0.0194,0.351,0.0724,0.0322,0.27
4200356088,2015,6398,22,0.002,3095,102,0.02,49.2,2.3,0.028,0.1588,0.0228,0.087,0.2498,0.0304,0.074,0.9565,0.0148,0.009,0.0053,0.0039,0.447,0.0241,0.0144,0.363,0.0117,0.007,0.365,59893,3503,0.036,39980,3416,0.052,0.0615,0.0237,0.235,0.0396,0.0165,0.253,0.6237,0.0317,0.031,0.4645,0.043,0.056,3256,117,0.022,0.0494,0.0217,0.267,1953,3,0.001,0.5734,0.0346,0.037,0.0977,0.0228,0.142,0.1244,0.0253,0.124,0.0706,0.0187,0.161,0.3616,0.0379,0.064,1119,123,0.067,1976,125,0.038,0.2988,0.0395,0.08,838,28,0.02,173500,8718,0.031,0.3315,0.0856,0.157,0.1323,0.0544,0.25,0.2323,0.0466,0.122,0.8087,0.0248,0.019,0.0332,0.0159,0.291,0.04,0.0208,0.316,0.0,0.0043,,0.0547,0.0213,0.237,0.0465,0.0209,0.273
4200356384,2015,8505,54,0.004,3513,116,0.02,49.1,1.2,0.015,0.2136,0.0274,0.078,0.2262,0.0237,0.064,0.873,0.0287,0.02,0.0086,0.0062,0.441,0.0693,0.0235,0.206,0.0131,0.0073,0.34,89375,8216,0.056,48043,2728,0.035,0.028,0.0122,0.266,0.0435,0.0158,0.221,0.617,0.0255,0.025,0.61,0.0454,0.045,3728,152,0.025,0.0577,0.0283,0.299,1960,3,0.001,0.8611,0.0237,0.017,0.0086,0.0084,0.594,0.0097,0.0078,0.489,0.077,0.0201,0.159,0.1497,0.0295,0.12,526,105,0.121,2987,140,0.028,0.1084,0.0254,0.142,1188,559,0.286,218900,19484,0.054,0.5741,0.1636,0.173,0.3251,0.1333,0.249,0.1614,0.0395,0.149,0.8201,0.0414,0.031,0.0215,0.0099,0.281,0.0067,0.006,0.54,0.0032,0.0047,0.888,0.0645,0.0207,0.196,0.0515,0.0213,0.251
4200356392,2015,5760,18,0.002,2077,140,0.041,35.3,1.7,0.029,0.2641,0.0441,0.101,0.0911,0.0255,0.17,0.8776,0.0588,0.041,0.0561,0.055,0.597,0.0349,0.0271,0.472,0.0128,0.0128,0.608,102212,12083,0.072,42433,3649,0.052,0.0349,0.0264,0.459,0.0473,0.0234,0.301,0.7837,0.0496,0.038,0.5989,0.072,0.073,2167,159,0.045,0.0415,0.0312,0.457,1995,3,0.001,0.6751,0.0578,0.052,0.0665,0.0425,0.388,0.1218,0.0455,0.227,0.0198,0.0125,0.382,0.2927,0.0614,0.128,608,134,0.134,1469,170,0.07,0.2376,0.0638,0.163,1120,63,0.034,258100,18023,0.042,0.1924,0.1197,0.378,0.0411,0.0485,0.717,0.1613,0.0536,0.202,0.8676,0.0101,0.007,0.0083,0.0086,0.63,0.0,0.0045,,0.0,0.0045,,0.0417,0.0242,0.353,0.0135,0.0131,0.592
4200359032,2015,42239,28,0.0,18732,392,0.013,45.4,0.9,0.012,0.1865,0.0155,0.051,0.1924,0.0118,0.037,0.5765,0.0184,0.019,0.366,0.0189,0.031,0.0058,0.0031,0.33,0.0116,0.0045,0.234,48481,2455,0.031,26399,862,0.02,0.1106,0.0207,0.114,0.0842,0.0154,0.111,0.6633,0.0171,0.016,0.286,0.0195,0.041,20468,423,0.013,0.0848,0.0179,0.129,1957,1,0.0,0.8245,0.0152,0.011,0.0331,0.0097,0.177,0.0376,0.0093,0.151,0.0451,0.0085,0.114,0.2445,0.0223,0.055,4580,428,0.057,14152,480,0.021,0.215,0.0234,0.066,770,49,0.039,86600,1577,0.011,0.4961,0.0572,0.07,0.2775,0.0527,0.115,0.2323,0.0251,0.066,0.767,0.0216,0.017,0.0764,0.013,0.104,0.0184,0.0068,0.225,0.0014,0.0014,0.608,0.0355,0.009,0.155,0.1071,0.0183,0.104
4200359152,2015,743,67,0.055,489,23,0.029,36.4,4.3,0.072,0.1265,0.0489,0.235,0.1023,0.0414,0.246,0.9152,0.1145,0.076,0.0431,0.0321,0.453,0.0,0.0135,,0.0,0.0135,,53320,2630,0.03,40631,4641,0.069,0.1184,0.0956,0.491,0.0389,0.0282,0.44,0.8613,0.0323,0.023,0.5929,0.0812,0.083,510,20,0.024,0.0412,0.0333,0.492,1974,1,0.0,0.0235,0.0255,0.658,0.0314,0.0304,0.589,0.2235,0.0731,0.199,0.0314,0.0353,0.685,0.1984,0.0565,0.173,97,28,0.175,392,39,0.06,0.2073,0.0533,0.156,1041,78,0.046,104000,3236,0.019,0.2371,0.1522,0.39,0.1649,0.1029,0.379,0.1939,0.0874,0.274,0.8184,0.0511,0.038,0.0281,0.0148,0.321,0.0,0.0187,,0.0056,0.0075,0.809,0.0749,0.0484,0.393,0.0143,0.0238,1.012
4200360272,2015,12224,19,0.001,4161,167,0.024,41.5,1.1,0.016,0.2821,0.0355,0.077,0.0822,0.0205,0.152,0.9417,0.0288,0.019,0.0138,0.0187,0.82,0.0257,0.0188,0.445,0.015,0.0119,0.482,143773,18767,0.079,64174,7018,0.066,0.0167,0.012,0.436,0.0598,0.0248,0.252,0.6787,0.035,0.031,0.6989,0.0664,0.058,4296,174,0.025,0.0314,0.0284,0.549,1995,3,0.001,0.8366,0.0291,0.021,0.0037,0.0071,1.16,0.027,0.0298,0.67,0.0864,0.0363,0.256,0.1466,0.047,0.195,610,197,0.196,3551,166,0.028,0.0971,0.0301,0.189,1464,246,0.102,369100,25966,0.043,0.2066,0.1252,0.368,0.1836,0.117,0.387,0.1678,0.0517,0.187,0.8289,0.0318,0.023,0.0176,0.0127,0.437,0.0115,0.01,0.526,0.0029,0.0046,0.965,0.0744,0.0274,0.224,0.0156,0.0163,0.632
4200360712,2015,3270,22,0.004,1554,122,0.048,35.1,4.8,0.083,0.204,0.0515,0.153,0.1697,0.0382,0.137,0.7278,0.072,0.06,0.1908,0.0651,0.207,0.0177,0.0303,1.038,0.0168,0.0168,0.608,29537,7413,0.153,21615,5017,0.141,0.1841,0.0745,0.246,0.1343,0.0545,0.247,0.6351,0.0444,0.043,0.1963,0.0543,0.168,1884,151,0.049,0.1752,0.0605,0.21,1939,,,0.5387,0.0401,0.045,0.216,0.0665,0.187,0.0998,0.0476,0.29,0.0918,0.0396,0.262,0.5135,0.0919,0.109,798,156,0.119,756,115,0.092,0.4388,0.0938,0.13,546,32,0.036,59600,10742,0.11,0.5226,0.1345,0.156,0.1617,0.0832,0.313,0.2063,0.1056,0.311,0.7663,0.0765,0.061,0.0765,0.0377,0.3,0.0239,0.0188,0.478,0.0196,0.0308,0.953,0.0604,0.0302,0.304,0.177,0.0577,0.198
4200361328,2015,8284,26,0.002,3474,143,0.025,46.3,1.5,0.02,0.1941,0.0256,0.08,0.216,0.0289,0.081,0.9417,0.0248,0.016,0.0309,0.0217,0.427,0.0158,0.0113,0.436,0.0101,0.0097,0.579,63991,3910,0.037,32022,1951,0.037,0.0563,0.0215,0.232,0.0891,0.0361,0.246,0.6264,0.0264,0.026,0.3938,0.0415,0.064,3753,151,0.024,0.0743,0.0358,0.293,1957,1,0.0,0.7693,0.0305,0.024,0.0333,0.0138,0.251,0.0261,0.013,0.303,0.1695,0.0321,0.115,0.2248,0.0354,0.096,781,127,0.099,2693,141,0.032,0.1503,0.0317,0.128,859,47,0.033,150100,6471,0.026,0.5288,0.1393,0.16,0.3278,0.1036,0.192,0.1894,0.0434,0.139,0.7864,0.0321,0.025,0.0544,0.0302,0.337,0.0246,0.0198,0.49,0.0,0.0037,,0.0414,0.0203,0.298,0.1071,0.0363,0.206
4200361536,2015,27458,22,0.0,11062,218,0.012,44.1,1.0,0.014,0.2111,0.0166,0.048,0.1959,0.0152,0.047,0.943,0.014,0.009,0.0239,0.0095,0.242,0.0075,0.0079,0.643,0.0126,0.0048,0.231,67700,2797,0.025,31701,1314,0.025,0.0443,0.0133,0.183,0.0575,0.0145,0.153,0.6633,0.0194,0.018,0.3463,0.0223,0.039,11612,234,0.012,0.0474,0.0183,0.235,1972,1,0.0,0.7836,0.0161,0.013,0.0205,0.0075,0.222,0.0438,0.0137,0.19,0.0406,0.0147,0.219,0.1906,0.0231,0.074,2108,259,0.075,8954,293,0.02,0.1519,0.0217,0.087,909,50,0.033,141700,3730,0.016,0.3762,0.0828,0.134,0.1689,0.0489,0.176,0.1692,0.0249,0.089,0.8538,0.0174,0.012,0.0348,0.0098,0.172,0.0059,0.004,0.412,0.0006,0.0009,0.912,0.0334,0.0092,0.167,0.0426,0.0112,0.16
4200362320,2015,3785,30,0.005,1812,97,0.033,43.4,4.0,0.056,0.1733,0.0376,0.132,0.1982,0.0322,0.099,0.9379,0.0381,0.025,0.0116,0.0116,0.608,0.0,0.0026,,0.0069,0.0106,0.935,43966,7783,0.108,25124,2174,0.053,0.1059,0.0404,0.232,0.0716,0.033,0.28,0.619,0.046,0.045,0.119,0.0356,0.182,1996,119,0.036,0.0922,0.0397,0.262,1951,2,0.001,0.8788,0.0285,0.02,0.0326,0.0224,0.419,0.0521,0.0283,0.33,0.005,0.0094,1.146,0.2461,0.0576,0.142,446,107,0.146,1366,131,0.058,0.2114,0.0578,0.166,642,54,0.051,67100,3863,0.035,0.4641,0.1392,0.182,0.3565,0.1343,0.229,0.1318,0.0577,0.266,0.8273,0.0485,0.036,0.0398,0.0319,0.487,0.0149,0.0204,0.831,0.0,0.0055,,0.0144,0.0166,0.699,0.122,0.0433,0.216
4200363408,2015,2190,257,0.071,914,75,0.05,31.8,5.0,0.096,0.2913,0.0547,0.114,0.1146,0.0265,0.141,0.2269,0.0551,0.148,0.7192,0.0815,0.069,0.0,0.0046,,0.0333,0.0359,0.654,21429,7162,0.203,14580,2142,0.089,0.4288,0.109,0.155,0.2038,0.0725,0.216,0.6152,0.0485,0.048,0.109,0.0452,0.252,1081,37,0.021,0.1545,0.0599,0.236,1939,,,0.3839,0.0653,0.103,0.1314,0.0562,0.26,0.2072,0.071,0.208,0.0444,0.0252,0.345,0.6696,0.0667,0.061,612,79,0.078,302,63,0.127,0.6249,0.078,0.076,284,86,0.184,42100,15056,0.217,0.3529,0.1087,0.187,0.1422,0.0779,0.333,0.1755,0.1084,0.375,0.5554,0.0701,0.077,0.2191,0.1092,0.303,0.076,0.0376,0.301,0.0,0.0129,,0.0309,0.0225,0.443,0.4814,0.0802,0.101
4200364240,2015,3325,24,0.004,1420,66,0.028,45.8,2.8,0.037,0.1723,0.0355,0.125,0.188,0.026,0.084,0.9633,0.0305,0.019,0.0346,0.0313,0.55,0.0,0.003,,0.0,0.003,,57419,3510,0.037,29584,1876,0.039,0.0463,0.0258,0.339,0.0569,0.0317,0.339,0.6796,0.0323,0.029,0.2631,0.0458,0.106,1508,71,0.029,0.0584,0.0277,0.289,1955,2,0.001,0.8488,0.0407,0.029,0.0531,0.0258,0.296,0.0053,0.0104,1.187,0.0,0.0094,,0.1528,0.0445,0.177,217,64,0.179,1203,88,0.044,0.1606,0.0496,0.188,829,56,0.041,116400,4918,0.026,0.2903,0.1454,0.304,0.106,0.0768,0.441,0.2086,0.0519,0.151,0.8101,0.0315,0.024,0.0253,0.0157,0.376,0.0174,0.0112,0.39,0.0,0.0056,,0.0292,0.0134,0.278,0.0655,0.0228,0.212
4200364528,2015,11442,45,0.002,4299,156,0.022,42.7,1.8,0.026,0.256,0.0305,0.072,0.165,0.023,0.085,0.9406,0.0262,0.017,0.0133,0.0145,0.664,0.0202,0.0177,0.532,0.026,0.0162,0.379,87061,10365,0.072,39919,3335,0.051,0.0494,0.0246,0.302,0.0426,0.015,0.215,0.681,0.0291,0.026,0.4999,0.0496,0.06,4558,178,0.024,0.0568,0.0304,0.325,1977,3,0.001,0.7784,0.0331,0.026,0.02,0.0157,0.477,0.0419,0.0197,0.285,0.048,0.0154,0.195,0.1475,0.0305,0.126,634,133,0.128,3665,179,0.03,0.0893,0.024,0.163,1718,484,0.171,224900,20109,0.054,0.5016,0.0975,0.118,0.3754,0.0862,0.14,0.2117,0.0529,0.152,0.8802,0.0331,0.023,0.0022,0.0037,1.013,0.0,0.0029,,0.0,0.0029,,0.0431,0.0163,0.23,0.0451,0.0176,0.237
4200365352,2015,13617,21,0.001,5749,235,0.025,42.4,1.6,0.023,0.1673,0.0214,0.078,0.158,0.0219,0.084,0.8952,0.0307,0.021,0.0188,0.0086,0.278,0.0413,0.0217,0.32,0.0246,0.0146,0.361,78521,5884,0.046,42326,3607,0.052,0.0539,0.016,0.181,0.044,0.0167,0.231,0.697,0.0258,0.023,0.4634,0.0406,0.053,5990,254,0.026,0.0402,0.023,0.347,1985,3,0.001,0.6115,0.0316,0.031,0.0611,0.0242,0.241,0.1257,0.0313,0.151,0.0624,0.0213,0.208,0.2703,0.031,0.07,1554,189,0.074,4195,279,0.04,0.2186,0.0343,0.095,1089,62,0.035,170700,10752,0.038,0.112,0.0492,0.267,0.0489,0.0283,0.352,0.1619,0.04,0.15,0.8174,0.0287,0.021,0.0315,0.0138,0.267,0.0092,0.0072,0.475,0.0029,0.0047,0.967,0.0523,0.0216,0.251,0.0311,0.0141,0.275
4200366264,2015,31091,32,0.001,13825,287,0.013,44.8,1.1,0.015,0.1702,0.0128,0.046,0.2108,0.0141,0.041,0.9043,0.0188,0.013,0.0286,0.0096,0.203,0.0335,0.0106,0.193,0.0167,0.0059,0.214,64545,3280,0.031,36234,1346,0.023,0.0588,0.0125,0.129,0.0388,0.0094,0.147,0.6587,0.0179,0.017,0.4379,0.0256,0.036,14843,259,0.011,0.0686,0.0167,0.148,1963,1,0.0,0.68,0.0179,0.016,0.0249,0.0088,0.215,0.0833,0.013,0.095,0.1096,0.0146,0.081,0.2555,0.02,0.048,3532,286,0.049,10293,301,0.018,0.1981,0.0184,0.056,826,29,0.021,158100,3323,0.013,0.3876,0.0668,0.105,0.1982,0.0499,0.153,0.1799,0.0233,0.079,0.8011,0.0231,0.018,0.0406,0.0114,0.17,0.0074,0.0041,0.339,0.0006,0.0008,0.878,0.0334,0.0088,0.161,0.0698,0.015,0.131
4200366320,2015,438,41,0.057,178,19,0.065,47.5,1.3,0.017,0.2146,0.0284,0.08,0.1941,0.0397,0.124,0.9612,0.0332,0.021,0.0114,0.0091,0.483,0.0046,0.0045,0.605,0.0114,0.0137,0.727,126250,9427,0.045,68914,7870,0.069,0.032,0.0281,0.534,0.0373,0.0161,0.262,0.6657,0.1028,0.094,0.7652,0.0728,0.058,186,16,0.052,0.043,0.0375,0.529,1939,,,0.9946,0.0089,0.005,0.0,0.076,,0.0,0.076,,0.0,0.076,,0.0393,0.0447,0.692,7,8,0.695,171,18,0.064,0.0525,0.02,0.231,2188,423,0.118,320200,16829,0.032,0.1429,2.4854,10.576,0.0,1.4286,,0.1871,0.0607,0.197,0.8515,0.136,0.097,0.0437,0.0434,0.604,0.0218,0.0173,0.481,0.0,0.0437,,0.0524,0.0255,0.295,0.0,0.0795,
4200368388,2015,17002,55,0.002,7799,215,0.017,43.6,1.7,0.024,0.1685,0.0188,0.068,0.2268,0.0187,0.05,0.8373,0.0291,0.021,0.0362,0.0184,0.308,0.0815,0.0203,0.151,0.0166,0.0072,0.264,62906,3042,0.029,34511,1746,0.031,0.0613,0.0167,0.165,0.059,0.0147,0.152,0.6266,0.0217,0.021,0.4424,0.0335,0.046,8279,304,0.022,0.058,0.0254,0.266,1962,2,0.001,0.5425,0.0216,0.024,0.0529,0.0144,0.166,0.1259,0.0243,0.118,0.1749,0.0246,0.085,0.3526,0.0342,0.059,2750,277,0.061,5049,279,0.034,0.3267,0.0343,0.064,954,43,0.027,144600,4826,0.02,0.2262,0.0472,0.127,0.1164,0.0348,0.182,0.1963,0.036,0.111,0.7621,0.0378,0.03,0.0967,0.0212,0.133,0.0135,0.0084,0.377,0.0,0.0019,,0.0262,0.0099,0.229,0.0694,0.0149,0.13
4200369376,2015,3837,24,0.004,1740,101,0.035,40.5,2.6,0.039,0.2408,0.0385,0.097,0.1676,0.0328,0.119,0.8971,0.0411,0.028,0.0427,0.0227,0.322,0.0227,0.0287,0.769,0.0201,0.0136,0.411,63906,17443,0.166,47702,7427,0.095,0.0665,0.0356,0.326,0.0296,0.0218,0.448,0.6534,0.052,0.048,0.6075,0.0784,0.078,1887,108,0.035,0.0779,0.0422,0.329,1939,,,0.5204,0.0609,0.071,0.1918,0.0501,0.159,0.1669,0.0468,0.171,0.0652,0.0279,0.26,0.373,0.0563,0.092,649,105,0.098,1091,102,0.057,0.2723,0.0548,0.122,731,37,0.031,299800,39019,0.079,0.2404,0.0915,0.231,0.1402,0.0752,0.326,0.3566,0.093,0.159,0.7437,0.0548,0.045,0.0395,0.0239,0.368,0.0659,0.0358,0.331,0.0,0.0055,,0.0467,0.0233,0.304,0.0954,0.0414,0.264
4200369400,2015,722,92,0.077,263,41,0.095,51.1,2.2,0.026,0.259,0.0456,0.107,0.1856,0.0286,0.094,0.9294,0.167,0.109,0.0208,0.022,0.644,0.0139,0.0095,0.418,0.0069,0.0097,0.848,228958,85574,0.227,136991,22893,0.102,0.0166,0.0207,0.756,0.0182,0.0149,0.497,0.58,0.0558,0.058,0.7398,0.0459,0.038,325,39,0.073,0.1908,0.1021,0.325,1956,5,0.002,0.9508,0.159,0.102,0.0,0.0435,,0.0338,0.0579,1.04,0.0,0.0435,,0.076,0.0361,0.289,20,10,0.304,243,38,0.095,0.0623,0.0251,0.245,1313,424,0.196,964600,98239,0.062,0.2,0.8832,2.684,0.2,0.1732,0.526,0.2757,0.1094,0.241,0.7981,0.0685,0.052,0.0,0.0311,,0.0093,0.0123,0.805,0.0,0.0311,,0.0807,0.0349,0.263,0.0076,0.0409,3.272
4200369416,2015,607,67,0.067,228,20,0.053,46.7,6.4,0.083,0.2224,0.0477,0.13,0.1746,0.0345,0.12,0.9605,0.0362,0.023,0.0115,0.0115,0.604,0.0165,0.0131,0.482,0.0099,0.0115,0.706,113500,21297,0.114,51903,7938,0.093,0.0445,0.0262,0.357,0.0319,0.0317,0.603,0.6534,0.0427,0.04,0.5197,0.0642,0.075,247,27,0.066,0.0769,0.0683,0.54,1973,5,0.002,0.9312,0.0268,0.018,0.0,0.0573,,0.0607,0.0569,0.569,0.0,0.0573,,0.0965,0.0386,0.243,22,9,0.249,206,20,0.059,0.0544,0.0223,0.249,489,80,0.099,291400,28496,0.059,0.2273,0.8142,2.178,0.2273,0.2074,0.555,0.2476,0.1228,0.301,0.8444,0.0639,0.046,0.0,0.0331,,0.0066,0.0099,0.909,0.0,0.0331,,0.0397,0.0227,0.347,0.0219,0.049,1.358
4200369584,2015,28712,27,0.001,12013,267,0.014,46.1,1.2,0.016,0.1839,0.0174,0.058,0.2083,0.0164,0.048,0.9714,0.0101,0.006,0.0086,0.0072,0.512,0.003,0.0018,0.368,0.0075,0.0073,0.594,68838,3873,0.034,34442,1866,0.033,0.0541,0.0135,0.152,0.0537,0.0103,0.117,0.6697,0.0187,0.017,0.3556,0.028,0.048,12671,300,0.014,0.0519,0.0171,0.2,1960,2,0.001,0.8504,0.0239,0.017,0.0355,0.0097,0.166,0.0346,0.0118,0.207,0.0208,0.0076,0.223,0.1285,0.0199,0.094,1544,241,0.095,10469,324,0.019,0.0931,0.0153,0.1,767,52,0.041,152100,3396,0.014,0.375,0.1008,0.163,0.2202,0.0916,0.253,0.1771,0.0261,0.09,0.8256,0.0168,0.012,0.0263,0.0109,0.251,0.0156,0.0077,0.302,0.0022,0.0023,0.644,0.0391,0.0137,0.212,0.046,0.0131,0.173
4200369776,2015,3426,20,0.004,1611,122,0.046,43.0,4.3,0.061,0.1871,0.0416,0.135,0.1655,0.0375,0.138,0.8036,0.0708,0.054,0.094,0.0549,0.355,0.0306,0.0306,0.608,0.052,0.056,0.656,31250,10072,0.196,21878,4055,0.113,0.2717,0.0808,0.181,0.1267,0.0621,0.298,0.6087,0.0556,0.056,0.1726,0.0473,0.167,1912,135,0.043,0.1574,0.0586,0.226,1945,5,0.002,0.329,0.0555,0.103,0.2965,0.0802,0.164,0.0549,0.0365,0.404,0.0978,0.0345,0.214,0.5705,0.0867,0.092,919,156,0.103,692,110,0.097,0.5072,0.0884,0.106,618,38,0.037,68400,6020,0.054,0.5789,0.1262,0.132,0.3569,0.1193,0.203,0.1503,0.0726,0.294,0.7186,0.0563,0.048,0.1029,0.0388,0.23,0.0551,0.0387,0.427,0.0,0.0066,,0.0,0.0066,,0.2806,0.0764,0.166
4200372160,2015,15116,22,0.001,5926,274,0.028,40.3,1.2,0.018,0.2401,0.0269,0.068,0.1617,0.0211,0.079,0.9152,0.0173,0.012,0.0094,0.0078,0.505,0.0601,0.0154,0.156,0.0097,0.008,0.5,74105,8782,0.072,40653,3852,0.058,0.0544,0.0196,0.219,0.0528,0.0195,0.224,0.6804,0.0374,0.033,0.4802,0.0473,0.06,6209,260,0.025,0.0456,0.0246,0.328,1982,4,0.001,0.6022,0.0291,0.029,0.0327,0.0173,0.322,0.1063,0.0281,0.161,0.043,0.0161,0.227,0.1996,0.037,0.113,1183,226,0.116,4743,226,0.029,0.1276,0.0281,0.134,880,51,0.035,189100,11776,0.038,0.4396,0.1274,0.176,0.3035,0.1222,0.245,0.1824,0.0377,0.126,0.8462,0.0449,0.032,0.0259,0.0144,0.339,0.0,0.0022,,0.0,0.0022,,0.0572,0.0205,0.218,0.0656,0.0228,0.211
4200372400,2015,13504,20,0.001,5468,180,0.02,43.7,1.2,0.017,0.2094,0.0236,0.068,0.1577,0.0171,0.066,0.9026,0.0283,0.019,0.0133,0.0064,0.29,0.0395,0.0236,0.364,0.0265,0.0208,0.477,67796,4964,0.045,31834,1741,0.033,0.081,0.0258,0.194,0.0685,0.0172,0.152,0.6984,0.0244,0.021,0.3603,0.0322,0.054,5843,227,0.024,0.0642,0.0276,0.262,1973,2,0.001,0.7488,0.0292,0.024,0.0356,0.0159,0.272,0.0519,0.016,0.187,0.0931,0.0297,0.194,0.2209,0.0349,0.096,1208,195,0.098,4260,190,0.027,0.1901,0.0353,0.113,865,32,0.022,148800,4039,0.017,0.3502,0.1235,0.214,0.1689,0.0964,0.347,0.1843,0.0356,0.117,0.7754,0.0338,0.027,0.0554,0.0131,0.144,0.0087,0.0055,0.388,0.0,0.0023,,0.0391,0.0148,0.231,0.0521,0.0222,0.259
4200372568,2015,453,93,0.125,179,31,0.105,48.4,4.7,0.059,0.2053,0.0535,0.158,0.1854,0.031,0.102,0.9426,0.268,0.173,0.0,0.0221,,0.0287,0.0371,0.785,0.0221,0.035,0.965,57625,10593,0.112,23672,3327,0.085,0.0817,0.078,0.58,0.0463,0.0399,0.524,0.5822,0.1068,0.111,0.1677,0.0707,0.256,182,30,0.1,0.0165,0.0273,1.008,1953,3,0.001,0.9066,0.2067,0.139,0.033,0.045,0.829,0.0,0.0777,,0.0,0.0777,,0.1341,0.0805,0.365,24,15,0.38,155,32,0.126,0.1325,0.0886,0.407,725,221,0.185,82800,7749,0.057,0.0833,0.5987,4.367,0.0417,0.0792,1.155,0.1742,0.1248,0.435,0.8458,0.306,0.22,0.01,0.0247,1.512,0.0,0.0498,,0.0,0.0498,,0.0498,0.0481,0.587,0.0615,0.0783,0.774
4200372960,2015,3407,33,0.006,1556,80,0.031,44.2,5.5,0.076,0.1899,0.0296,0.095,0.1588,0.0255,0.097,0.9489,0.0343,0.022,0.005,0.0047,0.572,0.0103,0.0153,0.903,0.0194,0.0167,0.525,46797,5823,0.076,25978,2153,0.05,0.1446,0.0449,0.189,0.0751,0.0203,0.165,0.6816,0.031,0.028,0.1878,0.0345,0.112,1730,85,0.03,0.1006,0.0361,0.218,1949,3,0.001,0.7156,0.036,0.031,0.1029,0.0352,0.208,0.0607,0.0284,0.284,0.0405,0.0152,0.229,0.3554,0.0528,0.09,553,87,0.096,1003,85,0.052,0.3332,0.0608,0.111,701,45,0.039,90400,3512,0.024,0.4937,0.1028,0.127,0.255,0.085,0.203,0.2034,0.0594,0.177,0.8009,0.0389,0.029,0.0588,0.0196,0.203,0.0143,0.0108,0.46,0.0,0.0057,,0.0177,0.0125,0.43,0.1138,0.0382,0.204
4200372968,2015,1643,90,0.033,797,35,0.027,51.8,1.9,0.022,0.1205,0.0322,0.163,0.2441,0.0287,0.071,0.9945,0.01,0.006,0.0,0.0061,,0.0,0.0061,,0.0,0.0061,,48438,4076,0.051,28949,2394,0.05,0.1127,0.046,0.248,0.0621,0.0265,0.26,0.6037,0.0466,0.047,0.2037,0.0341,0.102,856,19,0.013,0.0689,0.0374,0.329,1967,4,0.001,0.632,0.0409,0.039,0.0806,0.0304,0.229,0.0047,0.0131,1.699,0.0,0.0165,,0.2359,0.0491,0.127,188,40,0.129,609,42,0.042,0.2349,0.0638,0.165,680,54,0.048,94900,5096,0.033,0.2074,0.1206,0.353,0.133,0.1135,0.519,0.2627,0.0647,0.15,0.7785,0.0531,0.041,0.0233,0.0133,0.347,0.0318,0.0305,0.582,0.0,0.0122,,0.0196,0.0146,0.452,0.0652,0.0298,0.278
4200374648,2015,6330,21,0.002,2766,159,0.035,40.8,4.7,0.07,0.2272,0.0368,0.098,0.1468,0.0221,0.091,0.7005,0.0524,0.045,0.2305,0.0485,0.128,0.0017,0.0027,0.939,0.009,0.009,0.608,34175,3980,0.071,20100,2198,0.066,0.2992,0.0646,0.131,0.1418,0.0402,0.172,0.6414,0.0364,0.035,0.1501,0.0389,0.158,3202,212,0.04,0.1362,0.0431,0.192,1945,5,0.002,0.5915,0.0466,0.048,0.1805,0.051,0.172,0.0397,0.0201,0.307,0.024,0.0164,0.416,0.4772,0.0497,0.063,1320,157,0.072,1446,182,0.077,0.4765,0.068,0.087,665,47,0.043,69100,5256,0.046,0.4356,0.1121,0.156,0.3189,0.0966,0.184,0.186,0.0549,0.179,0.6905,0.0698,0.061,0.1151,0.048,0.254,0.0434,0.0252,0.353,0.0,0.0053,,0.0084,0.008,0.578,0.3142,0.0586,0.113
4200375816,2015,8932,30,0.002,4508,215,0.029,40.7,2.0,0.03,0.1748,0.0276,0.096,0.1438,0.0195,0.082,0.5991,0.0302,0.031,0.3284,0.0327,0.06,0.0203,0.0165,0.494,0.024,0.0124,0.315,37125,2883,0.047,25419,1694,0.041,0.1982,0.0527,0.162,0.1043,0.031,0.181,0.6694,0.0237,0.022,0.3591,0.0396,0.067,5302,255,0.029,0.1498,0.0281,0.114,1942,4,0.001,0.44,0.0301,0.042,0.1992,0.0339,0.103,0.1422,0.0321,0.137,0.067,0.0216,0.196,0.5162,0.0398,0.047,2327,211,0.055,2181,145,0.04,0.4815,0.0401,0.051,720,32,0.027,77500,4016,0.032,0.4572,0.0679,0.09,0.2308,0.0527,0.139,0.1949,0.0483,0.151,0.6144,0.0436,0.043,0.2344,0.0318,0.082,0.0409,0.0162,0.24,0.0,0.0032,,0.0414,0.0169,0.247,0.2061,0.0333,0.098
4200376104,2015,4507,17,0.002,2025,203,0.061,40.7,7.1,0.106,0.2254,0.0536,0.145,0.152,0.0368,0.147,0.8647,0.0554,0.039,0.1134,0.0537,0.288,0.0,0.0022,,0.0,0.0022,,36443,7628,0.127,20897,2434,0.071,0.1746,0.0727,0.253,0.1008,0.0629,0.379,0.6118,0.0606,0.06,0.1791,0.0612,0.208,2445,171,0.043,0.1718,0.0581,0.206,1939,,,0.5456,0.0846,0.094,0.281,0.0854,0.185,0.0462,0.0276,0.363,0.0753,0.0399,0.323,0.5358,0.0939,0.106,1085,219,0.123,940,172,0.111,0.475,0.0985,0.126,659,45,0.042,56100,14616,0.158,0.3889,0.1206,0.189,0.2065,0.0894,0.263,0.0947,0.069,0.443,0.7188,0.0889,0.075,0.0914,0.0631,0.42,0.0439,0.0359,0.498,0.0,0.005,,0.0172,0.0191,0.675,0.2627,0.0861,0.199
4200376560,2015,507,39,0.047,185,22,0.072,47.8,1.2,0.015,0.2032,0.0265,0.079,0.1972,0.0314,0.097,0.9625,0.0209,0.013,0.0,0.0197,,0.0237,0.0157,0.403,0.0059,0.0039,0.403,129688,34984,0.164,71800,9011,0.076,0.0039,0.0206,3.173,0.0217,0.0143,0.402,0.6691,0.0312,0.028,0.6711,0.0555,0.05,186,22,0.072,0.0054,0.0107,1.214,1951,5,0.002,0.9677,0.1534,0.096,0.0,0.076,,0.0,0.076,,0.0,0.076,,0.0,0.0541,,0,10,,185,22,0.072,0.0,0.0197,,,,,282700,12688,0.027,,,,,,,0.227,0.1058,0.283,0.6926,0.0745,0.065,0.0481,0.0367,0.464,0.0296,0.0258,0.529,0.0185,0.0296,0.971,0.1037,0.0471,0.276,0.0,0.0764,
4200377272,2015,270,161,0.362,87,46,0.321,23.8,10.7,0.273,0.1593,0.1448,0.553,0.0741,0.1387,1.138,0.9037,0.2553,0.172,0.0,0.037,,0.0,0.037,,0.0,0.037,,,,,8036,5636,0.426,0.6,0.5637,0.571,0.0,0.1064,,0.3966,0.0776,0.119,0.0,0.1587,,87,46,0.321,0.0,0.1149,,1973,20,0.006,0.5977,0.3179,0.323,0.1034,0.2099,1.233,0.0,0.1626,,0.0,0.1626,,0.7701,0.2802,0.221,67,43,0.39,20,17,0.517,0.8148,0.3261,0.243,,,,,,,0.8657,0.6386,0.448,0.8657,0.5839,0.41,0.55,1.5013,1.659,0.8723,0.1435,0.1,0.0,0.1064,,0.1277,0.211,1.005,0.0,0.1064,,0.0,0.1064,,0.2989,0.4112,0.837
4200377912,2015,5324,24,0.003,2464,243,0.06,42.0,3.6,0.052,0.2492,0.0632,0.154,0.1861,0.0344,0.112,0.7506,0.0811,0.066,0.2147,0.0734,0.208,0.0,0.0026,,0.031,0.0254,0.497,32234,4877,0.092,19712,2124,0.066,0.2201,0.0889,0.246,0.0545,0.0361,0.402,0.6111,0.0415,0.041,0.1486,0.0469,0.192,2913,269,0.056,0.1541,0.0644,0.254,1944,2,0.001,0.5287,0.053,0.061,0.1861,0.0523,0.171,0.0755,0.0446,0.359,0.0652,0.0339,0.316,0.6226,0.0714,0.07,1534,232,0.092,930,147,0.096,0.5562,0.0962,0.105,444,68,0.093,63400,4953,0.047,0.3012,0.101,0.204,0.1578,0.0772,0.298,0.2495,0.1081,0.263,0.6795,0.0996,0.089,0.0764,0.0445,0.354,0.0396,0.0311,0.477,0.0,0.0058,,0.0472,0.0386,0.497,0.1851,0.0601,0.198
4200379274,2015,19385,36,0.001,6950,145,0.013,43.6,0.9,0.013,0.2672,0.0181,0.041,0.174,0.0137,0.048,0.8842,0.0213,0.015,0.002,0.0014,0.448,0.063,0.0132,0.127,0.0251,0.0115,0.278,112929,9146,0.049,52535,2729,0.032,0.0276,0.009,0.198,0.0456,0.01,0.134,0.6163,0.0162,0.016,0.6909,0.0337,0.03,7188,157,0.013,0.0331,0.0125,0.229,1969,1,0.0,0.909,0.0069,0.005,0.0106,0.0086,0.493,0.0014,0.0019,0.844,0.043,0.0094,0.133,0.0977,0.0208,0.129,679,145,0.13,6271,186,0.018,0.0905,0.0239,0.16,2122,299,0.086,264900,6875,0.016,0.4521,0.1065,0.143,0.2695,0.0977,0.22,0.2129,0.0274,0.078,0.8121,0.0224,0.017,0.0536,0.0112,0.127,0.0031,0.0031,0.608,0.0,0.0019,,0.0907,0.0193,0.129,0.0295,0.0111,0.229
4200380032,2015,2560,196,0.047,1150,80,0.042,40.4,5.8,0.087,0.2109,0.0467,0.135,0.152,0.0329,0.131,0.8543,0.0351,0.025,0.1008,0.0652,0.393,0.0,0.0039,,0.0289,0.0202,0.425,38852,3385,0.053,21905,2498,0.069,0.1965,0.0726,0.225,0.0965,0.0475,0.3,0.6831,0.03,0.027,0.2124,0.0487,0.139,1260,40,0.019,0.0873,0.0491,0.342,1947,6,0.002,0.5214,0.0505,0.059,0.2476,0.0708,0.174,0.1175,0.0535,0.277,0.0389,0.0252,0.394,0.5609,0.0638,0.069,645,86,0.081,505,66,0.079,0.5068,0.0847,0.102,641,59,0.056,77400,4474,0.035,0.3814,0.1005,0.16,0.2326,0.0811,0.212,0.2554,0.088,0.209,0.7413,0.0622,0.051,0.0486,0.0391,0.489,0.0672,0.0287,0.259,0.0,0.0077,,0.0039,0.0062,0.971,0.153,0.0616,0.245
4200380040,2015,1682,120,0.043,811,44,0.033,45.6,3.1,0.041,0.1653,0.0336,0.123,0.214,0.0297,0.084,0.9073,0.0411,0.028,0.0595,0.0282,0.289,0.0054,0.0083,0.945,0.0107,0.0131,0.742,30050,3652,0.074,22101,2300,0.063,0.1833,0.059,0.196,0.1451,0.0441,0.185,0.584,0.0526,0.055,0.1139,0.0302,0.161,878,36,0.025,0.0763,0.0317,0.253,1950,5,0.002,0.574,0.0481,0.051,0.1116,0.0377,0.205,0.2153,0.0435,0.123,0.0581,0.0285,0.298,0.5388,0.0529,0.06,437,49,0.068,374,35,0.057,0.4631,0.0578,0.076,689,28,0.025,62100,4417,0.043,0.5492,0.1061,0.117,0.2471,0.08,0.197,0.0936,0.0608,0.395,0.7642,0.0599,0.048,0.0185,0.0197,0.65,0.0156,0.0126,0.491,0.0,0.0142,,0.0355,0.0323,0.554,0.1948,0.0464,0.145
4200380600,2015,779,190,0.148,297,56,0.115,31.6,4.7,0.09,0.2259,0.0549,0.148,0.1065,0.0309,0.176,0.8087,0.0963,0.072,0.1309,0.1296,0.602,0.0,0.0128,,0.0308,0.0469,0.925,50052,19653,0.239,20107,3309,0.1,0.1699,0.1044,0.373,0.0753,0.0499,0.403,0.6844,0.0917,0.081,0.1146,0.0587,0.311,358,70,0.119,0.1704,0.1066,0.38,1939,,,0.8184,0.0732,0.054,0.0866,0.0474,0.333,0.0363,0.0389,0.651,0.0,0.0395,,0.4478,0.1176,0.16,133,43,0.197,164,46,0.171,0.4968,0.1594,0.195,733,169,0.14,45500,4319,0.058,0.2707,0.1262,0.283,0.1278,0.0968,0.46,0.1768,0.1219,0.419,0.7897,0.2833,0.218,0.0103,0.0177,1.051,0.0077,0.01,0.794,0.0128,0.0202,0.959,0.0154,0.0175,0.69,0.0572,0.0329,0.35
4200382800,2015,11889,23,0.001,4957,204,0.025,44.7,1.2,0.016,0.1921,0.0269,0.085,0.1813,0.0267,0.09,0.9739,0.0132,0.008,0.0021,0.0013,0.389,0.0014,0.0024,1.001,0.0062,0.0069,0.674,59784,3855,0.039,31068,2358,0.046,0.0527,0.0235,0.271,0.0564,0.0283,0.306,0.6664,0.0333,0.03,0.2854,0.046,0.098,5239,209,0.024,0.0538,0.0314,0.355,1967,4,0.001,0.8297,0.0285,0.021,0.0288,0.0182,0.383,0.0099,0.0109,0.67,0.0095,0.0089,0.567,0.1519,0.0454,0.182,753,227,0.183,4204,281,0.041,0.1258,0.0417,0.202,725,105,0.088,147600,10618,0.044,0.3639,0.1556,0.26,0.0983,0.0993,0.614,0.1884,0.0495,0.16,0.857,0.0392,0.028,0.0081,0.0077,0.582,0.0051,0.0061,0.725,0.0,0.0026,,0.0339,0.0213,0.382,0.0399,0.0215,0.327
4200382848,2015,565,124,0.133,220,45,0.124,36.0,9.4,0.159,0.2549,0.0525,0.125,0.1274,0.0414,0.197,0.9062,0.0638,0.043,0.0088,0.0122,0.841,0.0,0.0177,,0.0496,0.052,0.638,39808,7923,0.121,23774,7870,0.201,0.1965,0.0955,0.296,0.0647,0.0527,0.495,0.7071,0.0763,0.066,0.0886,0.0622,0.427,261,54,0.126,0.1571,0.1142,0.442,1939,,,0.6207,0.0386,0.038,0.1341,0.0907,0.411,0.0,0.0542,,0.0115,0.0428,2.262,0.3364,0.1071,0.194,74,28,0.23,146,35,0.146,0.3646,0.1316,0.219,775,142,0.111,54700,10769,0.12,0.2973,0.2079,0.425,0.0405,0.0658,0.987,0.1301,0.1582,0.739,0.7273,0.0562,0.047,0.0874,0.0777,0.54,0.0,0.035,,0.007,0.0139,1.207,0.0245,0.0274,0.68,0.0773,0.0506,0.398
4200383200,2015,1784,163,0.056,801,58,0.044,49.6,3.4,0.042,0.1525,0.0378,0.151,0.25,0.0313,0.076,0.8599,0.0499,0.035,0.0981,0.0616,0.382,0.0,0.0056,,0.0084,0.0134,0.971,50032,7935,0.096,26030,2412,0.056,0.0899,0.0579,0.391,0.0943,0.0457,0.295,0.5752,0.0514,0.054,0.2581,0.0537,0.126,967,45,0.028,0.1717,0.0594,0.211,1953,2,0.001,0.8056,0.0558,0.042,0.1117,0.0465,0.253,0.0496,0.0349,0.428,0.0,0.0146,,0.171,0.0625,0.222,137,51,0.226,664,56,0.051,0.1547,0.0692,0.272,684,34,0.03,106200,6676,0.038,0.635,0.2024,0.194,0.2993,0.1536,0.312,0.1928,0.062,0.195,0.8119,0.0693,0.052,0.0467,0.04,0.521,0.0253,0.0251,0.604,0.0,0.0126,,0.0253,0.0225,0.542,0.0637,0.0321,0.307
4200383512,2015,20237,26,0.001,8626,270,0.019,45.5,2.1,0.028,0.1833,0.0184,0.061,0.201,0.0167,0.051,0.8576,0.0242,0.017,0.0968,0.0167,0.105,0.0021,0.0025,0.738,0.0113,0.0057,0.308,50336,3467,0.042,26591,1609,0.037,0.1306,0.0296,0.138,0.0945,0.021,0.135,0.6323,0.0204,0.02,0.205,0.0225,0.067,9627,328,0.021,0.104,0.0232,0.136,1955,1,0.0,0.7969,0.0285,0.022,0.0315,0.01,0.193,0.0532,0.0185,0.211,0.0391,0.0158,0.245,0.2227,0.0268,0.073,1921,239,0.076,6705,308,0.028,0.2018,0.0339,0.102,617,91,0.09,90600,2584,0.017,0.3248,0.0639,0.12,0.1614,0.0508,0.192,0.216,0.0308,0.087,0.8083,0.0143,0.011,0.0343,0.0113,0.199,0.0234,0.0087,0.226,0.0006,0.0009,0.911,0.0198,0.0081,0.248,0.0807,0.0176,0.133
4200384144,2015,6735,25,0.002,3131,136,0.026,37.5,2.6,0.042,0.1905,0.0339,0.108,0.1299,0.0262,0.123,0.966,0.019,0.012,0.0067,0.0061,0.554,0.0039,0.0049,0.772,0.0077,0.0067,0.526,57150,8328,0.089,32721,3458,0.064,0.0761,0.0272,0.217,0.0376,0.0193,0.312,0.7706,0.034,0.027,0.3102,0.0454,0.089,3313,143,0.026,0.0549,0.0401,0.443,1942,5,0.002,0.6994,0.0392,0.034,0.1114,0.041,0.224,0.0697,0.0381,0.332,0.0915,0.0321,0.213,0.2922,0.0521,0.108,915,168,0.112,2216,144,0.04,0.1767,0.0348,0.12,708,51,0.044,118400,8267,0.042,0.4689,0.1626,0.211,0.2721,0.1377,0.308,0.185,0.0526,0.173,0.7591,0.0314,0.025,0.0805,0.0394,0.298,0.0263,0.0143,0.331,0.0017,0.0025,0.868,0.0094,0.0067,0.431,0.099,0.0444,0.272
4200384440,2015,1211,82,0.041,528,39,0.045,40.5,3.8,0.057,0.1751,0.0382,0.133,0.1561,0.0242,0.094,0.8951,0.0386,0.026,0.0694,0.036,0.316,0.0,0.0083,,0.0281,0.023,0.499,38750,4588,0.072,21807,3269,0.091,0.1817,0.0627,0.21,0.0661,0.0292,0.269,0.646,0.0516,0.049,0.1184,0.0486,0.25,585,36,0.037,0.0974,0.0371,0.232,1943,5,0.002,0.8291,0.0455,0.033,0.1162,0.0567,0.296,0.0479,0.0301,0.383,0.0,0.0242,,0.2746,0.0651,0.144,145,36,0.151,383,40,0.063,0.2271,0.0591,0.158,589,41,0.042,62600,4568,0.044,0.4414,0.1938,0.267,0.3172,0.1913,0.367,0.2324,0.0795,0.208,0.7341,0.0577,0.048,0.0685,0.0283,0.251,0.0098,0.0114,0.706,0.0,0.0163,,0.0294,0.0176,0.365,0.1307,0.0542,0.252
4200384512,2015,13920,23,0.001,5960,227,0.023,45.4,2.5,0.033,0.1886,0.0242,0.078,0.2195,0.0214,0.059,0.8752,0.0269,0.019,0.049,0.0221,0.274,0.0657,0.0157,0.145,0.0049,0.0048,0.599,58523,2167,0.023,32154,2024,0.038,0.1025,0.0232,0.138,0.0507,0.0149,0.178,0.6368,0.0338,0.032,0.3503,0.0359,0.062,6307,262,0.025,0.055,0.0226,0.249,1956,2,0.001,0.6337,0.0219,0.021,0.0121,0.0084,0.422,0.0595,0.0194,0.198,0.1614,0.0351,0.132,0.2883,0.0294,0.062,1718,187,0.066,4242,217,0.031,0.227,0.0295,0.079,685,129,0.114,138900,4255,0.019,0.4779,0.131,0.167,0.2247,0.0604,0.164,0.1563,0.0304,0.118,0.7493,0.0337,0.027,0.1219,0.0336,0.167,0.0127,0.0121,0.579,0.0,0.0023,,0.0142,0.0071,0.305,0.0968,0.0307,0.193
4200384704,2015,7842,31,0.002,3750,197,0.032,53.9,3.2,0.036,0.1391,0.0343,0.15,0.255,0.0355,0.085,0.941,0.0314,0.02,0.0426,0.0278,0.397,0.0061,0.0047,0.469,0.0023,0.0023,0.608,53902,4700,0.053,31870,2791,0.053,0.0336,0.0126,0.228,0.0483,0.0234,0.295,0.6075,0.0373,0.037,0.2282,0.0429,0.114,4002,236,0.036,0.063,0.0313,0.302,1955,2,0.001,0.7861,0.0318,0.025,0.0437,0.0265,0.368,0.0992,0.0338,0.207,0.0315,0.0146,0.281,0.2637,0.0462,0.107,989,181,0.111,2761,208,0.046,0.1968,0.0478,0.148,761,38,0.03,98200,6815,0.042,0.3418,0.103,0.183,0.2133,0.0889,0.253,0.1307,0.045,0.209,0.839,0.0429,0.031,0.0146,0.0107,0.446,0.0154,0.0105,0.413,0.0,0.0036,,0.0323,0.0144,0.271,0.0616,0.0298,0.294
4200385184,2015,6336,26,0.002,2919,185,0.039,45.6,2.0,0.027,0.1719,0.0318,0.113,0.2142,0.0271,0.077,0.8191,0.0311,0.023,0.1297,0.0218,0.102,0.0084,0.0087,0.631,0.0144,0.0155,0.655,51644,4498,0.053,30642,2798,0.056,0.0958,0.0489,0.31,0.0716,0.0224,0.19,0.6383,0.0276,0.026,0.3524,0.0476,0.082,3309,207,0.038,0.1179,0.0389,0.201,1959,2,0.001,0.6739,0.0329,0.03,0.0477,0.0249,0.317,0.0484,0.0175,0.22,0.1949,0.0365,0.114,0.3491,0.0394,0.069,1019,132,0.079,1900,178,0.057,0.2891,0.0559,0.117,877,44,0.03,103000,9346,0.055,0.5005,0.1132,0.137,0.2375,0.0712,0.182,0.2168,0.0537,0.151,0.7554,0.0482,0.039,0.0591,0.0243,0.25,0.0182,0.016,0.534,0.0009,0.0019,1.215,0.0648,0.0287,0.27,0.0737,0.0285,0.235
4200385188,2015,15866,24,0.001,8001,344,0.026,40.1,3.5,0.053,0.1849,0.0236,0.078,0.1623,0.0166,0.062,0.294,0.0261,0.054,0.6261,0.0268,0.026,0.0147,0.0093,0.382,0.0148,0.0064,0.261,32324,1700,0.032,23992,1709,0.043,0.2409,0.0416,0.105,0.1253,0.0305,0.148,0.6285,0.0283,0.027,0.3071,0.0288,0.057,10131,446,0.027,0.2102,0.022,0.064,1945,3,0.001,0.3792,0.0296,0.047,0.1975,0.0255,0.078,0.174,0.0213,0.074,0.105,0.0192,0.111,0.6278,0.0266,0.026,5023,303,0.037,2978,250,0.051,0.6097,0.031,0.031,753,30,0.024,72800,7080,0.059,0.4756,0.0584,0.075,0.2399,0.0443,0.112,0.3026,0.0538,0.108,0.5039,0.0311,0.037,0.2997,0.0378,0.077,0.0484,0.0165,0.207,0.0057,0.0046,0.488,0.0639,0.0198,0.189,0.2796,0.0317,0.069
4200385496,2015,1766,338,0.116,852,98,0.07,37.2,9.1,0.149,0.2322,0.0499,0.131,0.2089,0.0212,0.062,0.671,0.1705,0.154,0.2531,0.1264,0.303,0.0034,0.0085,1.515,0.0068,0.0067,0.597,23971,4132,0.105,15221,2056,0.082,0.3228,0.0811,0.153,0.2214,0.1011,0.278,0.493,0.0626,0.077,0.1058,0.0317,0.182,1186,48,0.025,0.2816,0.0818,0.177,1942,7,0.002,0.3693,0.0684,0.113,0.215,0.0707,0.2,0.1265,0.0489,0.235,0.1298,0.0456,0.213,0.6585,0.0719,0.066,561,89,0.096,291,55,0.115,0.6828,0.1157,0.103,572,63,0.067,49200,4761,0.059,0.5383,0.1263,0.143,0.2175,0.0724,0.202,0.3333,0.1055,0.192,0.6302,0.136,0.131,0.1189,0.0645,0.33,0.0547,0.0317,0.352,0.0,0.0189,,0.0264,0.0238,0.548,0.3638,0.0844,0.141
4200300724,2016,1796,148,0.05,978,60,0.037,66.6,5.1,0.047,0.1258,0.0298,0.144,0.5134,0.0444,0.053,0.9733,0.0303,0.019,0.0212,0.0177,0.509,0.005,0.0044,0.538,0.0006,0.0011,1.215,63864,8398,0.08,44577,4159,0.057,0.0392,0.0239,0.371,0.0087,0.0121,0.848,0.3649,0.0362,0.06,0.446,0.0418,0.057,1118,51,0.028,0.1252,0.0543,0.263,1998,5,0.002,0.2549,0.0319,0.076,0.0179,0.0132,0.448,0.0358,0.0183,0.311,0.4642,0.061,0.08,0.4642,0.0509,0.067,454,57,0.076,524,56,0.065,0.3927,0.0483,0.075,2391,252,0.064,186400,9399,0.031,0.6057,0.0882,0.088,0.4361,0.0853,0.119,0.2882,0.0731,0.154,0.9043,0.0397,0.027,0.0284,0.0192,0.411,0.0177,0.0212,0.725,0.0,0.0177,,0.0284,0.0228,0.488,0.1708,0.0355,0.127
4200303320,2016,2773,19,0.004,1269,121,0.058,37.9,1.6,0.026,0.22,0.0487,0.134,0.1442,0.04,0.169,0.907,0.0421,0.028,0.0,0.0036,,0.0689,0.0386,0.341,0.0144,0.0105,0.441,66108,11970,0.11,46892,8140,0.106,0.0469,0.0308,0.399,0.0569,0.0295,0.315,0.7274,0.0626,0.052,0.6393,0.0852,0.081,1368,126,0.056,0.0724,0.0493,0.414,1952,12,0.004,0.3925,0.0392,0.061,0.1879,0.072,0.233,0.231,0.0755,0.199,0.0058,0.012,1.245,0.5429,0.0947,0.106,689,137,0.121,580,86,0.09,0.4648,0.084,0.11,891,74,0.05,258500,27224,0.064,0.3222,0.105,0.198,0.1321,0.0738,0.34,0.1621,0.0695,0.261,0.7538,0.0775,0.063,0.0503,0.0296,0.357,0.0392,0.0361,0.561,0.0119,0.0146,0.748,0.0259,0.0222,0.522,0.0796,0.0403,0.308
4200303608,2016,4666,26,0.003,2519,152,0.037,44.4,3.6,0.049,0.1708,0.0399,0.142,0.2068,0.0336,0.099,0.8405,0.0557,0.04,0.1037,0.0392,0.23,0.0096,0.0116,0.729,0.0086,0.0103,0.729,39552,5049,0.078,26994,1841,0.041,0.1001,0.0365,0.222,0.0649,0.027,0.253,0.6657,0.0419,0.038,0.2728,0.042,0.094,2952,197,0.041,0.1467,0.0468,0.194,1947,5,0.002,0.4065,0.0418,0.062,0.2029,0.0503,0.151,0.0759,0.0298,0.238,0.2585,0.0427,0.1,0.5153,0.0621,0.073,1298,175,0.082,1221,126,0.063,0.4196,0.0658,0.095,685,28,0.025,94800,5661,0.036,0.4099,0.0935,0.139,0.1803,0.0723,0.244,0.2957,0.0827,0.17,0.7461,0.0595,0.048,0.1107,0.0413,0.227,0.0405,0.0287,0.432,0.0025,0.0037,0.911,0.026,0.0185,0.432,0.1961,0.0507,0.157
4200303928,2016,19794,25,0.001,8418,238,0.017,42.3,1.8,0.026,0.1973,0.0198,0.061,0.2004,0.0175,0.053,0.8859,0.0221,0.015,0.0668,0.0181,0.165,0.0242,0.0123,0.308,0.0137,0.0078,0.345,55573,3476,0.038,28713,1163,0.025,0.0647,0.0187,0.175,0.0514,0.0167,0.197,0.6516,0.0194,0.018,0.2637,0.0259,0.06,8910,270,0.018,0.0552,0.0198,0.218,1957,1,0.0,0.7387,0.0187,0.015,0.0357,0.0161,0.274,0.0955,0.0205,0.131,0.0781,0.0202,0.157,0.2316,0.0279,0.073,1950,241,0.075,6468,254,0.024,0.2044,0.026,0.077,739,30,0.025,120600,3392,0.017,0.501,0.1139,0.138,0.2179,0.0888,0.248,0.1534,0.0271,0.107,0.7732,0.0307,0.024,0.0528,0.0163,0.188,0.0149,0.0084,0.342,0.0046,0.0043,0.567,0.0287,0.0096,0.203,0.0807,0.0196,0.148
4200303932,2016,1972,98,0.03,844,41,0.03,46.0,1.7,0.022,0.1831,0.0407,0.135,0.1876,0.0316,0.102,0.9539,0.0658,0.042,0.0,0.0051,,0.0269,0.0334,0.756,0.0,0.0051,,60595,4156,0.042,31265,2958,0.058,0.0918,0.0433,0.287,0.0753,0.0358,0.289,0.6459,0.0354,0.033,0.3092,0.0454,0.089,902,19,0.013,0.0643,0.0432,0.409,1953,2,0.001,0.9412,0.0239,0.015,0.0089,0.0087,0.593,0.0,0.0157,,0.0,0.0157,,0.0829,0.0377,0.276,70,32,0.278,774,47,0.037,0.0745,0.0394,0.321,800,194,0.147,118400,3600,0.018,0.5143,0.3508,0.415,0.4429,0.2942,0.404,0.2209,0.0611,0.168,0.7602,0.0526,0.042,0.057,0.0265,0.283,0.0043,0.0054,0.758,0.0,0.0108,,0.0441,0.0201,0.278,0.0474,0.0295,0.379
4200305216,2016,1422,81,0.035,567,31,0.033,46.8,1.5,0.019,0.2532,0.0321,0.077,0.161,0.0287,0.108,0.9255,0.0234,0.015,0.0478,0.0351,0.446,0.0098,0.0084,0.52,0.0049,0.0049,0.607,92083,8876,0.059,53778,6750,0.076,0.0727,0.0323,0.27,0.0279,0.0144,0.314,0.6088,0.0498,0.05,0.5365,0.0504,0.057,587,23,0.024,0.0341,0.034,0.607,1959,3,0.001,0.9182,0.0475,0.031,0.0187,0.0229,0.743,0.0,0.0241,,0.0,0.0241,,0.0829,0.0385,0.283,47,22,0.285,520,33,0.039,0.0675,0.0357,0.321,950,613,0.392,264200,27151,0.062,0.383,0.3958,0.628,0.2128,0.3255,0.93,0.2731,0.08,0.178,0.8336,0.0533,0.039,0.0107,0.0106,0.604,0.0107,0.0106,0.604,0.0,0.0153,,0.1099,0.0315,0.174,0.0106,0.0215,1.236
4200305312,2016,8285,21,0.002,4367,173,0.024,38.4,2.8,0.044,0.1375,0.0205,0.091,0.1289,0.0197,0.093,0.8576,0.026,0.018,0.103,0.0216,0.128,0.0076,0.0105,0.839,0.0071,0.0046,0.392,41073,3987,0.059,27987,1924,0.042,0.1542,0.0296,0.117,0.0564,0.018,0.194,0.7529,0.0234,0.019,0.3452,0.0383,0.067,4906,183,0.023,0.1099,0.0247,0.137,1944,3,0.001,0.3581,0.0311,0.053,0.2004,0.032,0.097,0.1737,0.031,0.108,0.1818,0.0317,0.106,0.6295,0.0379,0.037,2749,198,0.044,1618,135,0.051,0.5189,0.041,0.048,686,22,0.019,105500,7965,0.046,0.4049,0.061,0.092,0.2346,0.0484,0.125,0.1471,0.0541,0.223,0.6481,0.0436,0.041,0.1478,0.0298,0.123,0.0752,0.029,0.234,0.0014,0.0024,1.042,0.039,0.017,0.265,0.2285,0.037,0.098
4200305504,2016,1774,91,0.031,736,43,0.036,40.0,2.0,0.03,0.2351,0.0307,0.079,0.137,0.0223,0.099,0.9481,0.0237,0.015,0.0124,0.0101,0.496,0.0045,0.0045,0.607,0.0062,0.0062,0.607,91250,7945,0.053,49944,6132,0.075,0.0288,0.0134,0.283,0.0302,0.0175,0.351,0.7316,0.0227,0.019,0.6472,0.056,0.053,814,28,0.021,0.0958,0.0392,0.249,1939,,,0.7727,0.0513,0.04,0.1867,0.0447,0.146,0.016,0.0179,0.681,0.0,0.0174,,0.2079,0.0417,0.122,153,32,0.127,583,48,0.05,0.156,0.0324,0.126,910,83,0.055,208500,12557,0.037,0.2876,0.1554,0.328,0.1634,0.1329,0.495,0.1715,0.0505,0.179,0.7713,0.0329,0.026,0.0518,0.019,0.223,0.0041,0.0051,0.759,0.0,0.0102,,0.0549,0.0189,0.21,0.0571,0.0262,0.279
4200305520,2016,349,49,0.085,139,20,0.087,45.9,4.3,0.057,0.2751,0.0488,0.108,0.1519,0.0443,0.177,0.9599,0.0565,0.036,0.0,0.0287,,0.0057,0.0172,1.822,0.0229,0.0227,0.602,148750,8590,0.035,73902,13707,0.113,0.0315,0.0198,0.381,0.0272,0.0324,0.724,0.6917,0.0581,0.051,0.856,0.1111,0.079,142,19,0.081,0.0211,0.0351,1.01,1939,,,0.993,0.0467,0.029,0.0,0.0996,,0.0,0.0996,,0.0,0.0996,,0.0144,0.0215,0.908,2,3,0.912,137,20,0.089,0.0115,0.0171,0.908,,,,319300,30198,0.057,0.0,10.0,,0.0,5.0,,0.1168,0.1573,0.819,0.8136,0.0981,0.073,0.0,0.0565,,0.0,0.0565,,0.0,0.0565,,0.1186,0.0886,0.454,0.0144,0.0751,3.172
4200306064,2016,32222,19,0.0,13410,247,0.011,46.1,0.9,0.012,0.1947,0.0139,0.044,0.2082,0.0138,0.04,0.941,0.0144,0.009,0.0124,0.0055,0.27,0.0159,0.0062,0.236,0.0099,0.0048,0.293,72083,4002,0.034,37019,1831,0.03,0.0514,0.0108,0.127,0.0397,0.0084,0.129,0.6562,0.0143,0.013,0.4555,0.0212,0.028,13944,300,0.013,0.0383,0.0129,0.204,1966,2,0.001,0.7411,0.0112,0.009,0.0194,0.0086,0.27,0.0824,0.0157,0.116,0.1051,0.0155,0.09,0.2187,0.0187,0.052,2933,256,0.053,10477,299,0.017,0.1747,0.0184,0.064,886,32,0.022,166700,3222,0.012,0.3815,0.0695,0.111,0.1923,0.0526,0.166,0.1754,0.0223,0.077,0.7345,0.0203,0.017,0.1111,0.0159,0.087,0.0129,0.007,0.331,0.0013,0.0016,0.718,0.0653,0.0128,0.119,0.0563,0.0111,0.12
4200307000,2016,1670,180,0.066,824,54,0.04,36.8,5.1,0.084,0.2102,0.0534,0.154,0.1772,0.0308,0.106,0.8,0.0444,0.034,0.0269,0.0165,0.373,0.1281,0.0888,0.421,0.0132,0.0173,0.799,39929,4130,0.063,23446,2295,0.06,0.1264,0.0585,0.281,0.0344,0.0227,0.4,0.6589,0.0481,0.044,0.3306,0.0669,0.123,862,47,0.033,0.0441,0.0382,0.527,1954,7,0.002,0.3167,0.0554,0.106,0.123,0.0547,0.27,0.1845,0.0599,0.197,0.1206,0.0356,0.18,0.5934,0.0658,0.067,489,63,0.078,335,41,0.074,0.5749,0.1108,0.117,705,34,0.029,97900,15734,0.098,0.3824,0.1033,0.164,0.1411,0.0671,0.289,0.2328,0.0986,0.257,0.7506,0.0608,0.049,0.0799,0.0389,0.296,0.0569,0.0431,0.461,0.0085,0.0145,1.04,0.0375,0.0275,0.446,0.1505,0.0481,0.194
4200307976,2016,3220,23,0.004,1476,94,0.039,38.5,4.2,0.066,0.1953,0.048,0.149,0.222,0.0426,0.117,0.9152,0.0402,0.027,0.0525,0.0345,0.399,0.0043,0.0065,0.912,0.0115,0.0137,0.723,40753,3723,0.056,30283,7410,0.149,0.1323,0.0504,0.232,0.0768,0.0526,0.417,0.5963,0.0526,0.054,0.1789,0.0484,0.164,1585,97,0.037,0.0688,0.0484,0.428,1944,5,0.002,0.7401,0.0567,0.047,0.089,0.0468,0.32,0.0271,0.027,0.606,0.0782,0.0285,0.222,0.4031,0.0642,0.097,595,102,0.104,881,117,0.081,0.3528,0.0744,0.128,676,23,0.021,73000,2821,0.023,0.3866,0.129,0.203,0.2034,0.0964,0.288,0.1294,0.069,0.324,0.8385,0.0506,0.037,0.0234,0.0239,0.622,0.0113,0.0127,0.68,0.0,0.0071,,0.0071,0.0085,0.726,0.1233,0.0451,0.222
4200307992,2016,1841,278,0.092,696,68,0.059,46.4,4.5,0.059,0.1814,0.0482,0.161,0.2059,0.032,0.095,0.2917,0.0573,0.119,0.6133,0.0657,0.065,0.0,0.0054,,0.0196,0.0166,0.515,24551,3145,0.078,13075,1631,0.076,0.3026,0.1013,0.204,0.169,0.076,0.273,0.4493,0.0739,0.1,0.0806,0.0383,0.289,1123,59,0.032,0.3802,0.0675,0.108,1940,4,0.001,0.5067,0.0593,0.071,0.2012,0.0685,0.207,0.0588,0.0371,0.384,0.0748,0.0364,0.296,0.5603,0.1011,0.11,390,80,0.125,306,63,0.125,0.5433,0.1131,0.127,589,37,0.038,29300,2906,0.06,0.6487,0.1424,0.133,0.4385,0.128,0.177,0.2614,0.154,0.358,0.4325,0.1013,0.142,0.3556,0.1454,0.249,0.0632,0.0367,0.353,0.0222,0.0234,0.64,0.0171,0.0236,0.84,0.3477,0.0902,0.158
4200308008,2016,1674,106,0.038,930,64,0.042,50.6,2.6,0.031,0.1308,0.034,0.158,0.2449,0.0398,0.099,0.6344,0.0348,0.033,0.3106,0.0429,0.084,0.0048,0.0066,0.835,0.0251,0.0286,0.694,31000,6328,0.124,27578,4084,0.09,0.1852,0.0442,0.145,0.0595,0.0335,0.342,0.5806,0.0271,0.028,0.2333,0.0484,0.126,1084,43,0.024,0.1421,0.0514,0.22,1958,2,0.001,0.5913,0.0397,0.041,0.0895,0.0434,0.295,0.0517,0.03,0.353,0.2399,0.0442,0.112,0.4699,0.0546,0.071,437,59,0.082,493,45,0.055,0.3433,0.0512,0.091,334,30,0.055,82200,6003,0.044,0.3959,0.1138,0.175,0.167,0.0816,0.297,0.1988,0.0707,0.216,0.63,0.0609,0.059,0.2025,0.0478,0.144,0.0338,0.0336,0.605,0.0,0.0125,,0.03,0.0374,0.758,0.2957,0.0614,0.126
4200308064,2016,1230,75,0.037,497,34,0.042,46.6,2.8,0.037,0.2203,0.0337,0.093,0.2049,0.0339,0.101,0.9593,0.081,0.051,0.0024,0.0032,0.81,0.0171,0.0122,0.433,0.0211,0.0154,0.443,103750,9577,0.056,56634,6931,0.074,0.022,0.0124,0.342,0.0239,0.0187,0.474,0.5945,0.0437,0.045,0.6815,0.0576,0.051,517,29,0.034,0.0387,0.0406,0.637,1968,5,0.002,0.7776,0.0088,0.007,0.0,0.0274,,0.0406,0.0316,0.474,0.0,0.0274,,0.0483,0.028,0.352,24,14,0.355,473,35,0.045,0.022,0.0129,0.358,235,80,0.207,288300,20514,0.043,0.875,0.6858,0.476,0.0,0.4167,,0.2051,0.0674,0.2,0.8686,0.0606,0.042,0.0213,0.0141,0.401,0.0107,0.0106,0.605,0.0,0.0178,,0.0622,0.026,0.254,0.0503,0.0278,0.336
4200308416,2016,9550,20,0.001,4101,199,0.029,36.7,2.1,0.035,0.2188,0.0317,0.088,0.1328,0.0215,0.098,0.8717,0.0479,0.033,0.0277,0.0212,0.463,0.0269,0.0188,0.426,0.0493,0.0382,0.471,51197,5908,0.07,28594,2856,0.061,0.0896,0.029,0.197,0.0626,0.0197,0.191,0.6908,0.0338,0.03,0.2774,0.0394,0.086,4464,210,0.029,0.0813,0.0316,0.236,1950,2,0.001,0.5981,0.025,0.025,0.1909,0.0505,0.161,0.0907,0.0321,0.215,0.0419,0.0145,0.21,0.4016,0.0385,0.058,1647,177,0.065,2454,188,0.047,0.3384,0.0463,0.083,735,75,0.062,96300,4166,0.026,0.4408,0.1037,0.143,0.1919,0.0718,0.227,0.1691,0.0462,0.166,0.7006,0.0479,0.042,0.1245,0.0318,0.155,0.0308,0.0293,0.578,0.0,0.0029,,0.032,0.0119,0.226,0.1407,0.0357,0.154
4200308624,2016,5117,30,0.004,2586,124,0.029,45.7,1.3,0.017,0.163,0.0276,0.103,0.2167,0.0317,0.089,0.9443,0.022,0.014,0.0133,0.0068,0.313,0.0119,0.0094,0.478,0.0096,0.0078,0.496,45849,5693,0.075,30422,2426,0.048,0.1022,0.0286,0.17,0.0644,0.0234,0.221,0.653,0.0359,0.033,0.2882,0.0471,0.099,2754,128,0.028,0.061,0.0264,0.263,1954,2,0.001,0.6518,0.0357,0.033,0.1038,0.0301,0.176,0.1006,0.0339,0.205,0.1173,0.0265,0.138,0.4026,0.0514,0.078,1041,142,0.083,1545,156,0.061,0.3326,0.0595,0.109,679,25,0.022,123200,6792,0.034,0.3823,0.0946,0.15,0.0903,0.0424,0.286,0.2239,0.0633,0.172,0.7888,0.0468,0.036,0.0639,0.023,0.219,0.0316,0.0176,0.338,0.003,0.0041,0.835,0.0289,0.0142,0.298,0.1408,0.0335,0.145
4200311336,2016,7944,30,0.002,3688,181,0.03,35.8,2.2,0.037,0.212,0.0352,0.101,0.1568,0.0212,0.082,0.8146,0.0388,0.029,0.1273,0.037,0.177,0.0083,0.006,0.442,0.0096,0.0096,0.608,45109,4372,0.059,30714,5374,0.106,0.2153,0.0635,0.179,0.0711,0.027,0.231,0.6587,0.0369,0.034,0.3088,0.037,0.073,4033,218,0.033,0.0855,0.0279,0.198,1949,3,0.001,0.5681,0.0347,0.037,0.1413,0.033,0.142,0.09,0.0252,0.17,0.1222,0.0236,0.117,0.5087,0.0416,0.05,1876,179,0.058,1812,148,0.05,0.4743,0.048,0.061,780,27,0.021,98700,7920,0.049,0.4014,0.0724,0.11,0.2399,0.0631,0.16,0.17,0.0454,0.162,0.7262,0.046,0.039,0.087,0.026,0.182,0.0283,0.0207,0.445,0.0072,0.0085,0.715,0.0427,0.0216,0.308,0.1654,0.0413,0.152
4200311680,2016,8288,46,0.003,3916,186,0.029,41.3,2.4,0.035,0.1595,0.0298,0.113,0.1751,0.0242,0.084,0.8943,0.0422,0.029,0.011,0.0086,0.474,0.0493,0.0332,0.409,0.0255,0.0215,0.513,50783,4288,0.051,30221,3125,0.063,0.1486,0.0503,0.206,0.0476,0.018,0.229,0.7024,0.0263,0.023,0.3011,0.0376,0.076,4258,186,0.027,0.0803,0.036,0.272,1955,2,0.001,0.5916,0.0389,0.04,0.0763,0.0298,0.237,0.1163,0.0402,0.21,0.1174,0.0292,0.151,0.4262,0.0401,0.057,1669,176,0.064,2247,137,0.037,0.3589,0.0387,0.066,741,36,0.03,116100,4740,0.025,0.3673,0.0998,0.165,0.1762,0.0626,0.216,0.2136,0.0528,0.15,0.7049,0.0491,0.042,0.171,0.0393,0.14,0.0098,0.0072,0.448,0.0,0.003,,0.0336,0.0195,0.353,0.0649,0.0256,0.24
4200312496,2016,798,127,0.097,406,59,0.088,46.8,4.6,0.06,0.1278,0.0471,0.224,0.1779,0.0339,0.116,0.8358,0.0169,0.012,0.0614,0.0517,0.512,0.0,0.0125,,0.0125,0.0111,0.538,44659,12431,0.169,27489,2980,0.066,0.1035,0.0444,0.261,0.0456,0.0348,0.463,0.721,0.0589,0.05,0.3206,0.0603,0.114,452,61,0.082,0.1018,0.0717,0.428,1951,4,0.001,0.8031,0.0023,0.002,0.1084,0.0548,0.307,0.0619,0.0508,0.498,0.0,0.0313,,0.2192,0.0774,0.215,89,34,0.232,317,48,0.092,0.1805,0.0908,0.306,571,49,0.052,76500,4628,0.037,0.5281,0.3062,0.352,0.3034,0.231,0.463,0.1672,0.0818,0.297,0.7996,0.0471,0.036,0.0675,0.0532,0.479,0.0261,0.0258,0.599,0.0065,0.0086,0.804,0.0305,0.0256,0.511,0.1108,0.0779,0.427
4200313392,2016,1804,105,0.035,852,48,0.034,49.8,2.3,0.028,0.1574,0.0312,0.121,0.2467,0.0382,0.094,0.99,0.0115,0.007,0.0006,0.0011,1.215,0.0033,0.005,0.911,0.0044,0.0072,0.987,55321,3905,0.043,33183,3461,0.063,0.0881,0.0579,0.4,0.0864,0.0636,0.448,0.6204,0.0673,0.066,0.3494,0.0619,0.108,887,25,0.017,0.0395,0.0428,0.66,1954,2,0.001,0.8963,0.036,0.024,0.0552,0.0368,0.405,0.0147,0.0152,0.629,0.0,0.0159,,0.1502,0.0569,0.23,128,49,0.233,724,61,0.051,0.1606,0.075,0.284,874,61,0.042,110300,5441,0.03,0.3672,0.1994,0.33,0.0859,0.0961,0.68,0.2169,0.0616,0.173,0.7468,0.0379,0.031,0.0692,0.0438,0.385,0.0188,0.0163,0.527,0.0,0.0117,,0.0375,0.0242,0.393,0.0657,0.0397,0.367
4200313608,2016,2990,16,0.003,1314,62,0.029,55.5,2.6,0.028,0.1545,0.0289,0.114,0.2806,0.0442,0.096,0.7552,0.0497,0.04,0.1642,0.0281,0.104,0.0431,0.0338,0.476,0.0137,0.0124,0.549,88605,6265,0.043,50954,6409,0.076,0.0272,0.0277,0.618,0.0597,0.0354,0.36,0.648,0.0363,0.034,0.6502,0.0727,0.068,1430,61,0.026,0.0811,0.0369,0.277,1957,2,0.001,0.9706,0.0585,0.037,0.0,0.0099,,0.0098,0.0119,0.736,0.0196,0.0254,0.79,0.07,0.0448,0.389,92,59,0.39,1222,84,0.042,0.0535,0.0368,0.418,1099,104,0.058,166400,8006,0.029,0.0761,0.2118,1.693,0.0,0.1087,,0.1989,0.0682,0.208,0.7848,0.0591,0.046,0.0197,0.017,0.526,0.0,0.0066,,0.0,0.0066,,0.0958,0.0449,0.285,0.0114,0.0125,0.664
4200313704,2016,6719,36,0.003,2936,161,0.033,40.3,3.0,0.045,0.1999,0.0367,0.112,0.1603,0.0231,0.088,0.5614,0.0428,0.046,0.3963,0.0368,0.057,0.0167,0.0186,0.678,0.0086,0.0076,0.535,30513,3595,0.072,19563,1958,0.061,0.3032,0.0664,0.133,0.145,0.0544,0.228,0.5962,0.0375,0.038,0.144,0.0345,0.145,3873,189,0.03,0.2419,0.0409,0.103,1941,3,0.001,0.6517,0.0439,0.041,0.0772,0.0323,0.254,0.072,0.0281,0.237,0.0132,0.0108,0.5,0.4142,0.0646,0.095,1216,201,0.1,1720,176,0.062,0.4007,0.0717,0.109,742,42,0.034,47000,3103,0.04,0.5938,0.0699,0.072,0.3199,0.0553,0.105,0.2326,0.0648,0.169,0.6847,0.0228,0.02,0.1117,0.0435,0.237,0.0318,0.0276,0.529,0.0,0.0051,,0.0299,0.0199,0.405,0.2446,0.057,0.142
4200315216,2016,7755,27,0.002,3500,160,0.028,49.9,2.5,0.03,0.1629,0.0318,0.119,0.2071,0.034,0.1,0.9464,0.0266,0.017,0.0097,0.0084,0.527,0.027,0.0168,0.378,0.0049,0.0059,0.736,68542,16339,0.145,46024,4847,0.064,0.0504,0.0299,0.361,0.0618,0.0254,0.25,0.64,0.0499,0.047,0.4385,0.0537,0.074,3793,194,0.031,0.0772,0.0356,0.28,1990,4,0.001,0.6095,0.0483,0.048,0.0277,0.0245,0.538,0.0232,0.0253,0.663,0.0696,0.0351,0.307,0.1814,0.0458,0.154,635,163,0.156,2865,182,0.039,0.1478,0.0425,0.175,1274,224,0.107,167100,23425,0.085,0.3102,0.1817,0.356,0.1055,0.1052,0.606,0.2161,0.06,0.169,0.816,0.0478,0.036,0.0684,0.0339,0.302,0.006,0.0093,0.936,0.0,0.0035,,0.0551,0.03,0.332,0.0109,0.0101,0.567
4200316144,2016,5617,20,0.002,2707,133,0.03,41.7,3.2,0.047,0.1787,0.0381,0.13,0.1951,0.0301,0.094,0.7554,0.0612,0.049,0.1568,0.052,0.201,0.0011,0.0018,1.013,0.0212,0.0178,0.511,39787,5686,0.087,23778,1863,0.048,0.1676,0.062,0.225,0.0871,0.0285,0.199,0.6334,0.0402,0.039,0.2607,0.0429,0.1,3105,157,0.031,0.1282,0.0453,0.215,1939,,,0.609,0.0393,0.039,0.0853,0.0348,0.248,0.0763,0.0332,0.265,0.172,0.0406,0.144,0.5353,0.0558,0.063,1449,167,0.07,1258,113,0.055,0.4828,0.0564,0.071,674,43,0.039,91200,4461,0.03,0.4389,0.1052,0.146,0.1684,0.0662,0.239,0.1963,0.0609,0.189,0.8266,0.0461,0.034,0.0239,0.0205,0.522,0.0611,0.0298,0.297,0.0,0.0052,,0.018,0.0154,0.519,0.1614,0.0453,0.171
4200316848,2016,5899,22,0.002,2798,142,0.031,39.2,3.7,0.057,0.1641,0.0296,0.11,0.14,0.025,0.109,0.8705,0.038,0.027,0.0809,0.0341,0.256,0.0012,0.0019,0.955,0.0244,0.0212,0.528,51236,4373,0.052,30852,1999,0.039,0.0519,0.0203,0.237,0.038,0.0188,0.3,0.7298,0.0382,0.032,0.3242,0.0443,0.083,3050,153,0.03,0.0826,0.0289,0.213,1939,,,0.4931,0.0425,0.052,0.2803,0.0471,0.102,0.0708,0.0259,0.222,0.0793,0.0253,0.194,0.4846,0.0472,0.059,1356,149,0.067,1442,130,0.055,0.3988,0.0513,0.078,749,34,0.028,117200,5211,0.027,0.278,0.088,0.192,0.1143,0.0599,0.319,0.1442,0.0545,0.23,0.7411,0.039,0.032,0.1229,0.0411,0.203,0.0311,0.0197,0.384,0.0032,0.0046,0.883,0.0209,0.0118,0.344,0.138,0.0393,0.173
4200317048,2016,2607,45,0.01,994,57,0.035,45.0,1.9,0.026,0.2048,0.0306,0.091,0.2014,0.0287,0.087,0.9375,0.0261,0.017,0.0284,0.0207,0.443,0.0038,0.0038,0.608,0.0058,0.0077,0.81,65179,7611,0.071,30354,1815,0.036,0.0596,0.0313,0.32,0.0337,0.0185,0.333,0.6826,0.0327,0.029,0.3031,0.0455,0.091,1063,62,0.035,0.0649,0.0393,0.368,1961,4,0.001,0.826,0.0377,0.028,0.0301,0.019,0.383,0.0263,0.0253,0.584,0.0,0.0133,,0.1147,0.0387,0.205,114,39,0.208,880,61,0.042,0.0915,0.0376,0.25,823,72,0.053,129000,7279,0.034,0.2807,0.2351,0.509,0.1316,0.1422,0.657,0.1693,0.0477,0.171,0.8642,0.037,0.026,0.0159,0.013,0.496,0.0,0.0072,,0.0,0.0072,,0.034,0.0165,0.295,0.0352,0.0233,0.402
4200319576,2016,8491,49,0.004,3950,127,0.02,36.5,1.4,0.023,0.1498,0.0225,0.091,0.1211,0.0173,0.087,0.9349,0.0224,0.015,0.015,0.0117,0.474,0.0112,0.0071,0.384,0.0212,0.012,0.344,58875,4651,0.048,33114,2566,0.047,0.0603,0.0185,0.186,0.0514,0.0168,0.198,0.7471,0.0261,0.021,0.4557,0.0468,0.062,4244,134,0.019,0.0693,0.0268,0.235,1939,,,0.5657,0.0327,0.035,0.217,0.0312,0.087,0.1572,0.0282,0.109,0.0101,0.007,0.417,0.4235,0.0341,0.049,1673,145,0.053,2277,151,0.04,0.3408,0.0367,0.065,802,40,0.03,121000,6088,0.031,0.3365,0.0679,0.123,0.1213,0.0362,0.181,0.2292,0.0455,0.121,0.6574,0.0302,0.028,0.1921,0.0312,0.099,0.0242,0.0102,0.256,0.0,0.0028,,0.0287,0.0119,0.253,0.1418,0.0288,0.123
4200319856,2016,1741,118,0.041,881,53,0.037,50.9,1.4,0.017,0.1252,0.0363,0.176,0.2522,0.0337,0.081,0.9535,0.0362,0.023,0.0304,0.0229,0.457,0.0,0.0057,,0.0,0.0057,,41314,5732,0.084,27609,3188,0.07,0.1591,0.055,0.21,0.0493,0.0298,0.368,0.6369,0.044,0.042,0.1879,0.0521,0.169,996,29,0.018,0.1155,0.0471,0.248,1943,2,0.001,0.6958,0.0492,0.043,0.0552,0.0317,0.349,0.2048,0.0405,0.12,0.0,0.0142,,0.3417,0.0589,0.105,301,55,0.111,580,48,0.05,0.2964,0.0599,0.123,478,20,0.025,59800,4208,0.043,0.3821,0.1134,0.18,0.299,0.1064,0.216,0.1966,0.0746,0.231,0.797,0.0674,0.051,0.0627,0.0345,0.334,0.0159,0.0169,0.645,0.0,0.0106,,0.0085,0.0127,0.91,0.168,0.0477,0.173
4200320432,2016,5534,25,0.003,2263,154,0.041,33.0,3.7,0.068,0.3054,0.0405,0.081,0.1352,0.0234,0.105,0.29,0.0367,0.077,0.5755,0.0482,0.051,0.0009,0.0013,0.851,0.0139,0.0103,0.45,21495,6072,0.172,19466,9188,0.287,0.4017,0.0794,0.12,0.2477,0.0585,0.144,0.595,0.0418,0.043,0.1262,0.0368,0.177,2957,222,0.046,0.2347,0.0526,0.136,1939,,,0.6192,0.0355,0.035,0.0714,0.0272,0.232,0.138,0.0428,0.188,0.0734,0.0216,0.179,0.5904,0.0686,0.071,1336,180,0.082,927,125,0.082,0.5976,0.0709,0.072,575,36,0.038,36000,4902,0.083,0.616,0.0937,0.092,0.3136,0.0784,0.152,0.2136,0.0593,0.169,0.5839,0.0651,0.068,0.2387,0.0696,0.177,0.0542,0.0363,0.407,0.0,0.0083,,0.0238,0.0158,0.403,0.3844,0.0633,0.1
4200321024,2016,1407,93,0.04,670,48,0.044,41.0,2.9,0.043,0.1848,0.0358,0.118,0.135,0.0376,0.169,0.9645,0.0053,0.003,0.0199,0.0234,0.715,0.0,0.0071,,0.0085,0.0071,0.505,48158,7966,0.101,29677,5199,0.106,0.0959,0.0384,0.244,0.0779,0.0343,0.268,0.7605,0.0464,0.037,0.2321,0.0628,0.164,790,29,0.022,0.1519,0.0465,0.186,1944,5,0.002,0.7,0.062,0.054,0.1215,0.0429,0.215,0.0114,0.0188,1.004,0.0316,0.0253,0.486,0.3478,0.0782,0.137,233,55,0.143,437,42,0.058,0.2952,0.0669,0.138,776,14,0.011,72600,6625,0.055,0.382,0.1252,0.199,0.2146,0.1042,0.295,0.151,0.0568,0.229,0.7955,0.0543,0.041,0.0527,0.0335,0.386,0.0226,0.02,0.537,0.0,0.0125,,0.0226,0.0136,0.367,0.094,0.0408,0.264
4200321444,2016,2111,137,0.039,978,63,0.039,42.6,2.7,0.039,0.2051,0.0442,0.131,0.1762,0.0292,0.101,0.8532,0.0398,0.028,0.0502,0.0254,0.307,0.0128,0.0128,0.607,0.009,0.0109,0.735,41081,3841,0.057,24213,2129,0.053,0.0957,0.0418,0.266,0.0743,0.0331,0.271,0.6326,0.0487,0.047,0.1439,0.0389,0.165,1170,41,0.021,0.1641,0.0501,0.186,1948,7,0.002,0.7103,0.06,0.051,0.135,0.0512,0.231,0.0684,0.032,0.285,0.0299,0.0214,0.435,0.456,0.0697,0.093,446,74,0.101,532,66,0.075,0.3638,0.0685,0.114,716,94,0.08,71700,4480,0.038,0.4596,0.1358,0.18,0.1906,0.1005,0.321,0.1692,0.0623,0.224,0.827,0.0528,0.039,0.0134,0.0144,0.652,0.0299,0.0318,0.647,0.0,0.0103,,0.0968,0.0662,0.416,0.1022,0.0457,0.272
4200321712,2016,1844,231,0.076,813,75,0.056,31.9,4.3,0.082,0.2863,0.0656,0.139,0.1188,0.0291,0.149,0.3894,0.0639,0.1,0.5531,0.1004,0.11,0.0249,0.0302,0.736,0.0222,0.0226,0.618,25697,3690,0.087,15185,1590,0.064,0.2632,0.0916,0.212,0.079,0.0469,0.361,0.631,0.0664,0.064,0.0989,0.0398,0.245,1055,40,0.023,0.2294,0.0639,0.169,1951,6,0.002,0.363,0.0678,0.114,0.2152,0.0616,0.174,0.1033,0.0467,0.275,0.0635,0.0287,0.275,0.7331,0.0813,0.067,596,86,0.088,217,52,0.146,0.689,0.1052,0.093,596,62,0.063,43200,8525,0.12,0.4178,0.1219,0.177,0.2064,0.0784,0.231,0.2258,0.1597,0.43,0.5946,0.0777,0.079,0.1893,0.0885,0.284,0.055,0.0449,0.496,0.0,0.0134,,0.0161,0.0159,0.602,0.3075,0.0899,0.178
4200322520,2016,3080,22,0.004,1531,85,0.034,36.0,2.7,0.046,0.1896,0.036,0.115,0.1338,0.0226,0.103,0.8211,0.0487,0.036,0.0873,0.0302,0.21,0.0269,0.0201,0.454,0.0519,0.0325,0.38,73250,4784,0.04,52464,5136,0.06,0.1023,0.0359,0.214,0.0404,0.0155,0.234,0.7835,0.0279,0.022,0.6947,0.0667,0.058,1582,86,0.033,0.0322,0.0227,0.428,1939,,,0.6397,0.0322,0.031,0.1138,0.0352,0.188,0.2124,0.0385,0.11,0.0139,0.0103,0.449,0.3697,0.0423,0.07,566,72,0.077,965,76,0.048,0.3442,0.0483,0.085,770,40,0.032,188400,11632,0.038,0.311,0.1228,0.24,0.1484,0.0917,0.376,0.1679,0.0526,0.19,0.6762,0.0528,0.047,0.1568,0.0333,0.129,0.0092,0.0075,0.499,0.007,0.0075,0.654,0.0781,0.0266,0.207,0.0803,0.028,0.212
4200322576,2016,1639,53,0.02,610,28,0.028,45.2,1.7,0.023,0.2959,0.035,0.072,0.1592,0.0232,0.089,0.9414,0.0282,0.018,0.0,0.0061,,0.0177,0.0128,0.44,0.0189,0.0122,0.392,154545,8304,0.033,92113,11695,0.077,0.0244,0.0122,0.303,0.0369,0.0208,0.342,0.6506,0.0413,0.039,0.8466,0.0704,0.051,677,24,0.022,0.099,0.0353,0.217,1942,4,0.001,0.9542,0.0263,0.017,0.0281,0.0231,0.499,0.0,0.0209,,0.0,0.0209,,0.0885,0.0375,0.257,54,23,0.259,556,33,0.036,0.0659,0.031,0.286,1045,159,0.092,506200,49900,0.06,0.2778,0.3122,0.683,0.2407,0.1542,0.389,0.1888,0.0491,0.158,0.745,0.0461,0.038,0.0173,0.0105,0.371,0.0452,0.0223,0.3,0.0173,0.0132,0.465,0.1062,0.0321,0.184,0.0295,0.0186,0.384
4200322992,2016,1437,97,0.041,642,44,0.042,44.8,3.5,0.047,0.2081,0.0387,0.113,0.1872,0.0327,0.106,0.9429,0.0281,0.018,0.0153,0.0118,0.468,0.0,0.007,,0.0188,0.0146,0.471,37014,4071,0.067,23652,2590,0.067,0.1733,0.0702,0.246,0.0721,0.0437,0.368,0.611,0.0507,0.05,0.1295,0.0368,0.173,727,29,0.024,0.1169,0.0424,0.22,1939,,,0.6314,0.0535,0.052,0.1912,0.0461,0.147,0.0303,0.0191,0.384,0.077,0.0331,0.261,0.4237,0.0586,0.084,272,42,0.094,370,40,0.066,0.364,0.071,0.119,654,69,0.064,81400,4142,0.031,0.5331,0.1512,0.172,0.2978,0.1241,0.253,0.173,0.0921,0.324,0.8338,0.0656,0.048,0.0393,0.0252,0.39,0.0408,0.0221,0.329,0.0,0.0151,,0.0211,0.0133,0.383,0.1371,0.0457,0.203
4200323000,2016,13246,22,0.001,5454,187,0.021,47.0,1.4,0.018,0.1881,0.022,0.071,0.2286,0.0231,0.061,0.977,0.0085,0.005,0.0061,0.006,0.593,0.002,0.0023,0.675,0.005,0.004,0.488,58969,4759,0.049,28954,1245,0.026,0.0823,0.0239,0.177,0.0646,0.0185,0.174,0.5893,0.0244,0.025,0.2499,0.0307,0.075,5948,204,0.021,0.0831,0.0286,0.209,1960,2,0.001,0.8603,0.027,0.019,0.0047,0.0052,0.675,0.0619,0.0248,0.244,0.0326,0.0161,0.3,0.1736,0.0317,0.111,947,176,0.113,4507,195,0.026,0.1299,0.027,0.126,749,33,0.027,116900,4119,0.021,0.3537,0.1302,0.224,0.2566,0.1151,0.273,0.2006,0.0419,0.127,0.8705,0.0162,0.011,0.0102,0.0076,0.45,0.0132,0.0082,0.379,0.0036,0.0056,0.939,0.0303,0.0144,0.289,0.0526,0.025,0.289
4200323616,2016,2443,159,0.04,1141,52,0.028,38.7,4.0,0.063,0.1912,0.0372,0.118,0.1322,0.024,0.11,0.9255,0.0806,0.053,0.034,0.0343,0.614,0.0033,0.0045,0.835,0.0086,0.009,0.636,55399,6346,0.07,30662,3742,0.074,0.05,0.0246,0.299,0.051,0.0246,0.293,0.7345,0.0283,0.023,0.3348,0.0526,0.096,1180,41,0.021,0.0331,0.0356,0.654,1944,5,0.002,0.6186,0.047,0.046,0.1127,0.05,0.27,0.122,0.043,0.214,0.1119,0.0394,0.214,0.3593,0.0518,0.088,410,62,0.092,731,69,0.057,0.2915,0.0557,0.116,738,44,0.036,123000,9723,0.048,0.3463,0.1392,0.244,0.1683,0.1118,0.404,0.171,0.0514,0.183,0.7693,0.0616,0.049,0.0419,0.0247,0.358,0.0362,0.0261,0.439,0.0,0.0071,,0.0546,0.0224,0.249,0.0403,0.0229,0.345
4200324160,2016,3415,18,0.003,1506,91,0.037,36.4,2.9,0.048,0.1804,0.0418,0.141,0.1329,0.0336,0.153,0.9447,0.0342,0.022,0.0152,0.0179,0.713,0.0,0.0029,,0.0281,0.0269,0.583,44615,5623,0.077,25202,2999,0.072,0.1054,0.0398,0.229,0.049,0.0296,0.367,0.6906,0.0472,0.042,0.2175,0.0529,0.148,1642,117,0.043,0.0828,0.049,0.359,1939,,,0.6523,0.0508,0.047,0.2144,0.0618,0.175,0.0274,0.0165,0.366,0.0134,0.0117,0.529,0.417,0.0777,0.113,628,123,0.119,878,114,0.079,0.3503,0.0801,0.139,681,39,0.035,82800,5011,0.037,0.3487,0.1202,0.21,0.1242,0.0623,0.305,0.2574,0.1017,0.24,0.7892,0.0756,0.058,0.0566,0.027,0.29,0.035,0.0273,0.474,0.0,0.0054,,0.0162,0.015,0.565,0.095,0.0427,0.273
4200325400,2016,2366,130,0.033,1009,35,0.021,50.9,2.6,0.031,0.1543,0.0381,0.15,0.2502,0.0338,0.082,0.97,0.0093,0.006,0.0055,0.0084,0.935,0.0076,0.008,0.641,0.0169,0.0173,0.622,59112,5053,0.052,30749,2881,0.057,0.0488,0.0252,0.314,0.0637,0.0279,0.267,0.5879,0.042,0.043,0.1861,0.0423,0.138,1057,23,0.013,0.0454,0.0303,0.405,1954,3,0.001,0.9073,0.0377,0.025,0.0199,0.0203,0.621,0.0,0.0134,,0.0,0.0134,,0.1586,0.0562,0.216,160,57,0.217,849,59,0.042,0.1577,0.0581,0.224,695,64,0.056,117800,9964,0.051,0.1688,0.1152,0.415,0.0875,0.0818,0.568,0.2226,0.07,0.191,0.8446,0.0441,0.032,0.0259,0.0221,0.518,0.0,0.0093,,0.0,0.0093,,0.0444,0.0293,0.401,0.0119,0.0119,0.61
4200325904,2016,5396,19,0.002,2130,145,0.041,41.3,3.0,0.044,0.2485,0.0521,0.127,0.1425,0.0301,0.129,0.9527,0.0406,0.026,0.0258,0.0365,0.862,0.0,0.0026,,0.0145,0.0204,0.857,75968,5827,0.047,34366,3412,0.06,0.055,0.0317,0.35,0.0391,0.0205,0.319,0.7083,0.0475,0.041,0.3883,0.0759,0.119,2280,164,0.044,0.0658,0.0568,0.525,1977,3,0.001,0.6904,0.0502,0.044,0.0386,0.0355,0.559,0.0364,0.0308,0.515,0.0175,0.0157,0.543,0.1638,0.0629,0.233,349,136,0.237,1781,140,0.048,0.1181,0.0546,0.281,670,147,0.133,168900,14063,0.051,0.2206,0.22,0.606,0.1748,0.2068,0.719,0.1673,0.0697,0.253,0.8963,0.0497,0.034,0.0129,0.014,0.656,0.005,0.0082,0.997,0.0,0.005,,0.0327,0.0185,0.343,0.0324,0.0308,0.578
4200326592,2016,6475,42,0.004,3158,170,0.033,48.4,2.7,0.034,0.152,0.0287,0.115,0.2256,0.025,0.067,0.8273,0.0555,0.041,0.1027,0.0411,0.243,0.0094,0.0079,0.508,0.0119,0.009,0.458,63563,6423,0.061,38786,2606,0.041,0.0709,0.0327,0.281,0.0462,0.0237,0.312,0.6704,0.0211,0.019,0.5282,0.0449,0.052,3567,223,0.038,0.1147,0.0366,0.194,1951,2,0.001,0.7662,0.0333,0.026,0.0847,0.0271,0.195,0.0062,0.0078,0.767,0.0496,0.0207,0.253,0.2308,0.0402,0.106,729,133,0.111,2429,190,0.048,0.2281,0.0594,0.158,752,74,0.06,122500,5784,0.029,0.3155,0.1373,0.265,0.1756,0.1178,0.408,0.1622,0.0399,0.149,0.7984,0.038,0.029,0.0653,0.0213,0.198,0.0139,0.0096,0.421,0.0028,0.004,0.851,0.0628,0.0256,0.248,0.0792,0.025,0.192
4200326896,2016,3354,14,0.003,1531,125,0.05,49.0,2.1,0.026,0.1521,0.0385,0.154,0.2481,0.0444,0.109,0.9866,0.014,0.009,0.0134,0.0134,0.608,0.0,0.003,,0.0,0.003,,51122,10343,0.123,28595,2231,0.047,0.0307,0.0184,0.363,0.0974,0.05,0.312,0.6374,0.0481,0.046,0.1844,0.052,0.171,1668,140,0.051,0.0821,0.0487,0.36,1961,6,0.002,0.7626,0.0378,0.03,0.0252,0.0264,0.637,0.006,0.0108,1.095,0.0,0.0085,,0.1202,0.0433,0.219,184,68,0.225,1347,118,0.053,0.1203,0.0591,0.299,905,276,0.185,88400,11711,0.081,0.1196,0.139,0.707,0.0652,0.0722,0.673,0.1834,0.0601,0.199,0.8595,0.0551,0.039,0.0147,0.0165,0.681,0.0153,0.0171,0.678,0.0,0.0061,,0.0337,0.0206,0.371,0.0496,0.0272,0.333
4200327120,2016,5392,17,0.002,1928,111,0.035,48.8,2.4,0.03,0.3025,0.0431,0.087,0.1786,0.0391,0.133,0.8693,0.0457,0.032,0.0,0.0026,,0.0608,0.0256,0.256,0.0384,0.0286,0.452,148553,19071,0.078,90227,15090,0.102,0.0466,0.0591,0.772,0.0943,0.0459,0.296,0.5459,0.0453,0.05,0.8351,0.1042,0.076,1932,116,0.036,0.0021,0.0109,3.191,1967,4,0.001,0.955,0.0277,0.018,0.0,0.0102,,0.0078,0.0144,1.125,0.0052,0.011,1.292,0.056,0.0294,0.319,108,57,0.321,1820,124,0.041,0.0662,0.0419,0.385,,,,548600,64748,0.072,0.1481,0.3129,1.284,0.1481,0.2179,0.894,0.3253,0.0906,0.169,0.7644,0.0751,0.06,0.0,0.007,,0.0151,0.0226,0.909,0.0076,0.0115,0.929,0.0811,0.0433,0.325,0.0244,0.0238,0.595
4200327552,2016,14228,28,0.001,5045,137,0.017,42.9,1.2,0.017,0.2802,0.0263,0.057,0.1446,0.0205,0.086,0.847,0.0259,0.019,0.0101,0.0095,0.574,0.1061,0.0171,0.098,0.0145,0.0084,0.352,121661,6666,0.033,54264,3155,0.035,0.0148,0.0087,0.359,0.0458,0.0164,0.218,0.6758,0.0226,0.02,0.7038,0.0474,0.041,5247,153,0.018,0.0385,0.0261,0.412,1984,1,0.0,0.8597,0.0214,0.015,0.0034,0.005,0.891,0.0111,0.0105,0.58,0.0122,0.0092,0.457,0.0549,0.0198,0.219,277,100,0.219,4768,151,0.019,0.0373,0.016,0.262,1296,246,0.115,312200,15612,0.03,0.3177,0.1736,0.332,0.2455,0.1275,0.316,0.1697,0.0367,0.131,0.813,0.031,0.023,0.0141,0.0093,0.398,0.0078,0.0062,0.481,0.0,0.0024,,0.0785,0.0217,0.168,0.0194,0.0106,0.333
4200327608,2016,1084,96,0.054,475,40,0.051,49.1,1.8,0.022,0.1734,0.0437,0.153,0.1956,0.0288,0.089,0.9899,0.0126,0.008,0.0,0.0092,,0.0065,0.0064,0.606,0.0,0.0092,,56058,8346,0.091,32911,6045,0.112,0.0895,0.0581,0.395,0.0463,0.0235,0.309,0.6351,0.0448,0.043,0.126,0.0371,0.179,547,21,0.023,0.1316,0.0675,0.312,1956,2,0.001,0.8848,0.0521,0.036,0.0219,0.0314,0.871,0.0,0.0259,,0.0,0.0259,,0.0926,0.0435,0.286,44,21,0.29,431,37,0.052,0.0876,0.0455,0.315,850,251,0.18,116200,13985,0.073,0.4545,0.3896,0.521,0.0682,0.0849,0.757,0.2483,0.0748,0.183,0.8964,0.0605,0.041,0.0055,0.0072,0.808,0.0,0.0182,,0.0,0.0182,,0.0073,0.0091,0.757,0.0442,0.0243,0.334
4200329432,2016,4444,26,0.004,1925,89,0.028,41.4,3.0,0.044,0.2176,0.0384,0.107,0.1634,0.0268,0.1,0.9575,0.0278,0.018,0.0131,0.0131,0.608,0.0025,0.0036,0.884,0.0074,0.0072,0.589,37982,3773,0.06,20671,1631,0.048,0.1429,0.0451,0.192,0.099,0.0485,0.298,0.623,0.0423,0.041,0.1526,0.0548,0.219,2266,102,0.027,0.1505,0.0552,0.223,1941,3,0.001,0.7348,0.0543,0.045,0.1447,0.0472,0.198,0.0609,0.0449,0.448,0.0018,0.0059,2.044,0.3688,0.0755,0.124,710,149,0.128,1215,129,0.065,0.3586,0.0779,0.132,604,72,0.072,55300,7129,0.078,0.4254,0.1249,0.179,0.1958,0.1004,0.312,0.1514,0.0492,0.197,0.7969,0.0655,0.05,0.0454,0.0333,0.446,0.0722,0.0413,0.348,0.0,0.0052,,0.0273,0.0163,0.364,0.1704,0.0546,0.195
4200329592,2016,216,39,0.11,73,15,0.125,33.6,4.3,0.078,0.287,0.0901,0.191,0.1157,0.0822,0.432,0.912,0.0472,0.031,0.0,0.0463,,0.0,0.0463,,0.0278,0.0273,0.598,76750,16819,0.133,31438,5264,0.102,0.0741,0.057,0.468,0.1008,0.0626,0.377,0.7532,0.1207,0.097,0.2621,0.0976,0.226,85,17,0.122,0.1412,0.1142,0.492,1939,,,0.9529,0.0923,0.059,0.0235,0.1227,3.171,0.0,0.1664,,0.0,0.1664,,0.2055,0.1011,0.299,15,8,0.324,58,15,0.157,0.1759,0.087,0.301,825,294,0.217,133300,36423,0.166,0.3333,1.1886,2.168,0.3333,0.282,0.514,0.1379,0.3611,1.592,0.7238,0.1155,0.097,0.0381,0.0466,0.744,0.019,0.0281,0.898,0.0,0.0952,,0.0476,0.046,0.587,0.0685,0.1525,1.354
4200329732,2016,553,95,0.104,204,25,0.074,45.5,4.3,0.057,0.2405,0.0483,0.122,0.1736,0.0383,0.134,0.877,0.1867,0.129,0.0452,0.0537,0.722,0.0,0.0181,,0.0145,0.0179,0.753,136250,30962,0.138,69953,13958,0.121,0.0238,0.0164,0.418,0.0182,0.0178,0.592,0.6401,0.0974,0.092,0.677,0.0481,0.043,229,24,0.064,0.1092,0.0733,0.408,1939,,,0.9476,0.0453,0.029,0.0,0.0618,,0.0,0.0618,,0.0,0.0618,,0.0441,0.0388,0.535,9,8,0.54,195,27,0.084,0.0277,0.0273,0.599,,,,403700,41518,0.063,0.0,2.2222,,0.0,1.1111,,0.2513,0.0872,0.211,0.7667,0.1165,0.092,0.0074,0.0147,1.208,0.0556,0.0387,0.423,0.0,0.037,,0.1037,0.0502,0.294,0.0098,0.0512,3.172
4200331256,2016,4749,21,0.003,2020,83,0.025,47.3,1.7,0.022,0.1762,0.0336,0.116,0.2038,0.0309,0.092,0.9278,0.0358,0.023,0.019,0.0131,0.419,0.0465,0.0337,0.44,0.0046,0.0074,0.967,72604,10584,0.089,39666,3454,0.053,0.0823,0.0539,0.398,0.0473,0.0211,0.271,0.6767,0.0381,0.034,0.4107,0.0491,0.073,2204,101,0.028,0.0835,0.042,0.306,1958,2,0.001,0.9437,0.0189,0.012,0.0,0.0064,,0.0227,0.0201,0.538,0.0299,0.0231,0.469,0.0827,0.031,0.228,167,63,0.229,1853,87,0.029,0.0734,0.027,0.224,1162,166,0.087,160900,5899,0.022,0.1437,0.1768,0.748,0.0898,0.1335,0.903,0.1894,0.0578,0.185,0.7509,0.045,0.036,0.0639,0.0268,0.256,0.0099,0.0106,0.655,0.0,0.0039,,0.056,0.0305,0.331,0.0376,0.0258,0.416
4200332328,2016,18472,19,0.001,7223,224,0.019,45.4,0.9,0.012,0.2361,0.0215,0.055,0.1829,0.0193,0.064,0.9369,0.0188,0.012,0.0139,0.0082,0.357,0.0285,0.0156,0.334,0.0156,0.011,0.431,83308,4738,0.035,45908,3854,0.051,0.0416,0.0196,0.287,0.0268,0.0117,0.266,0.655,0.0244,0.023,0.5084,0.0392,0.047,7699,238,0.019,0.0618,0.0238,0.234,1975,2,0.001,0.8048,0.0302,0.023,0.0145,0.0111,0.464,0.0439,0.0136,0.188,0.044,0.0117,0.161,0.1344,0.0249,0.112,971,182,0.114,6252,287,0.028,0.1111,0.0339,0.186,1196,77,0.039,224100,13023,0.035,0.5335,0.1283,0.146,0.3666,0.1002,0.166,0.2324,0.0403,0.105,0.851,0.0258,0.018,0.0189,0.0137,0.439,0.0002,0.0004,1.216,0.0,0.0017,,0.0498,0.0181,0.22,0.0509,0.0192,0.229
4200332624,2016,3049,19,0.004,1362,122,0.054,55.9,3.1,0.034,0.1384,0.0355,0.156,0.3457,0.0524,0.092,0.9574,0.0215,0.014,0.0128,0.0079,0.374,0.0134,0.0141,0.638,0.0134,0.0138,0.623,49643,3332,0.041,38424,7222,0.114,0.0859,0.0429,0.303,0.0545,0.0328,0.366,0.5356,0.048,0.054,0.2678,0.056,0.127,1500,114,0.046,0.092,0.0441,0.292,1959,3,0.001,0.552,0.0569,0.063,0.052,0.0314,0.367,0.0647,0.0326,0.307,0.0,0.0094,,0.2753,0.0715,0.158,375,103,0.167,987,113,0.07,0.2529,0.0691,0.166,680,57,0.051,110300,8379,0.046,0.2907,0.1253,0.262,0.1253,0.081,0.393,0.2138,0.0699,0.199,0.781,0.0826,0.064,0.0512,0.0312,0.371,0.0068,0.0113,1.012,0.0,0.0075,,0.0549,0.0403,0.446,0.0529,0.0353,0.406
4200332832,2016,10458,25,0.001,4416,185,0.025,44.4,2.0,0.027,0.1949,0.0289,0.09,0.1855,0.0239,0.078,0.9396,0.026,0.017,0.0182,0.0124,0.416,0.0089,0.0107,0.732,0.0049,0.0046,0.572,51567,4001,0.047,23987,1279,0.032,0.1314,0.0379,0.175,0.0817,0.026,0.194,0.6215,0.0244,0.024,0.2445,0.0347,0.086,5165,219,0.026,0.145,0.0376,0.158,1952,2,0.001,0.7297,0.0382,0.032,0.0391,0.0185,0.287,0.0852,0.0302,0.216,0.0426,0.0136,0.194,0.3039,0.0439,0.088,1342,202,0.092,3074,246,0.049,0.271,0.0535,0.12,656,59,0.055,96000,4068,0.026,0.4121,0.1175,0.173,0.2355,0.0772,0.199,0.1926,0.0526,0.166,0.8367,0.0452,0.033,0.0031,0.0037,0.729,0.0289,0.0193,0.407,0.0,0.0033,,0.0289,0.0164,0.346,0.0863,0.0251,0.177
4200333312,2016,70,20,0.174,32,14,0.266,53.5,21.7,0.247,0.0286,0.3803,8.091,0.1571,0.386,1.493,1.0,0.0,0.0,0.0,0.1429,,0.0,0.1429,,0.0,0.1429,,65833,18993,0.175,29579,8840,0.182,0.0571,0.0695,0.74,0.08,0.1161,0.882,0.7353,0.1769,0.146,0.35,0.277,0.481,40,15,0.228,0.2,0.1854,0.564,1939,,,0.975,0.0833,0.052,0.0,0.3536,,0.0,0.3536,,0.0,0.3536,,0.25,0.3259,0.792,8,11,0.836,24,9,0.228,0.2714,0.215,0.482,1188,366,0.187,87500,32178,0.224,0.125,2.1906,10.653,0.125,0.3333,1.621,0.1667,1.0339,3.771,0.6889,0.2416,0.213,0.0889,0.0838,0.573,0.0,0.2222,,0.0,0.2222,,0.1111,0.1281,0.701,0.0312,0.326,6.341
4200333592,2016,1314,79,0.037,644,34,0.032,42.7,3.4,0.048,0.1537,0.0332,0.131,0.1728,0.0298,0.105,0.9429,0.0312,0.02,0.0122,0.0106,0.531,0.016,0.0251,0.955,0.0289,0.0212,0.446,43333,8299,0.116,25405,2268,0.054,0.0708,0.0305,0.262,0.0259,0.0166,0.391,0.6877,0.0477,0.042,0.2074,0.048,0.141,692,19,0.017,0.0694,0.0419,0.367,1945,6,0.002,0.7673,0.0491,0.039,0.1228,0.0468,0.231,0.0954,0.0381,0.243,0.0,0.0204,,0.3851,0.0504,0.08,248,35,0.086,396,36,0.055,0.2877,0.0463,0.098,729,162,0.135,97600,6067,0.038,0.375,0.1385,0.225,0.1774,0.1101,0.377,0.1793,0.0663,0.225,0.7653,0.0194,0.015,0.0173,0.0186,0.652,0.0587,0.0329,0.34,0.0,0.0133,,0.0413,0.025,0.368,0.1165,0.0492,0.257
4200335424,2016,3142,16,0.003,1482,120,0.049,39.4,5.5,0.085,0.2387,0.0577,0.147,0.1865,0.0416,0.136,0.2568,0.0617,0.146,0.6665,0.0687,0.063,0.0248,0.029,0.709,0.0,0.0032,,24703,3594,0.088,17298,2080,0.073,0.2912,0.0878,0.183,0.0664,0.0503,0.461,0.5726,0.0601,0.064,0.1764,0.0546,0.188,1882,159,0.051,0.2125,0.0506,0.145,1939,,,0.4649,0.0748,0.098,0.204,0.0782,0.233,0.1026,0.0509,0.302,0.1334,0.0444,0.203,0.6134,0.0804,0.08,909,140,0.094,573,129,0.137,0.5524,0.0976,0.107,679,53,0.047,45400,7022,0.094,0.4829,0.1306,0.164,0.2321,0.104,0.272,0.3438,0.1789,0.316,0.5249,0.0876,0.101,0.2885,0.1091,0.23,0.0848,0.0545,0.391,0.0016,0.0032,1.212,0.0114,0.0145,0.775,0.3974,0.0825,0.126
4200336808,2016,7287,20,0.002,2617,148,0.034,46.1,1.6,0.021,0.2294,0.0261,0.069,0.1795,0.024,0.081,0.8963,0.0388,0.026,0.0114,0.0069,0.366,0.0322,0.014,0.264,0.0246,0.0347,0.859,89663,6617,0.045,49434,5847,0.072,0.0538,0.0262,0.296,0.0408,0.0165,0.245,0.637,0.0283,0.027,0.4601,0.0422,0.056,2868,169,0.036,0.0875,0.0366,0.254,1966,6,0.002,0.8752,0.0475,0.033,0.0265,0.0221,0.507,0.008,0.0092,0.697,0.0,0.0069,,0.1322,0.0347,0.16,346,93,0.163,2271,174,0.047,0.1314,0.0457,0.211,859,66,0.047,230300,16515,0.044,0.2746,0.1592,0.352,0.2168,0.151,0.423,0.1629,0.0404,0.151,0.8367,0.0346,0.025,0.0034,0.004,0.708,0.0195,0.0172,0.535,0.0,0.004,,0.0678,0.0239,0.214,0.0325,0.0198,0.37
4200337000,2016,3294,19,0.004,1487,102,0.042,41.9,3.8,0.055,0.1794,0.0454,0.154,0.1412,0.0288,0.124,0.8816,0.0538,0.037,0.0707,0.0452,0.389,0.0052,0.0061,0.715,0.0118,0.0128,0.655,48490,7362,0.092,32380,9054,0.17,0.1132,0.0602,0.323,0.0549,0.0349,0.387,0.7099,0.0539,0.046,0.2284,0.0498,0.132,1632,112,0.042,0.0888,0.0443,0.303,1939,,,0.5913,0.0434,0.045,0.2316,0.0629,0.165,0.117,0.0417,0.216,0.0447,0.0221,0.3,0.3665,0.0624,0.103,545,100,0.112,942,119,0.077,0.3221,0.0783,0.148,809,86,0.065,99000,8305,0.051,0.3761,0.1275,0.206,0.1486,0.0779,0.319,0.2028,0.0849,0.255,0.7399,0.0749,0.062,0.1365,0.0405,0.18,0.041,0.0268,0.397,0.0,0.0054,,0.0038,0.0059,0.954,0.0908,0.0382,0.256
4200337955,2016,11214,32,0.002,4416,197,0.027,43.8,1.7,0.024,0.2198,0.029,0.08,0.1741,0.0208,0.073,0.9543,0.0244,0.016,0.0289,0.0224,0.471,0.0074,0.008,0.659,0.0034,0.0029,0.512,79615,12429,0.095,41523,5061,0.074,0.0325,0.013,0.243,0.0435,0.0183,0.256,0.66,0.0239,0.022,0.4289,0.0428,0.061,4601,216,0.029,0.0402,0.0214,0.324,1976,2,0.001,0.7633,0.0134,0.011,0.0135,0.0064,0.288,0.0598,0.019,0.193,0.0133,0.0076,0.349,0.2052,0.0296,0.088,906,137,0.092,3510,241,0.042,0.1689,0.0398,0.143,917,57,0.038,193200,20524,0.065,0.2406,0.0818,0.207,0.1291,0.0586,0.276,0.1735,0.048,0.168,0.8425,0.0422,0.03,0.0223,0.0114,0.312,0.0009,0.0013,0.851,0.0,0.0029,,0.0505,0.0256,0.308,0.0462,0.0201,0.265
4200339312,2016,8007,32,0.002,3390,117,0.021,49.4,2.2,0.027,0.1837,0.0268,0.089,0.2154,0.0237,0.067,0.9462,0.0341,0.022,0.0056,0.0055,0.594,0.0332,0.0342,0.626,0.0014,0.002,0.884,66353,6482,0.059,34072,2342,0.042,0.0539,0.0235,0.265,0.0361,0.0191,0.322,0.6473,0.0243,0.023,0.3374,0.0371,0.067,3580,136,0.023,0.0531,0.02,0.229,1969,2,0.001,0.7165,0.0315,0.027,0.0366,0.0184,0.306,0.0461,0.0178,0.235,0.0508,0.0233,0.279,0.1714,0.031,0.11,581,107,0.112,2809,154,0.033,0.1437,0.0395,0.167,812,92,0.069,164800,4153,0.015,0.6454,0.1715,0.162,0.2978,0.1053,0.215,0.173,0.0412,0.145,0.8168,0.0416,0.031,0.032,0.0146,0.278,0.0,0.0034,,0.0,0.0034,,0.0513,0.0242,0.287,0.0643,0.0208,0.197
4200339624,2016,632,69,0.066,273,36,0.08,45.2,4.5,0.061,0.2247,0.0442,0.12,0.212,0.0412,0.118,0.9272,0.1399,0.092,0.0411,0.0281,0.416,0.0127,0.0126,0.604,0.0063,0.0111,1.062,73125,27585,0.229,39430,4995,0.077,0.0545,0.0374,0.417,0.0319,0.0227,0.434,0.6765,0.0625,0.056,0.4905,0.0583,0.072,313,38,0.074,0.1278,0.0653,0.31,1955,2,0.001,1.0,0.0,0.0,0.0,0.0452,,0.0,0.0452,,0.0,0.0452,,0.0916,0.0574,0.381,25,16,0.389,248,34,0.083,0.068,0.0389,0.347,783,442,0.343,193800,23019,0.072,0.44,0.8452,1.168,0.44,0.484,0.669,0.2097,0.0854,0.247,0.696,0.0654,0.057,0.0486,0.0389,0.487,0.0182,0.0211,0.704,0.0,0.0304,,0.0152,0.0151,0.602,0.0293,0.021,0.436
4200342368,2016,1622,109,0.041,602,32,0.032,43.3,1.2,0.017,0.2651,0.0395,0.091,0.1572,0.022,0.085,0.9408,0.0334,0.022,0.0111,0.0111,0.607,0.0265,0.0196,0.451,0.0092,0.0111,0.728,80192,11815,0.09,40192,4175,0.063,0.0298,0.0231,0.471,0.0154,0.0117,0.463,0.6722,0.0591,0.053,0.467,0.0522,0.068,657,15,0.014,0.0837,0.0426,0.309,1964,3,0.001,0.9589,0.0273,0.017,0.0335,0.0198,0.36,0.0076,0.0186,1.484,0.0,0.0215,,0.1096,0.0361,0.2,66,22,0.203,536,33,0.037,0.0875,0.0328,0.228,908,59,0.04,203800,14178,0.042,0.3636,0.2954,0.494,0.1667,0.1731,0.631,0.1866,0.0577,0.188,0.836,0.1276,0.093,0.0122,0.0085,0.42,0.0122,0.0109,0.543,0.0,0.0122,,0.0771,0.037,0.292,0.0316,0.0164,0.315
4200342392,2016,1287,94,0.044,574,38,0.04,42.2,3.6,0.052,0.2385,0.0464,0.118,0.1989,0.0273,0.083,0.77,0.0644,0.051,0.0396,0.0176,0.271,0.0117,0.0132,0.688,0.1204,0.1022,0.516,46389,6098,0.08,27154,3742,0.084,0.1927,0.1211,0.382,0.0285,0.0315,0.672,0.6089,0.0515,0.051,0.3297,0.061,0.112,636,24,0.023,0.0975,0.0502,0.313,1939,,,0.5849,0.0487,0.051,0.0472,0.0261,0.336,0.0267,0.0268,0.611,0.1179,0.0377,0.195,0.3676,0.069,0.114,211,42,0.121,363,34,0.057,0.2494,0.0504,0.123,787,127,0.098,76000,5148,0.041,0.3318,0.109,0.2,0.1469,0.0648,0.268,0.2039,0.1003,0.299,0.7783,0.0377,0.029,0.0296,0.021,0.433,0.0624,0.032,0.311,0.0049,0.0065,0.807,0.0328,0.0243,0.45,0.1289,0.0476,0.224
4200343064,2016,2554,124,0.03,1114,45,0.025,45.9,1.3,0.017,0.1613,0.0288,0.109,0.2126,0.0298,0.085,0.9295,0.0304,0.02,0.0368,0.0305,0.504,0.0102,0.0121,0.724,0.0082,0.0063,0.462,51892,4976,0.058,25788,1900,0.045,0.0912,0.0332,0.221,0.0887,0.0431,0.295,0.6306,0.0375,0.036,0.1685,0.0397,0.143,1167,22,0.011,0.0454,0.0334,0.447,1953,2,0.001,0.934,0.0274,0.018,0.0214,0.0133,0.378,0.0249,0.0192,0.469,0.0,0.0121,,0.1409,0.0445,0.192,157,50,0.194,957,57,0.036,0.1353,0.0466,0.21,765,100,0.079,74800,2380,0.019,0.414,0.1852,0.272,0.1592,0.1028,0.393,0.1327,0.0388,0.178,0.8428,0.0341,0.025,0.0284,0.0226,0.484,0.0178,0.0251,0.855,0.0041,0.0057,0.849,0.0081,0.0081,0.606,0.0682,0.0371,0.33
4200343408,2016,1040,65,0.038,442,27,0.037,49.0,2.8,0.035,0.1654,0.036,0.132,0.2087,0.0348,0.101,0.9548,0.0311,0.02,0.0077,0.0067,0.531,0.0,0.0096,,0.0327,0.0288,0.535,54833,6197,0.069,26657,2128,0.049,0.0856,0.0364,0.259,0.0756,0.0357,0.287,0.585,0.0603,0.063,0.1312,0.0331,0.153,483,19,0.024,0.0849,0.0392,0.281,1952,3,0.001,0.9689,0.0162,0.01,0.0124,0.0241,1.181,0.0,0.0293,,0.0,0.0293,,0.0656,0.0291,0.27,29,13,0.273,413,27,0.04,0.0557,0.0311,0.339,625,303,0.295,84500,3263,0.023,0.4138,0.5518,0.811,0.1724,0.1919,0.677,0.138,0.0658,0.29,0.8395,0.0531,0.038,0.0108,0.0173,0.97,0.0087,0.013,0.909,0.0,0.0217,,0.0325,0.0235,0.44,0.052,0.0426,0.497
4200345900,2016,28872,30,0.001,11791,290,0.015,43.7,1.1,0.015,0.2052,0.017,0.05,0.1958,0.0143,0.044,0.8645,0.019,0.013,0.0286,0.0123,0.262,0.0759,0.0133,0.107,0.0157,0.0064,0.246,80265,3908,0.03,40269,1670,0.025,0.0508,0.0105,0.126,0.0361,0.0096,0.163,0.6427,0.0174,0.016,0.5753,0.0298,0.031,12263,276,0.014,0.0385,0.0161,0.255,1973,1,0.0,0.6647,0.0154,0.014,0.0128,0.0056,0.268,0.1257,0.0194,0.094,0.0925,0.0165,0.109,0.2475,0.0228,0.056,2918,278,0.058,8873,267,0.018,0.1811,0.0182,0.061,962,39,0.025,223000,6983,0.019,0.4311,0.0733,0.103,0.1851,0.053,0.174,0.1802,0.0263,0.089,0.8238,0.0264,0.019,0.0234,0.0077,0.199,0.0123,0.0053,0.261,0.0006,0.0009,0.988,0.0478,0.0108,0.137,0.0611,0.0152,0.151
4200346072,2016,503,126,0.152,203,48,0.144,42.7,11.6,0.165,0.2247,0.0741,0.201,0.2485,0.0658,0.161,0.9881,0.3493,0.215,0.0,0.0199,,0.0,0.0199,,0.0,0.0199,,49271,17093,0.211,21947,3580,0.099,0.1034,0.1121,0.659,0.0,0.0457,,0.5434,0.1833,0.205,0.0856,0.0949,0.674,203,48,0.144,0.0,0.0493,,1939,,,1.0,0.0,0.0,0.0,0.0697,,0.0,0.0697,,0.0,0.0697,,0.064,0.0773,0.734,13,16,0.748,190,48,0.154,0.1034,0.1103,0.649,,,,106500,11136,0.064,1.0,1.3323,0.81,1.0,0.0,0.0,0.2211,0.1671,0.46,0.9612,0.1029,0.065,0.0,0.0485,,0.0388,0.0607,0.951,0.0,0.0485,,0.0,0.0485,,0.0296,0.0659,1.355
4200346256,2016,19529,39,0.001,8819,285,0.02,42.2,1.6,0.023,0.211,0.0209,0.06,0.1857,0.0154,0.05,0.5876,0.0261,0.027,0.3325,0.0247,0.045,0.004,0.003,0.452,0.0302,0.0124,0.25,26271,3315,0.077,18284,1143,0.038,0.3334,0.0392,0.072,0.1516,0.0265,0.106,0.5655,0.0208,0.022,0.1227,0.0159,0.079,11037,332,0.018,0.201,0.0206,0.062,1939,,,0.6741,0.0155,0.014,0.0814,0.0152,0.114,0.0767,0.0172,0.137,0.0973,0.0154,0.096,0.4767,0.0274,0.035,4204,277,0.04,4615,260,0.034,0.4441,0.0314,0.043,573,36,0.038,45700,2708,0.036,0.5416,0.067,0.075,0.2645,0.0488,0.112,0.1944,0.032,0.1,0.7317,0.0324,0.027,0.1001,0.0243,0.148,0.0499,0.0242,0.296,0.0035,0.0032,0.56,0.0091,0.0056,0.374,0.2998,0.0265,0.054
4200346264,2016,6046,38,0.004,2691,196,0.044,37.2,3.0,0.049,0.2206,0.0474,0.131,0.1355,0.0245,0.11,0.6601,0.0606,0.056,0.2686,0.0599,0.135,0.0,0.0023,,0.0205,0.0207,0.613,29431,3855,0.08,21634,4763,0.134,0.2555,0.0643,0.153,0.091,0.0352,0.235,0.6607,0.0348,0.032,0.1247,0.0347,0.169,3317,231,0.042,0.1887,0.0455,0.146,1939,,,0.4851,0.0485,0.061,0.1987,0.0517,0.158,0.1396,0.033,0.144,0.0525,0.023,0.266,0.6035,0.0658,0.066,1624,213,0.08,1067,121,0.069,0.5455,0.0653,0.073,648,63,0.059,43500,6942,0.097,0.5172,0.1033,0.121,0.2962,0.0831,0.171,0.1396,0.0566,0.247,0.637,0.0659,0.063,0.1489,0.0453,0.185,0.0934,0.0401,0.261,0.0,0.0048,,0.0107,0.011,0.626,0.3177,0.0586,0.112
4200347696,2016,7914,30,0.002,2776,141,0.031,41.7,2.9,0.042,0.2908,0.0439,0.092,0.1156,0.0244,0.128,0.8768,0.0219,0.015,0.0099,0.0125,0.772,0.1034,0.0189,0.111,0.0021,0.004,1.144,114917,15221,0.081,53227,5658,0.065,0.0222,0.0202,0.552,0.057,0.0252,0.269,0.6679,0.0364,0.033,0.7501,0.0827,0.067,2949,165,0.034,0.0587,0.0361,0.374,1990,2,0.001,0.8128,0.0412,0.031,0.0515,0.0405,0.477,0.0081,0.0103,0.77,0.0078,0.0103,0.806,0.121,0.0537,0.27,336,150,0.271,2440,177,0.044,0.0922,0.0469,0.309,1632,796,0.297,311100,27925,0.055,0.4107,0.3173,0.47,0.3155,0.3217,0.62,0.1418,0.0521,0.223,0.7786,0.0551,0.043,0.009,0.0109,0.736,0.0,0.0038,,0.0224,0.0278,0.755,0.1025,0.0512,0.303,0.0256,0.0187,0.443
4200349920,2016,3714,33,0.005,1917,156,0.049,40.6,4.2,0.063,0.1756,0.0357,0.124,0.1309,0.0353,0.164,0.9246,0.0409,0.027,0.0401,0.0328,0.498,0.0035,0.0051,0.888,0.0067,0.0059,0.535,35496,6598,0.113,23395,2743,0.071,0.2375,0.0831,0.213,0.0426,0.0246,0.352,0.7068,0.0501,0.043,0.1888,0.0467,0.15,2229,168,0.046,0.14,0.0637,0.277,1939,,,0.4388,0.0747,0.103,0.284,0.077,0.165,0.0745,0.0484,0.395,0.0821,0.0358,0.265,0.5952,0.0786,0.08,1141,177,0.094,776,119,0.093,0.4877,0.0751,0.094,662,79,0.073,68700,10561,0.093,0.4233,0.1288,0.185,0.1648,0.0802,0.296,0.1637,0.0703,0.261,0.6811,0.0464,0.041,0.0945,0.0514,0.331,0.055,0.0315,0.348,0.0116,0.0125,0.656,0.0203,0.0192,0.576,0.2066,0.0687,0.202
4200350528,2016,28250,31,0.001,12549,344,0.017,44.4,1.1,0.015,0.1731,0.0164,0.057,0.2165,0.0154,0.043,0.7572,0.0225,0.018,0.134,0.0178,0.081,0.0547,0.0119,0.133,0.0216,0.0084,0.237,58538,3136,0.033,33002,1558,0.029,0.0835,0.0174,0.127,0.0453,0.0118,0.158,0.6327,0.0181,0.017,0.3867,0.026,0.041,13513,380,0.017,0.0713,0.0175,0.149,1966,2,0.001,0.666,0.0197,0.018,0.0149,0.0056,0.23,0.1176,0.0216,0.112,0.1428,0.0177,0.075,0.3521,0.0216,0.037,4419,297,0.041,8130,334,0.025,0.2712,0.0241,0.054,892,31,0.021,135000,4333,0.02,0.4085,0.0628,0.093,0.2215,0.0503,0.138,0.1782,0.0232,0.079,0.7539,0.0283,0.023,0.0471,0.0125,0.161,0.0238,0.009,0.229,0.0009,0.0016,1.075,0.0526,0.0145,0.167,0.0757,0.0155,0.125
4200350784,2016,25435,28,0.001,9794,321,0.02,39.4,1.7,0.026,0.2026,0.0189,0.057,0.1327,0.0123,0.056,0.8648,0.0248,0.017,0.044,0.0144,0.198,0.0427,0.0118,0.168,0.0262,0.0182,0.424,75553,5379,0.043,39428,2198,0.034,0.0655,0.0193,0.179,0.0603,0.0162,0.163,0.726,0.0209,0.017,0.498,0.0338,0.041,10342,337,0.02,0.053,0.0184,0.211,1975,2,0.001,0.65,0.0233,0.022,0.0283,0.0112,0.241,0.1826,0.0279,0.093,0.0449,0.0156,0.212,0.28,0.0225,0.049,2742,238,0.053,7052,351,0.03,0.2286,0.0339,0.09,919,47,0.031,192900,6440,0.02,0.3942,0.078,0.12,0.1707,0.0431,0.154,0.1378,0.0245,0.108,0.7953,0.0203,0.015,0.0333,0.0161,0.293,0.0249,0.0081,0.197,0.0,0.0013,,0.0357,0.0096,0.163,0.0408,0.0152,0.226
4200351696,2016,32865,69,0.001,13951,335,0.015,44.4,1.0,0.014,0.2396,0.0154,0.039,0.1986,0.0137,0.042,0.9111,0.0129,0.009,0.0096,0.0058,0.366,0.0418,0.0101,0.147,0.0181,0.0062,0.207,86422,4297,0.03,52900,4145,0.048,0.0566,0.0119,0.127,0.0353,0.0109,0.187,0.6278,0.0104,0.01,0.6886,0.0283,0.025,14783,355,0.015,0.0563,0.0154,0.166,1952,1,0.0,0.6762,0.0125,0.011,0.0405,0.0087,0.131,0.0829,0.0134,0.098,0.1536,0.0153,0.061,0.2669,0.0211,0.048,3724,307,0.05,10227,299,0.018,0.1843,0.0193,0.064,854,64,0.046,235200,7188,0.019,0.4503,0.0521,0.07,0.2409,0.0372,0.094,0.1747,0.0235,0.082,0.7085,0.0209,0.018,0.102,0.0164,0.098,0.0269,0.0083,0.187,0.0032,0.0027,0.523,0.0744,0.0134,0.11,0.097,0.0159,0.1
4200351744,2016,3362,33,0.006,1390,138,0.06,32.3,4.5,0.085,0.2534,0.0538,0.129,0.1005,0.0306,0.185,0.575,0.0834,0.088,0.3328,0.0969,0.177,0.0226,0.0241,0.648,0.0232,0.0303,0.795,33750,5737,0.103,19811,5639,0.173,0.3656,0.1098,0.183,0.2055,0.0755,0.223,0.6277,0.0701,0.068,0.1464,0.0462,0.192,1770,150,0.052,0.2147,0.0582,0.165,1939,,,0.578,0.0614,0.065,0.2588,0.0832,0.195,0.0712,0.0381,0.325,0.0424,0.0316,0.454,0.5791,0.0862,0.09,805,144,0.109,585,115,0.12,0.572,0.0864,0.092,699,92,0.08,54300,6468,0.072,0.4758,0.1363,0.174,0.3752,0.1219,0.197,0.2171,0.1067,0.299,0.5276,0.0958,0.11,0.2715,0.0887,0.199,0.0521,0.039,0.454,0.0,0.0077,,0.0146,0.0183,0.762,0.3741,0.0976,0.159
4200352320,2016,11305,24,0.001,4958,285,0.035,42.2,1.9,0.027,0.1966,0.0315,0.097,0.1842,0.0245,0.081,0.8409,0.0376,0.027,0.1093,0.0373,0.208,0.005,0.0078,0.939,0.0265,0.0181,0.415,48978,5035,0.062,27074,1939,0.044,0.1069,0.0357,0.203,0.0777,0.0276,0.216,0.6791,0.0308,0.028,0.2643,0.0354,0.082,5757,350,0.037,0.1388,0.0351,0.154,1947,3,0.001,0.6286,0.0253,0.025,0.1214,0.034,0.17,0.1202,0.0276,0.139,0.0591,0.0151,0.155,0.3852,0.0437,0.069,1910,243,0.077,3048,247,0.049,0.3582,0.0488,0.083,656,43,0.04,81500,3406,0.025,0.3665,0.0797,0.132,0.1241,0.0516,0.253,0.2129,0.0539,0.154,0.6993,0.0543,0.047,0.0965,0.0324,0.204,0.0384,0.0237,0.376,0.0,0.0028,,0.0421,0.0244,0.353,0.1392,0.0325,0.142
4200353136,2016,1145,69,0.037,595,30,0.031,47.1,3.0,0.039,0.1336,0.0306,0.139,0.2183,0.0381,0.106,0.9109,0.0269,0.018,0.0288,0.0209,0.441,0.0044,0.0052,0.729,0.0376,0.034,0.55,44375,7189,0.098,28690,3190,0.068,0.1293,0.0529,0.249,0.0525,0.0274,0.317,0.6799,0.0406,0.036,0.1641,0.0447,0.166,623,25,0.024,0.0449,0.0321,0.434,1947,2,0.001,0.5666,0.06,0.064,0.3547,0.0682,0.117,0.0209,0.0303,0.882,0.0048,0.0173,2.182,0.5261,0.0618,0.071,313,40,0.078,282,35,0.075,0.5135,0.0779,0.092,743,72,0.059,85200,6004,0.043,0.3387,0.1072,0.192,0.2652,0.1032,0.237,0.2021,0.0833,0.251,0.7997,0.062,0.047,0.0188,0.014,0.453,0.036,0.0217,0.367,0.0,0.0156,,0.0141,0.0109,0.47,0.1328,0.0523,0.24
4200354816,2016,4810,23,0.003,2295,145,0.038,41.2,4.1,0.06,0.2528,0.0403,0.097,0.1676,0.0281,0.102,0.4834,0.0501,0.063,0.3871,0.0511,0.08,0.0035,0.0037,0.644,0.0268,0.0173,0.391,28565,5455,0.116,18324,1962,0.065,0.3172,0.0742,0.142,0.0891,0.0302,0.206,0.5955,0.054,0.055,0.0996,0.0286,0.175,2947,171,0.035,0.2212,0.0372,0.102,1941,2,0.001,0.6135,0.041,0.041,0.1283,0.0333,0.158,0.0668,0.0236,0.215,0.0814,0.0266,0.199,0.4863,0.0512,0.064,1116,137,0.075,1179,131,0.068,0.4658,0.065,0.085,509,31,0.037,35400,6052,0.104,0.5349,0.0965,0.11,0.2733,0.0694,0.154,0.2324,0.0767,0.201,0.6479,0.0427,0.04,0.1389,0.0467,0.204,0.0036,0.0051,0.865,0.0,0.0052,,0.065,0.0474,0.443,0.2436,0.0438,0.109
4200355016,2016,14385,38,0.002,6113,286,0.028,38.9,2.5,0.039,0.2108,0.0256,0.074,0.1149,0.019,0.101,0.9369,0.0206,0.013,0.0112,0.0067,0.362,0.0256,0.0151,0.358,0.0141,0.0111,0.476,71394,4655,0.04,39340,3194,0.049,0.0811,0.0302,0.227,0.0369,0.0142,0.235,0.7375,0.026,0.021,0.3842,0.0352,0.056,6459,332,0.031,0.0536,0.029,0.329,1986,2,0.001,0.5444,0.0292,0.033,0.0127,0.0097,0.462,0.1056,0.0286,0.165,0.037,0.016,0.263,0.2518,0.0366,0.088,1539,235,0.093,4574,260,0.035,0.2232,0.0367,0.1,1033,84,0.049,152500,10615,0.042,0.2599,0.0789,0.184,0.1105,0.0567,0.312,0.1904,0.0423,0.135,0.8481,0.0375,0.027,0.0134,0.0068,0.308,0.0017,0.0027,0.955,0.0,0.002,,0.0302,0.0116,0.234,0.0193,0.0111,0.349
4200355488,2016,10178,33,0.002,4599,258,0.034,43.9,2.0,0.028,0.1892,0.038,0.122,0.1827,0.0249,0.083,0.7754,0.057,0.045,0.1994,0.0559,0.17,0.0036,0.0059,0.986,0.0035,0.0039,0.675,42478,3807,0.054,24901,2336,0.057,0.1828,0.0602,0.2,0.0556,0.0226,0.247,0.617,0.0432,0.043,0.1819,0.0383,0.128,5341,385,0.044,0.1389,0.0444,0.194,1957,2,0.001,0.6922,0.0335,0.029,0.0618,0.0278,0.273,0.0813,0.0285,0.213,0.0749,0.0326,0.265,0.3149,0.0496,0.096,1448,242,0.102,3151,304,0.059,0.2739,0.0668,0.148,643,34,0.032,78000,3357,0.026,0.4599,0.1079,0.143,0.2203,0.0773,0.213,0.173,0.0461,0.162,0.7527,0.0476,0.038,0.065,0.0311,0.291,0.0233,0.0184,0.48,0.0,0.0033,,0.0279,0.0175,0.382,0.1229,0.0328,0.162
4200355840,2016,1508,102,0.041,638,49,0.047,47.1,2.4,0.031,0.1771,0.0331,0.114,0.2062,0.0232,0.068,0.9629,0.0264,0.017,0.0119,0.0112,0.573,0.0,0.0066,,0.0106,0.0099,0.568,58618,3217,0.033,31287,3289,0.064,0.0656,0.0292,0.271,0.0445,0.0218,0.298,0.6411,0.0477,0.045,0.2214,0.0378,0.104,667,39,0.036,0.0435,0.0374,0.523,1954,4,0.001,0.8051,0.064,0.048,0.072,0.0411,0.348,0.057,0.0214,0.228,0.0165,0.0283,1.042,0.1881,0.0447,0.145,120,30,0.152,518,53,0.062,0.1592,0.0486,0.185,644,382,0.361,119400,8219,0.042,0.2667,0.211,0.481,0.125,0.1467,0.713,0.1236,0.0428,0.21,0.8194,0.0298,0.022,0.0366,0.0206,0.342,0.0223,0.0156,0.425,0.0,0.0131,,0.0275,0.0155,0.342,0.0643,0.031,0.293
4200356088,2016,6420,20,0.002,3115,114,0.022,47.9,2.7,0.034,0.1564,0.023,0.089,0.2483,0.0278,0.068,0.9578,0.014,0.009,0.0081,0.0053,0.397,0.0234,0.012,0.312,0.0095,0.0059,0.379,61523,3081,0.03,40298,3026,0.046,0.0614,0.0241,0.238,0.0378,0.0152,0.245,0.6344,0.0286,0.027,0.4826,0.0463,0.058,3258,113,0.021,0.0439,0.0217,0.301,1954,2,0.001,0.5276,0.0295,0.034,0.1166,0.0266,0.139,0.1258,0.0277,0.134,0.0856,0.0224,0.159,0.382,0.0362,0.058,1190,121,0.062,1925,117,0.037,0.3114,0.038,0.074,827,36,0.026,175000,9682,0.034,0.3092,0.0771,0.152,0.1185,0.0464,0.238,0.24,0.0492,0.125,0.791,0.0327,0.025,0.0333,0.017,0.31,0.0351,0.0191,0.331,0.0,0.0042,,0.0549,0.0201,0.223,0.0719,0.0266,0.225
4200356384,2016,8529,20,0.001,3500,110,0.019,48.8,1.9,0.024,0.2147,0.0274,0.078,0.2291,0.0226,0.06,0.8706,0.0295,0.021,0.0079,0.0067,0.517,0.0767,0.0216,0.171,0.017,0.0091,0.327,87917,8379,0.058,47319,3734,0.048,0.0352,0.0164,0.282,0.0421,0.0141,0.203,0.6184,0.0313,0.031,0.6122,0.0428,0.043,3706,126,0.021,0.0556,0.0294,0.321,1960,3,0.001,0.8627,0.0275,0.019,0.0086,0.0076,0.537,0.0092,0.0071,0.469,0.0685,0.0188,0.167,0.146,0.0302,0.126,511,107,0.127,2989,131,0.027,0.1243,0.0383,0.187,1095,217,0.12,220000,16909,0.047,0.501,0.1479,0.179,0.3092,0.1049,0.206,0.1489,0.0365,0.149,0.8278,0.0309,0.023,0.0185,0.0089,0.293,0.0065,0.0062,0.583,0.0023,0.0038,1.012,0.0526,0.017,0.196,0.0523,0.0227,0.264
4200356392,2016,5937,33,0.003,2201,200,0.055,36.5,2.7,0.045,0.2441,0.0433,0.108,0.1127,0.0279,0.15,0.8479,0.0635,0.046,0.0645,0.0583,0.549,0.0522,0.0332,0.386,0.0133,0.0131,0.6,105919,15546,0.089,45544,4814,0.064,0.043,0.0297,0.42,0.0378,0.022,0.353,0.7691,0.0509,0.04,0.5888,0.0748,0.077,2307,214,0.056,0.0459,0.037,0.49,1995,3,0.001,0.6632,0.0554,0.051,0.0633,0.042,0.403,0.1218,0.0545,0.272,0.0169,0.0131,0.473,0.2971,0.067,0.137,654,159,0.148,1547,193,0.076,0.2434,0.075,0.187,1192,66,0.034,271000,23023,0.052,0.2278,0.1436,0.383,0.0963,0.0997,0.629,0.1519,0.0575,0.23,0.8627,0.0398,0.028,0.0113,0.0116,0.623,0.0,0.0044,,0.0,0.0044,,0.049,0.0273,0.339,0.01,0.0134,0.814
4200359032,2016,42073,29,0.0,18464,354,0.012,45.3,0.9,0.012,0.186,0.0151,0.049,0.1981,0.0124,0.038,0.5768,0.0153,0.016,0.3621,0.0162,0.027,0.0047,0.0026,0.333,0.0176,0.0051,0.175,49844,2061,0.025,26847,969,0.022,0.1109,0.0198,0.109,0.079,0.0139,0.107,0.6536,0.0159,0.015,0.2906,0.0208,0.043,20284,376,0.011,0.0897,0.0159,0.108,1957,1,0.0,0.8389,0.0148,0.011,0.0282,0.0088,0.189,0.036,0.0085,0.144,0.0481,0.0093,0.117,0.2389,0.0238,0.06,4411,447,0.062,14053,399,0.017,0.2097,0.0235,0.068,779,46,0.036,86800,1955,0.014,0.494,0.0594,0.073,0.2609,0.0542,0.126,0.2081,0.0237,0.069,0.7734,0.0232,0.018,0.076,0.0153,0.122,0.0158,0.0062,0.239,0.0014,0.0014,0.608,0.0382,0.0108,0.172,0.0992,0.0163,0.1
4200359152,2016,738,49,0.04,487,27,0.034,36.9,4.0,0.066,0.0827,0.0377,0.278,0.1504,0.0422,0.17,0.9092,0.0363,0.024,0.0583,0.0364,0.38,0.0,0.0136,,0.0,0.0136,,54779,6122,0.068,41791,4733,0.069,0.0664,0.0544,0.498,0.0102,0.0084,0.505,0.8653,0.0267,0.019,0.5851,0.0766,0.08,503,24,0.029,0.0318,0.0278,0.531,1973,1,0.0,0.0239,0.0218,0.556,0.0159,0.0267,1.022,0.2366,0.0665,0.171,0.0199,0.0326,0.997,0.2012,0.0585,0.177,98,29,0.18,389,38,0.059,0.1883,0.0597,0.193,1009,78,0.047,109200,1867,0.01,0.2347,0.1289,0.334,0.1327,0.0942,0.432,0.1465,0.0601,0.249,0.8157,0.039,0.029,0.0365,0.0259,0.432,0.0,0.0174,,0.0035,0.0052,0.911,0.08,0.0465,0.354,0.0123,0.0251,1.236
4200360272,2016,12477,26,0.001,4446,144,0.02,41.4,1.2,0.018,0.2905,0.039,0.082,0.0954,0.0214,0.136,0.9308,0.0284,0.019,0.0123,0.019,0.942,0.042,0.0196,0.283,0.0094,0.0103,0.67,131484,18783,0.087,62136,6648,0.065,0.0283,0.019,0.407,0.0519,0.0227,0.266,0.6684,0.032,0.029,0.7284,0.0693,0.058,4622,191,0.025,0.0381,0.0292,0.466,1995,3,0.001,0.8035,0.0338,0.026,0.0,0.0049,,0.0398,0.0326,0.498,0.0989,0.0422,0.26,0.1579,0.0449,0.173,702,201,0.174,3744,216,0.035,0.1058,0.0329,0.189,1421,137,0.059,360300,19705,0.033,0.2265,0.1385,0.372,0.141,0.1096,0.472,0.1517,0.0503,0.202,0.7951,0.047,0.036,0.0359,0.0281,0.476,0.0119,0.0111,0.564,0.0029,0.0049,1.036,0.0668,0.0285,0.259,0.0243,0.0194,0.486
4200360712,2016,3259,20,0.004,1500,98,0.04,37.6,5.0,0.081,0.2133,0.053,0.151,0.1559,0.0348,0.136,0.7211,0.0637,0.054,0.1728,0.0543,0.191,0.0279,0.0427,0.929,0.0184,0.0178,0.588,30902,5266,0.104,20660,4091,0.12,0.2142,0.087,0.247,0.1149,0.0473,0.25,0.63,0.05,0.048,0.1849,0.0499,0.164,1750,124,0.043,0.1429,0.0539,0.229,1939,,,0.4834,0.0493,0.062,0.2817,0.0869,0.188,0.076,0.0463,0.371,0.084,0.0384,0.278,0.5727,0.0745,0.079,859,125,0.088,641,104,0.099,0.5226,0.0868,0.101,561,36,0.039,59300,10523,0.108,0.4808,0.1308,0.165,0.17,0.0813,0.291,0.156,0.0907,0.354,0.7648,0.0766,0.061,0.0926,0.0505,0.331,0.016,0.0152,0.578,0.0167,0.0278,1.011,0.0592,0.0384,0.395,0.158,0.0501,0.193
4200361328,2016,8271,18,0.001,3539,112,0.019,46.5,2.0,0.026,0.1884,0.0268,0.086,0.2174,0.0285,0.08,0.9541,0.0248,0.016,0.0271,0.0207,0.464,0.0082,0.0096,0.706,0.0102,0.0114,0.68,68453,5384,0.048,34359,2034,0.036,0.0465,0.018,0.235,0.0832,0.0324,0.237,0.6358,0.0275,0.026,0.4137,0.0478,0.07,3783,117,0.019,0.0645,0.0298,0.281,1957,2,0.001,0.7854,0.0265,0.021,0.0362,0.0134,0.226,0.0278,0.015,0.328,0.148,0.0293,0.12,0.2099,0.0347,0.1,743,125,0.102,2796,118,0.026,0.1313,0.0254,0.118,859,46,0.033,153600,5573,0.022,0.5572,0.1572,0.171,0.362,0.1124,0.189,0.1778,0.0432,0.148,0.8023,0.0287,0.022,0.0468,0.0175,0.228,0.0089,0.0076,0.52,0.0,0.0035,,0.0537,0.0267,0.302,0.0899,0.0287,0.194
4200361536,2016,27474,30,0.001,11039,251,0.014,44.2,0.9,0.012,0.212,0.0177,0.051,0.1964,0.0153,0.047,0.9427,0.0161,0.01,0.025,0.0106,0.259,0.0045,0.0067,0.904,0.0111,0.0062,0.337,71204,3454,0.029,32992,1094,0.02,0.0461,0.0159,0.21,0.0455,0.01,0.133,0.6595,0.0187,0.017,0.3613,0.0247,0.042,11674,224,0.012,0.0544,0.0186,0.208,1972,2,0.001,0.7819,0.023,0.018,0.0241,0.0093,0.235,0.039,0.0114,0.178,0.0407,0.0131,0.196,0.2015,0.0234,0.071,2224,263,0.072,8815,305,0.021,0.1611,0.0229,0.087,916,48,0.032,142800,3405,0.014,0.3323,0.0683,0.125,0.1322,0.0422,0.194,0.1579,0.0248,0.096,0.8671,0.0155,0.011,0.0266,0.009,0.205,0.0047,0.0035,0.458,0.0006,0.001,0.945,0.0386,0.0113,0.178,0.0395,0.0114,0.176
4200362320,2016,3754,28,0.005,1790,108,0.037,42.4,4.4,0.063,0.1838,0.0402,0.133,0.2067,0.0359,0.105,0.9225,0.0458,0.03,0.0117,0.0115,0.594,0.0,0.0027,,0.0226,0.0229,0.615,44068,7566,0.104,24806,2202,0.054,0.1047,0.0457,0.266,0.0562,0.0289,0.312,0.6221,0.0571,0.056,0.116,0.0418,0.219,1984,116,0.036,0.0978,0.0384,0.239,1952,2,0.001,0.9037,0.0108,0.007,0.0282,0.0186,0.4,0.0373,0.0249,0.407,0.005,0.0095,1.146,0.2436,0.0452,0.113,436,85,0.119,1354,120,0.054,0.2275,0.0602,0.161,679,67,0.06,67300,2943,0.027,0.4518,0.1378,0.185,0.3096,0.1262,0.248,0.144,0.0658,0.278,0.8277,0.0658,0.048,0.0452,0.0291,0.392,0.0151,0.0222,0.898,0.0,0.0056,,0.0201,0.0177,0.536,0.1184,0.0474,0.243
4200363408,2016,2274,216,0.058,943,70,0.045,32.3,4.4,0.083,0.2982,0.0601,0.123,0.0915,0.0252,0.168,0.1895,0.0473,0.152,0.7493,0.0574,0.047,0.0,0.0044,,0.0299,0.0289,0.587,25117,11513,0.279,14865,1962,0.08,0.3801,0.1028,0.164,0.1787,0.0701,0.239,0.6592,0.0746,0.069,0.1298,0.0434,0.203,1110,40,0.022,0.1505,0.0574,0.232,1944,5,0.002,0.3739,0.0717,0.117,0.1216,0.0517,0.258,0.2396,0.07,0.177,0.0324,0.0233,0.438,0.7253,0.0788,0.066,684,90,0.08,259,62,0.146,0.7157,0.1031,0.088,361,128,0.216,42700,9574,0.136,0.402,0.1159,0.175,0.1857,0.0858,0.281,0.1776,0.12,0.411,0.4839,0.0782,0.098,0.305,0.1199,0.239,0.0539,0.0364,0.411,0.0,0.0115,,0.0344,0.0279,0.493,0.4857,0.0801,0.1
4200364240,2016,3307,17,0.003,1445,71,0.03,47.0,3.6,0.047,0.1621,0.0347,0.13,0.1848,0.0257,0.085,0.967,0.0314,0.02,0.0296,0.0305,0.627,0.0,0.003,,0.0021,0.0042,1.216,59256,2992,0.031,30370,1949,0.039,0.0484,0.0239,0.301,0.0503,0.0301,0.364,0.7009,0.0262,0.023,0.261,0.0439,0.102,1566,82,0.032,0.0773,0.0317,0.249,1954,2,0.001,0.8672,0.044,0.031,0.0498,0.0226,0.276,0.0045,0.009,1.228,0.0,0.009,,0.1585,0.0436,0.167,229,64,0.17,1216,89,0.044,0.1597,0.0493,0.188,842,70,0.051,118500,4826,0.025,0.2489,0.1422,0.347,0.0655,0.0583,0.541,0.1941,0.0489,0.153,0.8077,0.018,0.014,0.0284,0.0187,0.4,0.0171,0.0112,0.397,0.0,0.0054,,0.0236,0.0122,0.316,0.0616,0.0232,0.229
4200364528,2016,11489,37,0.002,4318,167,0.024,42.9,2.0,0.028,0.246,0.0307,0.076,0.1639,0.0219,0.081,0.9301,0.0305,0.02,0.0118,0.0125,0.648,0.0285,0.0213,0.454,0.0296,0.0165,0.338,86735,6414,0.045,41845,3243,0.047,0.0574,0.0278,0.294,0.0349,0.0132,0.229,0.6699,0.0264,0.024,0.5225,0.0482,0.056,4560,178,0.024,0.0531,0.0291,0.333,1977,2,0.001,0.7634,0.0285,0.023,0.0164,0.0142,0.526,0.0487,0.0229,0.286,0.0614,0.0165,0.163,0.1545,0.0333,0.131,667,146,0.133,3651,189,0.031,0.0913,0.0254,0.169,1721,475,0.168,233100,17940,0.047,0.5757,0.0943,0.1,0.4198,0.0699,0.101,0.1986,0.0479,0.147,0.8667,0.0342,0.024,0.0071,0.0062,0.531,0.0,0.0029,,0.0,0.0029,,0.0472,0.0166,0.213,0.0461,0.0161,0.212
4200365352,2016,13676,48,0.002,5911,262,0.027,43.7,2.7,0.038,0.1599,0.021,0.08,0.1642,0.0218,0.081,0.8977,0.0285,0.019,0.0216,0.0135,0.381,0.0434,0.0205,0.288,0.0226,0.0149,0.401,82706,4444,0.033,44106,3303,0.046,0.0668,0.0207,0.188,0.0361,0.0146,0.246,0.6856,0.0274,0.024,0.4773,0.0394,0.05,6323,306,0.029,0.0652,0.0315,0.294,1985,3,0.001,0.6234,0.042,0.041,0.0501,0.0204,0.247,0.118,0.0297,0.153,0.0675,0.0234,0.211,0.2774,0.0332,0.073,1640,209,0.077,4271,321,0.046,0.2299,0.0387,0.102,1127,57,0.031,177100,10508,0.036,0.164,0.0606,0.224,0.0689,0.0399,0.352,0.1529,0.0404,0.161,0.8268,0.0307,0.023,0.0366,0.0168,0.278,0.009,0.0068,0.464,0.0005,0.0012,1.367,0.0507,0.0198,0.238,0.0315,0.0135,0.261
4200366264,2016,31004,26,0.001,13751,271,0.012,45.0,0.9,0.012,0.1733,0.0136,0.048,0.2166,0.0141,0.04,0.8974,0.016,0.011,0.0269,0.0087,0.198,0.0415,0.0116,0.169,0.0184,0.006,0.199,65726,2496,0.023,36312,1509,0.025,0.0505,0.0108,0.13,0.0384,0.008,0.127,0.6617,0.016,0.015,0.4321,0.0247,0.035,14711,309,0.013,0.0653,0.019,0.177,1962,2,0.001,0.687,0.0194,0.017,0.022,0.0078,0.214,0.0777,0.0125,0.098,0.1038,0.0136,0.08,0.2564,0.0179,0.042,3526,256,0.044,10225,292,0.017,0.2085,0.0173,0.05,883,42,0.029,162600,2833,0.011,0.3724,0.0686,0.112,0.1889,0.0542,0.174,0.1897,0.0234,0.075,0.7773,0.0189,0.015,0.0454,0.0116,0.156,0.0078,0.0046,0.359,0.0005,0.0007,0.912,0.0449,0.0139,0.188,0.0668,0.0152,0.138
4200366320,2016,465,33,0.043,192,15,0.047,47.8,2.6,0.033,0.2258,0.038,0.102,0.1957,0.0352,0.109,0.9613,0.0196,0.012,0.0108,0.0107,0.606,0.0065,0.0064,0.606,0.0129,0.0086,0.403,128750,15961,0.075,68823,9017,0.08,0.0086,0.0091,0.643,0.0263,0.0262,0.605,0.7037,0.0155,0.013,0.7703,0.0475,0.037,198,16,0.049,0.0303,0.0353,0.708,1939,,,0.9899,0.0115,0.007,0.0,0.0714,,0.0,0.0714,,0.0,0.0714,,0.0469,0.0258,0.334,9,5,0.338,183,16,0.053,0.0452,0.0191,0.257,2188,938,0.261,324600,16401,0.031,0.2222,1.9492,5.332,0.0,1.1111,,0.1858,0.0663,0.217,0.8235,0.063,0.046,0.0314,0.0155,0.3,0.0314,0.0155,0.3,0.0,0.0392,,0.0824,0.0307,0.227,0.0,0.0737,
4200368388,2016,16914,39,0.001,7884,258,0.02,44.0,1.9,0.026,0.1693,0.0192,0.069,0.2336,0.0184,0.048,0.839,0.0246,0.018,0.031,0.0135,0.265,0.0798,0.0192,0.146,0.0171,0.008,0.284,63620,2808,0.027,35698,1797,0.031,0.0698,0.0201,0.175,0.0508,0.0146,0.174,0.6273,0.0232,0.023,0.4359,0.0332,0.046,8268,286,0.021,0.0464,0.0238,0.311,1961,2,0.001,0.5582,0.0247,0.027,0.0458,0.0147,0.195,0.127,0.0253,0.121,0.1658,0.0223,0.082,0.3652,0.0254,0.042,2879,221,0.047,5005,293,0.036,0.3421,0.0318,0.057,974,46,0.029,149600,4786,0.019,0.2536,0.0512,0.123,0.125,0.0345,0.168,0.207,0.0339,0.1,0.7644,0.0293,0.023,0.109,0.0175,0.098,0.0154,0.0078,0.307,0.0,0.0019,,0.0376,0.0123,0.199,0.0729,0.0175,0.146
4200369376,2016,3852,31,0.005,1750,124,0.043,42.6,3.3,0.047,0.2298,0.0391,0.103,0.1781,0.035,0.12,0.8816,0.0541,0.037,0.0594,0.0387,0.396,0.0257,0.0317,0.749,0.0106,0.0086,0.489,69625,13623,0.119,53214,8122,0.093,0.0696,0.0379,0.331,0.0302,0.0261,0.525,0.649,0.048,0.045,0.605,0.0818,0.082,1914,146,0.046,0.0857,0.0434,0.308,1939,,,0.5684,0.0647,0.069,0.1264,0.0402,0.193,0.1667,0.0525,0.192,0.0841,0.0293,0.212,0.3411,0.0549,0.098,597,105,0.107,1153,121,0.064,0.2658,0.0598,0.137,718,49,0.041,291100,27845,0.058,0.2295,0.0945,0.25,0.1273,0.0807,0.385,0.3608,0.0879,0.148,0.7123,0.0559,0.048,0.0467,0.0301,0.392,0.0825,0.039,0.287,0.0,0.0054,,0.0586,0.0267,0.277,0.0971,0.0438,0.274
4200369400,2016,730,100,0.083,264,39,0.09,48.0,3.7,0.047,0.2671,0.0539,0.123,0.1945,0.0275,0.086,0.9342,0.1758,0.114,0.0164,0.0218,0.806,0.0137,0.0136,0.602,0.0123,0.0136,0.67,218750,84958,0.236,139286,26987,0.118,0.0356,0.0219,0.374,0.0205,0.0262,0.775,0.6078,0.0595,0.06,0.739,0.0295,0.024,323,41,0.077,0.1827,0.0899,0.299,1959,8,0.002,0.9876,0.0199,0.012,0.0,0.0438,,0.0,0.0438,,0.0,0.0438,,0.1023,0.0665,0.395,27,18,0.405,237,36,0.092,0.0603,0.0346,0.349,645,602,0.567,943500,114820,0.074,0.5556,0.6929,0.758,0.1852,0.138,0.453,0.2363,0.0818,0.21,0.8102,0.0472,0.035,0.0,0.0301,,0.006,0.012,1.211,0.0,0.0301,,0.1205,0.0631,0.318,0.0076,0.0408,3.272
4200369416,2016,671,84,0.076,261,29,0.068,46.1,4.2,0.055,0.231,0.0633,0.167,0.161,0.033,0.125,0.8584,0.0403,0.029,0.0551,0.0562,0.62,0.0775,0.0421,0.33,0.0089,0.0104,0.705,137969,28013,0.123,65767,12138,0.112,0.0387,0.026,0.407,0.0138,0.0136,0.601,0.6888,0.0689,0.061,0.6229,0.0968,0.094,280,33,0.072,0.0679,0.0674,0.604,1982,3,0.001,0.925,0.0193,0.013,0.0,0.0505,,0.0464,0.0477,0.625,0.0,0.0505,,0.0651,0.0376,0.351,17,10,0.358,244,30,0.075,0.0373,0.0219,0.357,483,30,0.038,368600,40328,0.067,0.1176,1.0317,5.331,0.1176,0.1623,0.839,0.25,0.1011,0.246,0.8968,0.0722,0.049,0.0,0.0287,,0.0057,0.0086,0.907,0.0,0.0287,,0.0258,0.0168,0.395,0.0153,0.0428,1.698
4200369584,2016,28599,48,0.001,12152,285,0.014,46.5,1.0,0.013,0.1789,0.0168,0.057,0.2086,0.0165,0.048,0.9657,0.0127,0.008,0.0078,0.0061,0.474,0.0066,0.0063,0.579,0.0081,0.0076,0.569,68054,3530,0.032,34682,1903,0.033,0.0612,0.0156,0.155,0.0598,0.0139,0.142,0.6728,0.0164,0.015,0.3601,0.0261,0.044,12825,280,0.013,0.0525,0.0181,0.209,1960,2,0.001,0.8484,0.0206,0.015,0.0342,0.0112,0.2,0.0353,0.0117,0.201,0.026,0.0092,0.215,0.1345,0.0202,0.091,1634,248,0.092,10518,321,0.019,0.1046,0.0186,0.108,777,50,0.039,153900,3663,0.014,0.3849,0.0956,0.151,0.224,0.0813,0.221,0.1738,0.0258,0.09,0.8258,0.0247,0.018,0.0241,0.0088,0.221,0.0149,0.0068,0.277,0.0023,0.0026,0.697,0.0398,0.011,0.168,0.046,0.0142,0.187
4200369776,2016,3421,29,0.005,1654,125,0.046,42.7,3.5,0.05,0.1777,0.0415,0.142,0.147,0.0352,0.146,0.7913,0.0739,0.057,0.1122,0.0734,0.397,0.0257,0.0213,0.504,0.0664,0.0538,0.493,32431,7969,0.149,22975,3617,0.096,0.2551,0.0827,0.197,0.1279,0.0621,0.295,0.6413,0.0529,0.05,0.1727,0.0446,0.157,1890,155,0.05,0.1249,0.0621,0.302,1941,6,0.002,0.3376,0.0681,0.123,0.2667,0.0796,0.181,0.0714,0.0443,0.377,0.0873,0.0291,0.202,0.5774,0.0753,0.079,955,144,0.092,699,127,0.11,0.5158,0.0835,0.098,642,45,0.043,74300,7178,0.059,0.5435,0.1363,0.152,0.3592,0.1226,0.208,0.1402,0.0775,0.336,0.7236,0.0775,0.065,0.1005,0.0519,0.314,0.0541,0.0331,0.372,0.0,0.0064,,0.0103,0.0154,0.91,0.2896,0.0821,0.172
4200372160,2016,15283,24,0.001,5925,247,0.025,40.0,1.2,0.018,0.2556,0.0287,0.068,0.1653,0.0205,0.075,0.9263,0.0156,0.01,0.0076,0.0058,0.461,0.0545,0.013,0.145,0.0064,0.0073,0.689,79527,6774,0.052,41371,4142,0.061,0.0467,0.0187,0.244,0.046,0.0179,0.237,0.6893,0.034,0.03,0.4687,0.0444,0.058,6257,285,0.028,0.0531,0.0248,0.284,1984,4,0.001,0.6175,0.0171,0.017,0.0272,0.0145,0.325,0.0844,0.025,0.18,0.0479,0.0177,0.224,0.2122,0.0352,0.101,1257,215,0.104,4668,243,0.032,0.1428,0.0278,0.118,890,66,0.045,202900,15347,0.046,0.4344,0.1337,0.187,0.2649,0.1138,0.261,0.1907,0.0411,0.131,0.8241,0.046,0.034,0.0205,0.0101,0.3,0.0,0.0021,,0.0,0.0021,,0.0784,0.0275,0.213,0.0734,0.025,0.207
4200372400,2016,13470,39,0.002,5491,197,0.022,44.4,1.4,0.019,0.2071,0.0221,0.065,0.1715,0.0189,0.067,0.8973,0.0294,0.02,0.0212,0.0122,0.352,0.0367,0.0232,0.385,0.0236,0.0174,0.447,69190,4604,0.04,32537,1656,0.031,0.0674,0.0211,0.19,0.0551,0.0172,0.19,0.7151,0.0246,0.021,0.3505,0.0341,0.059,5791,211,0.022,0.0518,0.0248,0.291,1973,1,0.0,0.7517,0.019,0.015,0.0357,0.0199,0.339,0.0622,0.0198,0.193,0.0803,0.0313,0.237,0.2045,0.0331,0.098,1123,186,0.101,4368,199,0.028,0.1718,0.0338,0.12,866,37,0.026,151100,5115,0.021,0.2992,0.1195,0.243,0.1345,0.1036,0.468,0.1859,0.0346,0.113,0.7616,0.0329,0.026,0.0616,0.0159,0.157,0.0113,0.0074,0.395,0.0,0.0022,,0.0392,0.0127,0.197,0.041,0.0174,0.257
4200372568,2016,434,96,0.134,168,29,0.105,47.9,6.2,0.079,0.2212,0.0592,0.163,0.1797,0.0319,0.108,0.9309,0.2858,0.187,0.0,0.023,,0.0323,0.0432,0.814,0.0323,0.0432,0.814,49286,8992,0.111,22762,3329,0.089,0.0968,0.0811,0.509,0.0612,0.0482,0.478,0.5632,0.1141,0.123,0.1732,0.0774,0.272,171,29,0.103,0.0175,0.0291,1.008,1951,4,0.001,0.924,0.0912,0.06,0.0409,0.0466,0.693,0.0,0.0827,,0.0,0.0827,,0.1667,0.0908,0.331,28,16,0.347,140,30,0.13,0.1636,0.0947,0.352,719,192,0.162,84000,21331,0.154,0.0357,0.6224,10.593,0.0357,0.0685,1.165,0.2143,0.1444,0.41,0.8736,0.1037,0.072,0.022,0.0267,0.739,0.011,0.0162,0.895,0.0,0.0549,,0.022,0.0267,0.739,0.0655,0.0878,0.815
4200372960,2016,3388,19,0.003,1618,80,0.03,47.5,3.9,0.05,0.1488,0.0265,0.108,0.1721,0.0269,0.095,0.9779,0.015,0.009,0.0015,0.0024,0.973,0.0018,0.0024,0.811,0.0133,0.0142,0.648,43800,7383,0.102,29307,3764,0.078,0.1212,0.0388,0.195,0.0737,0.0275,0.227,0.6824,0.0394,0.035,0.1945,0.0312,0.098,1803,78,0.026,0.1026,0.0375,0.222,1949,3,0.001,0.6961,0.0295,0.026,0.1298,0.0376,0.176,0.0521,0.0244,0.284,0.0455,0.0173,0.231,0.3677,0.0526,0.087,595,90,0.092,1023,80,0.048,0.3257,0.0582,0.109,683,42,0.037,91200,3295,0.022,0.3899,0.1137,0.177,0.1765,0.0885,0.305,0.2043,0.0574,0.171,0.8331,0.0556,0.041,0.0516,0.0205,0.241,0.0159,0.012,0.459,0.0,0.0055,,0.0187,0.0131,0.426,0.1168,0.0307,0.16
4200372968,2016,1653,112,0.041,819,42,0.031,51.7,1.8,0.021,0.1198,0.0352,0.179,0.2505,0.0281,0.068,0.9909,0.0158,0.01,0.0,0.006,,0.0,0.006,,0.0048,0.0066,0.835,48750,4608,0.057,29858,2274,0.046,0.1271,0.0616,0.295,0.0438,0.0226,0.313,0.6228,0.0513,0.05,0.2076,0.0362,0.106,862,29,0.02,0.0499,0.0336,0.409,1963,5,0.002,0.6311,0.0515,0.05,0.0905,0.0421,0.283,0.0035,0.013,2.265,0.0,0.0164,,0.21,0.0576,0.167,172,48,0.17,647,44,0.041,0.219,0.076,0.211,711,59,0.05,96100,6340,0.04,0.3081,0.129,0.254,0.2267,0.1309,0.351,0.2396,0.0639,0.162,0.82,0.0371,0.027,0.0235,0.0139,0.359,0.0341,0.0387,0.689,0.0,0.0118,,0.02,0.0163,0.496,0.0659,0.0283,0.261
4200374648,2016,6289,29,0.003,2677,168,0.038,37.8,3.9,0.063,0.2331,0.0361,0.094,0.1471,0.0231,0.095,0.7141,0.0436,0.037,0.2258,0.0407,0.11,0.0,0.0022,,0.0021,0.0029,0.842,35552,4461,0.076,20546,2484,0.073,0.2833,0.064,0.137,0.1321,0.0403,0.186,0.6447,0.0337,0.032,0.1568,0.0386,0.15,3229,199,0.037,0.171,0.0449,0.16,1945,5,0.002,0.5996,0.0482,0.049,0.1926,0.0523,0.165,0.0381,0.0232,0.37,0.0242,0.0139,0.35,0.4598,0.054,0.071,1231,164,0.081,1446,158,0.066,0.4602,0.069,0.091,649,38,0.036,72500,6179,0.052,0.4574,0.1062,0.141,0.2989,0.0854,0.174,0.1978,0.0614,0.189,0.6609,0.064,0.059,0.1376,0.045,0.199,0.0462,0.0294,0.386,0.0,0.0054,,0.0127,0.0115,0.55,0.3287,0.0625,0.116
4200375816,2016,8893,23,0.002,4460,193,0.026,41.3,2.2,0.032,0.1653,0.0264,0.097,0.1528,0.0212,0.085,0.6014,0.0347,0.035,0.3237,0.0362,0.068,0.0195,0.0151,0.471,0.0235,0.0101,0.262,40391,3369,0.051,26080,1772,0.041,0.1754,0.0481,0.167,0.0966,0.0269,0.169,0.671,0.026,0.024,0.3728,0.0383,0.062,5095,233,0.028,0.1246,0.0341,0.166,1941,3,0.001,0.4508,0.0272,0.037,0.2012,0.0336,0.101,0.1482,0.0316,0.13,0.0589,0.0167,0.173,0.5025,0.0369,0.045,2241,191,0.052,2219,148,0.041,0.4566,0.0471,0.063,720,40,0.034,78200,3547,0.028,0.4293,0.0794,0.112,0.1995,0.0624,0.19,0.1816,0.048,0.161,0.5557,0.046,0.05,0.2652,0.0422,0.097,0.0499,0.0175,0.213,0.0016,0.0025,0.954,0.0513,0.02,0.237,0.22,0.035,0.097
4200376104,2016,4481,16,0.002,2082,181,0.053,36.6,9.5,0.158,0.2265,0.0582,0.156,0.168,0.0435,0.157,0.8712,0.0629,0.044,0.0924,0.0598,0.394,0.0,0.0022,,0.0045,0.0074,1.003,33026,7992,0.147,20427,2471,0.074,0.1838,0.0663,0.219,0.0693,0.0396,0.347,0.6036,0.0601,0.061,0.207,0.0593,0.174,2404,207,0.052,0.1339,0.0727,0.33,1939,,,0.5795,0.095,0.1,0.2234,0.0905,0.246,0.0507,0.0263,0.316,0.0811,0.046,0.345,0.5432,0.0951,0.106,1131,221,0.119,951,162,0.104,0.4999,0.0984,0.12,648,42,0.039,55900,7056,0.077,0.4014,0.1391,0.211,0.2104,0.1139,0.329,0.1335,0.0781,0.356,0.673,0.0723,0.065,0.123,0.0753,0.372,0.035,0.0291,0.506,0.0,0.005,,0.0385,0.0301,0.475,0.2075,0.0832,0.244
4200376560,2016,449,41,0.056,176,16,0.055,50.3,2.9,0.035,0.1849,0.0294,0.097,0.2138,0.0314,0.089,0.9599,0.0256,0.016,0.0,0.0223,,0.02,0.0155,0.47,0.0022,0.0044,1.215,136000,11746,0.053,70801,10149,0.087,0.0089,0.024,1.636,0.0161,0.0119,0.45,0.6658,0.0409,0.037,0.6705,0.0426,0.039,182,16,0.053,0.033,0.0328,0.606,1952,5,0.002,0.9451,0.0287,0.018,0.0,0.0777,,0.0,0.0777,,0.0,0.0777,,0.0,0.0568,,0,10,,176,16,0.055,0.0,0.0223,,,,,292100,18294,0.038,,,,,,,0.2443,0.0964,0.24,0.7572,0.078,0.063,0.0288,0.0203,0.428,0.0288,0.0203,0.428,0.0,0.0412,,0.0823,0.0314,0.232,0.0,0.0804,
4200377272,2016,81,62,0.465,50,36,0.438,36.0,22.8,0.385,0.0,0.3492,,0.321,0.4561,0.864,0.7037,0.7071,0.611,0.0,0.1235,,0.0,0.1235,,0.0,0.1235,,,,,14278,2438,0.104,0.1605,0.2349,0.89,0.0,0.3226,,0.3827,0.5293,0.841,0.2281,0.3471,0.925,50,36,0.438,0.0,0.2,,1975,25,0.008,0.0,0.2,,0.26,0.4061,0.95,0.0,0.2828,,0.26,0.3865,0.904,1.0,0.0,0.0,50,36,0.438,0,10,,1.0,0.0,0.0,596,279,0.285,,,,0.48,0.7004,0.887,0.48,0.6087,0.771,,,,0.4839,0.1201,0.151,0.0,0.3226,,0.5161,1.1471,1.351,0.0,0.3226,,0.0,0.3226,,0.48,0.6408,0.811
4200377912,2016,5292,17,0.002,2548,228,0.054,40.9,2.6,0.039,0.2389,0.0609,0.155,0.1901,0.0376,0.12,0.7404,0.1039,0.085,0.1986,0.1024,0.313,0.0,0.0026,,0.0287,0.021,0.444,33345,4933,0.09,20380,2065,0.062,0.2399,0.0747,0.189,0.0468,0.0322,0.418,0.6134,0.0527,0.052,0.1557,0.0528,0.206,2824,271,0.058,0.0977,0.0659,0.41,1944,3,0.001,0.5382,0.0657,0.074,0.1466,0.042,0.174,0.0825,0.0466,0.343,0.0428,0.0241,0.341,0.6232,0.085,0.083,1588,259,0.099,960,175,0.111,0.5537,0.0966,0.106,464,59,0.077,63900,5879,0.056,0.3098,0.0928,0.182,0.1681,0.0731,0.264,0.2615,0.1061,0.247,0.7323,0.1071,0.089,0.0803,0.0471,0.356,0.0,0.0057,,0.0,0.0057,,0.0428,0.0381,0.541,0.1856,0.0627,0.205
4200379274,2016,19521,86,0.003,7054,145,0.012,44.1,0.8,0.011,0.268,0.0192,0.043,0.1732,0.0138,0.048,0.8945,0.0142,0.01,0.0026,0.0017,0.393,0.0638,0.0117,0.111,0.0196,0.0078,0.243,110417,4759,0.026,55122,3051,0.034,0.03,0.0094,0.191,0.039,0.0111,0.173,0.616,0.0138,0.014,0.6855,0.0279,0.025,7318,155,0.013,0.0361,0.0139,0.235,1969,2,0.001,0.9098,0.0127,0.009,0.0049,0.0067,0.822,0.0012,0.003,1.481,0.0426,0.01,0.143,0.0919,0.0185,0.122,648,131,0.123,6406,183,0.017,0.0809,0.0195,0.147,2000,612,0.186,267500,7071,0.016,0.5231,0.119,0.138,0.3117,0.1007,0.196,0.1989,0.0271,0.083,0.8067,0.0249,0.019,0.0598,0.0115,0.117,0.0075,0.0055,0.442,0.0,0.0018,,0.0891,0.0142,0.097,0.0316,0.0113,0.218
4200380032,2016,2590,163,0.038,1170,68,0.035,41.7,3.2,0.047,0.2008,0.0412,0.125,0.1722,0.0352,0.124,0.8448,0.0581,0.042,0.1097,0.0594,0.33,0.0,0.0039,,0.0255,0.0177,0.422,37857,5685,0.091,22066,2259,0.062,0.2201,0.0774,0.214,0.0798,0.0348,0.265,0.6524,0.0508,0.047,0.1959,0.0417,0.129,1270,46,0.022,0.0787,0.0416,0.321,1941,4,0.001,0.6039,0.0599,0.06,0.2189,0.0709,0.197,0.0677,0.0324,0.291,0.0488,0.0282,0.351,0.5316,0.0562,0.064,622,75,0.073,548,66,0.073,0.4801,0.0716,0.091,641,74,0.07,74400,3541,0.029,0.4791,0.13,0.165,0.3601,0.1194,0.201,0.2372,0.0876,0.224,0.7383,0.055,0.045,0.0609,0.0463,0.462,0.0578,0.0336,0.354,0.0039,0.0054,0.848,0.0078,0.0093,0.726,0.1744,0.0629,0.219
4200380040,2016,1650,133,0.049,799,52,0.04,47.0,3.1,0.04,0.1667,0.0356,0.13,0.2139,0.0245,0.07,0.92,0.0472,0.031,0.0527,0.0263,0.304,0.0,0.0061,,0.0097,0.0121,0.758,30324,3315,0.066,22879,2270,0.06,0.1641,0.051,0.189,0.1192,0.0373,0.19,0.5697,0.0579,0.062,0.1138,0.0301,0.161,887,40,0.027,0.0992,0.0381,0.233,1952,4,0.001,0.602,0.052,0.052,0.1026,0.0344,0.204,0.2153,0.045,0.127,0.0575,0.0306,0.323,0.5219,0.0684,0.08,417,61,0.089,382,43,0.068,0.4521,0.08,0.108,714,32,0.027,63000,3808,0.037,0.5659,0.0923,0.099,0.247,0.065,0.16,0.1047,0.0548,0.318,0.7435,0.0648,0.053,0.0274,0.0227,0.505,0.0115,0.01,0.525,0.0,0.0144,,0.0274,0.0315,0.699,0.189,0.0485,0.156
4200380600,2016,711,193,0.165,302,61,0.123,33.1,7.4,0.136,0.2321,0.0657,0.172,0.128,0.0262,0.125,0.8931,0.0983,0.067,0.0464,0.0649,0.85,0.0,0.0141,,0.0352,0.0397,0.686,45000,14604,0.197,22012,3637,0.1,0.114,0.0605,0.323,0.0301,0.0289,0.584,0.6536,0.0975,0.091,0.112,0.0569,0.309,377,68,0.11,0.1989,0.0942,0.288,1939,,,0.8329,0.0998,0.073,0.0769,0.038,0.301,0.0212,0.0373,1.069,0.0053,0.0296,3.397,0.3709,0.1211,0.198,112,43,0.233,190,51,0.163,0.3418,0.1167,0.208,677,128,0.115,44800,4935,0.067,0.2321,0.1235,0.323,0.0625,0.0673,0.654,0.2632,0.1173,0.271,0.8353,0.0924,0.067,0.0405,0.0568,0.853,0.0,0.0289,,0.0087,0.0172,1.205,0.0087,0.0201,1.409,0.0695,0.0709,0.62
4200382800,2016,11900,18,0.001,4923,232,0.029,44.6,1.4,0.019,0.1986,0.0271,0.083,0.1907,0.0268,0.086,0.9815,0.0102,0.006,0.0025,0.0016,0.385,0.0,0.0013,,0.009,0.0072,0.489,61806,6667,0.066,31890,2326,0.044,0.0424,0.0172,0.247,0.0471,0.0284,0.367,0.6512,0.0307,0.029,0.317,0.044,0.084,5216,244,0.028,0.0562,0.0304,0.329,1969,4,0.001,0.8487,0.0087,0.006,0.0192,0.0132,0.418,0.009,0.0102,0.687,0.0092,0.0087,0.573,0.1142,0.0341,0.182,562,170,0.184,4361,248,0.035,0.0925,0.0353,0.232,746,118,0.096,150200,9245,0.037,0.3968,0.1955,0.299,0.1192,0.1211,0.617,0.2059,0.0515,0.152,0.8613,0.0338,0.024,0.0091,0.0081,0.54,0.005,0.0058,0.708,0.0,0.0027,,0.0609,0.0252,0.252,0.0382,0.018,0.286
4200382848,2016,515,128,0.151,198,40,0.123,37.4,9.1,0.148,0.2893,0.066,0.139,0.1262,0.0353,0.17,0.9301,0.0518,0.034,0.0136,0.0152,0.678,0.0,0.0194,,0.0485,0.053,0.664,47667,15431,0.197,26779,9860,0.224,0.132,0.0804,0.37,0.0993,0.0773,0.473,0.7421,0.0878,0.072,0.0833,0.0608,0.443,238,51,0.13,0.1681,0.0987,0.357,1945,8,0.003,0.5882,0.0836,0.086,0.1429,0.0893,0.38,0.0,0.0594,,0.0084,0.0452,3.271,0.3434,0.146,0.258,68,32,0.286,130,35,0.164,0.3709,0.184,0.302,694,101,0.088,55000,8586,0.095,0.3529,0.2123,0.366,0.1176,0.1362,0.704,0.1077,0.1702,0.961,0.751,0.0649,0.053,0.1004,0.0752,0.455,0.0201,0.0357,1.081,0.0,0.0402,,0.0161,0.0196,0.74,0.0657,0.053,0.491
4200383200,2016,1720,166,0.059,795,56,0.043,50.0,3.6,0.044,0.1523,0.0374,0.149,0.2494,0.0336,0.082,0.8669,0.0589,0.041,0.0878,0.0398,0.276,0.0,0.0058,,0.0087,0.0133,0.93,49219,9596,0.119,26944,2353,0.053,0.0997,0.0476,0.29,0.063,0.0369,0.356,0.5985,0.0373,0.038,0.2746,0.0528,0.117,966,39,0.025,0.177,0.0607,0.208,1954,1,0.0,0.824,0.0423,0.031,0.1139,0.0454,0.242,0.0311,0.0232,0.455,0.0,0.0146,,0.1975,0.0626,0.193,157,51,0.197,638,52,0.05,0.1744,0.0695,0.242,762,35,0.028,104200,6460,0.038,0.6178,0.1902,0.187,0.4904,0.1988,0.246,0.1677,0.0647,0.235,0.7794,0.0436,0.034,0.0803,0.0531,0.402,0.018,0.0154,0.522,0.0,0.012,,0.0216,0.019,0.535,0.1057,0.0488,0.281
4200383512,2016,20153,25,0.001,8697,308,0.022,45.5,2.4,0.032,0.1839,0.0206,0.068,0.2064,0.0172,0.051,0.8536,0.0268,0.019,0.0987,0.0192,0.118,0.0005,0.0008,0.973,0.0132,0.0056,0.257,50273,3752,0.045,27950,1590,0.035,0.1289,0.0314,0.148,0.0824,0.0205,0.151,0.6419,0.0221,0.021,0.22,0.0216,0.06,9595,361,0.023,0.0936,0.0246,0.159,1955,2,0.001,0.7895,0.0317,0.024,0.0363,0.0125,0.209,0.0566,0.0191,0.205,0.0399,0.0147,0.224,0.2295,0.0267,0.071,1996,243,0.074,6701,355,0.032,0.1979,0.0315,0.097,593,81,0.083,92900,2875,0.019,0.273,0.0627,0.14,0.1278,0.0396,0.189,0.2159,0.0332,0.094,0.8026,0.021,0.016,0.0347,0.0112,0.195,0.0224,0.0116,0.315,0.0007,0.001,0.868,0.019,0.01,0.319,0.0773,0.0173,0.136
4200384144,2016,6704,23,0.002,3175,144,0.028,38.0,1.9,0.03,0.1851,0.0354,0.116,0.1365,0.0267,0.119,0.9561,0.0236,0.015,0.013,0.0098,0.461,0.001,0.0015,0.868,0.0112,0.0081,0.438,57078,6033,0.064,33905,3408,0.061,0.0748,0.0318,0.258,0.0478,0.0208,0.264,0.7828,0.036,0.028,0.3213,0.051,0.096,3280,157,0.029,0.032,0.0256,0.485,1944,5,0.002,0.6991,0.0542,0.047,0.1037,0.0367,0.215,0.0698,0.0364,0.317,0.0854,0.0307,0.219,0.3124,0.05,0.097,992,165,0.101,2183,194,0.054,0.2069,0.0379,0.111,733,60,0.05,124200,7392,0.036,0.3498,0.1257,0.218,0.1683,0.0937,0.338,0.1727,0.0486,0.171,0.7764,0.042,0.033,0.0597,0.0284,0.289,0.0203,0.0153,0.456,0.0018,0.0028,0.955,0.0146,0.0133,0.554,0.0775,0.0355,0.279
4200384440,2016,1165,95,0.05,526,33,0.038,40.2,3.1,0.047,0.1803,0.0381,0.129,0.1588,0.0276,0.106,0.885,0.0595,0.041,0.0773,0.0364,0.286,0.0,0.0086,,0.0292,0.0231,0.48,39167,3753,0.058,22441,2583,0.07,0.1322,0.0516,0.237,0.0498,0.0292,0.356,0.6443,0.0337,0.032,0.116,0.0477,0.25,593,29,0.03,0.113,0.0469,0.252,1943,5,0.002,0.8179,0.0479,0.036,0.1079,0.051,0.287,0.0708,0.043,0.369,0.0,0.0238,,0.2966,0.0737,0.151,156,40,0.156,370,40,0.066,0.2549,0.0591,0.141,640,105,0.1,63800,4482,0.043,0.4038,0.1264,0.19,0.2372,0.1201,0.308,0.2514,0.0918,0.222,0.6955,0.0778,0.068,0.0865,0.0353,0.248,0.0,0.0166,,0.0,0.0166,,0.0333,0.0196,0.358,0.1065,0.0446,0.255
4200384512,2016,13873,30,0.001,5876,224,0.023,45.5,3.0,0.04,0.192,0.0254,0.08,0.2331,0.0225,0.059,0.8761,0.0199,0.014,0.0274,0.0153,0.339,0.0701,0.014,0.121,0.0099,0.0086,0.532,59853,5858,0.059,32424,2496,0.047,0.1452,0.0432,0.181,0.0428,0.0128,0.182,0.6158,0.0277,0.027,0.3286,0.0307,0.057,6276,253,0.025,0.0637,0.0207,0.198,1956,1,0.0,0.6279,0.0297,0.029,0.0118,0.0097,0.502,0.0644,0.0194,0.184,0.1783,0.0391,0.133,0.2742,0.0336,0.075,1611,207,0.078,4265,228,0.032,0.244,0.0453,0.113,678,33,0.03,141100,4759,0.021,0.5376,0.1524,0.172,0.2806,0.0872,0.189,0.151,0.029,0.117,0.7269,0.0418,0.035,0.1138,0.0314,0.168,0.0112,0.0125,0.681,0.0,0.0024,,0.0269,0.0187,0.422,0.0958,0.0305,0.193
4200384704,2016,7803,20,0.002,3713,213,0.035,53.4,2.4,0.027,0.1334,0.0358,0.163,0.2522,0.0329,0.079,0.9407,0.0331,0.021,0.0397,0.0282,0.431,0.0059,0.0049,0.502,0.0054,0.0053,0.593,52935,5010,0.058,32433,2946,0.055,0.0372,0.0155,0.253,0.0388,0.022,0.345,0.6061,0.0385,0.039,0.2517,0.0474,0.115,3904,241,0.038,0.0489,0.0288,0.358,1956,2,0.001,0.7677,0.0275,0.022,0.0389,0.0208,0.325,0.1099,0.0346,0.192,0.0412,0.0167,0.246,0.272,0.0518,0.116,1010,201,0.121,2703,203,0.046,0.2138,0.0529,0.15,767,35,0.028,96000,8138,0.052,0.3663,0.0997,0.165,0.2168,0.0813,0.228,0.1572,0.0481,0.186,0.8236,0.0252,0.019,0.0312,0.0245,0.478,0.0203,0.0134,0.401,0.0,0.0036,,0.0307,0.0192,0.38,0.0593,0.0305,0.313
4200385184,2016,6311,29,0.003,2835,169,0.036,45.1,2.8,0.038,0.1697,0.0321,0.115,0.2101,0.0257,0.074,0.8053,0.0284,0.021,0.1401,0.0192,0.083,0.0105,0.0097,0.562,0.0158,0.0147,0.565,53345,7005,0.08,31366,2874,0.056,0.0821,0.0442,0.327,0.0844,0.0273,0.196,0.6405,0.0242,0.023,0.3888,0.0444,0.069,3201,190,0.036,0.1143,0.0372,0.198,1959,2,0.001,0.7082,0.0314,0.027,0.0297,0.0185,0.38,0.049,0.0198,0.246,0.1896,0.03,0.096,0.334,0.0413,0.075,947,130,0.083,1888,168,0.054,0.2836,0.057,0.122,908,37,0.025,101500,6415,0.038,0.5153,0.1027,0.121,0.2122,0.0725,0.208,0.1827,0.0499,0.166,0.7381,0.0458,0.038,0.0465,0.0261,0.341,0.018,0.0152,0.511,0.0,0.0044,,0.0687,0.0308,0.272,0.0487,0.0209,0.261
4200385188,2016,15797,34,0.001,8126,333,0.025,39.4,2.7,0.042,0.1659,0.022,0.08,0.1682,0.0182,0.066,0.2952,0.0208,0.043,0.6135,0.0247,0.024,0.0175,0.0103,0.359,0.0163,0.0073,0.272,33905,2592,0.046,24458,1791,0.045,0.2407,0.0383,0.097,0.1289,0.0272,0.128,0.6243,0.03,0.029,0.3071,0.0312,0.062,10404,396,0.023,0.219,0.0216,0.06,1945,3,0.001,0.3921,0.026,0.04,0.2093,0.0198,0.057,0.161,0.0201,0.076,0.1071,0.0223,0.127,0.616,0.0299,0.03,5006,318,0.039,3120,303,0.059,0.5905,0.0364,0.037,776,32,0.025,77900,8593,0.067,0.489,0.0596,0.074,0.2505,0.0433,0.105,0.2933,0.0601,0.125,0.5089,0.0457,0.055,0.2789,0.0335,0.073,0.0455,0.0118,0.158,0.0056,0.004,0.438,0.0813,0.024,0.179,0.2682,0.036,0.081
4200385496,2016,1911,304,0.097,906,96,0.064,35.6,8.9,0.152,0.2287,0.0529,0.141,0.2182,0.0291,0.081,0.6442,0.0367,0.035,0.2815,0.094,0.203,0.0,0.0052,,0.012,0.0098,0.493,25536,4792,0.114,15532,2113,0.083,0.2881,0.0822,0.173,0.2765,0.0874,0.192,0.515,0.0864,0.102,0.1092,0.0373,0.208,1192,48,0.024,0.2399,0.0723,0.183,1940,9,0.003,0.3146,0.0616,0.119,0.2173,0.0684,0.191,0.1384,0.0531,0.233,0.1477,0.0548,0.226,0.6921,0.0897,0.079,627,105,0.102,279,54,0.118,0.7223,0.1243,0.105,581,33,0.035,50800,4920,0.059,0.5167,0.1214,0.143,0.1898,0.0679,0.217,0.2724,0.1153,0.257,0.6726,0.0865,0.078,0.069,0.0526,0.463,0.0301,0.0257,0.518,0.0,0.0177,,0.0566,0.0479,0.514,0.3212,0.0766,0.145
4200300724,2017,1787,213,0.072,958,66,0.042,67.3,7.1,0.064,0.1175,0.0333,0.172,0.5187,0.0251,0.029,0.9312,0.151,0.099,0.0185,0.0104,0.342,0.042,0.049,0.71,0.0,0.0056,,61667,7643,0.075,45504,5128,0.069,0.0309,0.0192,0.377,0.0085,0.0135,0.969,0.3711,0.0321,0.053,0.4675,0.0406,0.053,1072,62,0.035,0.1063,0.0547,0.313,1997,3,0.001,0.2845,0.0386,0.083,0.0196,0.0125,0.387,0.0392,0.0177,0.274,0.416,0.0639,0.093,0.4447,0.0522,0.071,426,58,0.083,532,54,0.062,0.349,0.0389,0.068,2452,241,0.06,192200,10267,0.032,0.6315,0.082,0.079,0.4624,0.0819,0.108,0.2895,0.0745,0.156,0.8711,0.0483,0.034,0.0192,0.019,0.602,0.0122,0.0173,0.864,0.0,0.0174,,0.0453,0.0272,0.364,0.1827,0.0367,0.122
4200303320,2017,2769,16,0.004,1269,93,0.045,38.5,2.5,0.039,0.2239,0.0453,0.123,0.1466,0.0352,0.146,0.8837,0.0539,0.037,0.0,0.0036,,0.0838,0.0488,0.354,0.0184,0.0152,0.501,67096,12406,0.112,55323,10657,0.117,0.033,0.0287,0.528,0.07,0.039,0.338,0.7055,0.0581,0.05,0.6577,0.0768,0.071,1390,107,0.047,0.0871,0.0492,0.343,1950,19,0.006,0.4748,0.0499,0.064,0.1266,0.0466,0.224,0.2187,0.0578,0.161,0.0043,0.0107,1.505,0.4429,0.0559,0.077,562,82,0.089,707,96,0.083,0.3994,0.0758,0.115,953,127,0.081,270000,23436,0.053,0.2687,0.1002,0.227,0.1014,0.0623,0.374,0.2122,0.0878,0.251,0.7522,0.0859,0.069,0.0586,0.0321,0.333,0.0445,0.0428,0.585,0.0,0.0074,,0.0371,0.0265,0.434,0.0867,0.0432,0.303
4200303608,2017,4642,24,0.003,2515,152,0.037,44.0,5.0,0.069,0.1616,0.0397,0.149,0.2001,0.0356,0.108,0.8552,0.0442,0.031,0.0711,0.0241,0.206,0.0099,0.0116,0.714,0.0097,0.0118,0.743,41926,5318,0.077,31629,4496,0.086,0.0648,0.024,0.225,0.0405,0.0177,0.266,0.6962,0.0421,0.037,0.2968,0.0435,0.089,2966,180,0.037,0.1521,0.0525,0.21,1948,5,0.002,0.4174,0.0503,0.073,0.231,0.0606,0.159,0.0523,0.0239,0.278,0.2488,0.0449,0.11,0.4871,0.0604,0.075,1225,169,0.084,1290,138,0.065,0.385,0.0623,0.098,721,33,0.028,96500,6676,0.042,0.4465,0.1047,0.143,0.2,0.0786,0.239,0.2465,0.0764,0.188,0.7545,0.0343,0.028,0.1016,0.0333,0.2,0.0553,0.0312,0.343,0.0023,0.0038,1.012,0.0303,0.0184,0.37,0.1777,0.0444,0.152
4200303928,2017,19743,25,0.001,8217,277,0.02,41.2,1.5,0.022,0.2029,0.0204,0.061,0.1932,0.017,0.053,0.8628,0.0293,0.021,0.0705,0.0225,0.194,0.042,0.0227,0.329,0.0142,0.0072,0.309,57439,4183,0.044,29084,1382,0.029,0.0656,0.0181,0.167,0.048,0.0149,0.189,0.6534,0.0196,0.018,0.2574,0.025,0.059,8752,277,0.019,0.0611,0.0178,0.177,1957,1,0.0,0.7367,0.0193,0.016,0.0327,0.0149,0.277,0.1003,0.0215,0.13,0.0823,0.0227,0.168,0.2383,0.0234,0.06,1958,203,0.063,6259,246,0.024,0.2171,0.0251,0.07,763,42,0.033,125400,4116,0.02,0.4821,0.1121,0.141,0.2237,0.08,0.217,0.1535,0.0286,0.113,0.7616,0.0264,0.021,0.061,0.0208,0.208,0.0123,0.0071,0.354,0.0045,0.0039,0.525,0.0326,0.0105,0.195,0.0847,0.0202,0.145
4200303932,2017,2039,98,0.029,859,41,0.029,45.1,2.1,0.028,0.1756,0.0351,0.121,0.1996,0.0357,0.109,0.9333,0.0126,0.008,0.0,0.0049,,0.0397,0.0451,0.69,0.0,0.0049,,63661,4930,0.047,32871,3246,0.06,0.088,0.0419,0.29,0.0688,0.0367,0.324,0.6746,0.0335,0.03,0.282,0.0446,0.096,901,24,0.016,0.0466,0.0355,0.463,1953,1,0.0,0.9523,0.016,0.01,0.0033,0.0124,2.265,0.0,0.0157,,0.0,0.0157,,0.0745,0.0336,0.274,64,29,0.275,795,40,0.031,0.078,0.0376,0.293,979,240,0.149,125600,5981,0.029,0.5156,0.3334,0.393,0.3125,0.2609,0.508,0.244,0.0643,0.16,0.7795,0.0818,0.064,0.0457,0.0256,0.341,0.0079,0.0129,0.987,0.0,0.0099,,0.0397,0.0216,0.331,0.0244,0.0216,0.538
4200305216,2017,1362,107,0.048,538,35,0.04,47.0,2.6,0.034,0.2474,0.0313,0.077,0.174,0.0284,0.099,0.928,0.0201,0.013,0.0499,0.0409,0.498,0.0095,0.0073,0.465,0.0029,0.0044,0.911,101250,9891,0.059,61341,8195,0.081,0.0524,0.0261,0.303,0.0287,0.0185,0.392,0.6406,0.0314,0.03,0.59,0.0576,0.059,593,24,0.025,0.0927,0.0538,0.353,1961,4,0.001,0.9376,0.0141,0.009,0.0169,0.0216,0.778,0.0,0.0238,,0.0,0.0238,,0.0762,0.0443,0.354,41,24,0.356,497,43,0.053,0.0705,0.0393,0.339,,,,299600,28956,0.059,0.1951,0.3872,1.206,0.0,0.2439,,0.2334,0.0683,0.178,0.8015,0.0551,0.042,0.0194,0.0148,0.465,0.009,0.0119,0.809,0.0,0.0149,,0.1328,0.0354,0.162,0.0056,0.0208,2.265
4200305312,2017,8269,22,0.002,4428,196,0.027,37.4,2.9,0.047,0.1292,0.0189,0.089,0.1428,0.0226,0.096,0.8546,0.0309,0.022,0.0976,0.0268,0.167,0.0068,0.0093,0.836,0.0109,0.0068,0.378,42464,3568,0.051,29091,1782,0.037,0.1521,0.0323,0.129,0.0442,0.0177,0.244,0.7366,0.0281,0.023,0.3445,0.0392,0.069,5018,251,0.03,0.1176,0.0299,0.155,1944,4,0.001,0.342,0.0297,0.053,0.2284,0.0341,0.091,0.1586,0.0322,0.123,0.1764,0.0283,0.098,0.6305,0.0386,0.037,2792,211,0.046,1636,153,0.057,0.5375,0.0381,0.043,719,19,0.016,115300,7282,0.038,0.4112,0.0696,0.103,0.2636,0.0609,0.141,0.1516,0.0549,0.22,0.6416,0.049,0.046,0.1498,0.0308,0.125,0.0691,0.0253,0.223,0.005,0.0054,0.656,0.0349,0.0169,0.294,0.2168,0.0392,0.11
4200305504,2017,1884,104,0.034,760,41,0.033,38.8,1.6,0.025,0.2378,0.0295,0.075,0.1285,0.022,0.104,0.9437,0.0264,0.017,0.0149,0.0106,0.433,0.0037,0.0037,0.607,0.0101,0.0095,0.575,98929,11053,0.068,49772,5461,0.067,0.034,0.0152,0.272,0.0254,0.014,0.334,0.7165,0.0389,0.033,0.6569,0.0578,0.054,816,31,0.023,0.0686,0.0391,0.347,1939,,,0.7929,0.0387,0.03,0.1728,0.0459,0.161,0.0184,0.0205,0.679,0.0,0.0173,,0.2105,0.05,0.145,160,39,0.148,600,42,0.043,0.1549,0.0341,0.134,958,90,0.057,209700,12660,0.037,0.3312,0.1607,0.295,0.2062,0.1347,0.397,0.13,0.044,0.206,0.7934,0.0315,0.024,0.0388,0.0182,0.285,0.0029,0.0048,1.012,0.0,0.0097,,0.063,0.0208,0.2,0.0539,0.0287,0.324
4200305520,2017,357,67,0.114,133,44,0.201,47.1,3.1,0.04,0.2633,0.0521,0.12,0.1569,0.0459,0.178,0.958,0.2519,0.16,0.0,0.028,,0.0084,0.0139,1.007,0.0112,0.0223,1.21,153125,16044,0.064,73005,10794,0.09,0.0224,0.0285,0.774,0.0406,0.0347,0.52,0.7269,0.0638,0.053,0.8413,0.0818,0.059,136,43,0.192,0.0221,0.0209,0.577,1939,,,1.0,0.0,0.0,0.0,0.104,,0.0,0.104,,0.0,0.104,,0.0,0.0752,,0,10,,133,44,0.201,0.0,0.028,,,,,335900,22256,0.04,,,,,,,0.0977,0.1484,0.923,0.7819,0.2208,0.172,0.0,0.0532,,0.0,0.0532,,0.0,0.0532,,0.1702,0.1174,0.419,0.0301,0.0804,1.624
4200306064,2017,32179,29,0.001,13489,229,0.01,46.2,0.8,0.011,0.1968,0.0144,0.044,0.2122,0.0135,0.039,0.9325,0.0173,0.011,0.0111,0.0041,0.224,0.0186,0.007,0.227,0.0101,0.0064,0.385,73735,4107,0.034,39385,2163,0.033,0.0511,0.0126,0.15,0.0373,0.0076,0.123,0.6553,0.0137,0.013,0.4572,0.0233,0.031,13989,252,0.011,0.0357,0.0127,0.216,1965,1,0.0,0.7567,0.0149,0.012,0.0199,0.0089,0.271,0.0872,0.0176,0.122,0.0916,0.0148,0.098,0.2138,0.016,0.045,2884,221,0.047,10605,275,0.016,0.1753,0.0186,0.065,916,43,0.029,170900,2454,0.009,0.3495,0.0707,0.123,0.1869,0.0593,0.193,0.1758,0.0211,0.073,0.7448,0.0248,0.02,0.1026,0.0148,0.088,0.013,0.008,0.375,0.0018,0.0018,0.587,0.0666,0.0149,0.136,0.0529,0.0117,0.135
4200307000,2017,1585,120,0.046,835,41,0.03,43.0,5.4,0.076,0.1937,0.0487,0.153,0.1924,0.0377,0.119,0.7174,0.0545,0.046,0.0454,0.0256,0.343,0.1672,0.1014,0.369,0.0183,0.0176,0.585,41708,6008,0.088,25908,2504,0.059,0.1048,0.0396,0.23,0.0427,0.0227,0.324,0.6711,0.0487,0.044,0.3864,0.0716,0.113,863,43,0.03,0.0324,0.0336,0.629,1961,6,0.002,0.2827,0.049,0.105,0.1031,0.0514,0.303,0.1819,0.0469,0.157,0.1298,0.0447,0.21,0.582,0.062,0.065,486,57,0.071,349,45,0.078,0.5375,0.0861,0.097,684,32,0.028,113000,13749,0.074,0.3333,0.0847,0.154,0.1193,0.0474,0.241,0.2235,0.0848,0.231,0.7558,0.0769,0.062,0.0717,0.0358,0.304,0.0498,0.0312,0.381,0.0158,0.0218,0.84,0.0267,0.023,0.522,0.1281,0.0408,0.193
4200307976,2017,3227,29,0.005,1440,94,0.04,38.8,3.4,0.053,0.1996,0.0467,0.142,0.1909,0.0364,0.116,0.9284,0.0311,0.02,0.0459,0.0282,0.374,0.0019,0.0056,1.824,0.0077,0.0087,0.681,41369,3043,0.045,30764,7694,0.152,0.154,0.0535,0.211,0.0596,0.0467,0.476,0.6382,0.0515,0.049,0.1784,0.0474,0.162,1620,104,0.039,0.1111,0.0532,0.291,1940,4,0.001,0.7432,0.0721,0.059,0.0821,0.045,0.333,0.0099,0.0122,0.748,0.0802,0.0247,0.187,0.3903,0.0563,0.088,562,89,0.096,878,103,0.071,0.3412,0.067,0.119,694,38,0.033,72700,3277,0.027,0.4057,0.1293,0.194,0.2206,0.0818,0.225,0.0854,0.0544,0.387,0.8311,0.0675,0.049,0.0322,0.034,0.642,0.0053,0.0079,0.91,0.0,0.0066,,0.0171,0.0176,0.628,0.1,0.0377,0.229
4200307992,2017,1770,260,0.089,696,77,0.067,47.0,5.3,0.069,0.1785,0.0509,0.173,0.2028,0.0394,0.118,0.2322,0.0533,0.14,0.6237,0.0602,0.059,0.0,0.0056,,0.0282,0.0234,0.503,22609,4809,0.129,13709,2002,0.089,0.3193,0.1081,0.206,0.1327,0.0787,0.36,0.4192,0.0922,0.134,0.0856,0.0368,0.261,1125,64,0.035,0.3813,0.0659,0.105,1939,,,0.5218,0.0857,0.1,0.2107,0.0743,0.214,0.0587,0.0374,0.387,0.0667,0.0351,0.32,0.5575,0.1087,0.119,388,87,0.136,308,74,0.146,0.5295,0.1093,0.125,647,96,0.09,26700,5434,0.124,0.6856,0.1434,0.127,0.5799,0.1465,0.154,0.1753,0.1448,0.502,0.4444,0.1136,0.155,0.3461,0.1697,0.298,0.0273,0.0301,0.67,0.0146,0.0197,0.82,0.051,0.0492,0.586,0.3463,0.1071,0.188
4200308008,2017,1683,126,0.046,956,66,0.042,51.2,4.5,0.053,0.1349,0.0362,0.163,0.2496,0.0437,0.107,0.6381,0.0289,0.028,0.3012,0.0485,0.098,0.0036,0.0059,1.012,0.0303,0.0272,0.546,31500,9681,0.187,28202,4158,0.09,0.2074,0.0504,0.148,0.0635,0.037,0.355,0.575,0.0337,0.036,0.2634,0.0581,0.134,1103,43,0.024,0.1333,0.0642,0.293,1959,3,0.001,0.5793,0.0505,0.053,0.0961,0.0428,0.271,0.0218,0.0244,0.682,0.2702,0.0544,0.122,0.4833,0.0592,0.075,462,65,0.086,494,46,0.057,0.3522,0.0496,0.086,330,31,0.057,85500,7025,0.05,0.4004,0.1157,0.176,0.2035,0.0931,0.278,0.1579,0.0596,0.229,0.6364,0.0684,0.065,0.1921,0.0605,0.192,0.0154,0.0178,0.706,0.0,0.0128,,0.0307,0.037,0.732,0.2939,0.0638,0.132
4200308064,2017,1154,72,0.038,471,33,0.043,48.8,1.9,0.024,0.1984,0.0349,0.107,0.2036,0.0347,0.104,0.9515,0.083,0.053,0.0035,0.0043,0.759,0.0191,0.0156,0.496,0.0217,0.0181,0.509,108958,9109,0.051,56711,5166,0.055,0.0269,0.0163,0.368,0.0294,0.0223,0.46,0.6008,0.0464,0.047,0.6613,0.0596,0.055,503,28,0.034,0.0636,0.0516,0.493,1970,7,0.002,0.7773,0.0466,0.036,0.0,0.0281,,0.0557,0.0357,0.39,0.0,0.0281,,0.0637,0.0315,0.301,30,15,0.304,441,34,0.047,0.0321,0.0155,0.293,247,238,0.586,299100,17861,0.036,0.6667,0.6506,0.593,0.0,0.3333,,0.1565,0.0669,0.26,0.8654,0.0593,0.042,0.0215,0.0142,0.4,0.0108,0.0107,0.604,0.0,0.018,,0.0575,0.0298,0.316,0.0701,0.0339,0.295
4200308416,2017,9528,23,0.001,3976,178,0.027,36.5,2.7,0.045,0.2241,0.0326,0.088,0.1341,0.0217,0.098,0.877,0.0411,0.028,0.0313,0.0186,0.361,0.0232,0.0191,0.501,0.0504,0.0301,0.363,55192,4553,0.05,29288,2731,0.057,0.081,0.0256,0.193,0.0516,0.023,0.271,0.6727,0.0308,0.028,0.2757,0.0429,0.095,4457,217,0.03,0.1079,0.0355,0.2,1950,3,0.001,0.6033,0.0336,0.034,0.2111,0.0447,0.129,0.0888,0.0298,0.204,0.0312,0.0125,0.243,0.3745,0.038,0.062,1489,165,0.067,2487,211,0.052,0.3285,0.0549,0.102,729,43,0.036,97800,3388,0.021,0.3633,0.0885,0.148,0.133,0.0446,0.204,0.1331,0.0409,0.187,0.7062,0.046,0.04,0.0936,0.0313,0.203,0.0372,0.0315,0.515,0.0,0.0031,,0.032,0.0161,0.306,0.131,0.0322,0.149
4200308624,2017,5091,20,0.002,2528,105,0.025,43.8,4.0,0.056,0.1693,0.0282,0.101,0.2082,0.029,0.085,0.9299,0.0215,0.014,0.0244,0.0088,0.221,0.0132,0.0102,0.472,0.0082,0.0073,0.536,45403,4445,0.06,30308,2567,0.051,0.1087,0.0323,0.181,0.0647,0.0222,0.209,0.655,0.0307,0.028,0.2821,0.0425,0.091,2701,123,0.028,0.0641,0.0317,0.301,1954,2,0.001,0.6512,0.0365,0.034,0.0996,0.0311,0.19,0.0974,0.0375,0.234,0.1211,0.0306,0.154,0.4173,0.0467,0.068,1055,126,0.073,1473,128,0.053,0.3607,0.0515,0.087,725,59,0.049,125000,7818,0.038,0.3773,0.093,0.15,0.0834,0.0444,0.324,0.2342,0.0659,0.171,0.7928,0.0554,0.042,0.0671,0.025,0.226,0.0343,0.021,0.372,0.0026,0.0041,0.955,0.0234,0.0135,0.351,0.1511,0.0371,0.149
4200311336,2017,7935,26,0.002,3879,181,0.028,36.9,2.5,0.041,0.1893,0.0288,0.093,0.1575,0.0216,0.083,0.8204,0.0371,0.027,0.1143,0.0342,0.182,0.0091,0.0074,0.498,0.014,0.0089,0.389,45087,6498,0.088,29237,2587,0.054,0.2103,0.0546,0.158,0.0647,0.0278,0.261,0.6577,0.0337,0.031,0.3319,0.0388,0.071,4222,222,0.032,0.0812,0.0262,0.196,1951,3,0.001,0.5708,0.0322,0.034,0.1296,0.0311,0.146,0.0947,0.0268,0.172,0.1331,0.027,0.123,0.5019,0.0451,0.055,1947,197,0.062,1932,165,0.052,0.4691,0.0467,0.061,768,36,0.028,109100,8889,0.05,0.4448,0.0734,0.1,0.2404,0.0594,0.15,0.1605,0.0453,0.172,0.7188,0.0167,0.014,0.0657,0.0204,0.189,0.0552,0.0327,0.36,0.0067,0.0075,0.674,0.0437,0.0195,0.271,0.1513,0.0387,0.155
4200311680,2017,8251,32,0.002,3894,164,0.026,41.6,1.9,0.028,0.1612,0.0323,0.122,0.1713,0.0244,0.087,0.9136,0.034,0.023,0.0115,0.0103,0.544,0.0339,0.0257,0.46,0.0331,0.0208,0.383,53041,3704,0.042,31194,2954,0.058,0.1194,0.0455,0.232,0.0436,0.0178,0.248,0.7182,0.0324,0.027,0.3212,0.0435,0.082,4226,166,0.024,0.0786,0.0323,0.25,1955,2,0.001,0.61,0.0427,0.043,0.0788,0.0304,0.234,0.1126,0.0325,0.175,0.1067,0.0288,0.164,0.3898,0.0443,0.069,1518,184,0.074,2376,137,0.035,0.3367,0.0428,0.077,761,56,0.045,121100,6002,0.03,0.3781,0.1092,0.176,0.1746,0.0624,0.217,0.2117,0.0479,0.138,0.7404,0.0455,0.037,0.1507,0.0345,0.139,0.0065,0.0069,0.646,0.0,0.0032,,0.0301,0.0174,0.351,0.0647,0.031,0.291
4200312496,2017,773,130,0.102,388,53,0.083,44.8,6.4,0.087,0.1604,0.058,0.22,0.1656,0.035,0.129,0.8305,0.193,0.141,0.0517,0.0391,0.46,0.0,0.0129,,0.0103,0.0115,0.676,41500,6895,0.101,25992,3100,0.073,0.1007,0.0444,0.268,0.0506,0.0348,0.417,0.727,0.0689,0.058,0.2975,0.061,0.125,425,53,0.076,0.0871,0.0697,0.487,1950,4,0.001,0.7694,0.0501,0.04,0.1412,0.0677,0.292,0.0612,0.0499,0.496,0.0,0.0333,,0.299,0.0918,0.187,116,39,0.204,272,41,0.092,0.26,0.1204,0.281,584,66,0.069,76400,5494,0.044,0.5172,0.2381,0.28,0.2931,0.2013,0.418,0.1875,0.1043,0.338,0.7977,0.0679,0.052,0.0791,0.0564,0.434,0.0233,0.0205,0.536,0.0,0.0233,,0.0442,0.0364,0.5,0.1366,0.0785,0.35
4200313392,2017,1732,85,0.03,826,38,0.028,50.2,2.2,0.027,0.1443,0.0313,0.132,0.2569,0.0372,0.088,0.9913,0.0064,0.004,0.0006,0.0012,1.215,0.0029,0.004,0.851,0.0035,0.0046,0.81,57386,5585,0.059,34177,3602,0.064,0.0606,0.0291,0.292,0.0901,0.0741,0.5,0.6394,0.0567,0.054,0.38,0.062,0.099,879,19,0.013,0.0603,0.0421,0.424,1953,2,0.001,0.8532,0.0378,0.027,0.0648,0.0387,0.363,0.0125,0.0146,0.708,0.0,0.0161,,0.1525,0.0589,0.235,126,49,0.236,700,52,0.045,0.1263,0.0564,0.272,853,70,0.05,113600,5446,0.029,0.3016,0.16,0.323,0.1508,0.1126,0.454,0.2114,0.0721,0.207,0.7425,0.0515,0.042,0.0632,0.0351,0.338,0.0172,0.0172,0.605,0.0,0.0115,,0.0414,0.0238,0.35,0.0799,0.0394,0.299
4200313608,2017,2984,29,0.006,1270,67,0.032,51.5,4.9,0.058,0.1907,0.0411,0.131,0.2738,0.0446,0.099,0.7192,0.0582,0.049,0.2208,0.0445,0.123,0.0245,0.0275,0.683,0.0121,0.0117,0.591,89013,8533,0.058,48222,6179,0.078,0.0246,0.0244,0.605,0.066,0.0368,0.339,0.6259,0.0349,0.034,0.6407,0.0603,0.057,1378,83,0.037,0.0784,0.0447,0.347,1958,2,0.001,0.9746,0.0189,0.012,0.0,0.0103,,0.0044,0.0108,1.506,0.021,0.0271,0.782,0.1039,0.0469,0.274,132,60,0.276,1138,99,0.053,0.1072,0.0667,0.378,1205,532,0.268,173800,13383,0.047,0.25,0.3027,0.736,0.2045,0.2804,0.833,0.2083,0.0725,0.211,0.8185,0.0495,0.037,0.027,0.0198,0.445,0.0,0.0071,,0.0,0.0071,,0.0776,0.0386,0.303,0.011,0.0129,0.711
4200313704,2017,6692,35,0.003,2991,130,0.026,40.5,2.7,0.041,0.1783,0.0348,0.119,0.1551,0.0248,0.097,0.5539,0.0378,0.042,0.4111,0.0397,0.059,0.0126,0.0148,0.716,0.0073,0.0061,0.509,31112,3845,0.075,20510,2228,0.066,0.2823,0.0686,0.148,0.1571,0.0584,0.226,0.6095,0.0446,0.044,0.141,0.0329,0.142,3959,185,0.028,0.2445,0.0448,0.111,1942,2,0.001,0.6517,0.04,0.037,0.0945,0.0339,0.218,0.0755,0.0279,0.224,0.0169,0.0138,0.495,0.4524,0.0636,0.085,1353,199,0.089,1638,172,0.064,0.4475,0.0677,0.092,775,22,0.017,45700,3061,0.041,0.5935,0.1026,0.105,0.2831,0.0947,0.203,0.2137,0.0558,0.159,0.6965,0.0438,0.038,0.1257,0.0554,0.268,0.0225,0.0249,0.672,0.0,0.0053,,0.0176,0.0118,0.41,0.2384,0.0436,0.111
4200315216,2017,7928,22,0.002,3762,220,0.036,50.0,2.5,0.03,0.1651,0.0351,0.129,0.2144,0.0354,0.1,0.9646,0.0157,0.01,0.0068,0.0061,0.54,0.0208,0.0143,0.416,0.0071,0.0071,0.608,75548,14830,0.119,50268,5693,0.069,0.0395,0.0243,0.374,0.0502,0.0345,0.417,0.6425,0.0404,0.038,0.4599,0.0617,0.082,4037,211,0.032,0.0681,0.0367,0.328,1993,3,0.001,0.594,0.055,0.056,0.0109,0.018,1.002,0.032,0.0311,0.591,0.082,0.04,0.297,0.1983,0.053,0.162,746,204,0.166,3016,249,0.05,0.1635,0.051,0.189,1337,150,0.068,216900,45388,0.127,0.3847,0.1979,0.313,0.1421,0.1213,0.519,0.2351,0.0619,0.16,0.8045,0.0599,0.045,0.0883,0.0371,0.255,0.0061,0.0093,0.923,0.0,0.0037,,0.0466,0.027,0.353,0.0311,0.0188,0.367
4200316144,2017,5607,18,0.002,2808,169,0.037,47.2,5.3,0.068,0.1607,0.0347,0.131,0.2049,0.0326,0.097,0.7562,0.0518,0.042,0.1439,0.0317,0.134,0.0012,0.0018,0.868,0.0269,0.0184,0.415,42533,6344,0.091,26719,2364,0.054,0.1317,0.0398,0.184,0.0831,0.0383,0.28,0.6648,0.0368,0.034,0.2755,0.0449,0.099,3218,151,0.029,0.1274,0.0396,0.189,1939,,,0.6299,0.0423,0.041,0.0855,0.0292,0.208,0.0808,0.0317,0.238,0.156,0.041,0.16,0.5028,0.0629,0.076,1412,196,0.084,1396,155,0.067,0.4232,0.0651,0.094,676,37,0.033,91700,4463,0.03,0.4341,0.1102,0.154,0.1508,0.0706,0.285,0.1898,0.0559,0.179,0.8402,0.0174,0.013,0.0299,0.0214,0.436,0.0605,0.033,0.332,0.0,0.0052,,0.0202,0.017,0.511,0.1432,0.047,0.199
4200316848,2017,5887,28,0.003,2800,201,0.044,38.3,3.6,0.057,0.1656,0.0321,0.118,0.1417,0.024,0.103,0.8923,0.0378,0.026,0.0581,0.0272,0.284,0.002,0.0024,0.709,0.0256,0.0228,0.539,52289,4901,0.057,31640,3286,0.063,0.0831,0.0308,0.225,0.0528,0.0234,0.269,0.697,0.0312,0.027,0.3385,0.0508,0.091,3095,221,0.043,0.0953,0.0401,0.256,1939,,,0.4969,0.0436,0.053,0.2746,0.0489,0.108,0.0711,0.0252,0.216,0.0853,0.0241,0.172,0.4582,0.0489,0.065,1283,165,0.078,1517,160,0.064,0.3584,0.0536,0.091,760,33,0.026,119000,5491,0.028,0.304,0.092,0.184,0.1481,0.0635,0.26,0.1582,0.0575,0.221,0.7186,0.0457,0.039,0.1233,0.0475,0.234,0.0352,0.0216,0.374,0.0,0.0046,,0.0236,0.0112,0.29,0.1571,0.0362,0.14
4200317048,2017,2606,33,0.008,1008,56,0.034,44.0,2.0,0.028,0.2157,0.034,0.096,0.1919,0.0302,0.096,0.9256,0.0246,0.016,0.0207,0.0146,0.428,0.0077,0.0115,0.912,0.0157,0.0123,0.474,70469,9456,0.082,31238,2255,0.044,0.0665,0.0356,0.326,0.0338,0.0195,0.351,0.695,0.0322,0.028,0.2917,0.0476,0.099,1069,62,0.035,0.0571,0.0401,0.427,1959,3,0.001,0.8082,0.0309,0.023,0.058,0.031,0.324,0.0187,0.0234,0.761,0.0,0.0132,,0.1498,0.0509,0.207,151,52,0.209,857,53,0.038,0.1169,0.0469,0.244,799,76,0.058,135200,9000,0.04,0.3709,0.2243,0.368,0.2318,0.1747,0.458,0.1564,0.0478,0.186,0.8608,0.0327,0.023,0.0184,0.0127,0.419,0.0,0.0071,,0.0,0.0071,,0.0304,0.0183,0.366,0.0179,0.0179,0.608
4200319576,2017,8488,23,0.002,4017,128,0.019,36.5,1.1,0.018,0.1526,0.023,0.092,0.1226,0.0171,0.085,0.9248,0.0217,0.014,0.0256,0.0131,0.311,0.0125,0.0086,0.419,0.02,0.0121,0.368,60349,4738,0.048,36802,3846,0.064,0.0621,0.0206,0.201,0.054,0.0164,0.184,0.7618,0.0227,0.018,0.4705,0.0485,0.063,4390,159,0.022,0.085,0.026,0.186,1939,,,0.5647,0.0313,0.034,0.2059,0.0311,0.092,0.1558,0.0257,0.1,0.0091,0.0061,0.409,0.4267,0.0374,0.053,1714,160,0.057,2303,149,0.039,0.3398,0.036,0.064,830,45,0.033,123400,8317,0.041,0.2964,0.0686,0.141,0.1079,0.0384,0.216,0.2123,0.0443,0.127,0.6746,0.038,0.034,0.198,0.0251,0.077,0.0107,0.0072,0.408,0.0,0.0029,,0.0322,0.0124,0.234,0.1275,0.0271,0.129
4200319856,2017,1763,104,0.036,912,48,0.032,49.9,1.8,0.022,0.1378,0.0379,0.167,0.2348,0.0371,0.096,0.9393,0.0365,0.024,0.0448,0.0299,0.406,0.0,0.0057,,0.0,0.0057,,37500,7536,0.122,27373,2912,0.065,0.1293,0.0514,0.242,0.0478,0.0304,0.387,0.6062,0.0493,0.049,0.234,0.0563,0.146,1019,29,0.017,0.105,0.0391,0.227,1944,2,0.001,0.6722,0.0526,0.048,0.0638,0.0322,0.307,0.2296,0.0486,0.129,0.0,0.0139,,0.3936,0.0636,0.098,359,61,0.103,553,68,0.075,0.359,0.0765,0.13,516,36,0.042,62700,4380,0.042,0.429,0.1194,0.169,0.2786,0.0916,0.2,0.2061,0.0828,0.244,0.7904,0.0682,0.052,0.0729,0.0396,0.331,0.0213,0.0201,0.572,0.0,0.0112,,0.0,0.0112,,0.182,0.0526,0.176
4200320432,2017,5544,29,0.003,2280,167,0.045,31.7,3.4,0.065,0.3209,0.0481,0.091,0.1171,0.0195,0.101,0.2877,0.0342,0.072,0.5768,0.0549,0.058,0.0011,0.0014,0.811,0.0233,0.0148,0.386,24390,7111,0.177,20522,10218,0.303,0.3634,0.0903,0.151,0.1924,0.0597,0.189,0.6172,0.035,0.034,0.1307,0.0354,0.165,2917,215,0.045,0.2184,0.0467,0.13,1941,3,0.001,0.6452,0.0382,0.036,0.0761,0.0313,0.25,0.1275,0.0436,0.208,0.0689,0.0254,0.224,0.5939,0.0589,0.06,1354,167,0.075,926,110,0.072,0.6044,0.0731,0.074,598,123,0.125,37800,4770,0.077,0.5495,0.096,0.106,0.2688,0.0725,0.164,0.2322,0.0697,0.183,0.6086,0.0417,0.042,0.2355,0.0786,0.203,0.0299,0.0229,0.467,0.0044,0.0083,1.138,0.0227,0.0175,0.469,0.3658,0.0607,0.101
4200321024,2017,1388,122,0.053,646,48,0.045,42.9,3.8,0.054,0.1808,0.038,0.128,0.1463,0.038,0.158,0.9582,0.0276,0.017,0.0144,0.0223,0.941,0.0,0.0072,,0.0086,0.0079,0.555,46364,7200,0.094,26910,2188,0.049,0.119,0.0474,0.242,0.114,0.0406,0.217,0.7381,0.0515,0.042,0.2017,0.0546,0.165,800,31,0.024,0.1925,0.0507,0.16,1944,4,0.001,0.6962,0.0536,0.047,0.1112,0.0449,0.246,0.0138,0.0225,0.996,0.0362,0.0287,0.482,0.3328,0.0601,0.11,215,42,0.119,431,42,0.059,0.3047,0.0761,0.152,786,59,0.046,68300,6545,0.058,0.5023,0.1563,0.189,0.3349,0.1337,0.243,0.1206,0.0621,0.313,0.8372,0.0474,0.034,0.0561,0.0365,0.396,0.0192,0.0204,0.648,0.0,0.0137,,0.0205,0.0135,0.401,0.1022,0.0437,0.26
4200321444,2017,2073,140,0.041,975,59,0.037,46.2,2.4,0.032,0.1959,0.0541,0.168,0.1877,0.0306,0.099,0.8818,0.0264,0.018,0.0391,0.022,0.343,0.0101,0.012,0.723,0.0,0.0048,,43750,4169,0.058,25863,2621,0.062,0.1023,0.0431,0.256,0.0792,0.0391,0.3,0.6192,0.0354,0.035,0.1494,0.041,0.167,1173,36,0.019,0.1688,0.0483,0.174,1950,5,0.002,0.6871,0.0494,0.044,0.1441,0.0523,0.221,0.0818,0.0362,0.269,0.0315,0.0221,0.427,0.4492,0.0752,0.102,438,78,0.108,537,64,0.072,0.3531,0.0673,0.116,709,94,0.081,73100,4136,0.034,0.4429,0.1105,0.152,0.2169,0.0853,0.239,0.1732,0.0749,0.263,0.8487,0.0426,0.031,0.0315,0.025,0.483,0.0053,0.0084,0.971,0.0,0.0105,,0.0714,0.0351,0.299,0.1282,0.0491,0.233
4200321712,2017,1737,229,0.08,797,76,0.058,28.6,2.0,0.043,0.3247,0.0792,0.148,0.1146,0.0297,0.157,0.3178,0.0343,0.066,0.6448,0.0954,0.09,0.0092,0.0097,0.641,0.0178,0.0304,1.036,23545,3279,0.085,14174,1742,0.075,0.3411,0.1149,0.205,0.0673,0.05,0.451,0.6569,0.0598,0.055,0.0974,0.0455,0.284,1060,45,0.026,0.2481,0.069,0.169,1952,5,0.002,0.367,0.0719,0.119,0.2519,0.0803,0.194,0.1198,0.0586,0.298,0.0396,0.0244,0.375,0.7265,0.0908,0.076,579,91,0.096,218,58,0.162,0.6976,0.0889,0.077,597,41,0.042,44100,8817,0.122,0.4767,0.1539,0.196,0.2453,0.12,0.298,0.2661,0.1654,0.378,0.6196,0.1015,0.1,0.2853,0.0904,0.193,0.007,0.0097,0.846,0.0,0.014,,0.0182,0.0151,0.506,0.3501,0.0961,0.167
4200322520,2017,3071,30,0.006,1569,76,0.029,35.4,1.6,0.027,0.1814,0.0358,0.12,0.1276,0.0217,0.103,0.8163,0.0462,0.034,0.1016,0.0394,0.236,0.013,0.0107,0.501,0.0524,0.0332,0.385,72863,5913,0.049,54995,5593,0.062,0.0876,0.0415,0.288,0.0346,0.0131,0.23,0.8123,0.021,0.016,0.6911,0.0634,0.056,1606,82,0.031,0.023,0.0186,0.492,1939,,,0.6389,0.0448,0.043,0.1152,0.0389,0.205,0.1986,0.0505,0.154,0.0149,0.0116,0.47,0.3958,0.0581,0.089,621,96,0.094,948,91,0.058,0.367,0.0614,0.102,813,49,0.037,197500,13940,0.043,0.3237,0.1099,0.206,0.1256,0.0631,0.305,0.1835,0.0536,0.178,0.6648,0.0447,0.041,0.1532,0.0401,0.159,0.0144,0.0087,0.368,0.0057,0.0046,0.497,0.0722,0.0193,0.162,0.0682,0.0355,0.317
4200322576,2017,1826,76,0.025,712,44,0.038,46.9,1.5,0.019,0.2667,0.0353,0.081,0.2317,0.0352,0.092,0.8834,0.0654,0.045,0.0016,0.0022,0.81,0.0997,0.0689,0.42,0.011,0.0082,0.455,142206,12062,0.052,89229,9970,0.068,0.0411,0.0297,0.44,0.0417,0.026,0.378,0.5938,0.0433,0.044,0.8109,0.0714,0.054,788,29,0.022,0.0964,0.0443,0.279,1945,5,0.002,0.9416,0.0317,0.02,0.0279,0.0218,0.475,0.0,0.0179,,0.0,0.0179,,0.0772,0.0404,0.318,55,29,0.321,657,44,0.041,0.0559,0.0344,0.375,1102,185,0.102,470200,26652,0.034,0.2909,0.2827,0.591,0.1818,0.1094,0.366,0.2268,0.0711,0.191,0.7535,0.0502,0.041,0.0194,0.0154,0.483,0.0465,0.0306,0.401,0.0142,0.0115,0.494,0.1252,0.0422,0.205,0.0211,0.0169,0.488
4200322992,2017,1407,89,0.038,636,37,0.035,43.6,3.4,0.047,0.2082,0.0383,0.112,0.1862,0.0346,0.113,0.9467,0.0154,0.01,0.0149,0.012,0.491,0.0,0.0071,,0.0178,0.0142,0.485,36250,4459,0.075,24208,2842,0.071,0.1791,0.0616,0.209,0.0766,0.0364,0.289,0.6227,0.0657,0.064,0.1423,0.0417,0.178,732,25,0.021,0.1311,0.0407,0.189,1939,,,0.6475,0.0603,0.057,0.1899,0.0547,0.175,0.0328,0.0172,0.32,0.0765,0.0329,0.262,0.4387,0.0727,0.101,279,49,0.107,357,50,0.085,0.3795,0.0818,0.131,688,69,0.061,78500,9248,0.072,0.5627,0.1275,0.138,0.2796,0.1037,0.225,0.1653,0.0794,0.292,0.845,0.0751,0.054,0.0517,0.0327,0.385,0.0365,0.0207,0.345,0.0,0.0152,,0.0137,0.012,0.534,0.1447,0.0517,0.217
4200323000,2017,13212,17,0.001,5505,168,0.019,47.1,1.3,0.017,0.1888,0.0244,0.079,0.2259,0.0242,0.065,0.9749,0.0101,0.006,0.01,0.0076,0.465,0.0032,0.0036,0.68,0.0031,0.003,0.593,60068,3221,0.033,29203,1602,0.033,0.0965,0.0361,0.227,0.0562,0.0222,0.24,0.6078,0.0224,0.022,0.25,0.0267,0.065,5984,200,0.02,0.08,0.0253,0.192,1961,2,0.001,0.8625,0.0223,0.016,0.008,0.0066,0.499,0.0645,0.027,0.255,0.0306,0.0169,0.337,0.1875,0.0287,0.093,1032,161,0.095,4473,185,0.025,0.1409,0.0312,0.135,751,33,0.027,119100,6075,0.031,0.313,0.1207,0.234,0.2151,0.1032,0.292,0.2066,0.0458,0.135,0.8711,0.0206,0.014,0.0173,0.0114,0.401,0.0105,0.0078,0.451,0.0032,0.0052,1.003,0.0265,0.0136,0.312,0.0476,0.0214,0.273
4200323616,2017,2411,134,0.034,1203,43,0.022,40.9,2.0,0.03,0.1829,0.0387,0.129,0.1435,0.0253,0.107,0.927,0.0728,0.048,0.0191,0.0178,0.567,0.0029,0.0041,0.868,0.012,0.0141,0.712,56958,4171,0.045,32760,1844,0.034,0.0482,0.0255,0.322,0.046,0.0214,0.284,0.7127,0.0217,0.019,0.3478,0.0535,0.093,1203,43,0.022,0.0,0.0083,,1948,5,0.002,0.5877,0.0368,0.038,0.1438,0.0562,0.238,0.1288,0.0397,0.187,0.1056,0.0311,0.179,0.3932,0.0426,0.066,473,54,0.069,730,50,0.042,0.3345,0.0453,0.082,790,50,0.038,125000,10412,0.051,0.2431,0.1007,0.252,0.0973,0.0603,0.377,0.1685,0.0556,0.201,0.7733,0.0631,0.05,0.0462,0.027,0.355,0.0352,0.0293,0.505,0.0,0.0073,,0.0602,0.0262,0.265,0.054,0.0254,0.285
4200324160,2017,3399,33,0.006,1484,79,0.032,36.4,4.1,0.068,0.1906,0.0446,0.142,0.1303,0.0333,0.155,0.9156,0.048,0.032,0.0138,0.0194,0.854,0.0318,0.0332,0.636,0.025,0.0256,0.622,46667,9693,0.126,25671,2891,0.068,0.0812,0.0383,0.287,0.0446,0.0252,0.343,0.6865,0.0464,0.041,0.2222,0.053,0.145,1607,110,0.042,0.0765,0.0508,0.403,1939,,,0.6914,0.057,0.05,0.1786,0.0609,0.207,0.023,0.0161,0.424,0.0218,0.0167,0.466,0.374,0.0756,0.123,555,116,0.127,929,114,0.075,0.3053,0.0831,0.165,717,59,0.05,83100,3706,0.027,0.418,0.1386,0.202,0.1441,0.0595,0.251,0.254,0.0958,0.229,0.7863,0.0573,0.044,0.0544,0.0263,0.294,0.0311,0.0293,0.573,0.0,0.0055,,0.0305,0.0204,0.406,0.0889,0.0409,0.279
4200325400,2017,2336,107,0.028,1027,41,0.024,49.6,1.5,0.018,0.155,0.0378,0.148,0.2068,0.0297,0.087,0.9893,0.0111,0.007,0.0077,0.0107,0.844,0.0,0.0043,,0.003,0.0047,0.955,61661,3647,0.036,31343,2558,0.05,0.0447,0.0236,0.321,0.0402,0.021,0.318,0.63,0.0425,0.041,0.1804,0.0463,0.156,1074,21,0.012,0.0438,0.0326,0.453,1954,3,0.001,0.9134,0.044,0.029,0.0186,0.0218,0.711,0.0,0.0132,,0.0,0.0132,,0.1811,0.0521,0.175,186,54,0.176,841,54,0.039,0.1712,0.0503,0.179,655,36,0.033,121600,9537,0.048,0.2527,0.1638,0.394,0.0914,0.0875,0.582,0.195,0.0568,0.177,0.8525,0.0496,0.035,0.018,0.0154,0.518,0.0051,0.0086,1.012,0.0,0.0086,,0.0343,0.0238,0.422,0.0253,0.0253,0.607
4200325904,2017,5509,17,0.002,2224,159,0.043,42.5,2.2,0.031,0.2356,0.0514,0.133,0.1556,0.0344,0.134,0.9532,0.0373,0.024,0.025,0.0294,0.714,0.0,0.0027,,0.0145,0.0187,0.783,76333,9298,0.074,35733,3780,0.064,0.0568,0.0297,0.317,0.0551,0.0295,0.325,0.7104,0.039,0.033,0.3877,0.0728,0.114,2368,172,0.044,0.0608,0.0458,0.458,1980,7,0.002,0.6799,0.0403,0.036,0.0574,0.0472,0.5,0.0519,0.0392,0.459,0.0072,0.0134,1.135,0.1875,0.0679,0.22,417,154,0.225,1807,151,0.051,0.1187,0.0527,0.27,757,97,0.078,204700,39814,0.118,0.2134,0.21,0.598,0.1727,0.1961,0.691,0.2003,0.0782,0.237,0.8917,0.0371,0.025,0.0014,0.0032,1.367,0.005,0.0082,0.998,0.0,0.0054,,0.0347,0.0209,0.367,0.031,0.0297,0.581
4200326592,2017,6439,26,0.002,3162,151,0.029,47.9,1.9,0.024,0.1607,0.0291,0.11,0.2266,0.0278,0.075,0.8166,0.0487,0.036,0.0997,0.0351,0.214,0.0101,0.007,0.421,0.0106,0.0079,0.456,65096,7770,0.073,40986,2839,0.042,0.0643,0.0325,0.307,0.0356,0.02,0.341,0.6807,0.0362,0.032,0.5543,0.0478,0.052,3486,197,0.034,0.0929,0.0375,0.245,1951,3,0.001,0.7714,0.039,0.031,0.0823,0.0294,0.217,0.0215,0.0233,0.659,0.045,0.0204,0.275,0.2404,0.046,0.116,760,150,0.12,2402,178,0.045,0.2351,0.0539,0.139,770,90,0.071,121400,4736,0.024,0.3171,0.1367,0.262,0.1539,0.1035,0.409,0.1707,0.046,0.164,0.7884,0.0404,0.031,0.0758,0.0254,0.204,0.0143,0.0106,0.452,0.0,0.0042,,0.0547,0.0225,0.25,0.0737,0.0317,0.262
4200326896,2017,3348,16,0.003,1499,114,0.046,49.6,2.4,0.029,0.1461,0.0368,0.153,0.2608,0.047,0.109,0.9785,0.0195,0.012,0.0105,0.0125,0.729,0.0,0.003,,0.0,0.003,,56701,10293,0.11,29729,2800,0.057,0.04,0.0234,0.355,0.1155,0.0419,0.221,0.6287,0.056,0.054,0.2275,0.0506,0.135,1666,140,0.051,0.1002,0.0509,0.309,1959,4,0.001,0.7659,0.0559,0.044,0.0192,0.0244,0.773,0.006,0.0108,1.095,0.0,0.0085,,0.1241,0.0579,0.284,186,88,0.288,1313,106,0.049,0.1128,0.0664,0.358,564,496,0.535,101100,15790,0.095,0.0753,0.1255,1.014,0.0753,0.0842,0.68,0.166,0.0567,0.208,0.8585,0.0452,0.032,0.0138,0.0143,0.632,0.0157,0.0168,0.654,0.0,0.0063,,0.0463,0.029,0.381,0.044,0.0257,0.355
4200327120,2017,5363,26,0.003,1869,98,0.032,48.2,2.2,0.028,0.2976,0.047,0.096,0.1699,0.0352,0.126,0.8946,0.0399,0.027,0.0,0.0028,,0.0479,0.0313,0.397,0.0205,0.0229,0.68,162054,48529,0.182,93358,13573,0.088,0.0041,0.0088,1.311,0.0491,0.0239,0.296,0.604,0.0651,0.066,0.8267,0.0969,0.071,1920,114,0.036,0.0266,0.038,0.869,1969,4,0.001,0.9432,0.0786,0.051,0.0,0.011,,0.0083,0.0152,1.107,0.0062,0.0126,1.226,0.0599,0.0298,0.302,112,56,0.304,1757,119,0.041,0.0679,0.0399,0.357,,,,603900,50360,0.051,0.1429,0.3076,1.309,0.1429,0.202,0.86,0.2573,0.0834,0.197,0.7985,0.0505,0.038,0.0063,0.0095,0.909,0.0127,0.0203,0.974,0.0063,0.0104,0.996,0.0922,0.0372,0.246,0.0235,0.0247,0.637
4200327552,2017,14301,38,0.002,5223,148,0.017,43.2,1.3,0.018,0.275,0.0241,0.053,0.1474,0.0195,0.08,0.838,0.0228,0.017,0.0139,0.0117,0.51,0.1058,0.0176,0.101,0.0135,0.0073,0.331,121711,6568,0.033,58636,4049,0.042,0.0144,0.0083,0.349,0.0458,0.0145,0.193,0.6647,0.0263,0.024,0.7103,0.0474,0.041,5394,164,0.018,0.0317,0.0183,0.351,1984,1,0.0,0.8422,0.0174,0.013,0.0069,0.0073,0.647,0.0132,0.0106,0.489,0.0219,0.0154,0.427,0.0751,0.021,0.17,392,110,0.171,4831,178,0.022,0.0443,0.0131,0.18,1451,247,0.103,322100,15915,0.03,0.3724,0.2076,0.339,0.3189,0.1863,0.355,0.1817,0.0387,0.13,0.8291,0.034,0.025,0.0135,0.0095,0.427,0.0059,0.0056,0.577,0.0,0.0024,,0.0771,0.0206,0.163,0.0237,0.0133,0.341
4200327608,2017,1084,88,0.049,473,40,0.051,51.2,2.8,0.033,0.1596,0.0431,0.164,0.2205,0.034,0.094,0.9917,0.0161,0.01,0.0,0.0092,,0.0083,0.0073,0.538,0.0,0.0092,,64063,11398,0.108,41061,8785,0.13,0.0581,0.0456,0.477,0.0296,0.0194,0.399,0.6552,0.0538,0.05,0.17,0.057,0.204,545,25,0.028,0.1321,0.0566,0.26,1957,2,0.001,0.9083,0.0489,0.033,0.0165,0.0273,1.004,0.0,0.0259,,0.0,0.0259,,0.129,0.0775,0.365,61,37,0.369,412,35,0.052,0.0849,0.0381,0.273,783,49,0.038,118300,12207,0.063,0.2787,0.2287,0.499,0.0492,0.0584,0.722,0.2087,0.0726,0.211,0.8925,0.0484,0.033,0.0051,0.0085,1.011,0.0,0.0171,,0.0,0.0171,,0.0051,0.0102,1.214,0.0338,0.0227,0.408
4200329432,2017,4435,33,0.005,2029,156,0.047,42.6,7.3,0.104,0.1991,0.0382,0.117,0.1723,0.0295,0.104,0.9488,0.0254,0.016,0.0162,0.0149,0.557,0.0032,0.0045,0.868,0.0104,0.0092,0.542,37786,7170,0.115,21764,1726,0.048,0.1718,0.0545,0.193,0.0881,0.0453,0.312,0.6352,0.0521,0.05,0.1382,0.0527,0.232,2417,178,0.045,0.1605,0.0503,0.191,1946,5,0.002,0.7687,0.0484,0.038,0.0985,0.0434,0.268,0.0612,0.0366,0.364,0.0025,0.0058,1.432,0.3731,0.0638,0.104,757,142,0.114,1272,169,0.081,0.3775,0.071,0.114,630,63,0.061,60500,6047,0.061,0.4584,0.1374,0.182,0.2206,0.0972,0.268,0.1431,0.053,0.225,0.8104,0.0557,0.042,0.0387,0.0306,0.481,0.0578,0.0328,0.345,0.0,0.0049,,0.0245,0.018,0.446,0.1336,0.0429,0.195
4200329592,2017,239,61,0.155,82,21,0.156,32.4,4.6,0.086,0.3473,0.075,0.131,0.1004,0.0946,0.573,0.8243,0.2715,0.2,0.0,0.0418,,0.0,0.0418,,0.1297,0.1254,0.588,65000,41279,0.386,30395,8022,0.16,0.0669,0.0516,0.469,0.0709,0.0525,0.45,0.8038,0.0249,0.019,0.3933,0.1468,0.227,96,20,0.127,0.1458,0.0996,0.415,1939,,,0.8333,0.2407,0.176,0.0,0.1473,,0.1458,0.2032,0.847,0.0,0.1473,,0.3537,0.2265,0.389,29,20,0.419,53,19,0.218,0.3138,0.1978,0.383,1500,552,0.224,167500,43271,0.157,0.6207,0.6542,0.641,0.1379,0.1438,0.634,0.0943,0.4705,3.032,0.8158,0.1245,0.093,0.0,0.0877,,0.0175,0.0348,1.205,0.0,0.0877,,0.0526,0.0687,0.794,0.0488,0.1358,1.692
4200329732,2017,618,119,0.117,216,28,0.079,44.5,5.2,0.071,0.2751,0.0542,0.12,0.1634,0.0253,0.094,0.8754,0.2249,0.156,0.0421,0.0495,0.715,0.0,0.0162,,0.0437,0.0363,0.504,149167,28044,0.114,68950,15435,0.136,0.0163,0.0151,0.561,0.0066,0.0098,0.902,0.6561,0.1009,0.093,0.7633,0.0342,0.027,241,28,0.071,0.1037,0.0779,0.457,1941,12,0.004,0.9585,0.0456,0.029,0.0,0.0587,,0.0,0.0587,,0.0,0.0587,,0.0278,0.0369,0.807,6,8,0.811,210,31,0.09,0.0214,0.0277,0.786,,,,428900,38203,0.054,0.0,3.3333,,0.0,1.6667,,0.2476,0.0972,0.239,0.7822,0.1248,0.097,0.0099,0.013,0.8,0.0495,0.0449,0.552,0.0,0.033,,0.0891,0.0419,0.286,0.0139,0.054,2.362
4200331256,2017,4843,21,0.003,2091,84,0.024,46.1,2.8,0.037,0.1747,0.0335,0.117,0.2067,0.0326,0.096,0.9155,0.0405,0.027,0.0242,0.0155,0.39,0.0456,0.0353,0.47,0.007,0.0089,0.769,75139,9857,0.08,40622,3165,0.047,0.0907,0.0534,0.358,0.0436,0.0207,0.289,0.6699,0.0335,0.03,0.4562,0.0555,0.074,2271,106,0.028,0.0793,0.0426,0.326,1958,1,0.0,0.9119,0.0591,0.039,0.004,0.0079,1.217,0.015,0.0143,0.582,0.0652,0.0267,0.249,0.1306,0.034,0.158,273,72,0.16,1818,104,0.035,0.1222,0.032,0.159,1507,372,0.15,169400,6491,0.023,0.2491,0.1566,0.382,0.1429,0.1264,0.538,0.2052,0.0588,0.174,0.7543,0.046,0.037,0.0901,0.0295,0.199,0.0121,0.0121,0.607,0.0,0.0039,,0.0382,0.0256,0.408,0.0435,0.0304,0.424
4200332328,2017,18412,25,0.001,7234,211,0.018,44.9,1.1,0.015,0.2306,0.0231,0.061,0.1897,0.0209,0.067,0.9379,0.0197,0.013,0.0149,0.0106,0.433,0.0298,0.013,0.265,0.0122,0.0089,0.445,85233,5140,0.037,46818,3930,0.051,0.033,0.0166,0.305,0.0195,0.009,0.279,0.6626,0.025,0.023,0.522,0.041,0.048,7684,272,0.022,0.0586,0.0259,0.269,1974,2,0.001,0.7927,0.0344,0.026,0.0115,0.0092,0.49,0.0547,0.0173,0.193,0.0436,0.0145,0.202,0.1359,0.0257,0.115,983,188,0.116,6251,267,0.026,0.1166,0.033,0.172,1196,65,0.033,229300,13738,0.036,0.5259,0.1564,0.181,0.3459,0.1157,0.203,0.2108,0.0397,0.115,0.8425,0.0336,0.024,0.0116,0.0071,0.371,0.0094,0.0066,0.425,0.0,0.0017,,0.0625,0.0179,0.174,0.0514,0.0189,0.224
4200332624,2017,3067,17,0.003,1421,127,0.054,57.1,3.1,0.033,0.1275,0.0344,0.164,0.3554,0.057,0.097,0.9742,0.0136,0.009,0.0085,0.0062,0.444,0.0055,0.0059,0.644,0.0117,0.0137,0.709,52548,7111,0.082,42708,7148,0.102,0.0966,0.0418,0.263,0.0448,0.0251,0.341,0.5376,0.0509,0.058,0.2957,0.0547,0.112,1600,143,0.054,0.1119,0.0471,0.256,1963,5,0.002,0.4775,0.0594,0.076,0.0638,0.0351,0.334,0.0712,0.033,0.282,0.0,0.0088,,0.285,0.0648,0.138,405,99,0.149,1016,98,0.059,0.2704,0.0647,0.146,686,100,0.089,114200,7323,0.039,0.3235,0.1567,0.294,0.0988,0.0804,0.495,0.2175,0.0675,0.189,0.7798,0.0952,0.074,0.0327,0.0237,0.441,0.0269,0.037,0.836,0.0,0.0073,,0.0371,0.0288,0.473,0.0753,0.0441,0.356
4200332832,2017,10441,23,0.001,4425,173,0.024,45.1,1.8,0.024,0.1991,0.0312,0.095,0.185,0.0237,0.078,0.9464,0.0237,0.015,0.0158,0.0117,0.449,0.0098,0.011,0.685,0.0057,0.0049,0.525,53159,3241,0.037,25831,1421,0.033,0.1138,0.0322,0.172,0.0675,0.023,0.207,0.6281,0.0272,0.026,0.2388,0.0336,0.086,5142,219,0.026,0.1394,0.0351,0.153,1952,2,0.001,0.7371,0.0351,0.029,0.0401,0.0181,0.275,0.0788,0.0282,0.218,0.0438,0.0149,0.208,0.2863,0.0379,0.081,1267,175,0.084,3158,227,0.044,0.2569,0.0487,0.115,668,60,0.055,97800,3832,0.024,0.4096,0.1208,0.179,0.2265,0.0944,0.253,0.1856,0.0508,0.166,0.8411,0.0378,0.027,0.0028,0.0026,0.564,0.0359,0.0185,0.313,0.0016,0.0034,1.291,0.0242,0.0125,0.313,0.0886,0.025,0.171
4200333312,2017,83,40,0.293,33,16,0.295,44.7,21.2,0.288,0.1687,0.3379,1.218,0.2169,0.3127,0.877,0.7229,0.4378,0.368,0.0,0.1205,,0.0602,0.1045,1.054,0.2169,0.3208,0.899,61094,4103,0.041,23751,12399,0.317,0.0843,0.0573,0.413,0.0,0.2564,,0.5652,0.1506,0.162,0.2754,0.2398,0.529,40,15,0.228,0.175,0.1622,0.564,1939,,,0.975,0.5061,0.316,0.0,0.3536,,0.0,0.3536,,0.0,0.3536,,0.1212,0.1397,0.7,4,5,0.76,29,14,0.293,0.1205,0.1056,0.533,1375,336,0.149,77500,33188,0.26,0.25,4.3835,10.659,0.25,0.6818,1.658,0.2069,0.8563,2.516,0.6579,0.084,0.078,0.2105,0.2196,0.634,0.0,0.2632,,0.0,0.2632,,0.0263,0.0782,1.806,0.1515,0.401,1.609
4200333592,2017,1247,74,0.036,628,35,0.034,44.5,3.4,0.046,0.1508,0.0334,0.135,0.1732,0.0306,0.108,0.9503,0.0079,0.005,0.0096,0.008,0.505,0.0241,0.0296,0.749,0.016,0.0152,0.576,43021,6383,0.09,26368,2386,0.055,0.0706,0.028,0.241,0.0248,0.0178,0.437,0.6769,0.0366,0.033,0.2154,0.0444,0.125,688,18,0.016,0.0872,0.0435,0.304,1945,5,0.002,0.7762,0.0514,0.04,0.109,0.0438,0.245,0.0872,0.038,0.265,0.0131,0.0227,1.055,0.3742,0.0551,0.09,235,37,0.096,393,39,0.06,0.3079,0.0581,0.115,758,67,0.054,103700,6106,0.036,0.3532,0.1222,0.21,0.1149,0.0832,0.44,0.2061,0.0726,0.214,0.7535,0.0402,0.032,0.0354,0.0182,0.313,0.0581,0.0294,0.308,0.0,0.0142,,0.0567,0.0352,0.377,0.1162,0.0505,0.264
4200335424,2017,3153,25,0.005,1395,117,0.051,38.0,2.9,0.046,0.2591,0.0612,0.144,0.1801,0.0397,0.134,0.2696,0.052,0.117,0.6464,0.0495,0.047,0.0244,0.027,0.671,0.0133,0.0212,0.97,24815,5080,0.124,16492,2215,0.082,0.3175,0.111,0.213,0.0689,0.0557,0.491,0.5567,0.0604,0.066,0.1456,0.0488,0.204,1775,155,0.053,0.2141,0.0579,0.164,1939,,,0.5138,0.0656,0.078,0.2349,0.08,0.207,0.0772,0.0427,0.336,0.0969,0.0303,0.19,0.6043,0.0907,0.091,843,145,0.105,552,106,0.117,0.5133,0.1021,0.121,685,63,0.056,42600,9529,0.136,0.5243,0.1331,0.154,0.2325,0.0964,0.252,0.279,0.1659,0.362,0.5272,0.0966,0.111,0.2519,0.1038,0.25,0.113,0.0615,0.331,0.0017,0.006,2.125,0.0138,0.0171,0.752,0.4201,0.0888,0.129
4200336808,2017,7268,22,0.002,2622,145,0.034,46.2,2.3,0.03,0.2272,0.0265,0.071,0.1785,0.0245,0.084,0.8909,0.0393,0.027,0.0078,0.0048,0.373,0.0407,0.0187,0.279,0.0222,0.0292,0.8,96500,10982,0.069,50478,5163,0.062,0.0434,0.0189,0.265,0.0296,0.0143,0.294,0.6643,0.0363,0.033,0.4598,0.0401,0.053,2859,151,0.032,0.0829,0.0262,0.192,1967,6,0.002,0.8793,0.0514,0.036,0.0238,0.021,0.537,0.014,0.0115,0.499,0.0,0.0074,,0.1281,0.0355,0.169,336,95,0.172,2286,173,0.046,0.1163,0.0396,0.207,885,149,0.102,244900,18342,0.046,0.2976,0.1534,0.313,0.1518,0.1078,0.432,0.1592,0.0383,0.146,0.8316,0.0251,0.018,0.0126,0.0093,0.448,0.024,0.0169,0.427,0.0,0.0041,,0.0702,0.0275,0.238,0.0233,0.0135,0.352
4200337000,2017,3284,28,0.005,1606,124,0.047,42.8,3.4,0.048,0.1714,0.0578,0.205,0.1556,0.033,0.129,0.8359,0.0691,0.05,0.0981,0.0502,0.311,0.0043,0.0067,0.955,0.0149,0.0164,0.67,49848,8424,0.103,29805,3311,0.068,0.1027,0.0518,0.307,0.049,0.0326,0.405,0.7127,0.0662,0.056,0.2419,0.0544,0.137,1772,119,0.041,0.0937,0.0413,0.268,1939,,,0.6089,0.0429,0.043,0.1795,0.0567,0.192,0.1439,0.0469,0.198,0.0463,0.0242,0.318,0.335,0.0681,0.124,538,117,0.132,1068,115,0.065,0.2808,0.0733,0.159,770,82,0.065,102900,9585,0.057,0.4145,0.1149,0.168,0.2119,0.0913,0.262,0.2041,0.0927,0.276,0.7646,0.0684,0.054,0.1281,0.0504,0.239,0.0282,0.0178,0.385,0.0,0.0053,,0.0154,0.018,0.71,0.0959,0.0439,0.279
4200337955,2017,11244,32,0.002,4505,203,0.027,45.1,1.8,0.024,0.2141,0.032,0.091,0.1861,0.0228,0.074,0.9595,0.0183,0.012,0.0227,0.016,0.429,0.0084,0.0088,0.64,0.0045,0.0032,0.429,88328,7517,0.052,46160,5745,0.076,0.031,0.0139,0.272,0.0442,0.0189,0.26,0.6553,0.0222,0.021,0.4365,0.0363,0.051,4756,231,0.03,0.0528,0.0247,0.284,1977,3,0.001,0.7647,0.0174,0.014,0.0141,0.009,0.39,0.0648,0.0182,0.17,0.0093,0.0056,0.366,0.1749,0.0294,0.102,788,137,0.106,3717,246,0.04,0.1389,0.036,0.158,981,46,0.029,203300,18003,0.054,0.2145,0.0754,0.214,0.1472,0.0677,0.279,0.1862,0.0491,0.16,0.8447,0.039,0.028,0.0247,0.0123,0.303,0.0018,0.002,0.668,0.0,0.0029,,0.0592,0.0265,0.272,0.0333,0.0123,0.225
4200339312,2017,8058,33,0.002,3466,109,0.019,49.4,2.1,0.026,0.1838,0.0265,0.088,0.2209,0.0262,0.072,0.9559,0.0314,0.02,0.0048,0.0062,0.779,0.0276,0.0299,0.66,0.0021,0.0021,0.608,72500,8551,0.072,36538,2517,0.042,0.0381,0.0177,0.282,0.0316,0.0191,0.368,0.6553,0.0305,0.028,0.343,0.0389,0.069,3635,129,0.022,0.0465,0.0275,0.359,1971,3,0.001,0.7279,0.0315,0.026,0.0374,0.0219,0.355,0.0536,0.022,0.249,0.0437,0.0209,0.29,0.1852,0.0382,0.125,642,134,0.127,2824,151,0.033,0.1435,0.0428,0.181,885,66,0.045,168200,4224,0.015,0.6402,0.1512,0.144,0.2882,0.0965,0.204,0.1459,0.0371,0.154,0.8391,0.0225,0.016,0.0295,0.0131,0.27,0.0,0.0035,,0.0,0.0035,,0.0409,0.0242,0.36,0.0704,0.0215,0.186
4200339624,2017,632,90,0.087,273,32,0.071,46.0,5.1,0.067,0.2168,0.0476,0.134,0.2358,0.0351,0.09,0.9241,0.1859,0.122,0.0348,0.0313,0.546,0.0142,0.0157,0.67,0.0079,0.0094,0.724,77708,29861,0.234,41942,5828,0.084,0.0496,0.0389,0.477,0.0261,0.0227,0.528,0.6725,0.0899,0.081,0.4739,0.0631,0.081,299,35,0.071,0.087,0.0661,0.462,1954,2,0.001,1.0,0.0,0.0,0.0,0.0473,,0.0,0.0473,,0.0,0.0473,,0.0806,0.0578,0.436,22,16,0.442,251,32,0.078,0.0649,0.0401,0.376,850,671,0.48,208900,16908,0.049,0.5455,0.9009,1.004,0.5455,0.438,0.488,0.2271,0.0885,0.237,0.716,0.1085,0.092,0.0332,0.0265,0.485,0.0151,0.021,0.844,0.0,0.0302,,0.0181,0.0209,0.701,0.0366,0.0255,0.424
4200342368,2017,1589,84,0.032,599,33,0.033,43.6,0.8,0.011,0.253,0.0385,0.092,0.1718,0.0268,0.095,0.9308,0.024,0.016,0.0176,0.0138,0.477,0.0252,0.0182,0.44,0.0113,0.0119,0.641,88906,10344,0.071,45687,4913,0.065,0.0311,0.0256,0.502,0.0252,0.0142,0.343,0.6606,0.0424,0.039,0.5122,0.0634,0.075,667,21,0.019,0.1019,0.0419,0.25,1963,2,0.001,0.955,0.0412,0.026,0.039,0.0298,0.465,0.006,0.0175,1.772,0.0,0.0212,,0.1202,0.0429,0.217,72,26,0.22,527,36,0.042,0.0963,0.0419,0.264,961,99,0.063,212200,10989,0.031,0.3194,0.2805,0.534,0.1806,0.1832,0.617,0.186,0.0618,0.202,0.8321,0.0211,0.015,0.0139,0.0126,0.55,0.0051,0.0063,0.758,0.0,0.0126,,0.0947,0.0396,0.254,0.0301,0.02,0.405
4200342392,2017,1257,110,0.053,561,36,0.039,42.6,3.7,0.053,0.2474,0.0437,0.107,0.2053,0.0303,0.09,0.7685,0.0775,0.061,0.0334,0.0189,0.343,0.0111,0.0119,0.649,0.1448,0.1074,0.451,47371,6384,0.082,25982,3266,0.076,0.2474,0.1222,0.3,0.032,0.0334,0.635,0.6256,0.0399,0.039,0.3154,0.0722,0.139,626,26,0.025,0.1038,0.0525,0.308,1939,,,0.6246,0.0513,0.05,0.0447,0.0225,0.306,0.0288,0.0243,0.514,0.1166,0.034,0.177,0.3565,0.0638,0.109,200,38,0.116,361,30,0.051,0.2482,0.0521,0.128,802,100,0.076,80300,5090,0.039,0.315,0.1097,0.212,0.13,0.0655,0.306,0.1994,0.0803,0.245,0.7705,0.0138,0.011,0.0335,0.0249,0.451,0.0787,0.0324,0.25,0.0,0.0168,,0.0385,0.0282,0.445,0.1658,0.0509,0.187
4200343064,2017,2529,125,0.03,1139,40,0.021,46.6,2.7,0.035,0.1566,0.031,0.12,0.208,0.0284,0.083,0.9529,0.0243,0.015,0.015,0.0122,0.495,0.0087,0.0103,0.718,0.0079,0.0063,0.485,47423,7259,0.093,26783,2472,0.056,0.0836,0.0317,0.231,0.0992,0.0401,0.245,0.6502,0.0345,0.032,0.173,0.037,0.13,1175,23,0.012,0.0306,0.0264,0.523,1953,2,0.001,0.9421,0.02,0.013,0.023,0.0145,0.383,0.0281,0.0189,0.409,0.0,0.012,,0.1484,0.04,0.164,169,46,0.165,970,53,0.033,0.1301,0.0402,0.188,781,117,0.091,76300,2602,0.021,0.4497,0.1744,0.236,0.1893,0.0932,0.299,0.1495,0.0424,0.172,0.8485,0.0276,0.02,0.011,0.011,0.606,0.0174,0.0236,0.828,0.0047,0.0079,1.012,0.011,0.011,0.606,0.0571,0.0333,0.355
4200343408,2017,1057,59,0.034,467,25,0.033,51.5,2.4,0.028,0.157,0.0315,0.122,0.2129,0.0368,0.105,0.964,0.0209,0.013,0.0057,0.0076,0.81,0.0,0.0095,,0.0265,0.0274,0.629,57386,6703,0.071,29900,2296,0.047,0.1003,0.0432,0.262,0.073,0.0332,0.276,0.5927,0.0378,0.039,0.1448,0.039,0.164,483,18,0.023,0.0331,0.0352,0.645,1953,2,0.001,0.9627,0.0313,0.02,0.0186,0.0265,0.865,0.0,0.0293,,0.0,0.0293,,0.0621,0.0298,0.292,29,14,0.293,438,27,0.037,0.0424,0.024,0.344,625,445,0.433,87800,2940,0.02,0.4483,0.5745,0.779,0.1379,0.1959,0.863,0.1507,0.0554,0.223,0.8444,0.0449,0.032,0.0166,0.0186,0.682,0.0083,0.0124,0.91,0.0,0.0207,,0.029,0.0185,0.387,0.0428,0.035,0.497
4200345900,2017,28739,36,0.001,11960,229,0.012,44.1,1.0,0.014,0.2029,0.0166,0.05,0.199,0.0151,0.046,0.8636,0.0197,0.014,0.0212,0.0097,0.28,0.082,0.0151,0.112,0.0164,0.0062,0.229,81794,3348,0.025,43727,2300,0.032,0.0529,0.0117,0.135,0.0318,0.0094,0.18,0.6427,0.0165,0.016,0.5847,0.0305,0.032,12373,275,0.014,0.0334,0.0145,0.265,1973,2,0.001,0.6537,0.0167,0.016,0.0152,0.0063,0.251,0.1292,0.0203,0.096,0.0988,0.0166,0.102,0.2527,0.0208,0.05,3022,255,0.051,8938,287,0.02,0.1871,0.0209,0.068,979,41,0.025,232200,6831,0.018,0.3898,0.0757,0.118,0.1777,0.0535,0.183,0.1666,0.026,0.095,0.8306,0.0221,0.016,0.0243,0.0075,0.189,0.0127,0.0057,0.274,0.0006,0.0009,0.878,0.0487,0.0107,0.133,0.0592,0.0145,0.149
4200346072,2017,510,140,0.167,197,43,0.133,45.6,6.9,0.092,0.2392,0.0735,0.187,0.2412,0.0598,0.151,0.8902,0.3365,0.23,0.0235,0.0387,0.999,0.0,0.0196,,0.0,0.0196,,49688,19812,0.242,22259,3915,0.107,0.0588,0.0715,0.738,0.0,0.0457,,0.5503,0.18,0.199,0.1053,0.0992,0.573,212,43,0.123,0.0708,0.1123,0.965,1939,,,0.8632,0.0821,0.058,0.1368,0.1345,0.598,0.0,0.0667,,0.0,0.0667,,0.1269,0.1029,0.493,25,21,0.511,172,44,0.156,0.2196,0.1969,0.545,913,332,0.221,106800,10029,0.057,0.84,0.7041,0.51,0.48,0.3886,0.492,0.2209,0.1879,0.517,0.9648,0.1261,0.079,0.0,0.0503,,0.0352,0.0533,0.922,0.0,0.0503,,0.0,0.0503,,0.0558,0.0599,0.652
4200346256,2017,19488,36,0.001,8913,304,0.021,43.8,2.3,0.032,0.2045,0.0206,0.061,0.1947,0.0169,0.053,0.5843,0.0257,0.027,0.3312,0.025,0.046,0.0061,0.0055,0.552,0.03,0.0128,0.259,28750,3542,0.075,19510,1116,0.035,0.3313,0.0411,0.076,0.1572,0.0251,0.097,0.5639,0.0205,0.022,0.1161,0.0165,0.086,11336,326,0.017,0.2137,0.0215,0.061,1941,2,0.001,0.6729,0.0158,0.014,0.0827,0.0166,0.122,0.088,0.0178,0.123,0.0919,0.0166,0.11,0.4828,0.0279,0.035,4303,289,0.041,4610,250,0.033,0.4549,0.0323,0.043,603,34,0.034,46100,2970,0.039,0.5194,0.064,0.075,0.2552,0.0474,0.113,0.1794,0.032,0.109,0.6984,0.0322,0.028,0.1105,0.025,0.138,0.0584,0.0261,0.271,0.003,0.0032,0.662,0.011,0.0055,0.302,0.3046,0.0309,0.062
4200346264,2017,6037,32,0.003,2824,197,0.042,37.4,4.2,0.068,0.2134,0.0458,0.13,0.1365,0.0263,0.117,0.6487,0.0592,0.055,0.2902,0.0576,0.121,0.0,0.0025,,0.0174,0.0171,0.596,28571,4552,0.097,19039,2111,0.067,0.2863,0.0684,0.145,0.0713,0.0289,0.246,0.6321,0.0522,0.05,0.1222,0.0341,0.17,3425,256,0.045,0.1755,0.0461,0.16,1939,,,0.4683,0.0415,0.054,0.2146,0.061,0.173,0.1241,0.042,0.206,0.0642,0.0246,0.233,0.6016,0.0605,0.061,1699,208,0.074,1125,157,0.085,0.542,0.0647,0.073,647,45,0.042,39600,3921,0.06,0.5103,0.0987,0.118,0.3131,0.0789,0.153,0.1449,0.063,0.264,0.6251,0.0786,0.076,0.1651,0.0408,0.15,0.0797,0.0424,0.324,0.0,0.0054,,0.0218,0.0188,0.524,0.3569,0.0674,0.115
4200347696,2017,8232,22,0.002,2900,166,0.035,42.3,2.8,0.04,0.2928,0.0433,0.09,0.1362,0.0292,0.13,0.8398,0.0321,0.023,0.0319,0.026,0.495,0.1178,0.0205,0.106,0.0028,0.0046,1.004,112292,15712,0.085,52971,5705,0.065,0.0369,0.0272,0.448,0.0627,0.0237,0.23,0.644,0.0403,0.038,0.7234,0.0699,0.059,3109,194,0.038,0.0672,0.0452,0.408,1990,3,0.001,0.8221,0.0393,0.029,0.037,0.03,0.493,0.0151,0.0116,0.466,0.0116,0.0109,0.573,0.1076,0.0454,0.257,312,133,0.259,2588,180,0.042,0.0706,0.0407,0.351,1654,363,0.133,324100,23607,0.044,0.4455,0.2943,0.402,0.2788,0.3045,0.664,0.1777,0.0595,0.203,0.8086,0.0496,0.037,0.0084,0.01,0.724,0.0,0.0041,,0.0168,0.0216,0.783,0.0966,0.0418,0.263,0.031,0.0202,0.397
4200349920,2017,3692,18,0.003,1940,153,0.048,39.0,2.8,0.044,0.1715,0.0344,0.122,0.1319,0.0362,0.167,0.9266,0.0396,0.026,0.0504,0.0379,0.458,0.0033,0.0049,0.912,0.0022,0.0035,0.988,36107,5602,0.094,23940,2196,0.056,0.2313,0.084,0.221,0.0465,0.0269,0.352,0.7205,0.0538,0.045,0.1813,0.0509,0.171,2181,168,0.047,0.1105,0.0534,0.294,1939,,,0.4347,0.0622,0.087,0.2989,0.0807,0.164,0.0445,0.0334,0.457,0.089,0.0357,0.244,0.5866,0.0701,0.073,1138,163,0.087,802,106,0.08,0.4879,0.0694,0.086,701,64,0.056,69600,8158,0.071,0.4323,0.1302,0.183,0.1432,0.0854,0.363,0.1771,0.0759,0.261,0.6741,0.0607,0.055,0.0915,0.0483,0.321,0.0638,0.0362,0.345,0.0143,0.0142,0.605,0.0272,0.0198,0.444,0.2098,0.0603,0.175
4200350528,2017,28054,44,0.001,12604,320,0.015,44.7,1.1,0.015,0.1679,0.0161,0.058,0.2219,0.0163,0.045,0.7623,0.0201,0.016,0.1217,0.0148,0.074,0.0543,0.0144,0.161,0.0226,0.0097,0.26,59688,3171,0.032,33319,1366,0.025,0.0835,0.0204,0.149,0.0456,0.0135,0.18,0.6426,0.0169,0.016,0.3983,0.0234,0.036,13705,331,0.015,0.0803,0.0206,0.156,1966,1,0.0,0.6607,0.0163,0.015,0.0115,0.005,0.266,0.11,0.0225,0.124,0.1518,0.0221,0.088,0.338,0.0272,0.049,4260,360,0.051,8344,292,0.021,0.257,0.0241,0.057,950,34,0.022,138400,5804,0.025,0.4415,0.0625,0.086,0.2397,0.0493,0.125,0.1727,0.0241,0.085,0.7519,0.031,0.025,0.0577,0.013,0.137,0.0233,0.0087,0.227,0.0013,0.002,0.928,0.0642,0.0148,0.14,0.0787,0.0178,0.137
4200350784,2017,25490,24,0.001,9729,294,0.018,37.9,2.2,0.035,0.1987,0.019,0.058,0.1369,0.013,0.058,0.8542,0.0271,0.019,0.043,0.0177,0.25,0.0488,0.0109,0.135,0.0253,0.0195,0.467,78264,8386,0.065,42235,2902,0.042,0.0704,0.0217,0.188,0.0513,0.0115,0.137,0.7087,0.0213,0.018,0.5079,0.0346,0.041,10386,369,0.022,0.0633,0.0228,0.219,1975,2,0.001,0.6679,0.0218,0.02,0.0294,0.0118,0.244,0.1705,0.025,0.089,0.0414,0.0129,0.19,0.2627,0.0242,0.056,2556,248,0.059,7173,319,0.027,0.203,0.0306,0.092,940,51,0.033,205800,10226,0.03,0.4096,0.0849,0.126,0.1929,0.056,0.177,0.1283,0.0263,0.124,0.7901,0.0265,0.02,0.0354,0.0158,0.271,0.0257,0.0093,0.221,0.0,0.0014,,0.0389,0.0093,0.145,0.0382,0.0156,0.248
4200351696,2017,32760,33,0.001,13909,359,0.016,44.6,0.9,0.012,0.24,0.015,0.038,0.1971,0.0141,0.043,0.9223,0.013,0.009,0.0095,0.0047,0.302,0.0359,0.0088,0.149,0.0152,0.0056,0.225,91748,5142,0.034,52707,2952,0.034,0.0508,0.0112,0.134,0.0316,0.0091,0.175,0.6391,0.0129,0.012,0.7093,0.0249,0.021,14696,382,0.016,0.0536,0.0163,0.185,1952,1,0.0,0.6598,0.0141,0.013,0.0414,0.0087,0.127,0.0845,0.0135,0.097,0.1623,0.0165,0.062,0.2663,0.0185,0.042,3704,275,0.045,10205,299,0.018,0.1798,0.016,0.054,861,49,0.035,244800,6109,0.015,0.4298,0.0612,0.087,0.2114,0.04,0.115,0.1862,0.0244,0.08,0.7019,0.0266,0.023,0.1012,0.0125,0.075,0.0303,0.0073,0.145,0.0018,0.002,0.695,0.0727,0.0125,0.104,0.1049,0.0159,0.092
4200351744,2017,3364,26,0.005,1250,142,0.069,30.3,4.3,0.086,0.2875,0.058,0.123,0.0913,0.0279,0.186,0.4492,0.0736,0.1,0.4322,0.0736,0.104,0.0214,0.0232,0.659,0.0592,0.08,0.822,36204,8134,0.137,21446,6595,0.187,0.3707,0.1076,0.177,0.1896,0.0652,0.209,0.6237,0.0527,0.051,0.149,0.0456,0.186,1657,182,0.067,0.2456,0.0717,0.178,1939,,,0.6264,0.0817,0.079,0.2112,0.0725,0.209,0.0821,0.049,0.363,0.0374,0.0293,0.476,0.5352,0.0743,0.084,669,120,0.109,581,108,0.113,0.5898,0.0769,0.079,736,74,0.061,58100,4956,0.052,0.5112,0.1217,0.145,0.3976,0.1015,0.155,0.2272,0.1053,0.282,0.546,0.0632,0.07,0.2698,0.0798,0.18,0.0468,0.0367,0.477,0.0,0.0079,,0.0111,0.0126,0.69,0.392,0.0966,0.15
4200352320,2017,11296,46,0.002,5097,273,0.033,42.7,3.0,0.043,0.1976,0.0303,0.093,0.198,0.0247,0.076,0.8657,0.0469,0.033,0.0907,0.0451,0.302,0.0099,0.0117,0.716,0.0153,0.0113,0.45,49332,5866,0.072,28276,1558,0.033,0.1158,0.0287,0.151,0.0633,0.0212,0.204,0.6719,0.0343,0.031,0.2707,0.0411,0.092,5913,321,0.033,0.138,0.0358,0.157,1949,2,0.001,0.6169,0.0181,0.018,0.1135,0.0311,0.167,0.1459,0.0315,0.131,0.0636,0.0194,0.185,0.3851,0.0401,0.063,1963,230,0.071,3134,225,0.044,0.3424,0.0461,0.082,652,46,0.043,85400,3180,0.023,0.403,0.0864,0.13,0.1386,0.0563,0.247,0.1643,0.0463,0.171,0.7122,0.055,0.047,0.0912,0.0286,0.191,0.0286,0.0196,0.417,0.0,0.0028,,0.054,0.0193,0.218,0.1224,0.03,0.149
4200353136,2017,1096,60,0.033,612,28,0.028,47.4,3.2,0.041,0.1332,0.0311,0.142,0.2117,0.0417,0.12,0.8869,0.0371,0.025,0.0547,0.0428,0.475,0.0027,0.0046,1.013,0.0356,0.0291,0.498,42763,11761,0.167,29999,3248,0.066,0.1341,0.056,0.254,0.0298,0.0187,0.381,0.6527,0.0402,0.037,0.1995,0.0483,0.147,638,25,0.024,0.0408,0.0235,0.35,1950,3,0.001,0.5392,0.0506,0.057,0.3887,0.0657,0.103,0.0172,0.0257,0.906,0.0047,0.0175,2.265,0.4886,0.0562,0.07,299,37,0.075,313,29,0.056,0.4571,0.0607,0.081,710,57,0.049,86900,8829,0.062,0.3278,0.1128,0.209,0.2375,0.1099,0.281,0.2013,0.0857,0.259,0.8121,0.0387,0.029,0.0163,0.013,0.484,0.0359,0.0194,0.328,0.0049,0.0065,0.809,0.0147,0.0114,0.47,0.1683,0.0565,0.204
4200354816,2017,4794,22,0.003,2237,175,0.048,39.2,5.5,0.085,0.2722,0.0434,0.097,0.1821,0.0297,0.099,0.47,0.0442,0.057,0.4205,0.0486,0.07,0.0038,0.0048,0.777,0.0181,0.0152,0.51,29293,5052,0.105,18843,2894,0.093,0.3323,0.0821,0.15,0.1136,0.036,0.193,0.5669,0.0507,0.054,0.0972,0.026,0.162,2972,188,0.038,0.2473,0.039,0.096,1940,2,0.001,0.6252,0.0445,0.043,0.1097,0.0376,0.208,0.0989,0.0314,0.193,0.0656,0.0185,0.171,0.5078,0.0478,0.057,1136,139,0.074,1101,145,0.08,0.5149,0.0708,0.084,539,61,0.069,38100,5172,0.083,0.5317,0.0934,0.107,0.3125,0.0602,0.117,0.2144,0.0916,0.26,0.639,0.0209,0.02,0.1492,0.0443,0.18,0.0051,0.009,1.078,0.0,0.0056,,0.052,0.0356,0.416,0.2472,0.0479,0.118
4200355016,2017,14520,28,0.001,6200,255,0.025,37.9,1.9,0.03,0.2006,0.0241,0.073,0.1139,0.0176,0.094,0.9176,0.0297,0.02,0.0147,0.0101,0.417,0.0262,0.0149,0.345,0.0202,0.02,0.602,75522,5172,0.042,40578,2785,0.042,0.0776,0.0297,0.233,0.0337,0.0121,0.219,0.732,0.031,0.026,0.3869,0.0383,0.06,6572,284,0.026,0.0566,0.0288,0.309,1985,3,0.001,0.5333,0.032,0.036,0.0132,0.0106,0.485,0.1231,0.0302,0.149,0.0444,0.0166,0.227,0.2776,0.0414,0.091,1721,266,0.094,4479,275,0.037,0.2381,0.0406,0.104,1075,67,0.038,162500,8392,0.031,0.2684,0.0863,0.195,0.0999,0.0614,0.374,0.1898,0.0422,0.135,0.8643,0.0238,0.017,0.0105,0.0062,0.355,0.0033,0.0038,0.697,0.0,0.0019,,0.0303,0.0127,0.256,0.0219,0.0117,0.325
4200355488,2017,10138,25,0.001,4752,284,0.036,45.8,2.1,0.028,0.1759,0.0341,0.118,0.2104,0.0293,0.085,0.7824,0.0509,0.04,0.1703,0.0464,0.166,0.0035,0.0053,0.938,0.0282,0.0225,0.485,41906,3585,0.052,27704,3825,0.084,0.1331,0.0474,0.217,0.0682,0.0286,0.255,0.5949,0.026,0.027,0.2044,0.0361,0.107,5439,330,0.037,0.1263,0.0324,0.156,1958,2,0.001,0.679,0.043,0.039,0.0502,0.0252,0.305,0.0899,0.0318,0.215,0.0849,0.0308,0.22,0.3247,0.0545,0.102,1543,275,0.108,3209,315,0.06,0.2852,0.064,0.136,695,50,0.044,80200,4385,0.033,0.5282,0.1088,0.125,0.2774,0.0963,0.211,0.1798,0.0495,0.167,0.7565,0.0558,0.045,0.0787,0.0356,0.275,0.0205,0.0196,0.581,0.0,0.0035,,0.0303,0.017,0.341,0.1517,0.0421,0.169
4200355840,2017,1512,85,0.034,651,35,0.033,48.7,2.8,0.035,0.168,0.0306,0.111,0.2044,0.0237,0.071,0.9643,0.0261,0.016,0.0132,0.0152,0.698,0.0,0.0066,,0.0106,0.0092,0.531,62981,5770,0.056,33569,2927,0.053,0.0623,0.0303,0.296,0.0265,0.0155,0.356,0.6437,0.0379,0.036,0.2527,0.0365,0.088,687,25,0.022,0.0524,0.0378,0.438,1958,5,0.002,0.7846,0.0524,0.041,0.0699,0.039,0.34,0.0684,0.0241,0.214,0.016,0.03,1.138,0.1813,0.0529,0.177,118,35,0.18,533,39,0.044,0.1501,0.0522,0.211,640,93,0.088,136500,6570,0.029,0.339,0.1944,0.349,0.1186,0.1309,0.671,0.1051,0.0432,0.25,0.8338,0.0566,0.041,0.04,0.0197,0.3,0.025,0.0136,0.331,0.0,0.0125,,0.0325,0.016,0.3,0.0553,0.0328,0.361
4200356088,2017,6440,24,0.002,3093,122,0.024,46.5,1.3,0.017,0.1545,0.022,0.086,0.2441,0.029,0.072,0.9464,0.0169,0.011,0.0071,0.0043,0.37,0.0244,0.0127,0.317,0.0132,0.0067,0.308,64635,4598,0.043,41761,2910,0.042,0.0651,0.0234,0.218,0.044,0.0177,0.244,0.6377,0.0253,0.024,0.5054,0.0448,0.054,3253,147,0.027,0.0492,0.0211,0.261,1954,3,0.001,0.5103,0.0341,0.041,0.1294,0.0297,0.139,0.1159,0.0255,0.134,0.0839,0.0221,0.16,0.3747,0.038,0.062,1159,126,0.066,1934,114,0.036,0.3004,0.0331,0.067,840,55,0.04,178800,12512,0.043,0.3382,0.0828,0.149,0.1286,0.0507,0.24,0.2332,0.0458,0.119,0.7923,0.0458,0.035,0.0207,0.0129,0.378,0.0237,0.0113,0.291,0.0,0.0045,,0.0591,0.0184,0.189,0.0753,0.0239,0.193
4200356384,2017,8809,36,0.002,3651,127,0.021,48.3,1.7,0.021,0.2113,0.0261,0.075,0.2257,0.0216,0.058,0.8807,0.0328,0.023,0.0067,0.0069,0.629,0.0823,0.0338,0.25,0.0157,0.0082,0.317,87806,7881,0.055,48476,3555,0.045,0.0482,0.0201,0.254,0.0378,0.0158,0.254,0.6184,0.0248,0.024,0.6032,0.0429,0.043,3890,128,0.02,0.0614,0.0225,0.223,1961,3,0.001,0.8368,0.0145,0.011,0.0108,0.0104,0.586,0.0139,0.0075,0.33,0.0987,0.0197,0.122,0.1928,0.0333,0.105,704,124,0.107,2947,162,0.033,0.163,0.0442,0.165,1422,331,0.142,228100,13298,0.035,0.4886,0.1161,0.144,0.331,0.0942,0.173,0.1653,0.0394,0.145,0.801,0.0246,0.019,0.0254,0.0135,0.322,0.0119,0.0081,0.412,0.0,0.0036,,0.0718,0.0211,0.179,0.0488,0.0192,0.239
4200356392,2017,6098,26,0.003,2222,208,0.057,35.9,3.1,0.052,0.256,0.0434,0.103,0.1132,0.0307,0.165,0.8662,0.0579,0.041,0.0579,0.0558,0.586,0.0425,0.0313,0.448,0.0146,0.0138,0.574,104190,9945,0.058,43337,4015,0.056,0.0453,0.033,0.442,0.0357,0.0235,0.4,0.7553,0.0636,0.051,0.6037,0.0742,0.075,2482,227,0.056,0.1048,0.0646,0.375,1995,3,0.001,0.6434,0.047,0.044,0.0761,0.0453,0.362,0.1011,0.0516,0.31,0.0214,0.0182,0.519,0.2889,0.0692,0.146,642,165,0.156,1580,193,0.074,0.2296,0.0701,0.186,1275,87,0.041,282600,25934,0.056,0.2212,0.1339,0.368,0.0841,0.0829,0.599,0.15,0.0624,0.253,0.8408,0.0508,0.037,0.0122,0.0109,0.543,0.0,0.0047,,0.0,0.0047,,0.0348,0.0261,0.457,0.0072,0.0135,1.139
4200359032,2017,41838,30,0.0,18374,392,0.013,44.7,1.4,0.019,0.1937,0.016,0.05,0.1964,0.012,0.037,0.5548,0.0181,0.02,0.3751,0.017,0.028,0.0044,0.0027,0.381,0.0206,0.008,0.237,52099,2018,0.024,29031,1923,0.04,0.1029,0.0227,0.134,0.0679,0.0121,0.109,0.6444,0.0164,0.015,0.3116,0.0228,0.044,20221,469,0.014,0.0913,0.0162,0.108,1957,1,0.0,0.828,0.018,0.013,0.028,0.0087,0.189,0.0359,0.0107,0.181,0.0494,0.0096,0.119,0.2539,0.0229,0.055,4666,433,0.056,13708,433,0.019,0.2348,0.0245,0.064,793,51,0.039,89800,2053,0.014,0.4709,0.0613,0.079,0.2387,0.0462,0.118,0.1911,0.0215,0.068,0.7675,0.0182,0.014,0.0745,0.0145,0.118,0.0135,0.0065,0.29,0.0005,0.0009,1.094,0.0399,0.0092,0.14,0.0962,0.0159,0.1
4200359152,2017,737,53,0.044,490,23,0.029,38.2,4.2,0.067,0.1031,0.0423,0.249,0.1655,0.0453,0.166,0.8765,0.0251,0.017,0.0733,0.0499,0.414,0.0014,0.0054,2.431,0.0,0.0136,,56071,5323,0.058,44366,5437,0.074,0.0896,0.0928,0.63,0.0195,0.0159,0.495,0.8471,0.0421,0.03,0.5438,0.0758,0.085,510,17,0.02,0.0392,0.0294,0.455,1973,1,0.0,0.0255,0.0216,0.514,0.0255,0.0285,0.681,0.2373,0.0615,0.158,0.0118,0.0239,1.237,0.1633,0.0484,0.18,80,24,0.182,410,32,0.047,0.1805,0.0569,0.192,973,111,0.069,108100,3296,0.019,0.2125,0.2546,0.728,0.05,0.0477,0.58,0.1732,0.0687,0.241,0.8361,0.0483,0.035,0.031,0.0236,0.463,0.0,0.0182,,0.0036,0.0055,0.911,0.0729,0.036,0.3,0.0143,0.0249,1.06
4200360272,2017,12682,31,0.001,4449,143,0.02,41.3,1.3,0.019,0.2855,0.0366,0.078,0.0945,0.0216,0.139,0.9224,0.0234,0.015,0.0129,0.0196,0.925,0.0468,0.0174,0.226,0.01,0.0111,0.675,148795,14949,0.061,65813,6678,0.062,0.026,0.0172,0.403,0.0456,0.0219,0.292,0.683,0.0308,0.027,0.7424,0.0697,0.057,4537,166,0.022,0.0194,0.0227,0.711,1997,2,0.001,0.806,0.0313,0.024,0.0,0.005,,0.0487,0.0339,0.423,0.0804,0.0384,0.29,0.1553,0.0361,0.141,691,162,0.143,3758,194,0.031,0.1108,0.0273,0.15,1475,185,0.076,383900,20306,0.032,0.1505,0.122,0.493,0.0246,0.0416,1.027,0.1519,0.0509,0.204,0.7833,0.0564,0.044,0.0323,0.0247,0.465,0.0114,0.0101,0.538,0.0024,0.0037,0.931,0.0713,0.0228,0.195,0.0099,0.012,0.738
4200360712,2017,3260,27,0.005,1498,138,0.056,40.8,5.1,0.076,0.2037,0.0574,0.171,0.162,0.0356,0.134,0.6933,0.0826,0.072,0.1825,0.0926,0.309,0.0212,0.0319,0.916,0.0546,0.0454,0.505,35250,8645,0.149,22671,4459,0.12,0.216,0.087,0.245,0.0957,0.0478,0.303,0.6035,0.0536,0.054,0.1577,0.0473,0.182,1773,165,0.057,0.1551,0.0632,0.248,1939,,,0.4743,0.0634,0.081,0.3057,0.0793,0.158,0.0959,0.054,0.343,0.0773,0.0377,0.297,0.5487,0.0681,0.075,822,127,0.094,676,108,0.097,0.5261,0.0855,0.099,599,39,0.04,57900,9670,0.102,0.472,0.1215,0.156,0.2579,0.0888,0.209,0.1243,0.0645,0.316,0.7317,0.1087,0.09,0.1086,0.0725,0.406,0.0185,0.0169,0.556,0.0,0.0071,,0.0859,0.0716,0.507,0.1822,0.0608,0.203
4200361328,2017,8225,30,0.002,3600,129,0.022,46.4,2.1,0.028,0.2023,0.0265,0.08,0.2178,0.029,0.081,0.9506,0.0249,0.016,0.0303,0.0222,0.447,0.0049,0.0052,0.653,0.0129,0.0113,0.533,69091,8348,0.073,36606,2548,0.042,0.0549,0.0214,0.237,0.0772,0.0348,0.274,0.6402,0.0281,0.027,0.4049,0.0374,0.056,3772,116,0.019,0.0456,0.0313,0.417,1957,2,0.001,0.7887,0.0298,0.023,0.0337,0.014,0.252,0.0331,0.0167,0.307,0.1371,0.0329,0.146,0.2231,0.0383,0.104,803,141,0.107,2797,128,0.028,0.1383,0.0273,0.12,885,57,0.039,157000,4547,0.018,0.4919,0.1473,0.182,0.3425,0.1161,0.206,0.1891,0.0479,0.154,0.8098,0.049,0.037,0.0536,0.0226,0.257,0.0091,0.0073,0.488,0.0,0.0038,,0.0455,0.0212,0.283,0.0789,0.034,0.262
4200361536,2017,27390,24,0.001,11234,243,0.013,45.7,1.4,0.019,0.2024,0.0168,0.05,0.2093,0.0171,0.05,0.9353,0.0157,0.01,0.0293,0.0145,0.302,0.005,0.0061,0.74,0.0096,0.004,0.253,71989,3354,0.028,34578,1449,0.025,0.0453,0.0148,0.198,0.0463,0.0114,0.15,0.6607,0.0191,0.018,0.3468,0.0262,0.046,11852,230,0.012,0.0521,0.0196,0.229,1972,2,0.001,0.7913,0.0117,0.009,0.0229,0.0089,0.236,0.0423,0.0129,0.185,0.0373,0.0108,0.177,0.1868,0.0191,0.062,2099,219,0.063,9135,248,0.017,0.1455,0.021,0.088,893,41,0.028,144900,3624,0.015,0.3016,0.0718,0.145,0.0905,0.0399,0.268,0.1484,0.0254,0.104,0.8511,0.0177,0.013,0.0256,0.0071,0.17,0.0033,0.0025,0.452,0.0018,0.0021,0.729,0.0432,0.0151,0.212,0.0335,0.0101,0.184
4200362320,2017,3747,19,0.003,1856,106,0.035,45.6,4.1,0.055,0.1815,0.0396,0.133,0.2268,0.0371,0.099,0.9141,0.0427,0.028,0.0171,0.0149,0.532,0.0043,0.0069,0.988,0.0232,0.0238,0.622,46125,9910,0.131,27311,2940,0.065,0.0875,0.0361,0.251,0.0459,0.0331,0.438,0.6059,0.0442,0.044,0.1264,0.0463,0.223,2053,111,0.033,0.096,0.043,0.273,1953,2,0.001,0.8821,0.0275,0.019,0.0317,0.0221,0.425,0.0385,0.0261,0.412,0.0263,0.0236,0.546,0.2333,0.0539,0.14,433,103,0.145,1423,120,0.051,0.1919,0.0664,0.211,668,95,0.086,67700,3421,0.031,0.4711,0.1399,0.181,0.3048,0.1288,0.257,0.13,0.0544,0.254,0.7949,0.0476,0.036,0.0497,0.0308,0.376,0.0,0.0056,,0.0,0.0056,,0.0266,0.0231,0.528,0.1471,0.0449,0.186
4200363408,2017,2195,196,0.054,943,71,0.046,35.4,2.8,0.048,0.2633,0.057,0.132,0.0952,0.0292,0.187,0.1472,0.0229,0.095,0.7918,0.056,0.043,0.0,0.0046,,0.0228,0.0314,0.837,29470,7475,0.154,16708,2437,0.089,0.3116,0.0887,0.173,0.1209,0.064,0.322,0.7066,0.074,0.064,0.1611,0.052,0.196,1118,37,0.02,0.1565,0.0597,0.232,1944,5,0.002,0.4168,0.0592,0.086,0.1136,0.0448,0.24,0.2281,0.0751,0.2,0.0403,0.03,0.452,0.7116,0.0658,0.056,671,80,0.072,272,72,0.161,0.7103,0.0925,0.079,458,124,0.165,45100,4905,0.066,0.38,0.1233,0.197,0.1431,0.0786,0.334,0.1912,0.1329,0.423,0.4622,0.0862,0.113,0.3249,0.0907,0.17,0.0363,0.0244,0.409,0.0,0.0101,,0.0565,0.0391,0.421,0.4093,0.0906,0.135
4200364240,2017,3300,32,0.006,1455,63,0.026,47.8,2.2,0.028,0.1664,0.0313,0.114,0.1848,0.0245,0.08,0.9852,0.0106,0.007,0.0127,0.01,0.478,0.0,0.003,,0.0009,0.0036,2.432,59125,1955,0.02,30312,2155,0.043,0.043,0.0247,0.348,0.0461,0.0224,0.295,0.6761,0.0335,0.03,0.2497,0.0413,0.1,1578,61,0.023,0.0779,0.0303,0.236,1953,2,0.001,0.8568,0.0375,0.027,0.0431,0.0251,0.354,0.0139,0.0125,0.544,0.0,0.009,,0.1732,0.0392,0.137,252,58,0.14,1203,71,0.036,0.1912,0.0491,0.156,896,66,0.045,117300,4261,0.022,0.25,0.1541,0.375,0.0754,0.0734,0.592,0.2095,0.0544,0.158,0.805,0.0325,0.025,0.0276,0.0176,0.387,0.0149,0.011,0.449,0.0,0.0055,,0.032,0.0165,0.312,0.0591,0.0235,0.242
4200364528,2017,11493,20,0.001,4363,184,0.026,42.8,2.2,0.031,0.253,0.0345,0.083,0.178,0.0264,0.09,0.944,0.0296,0.019,0.0137,0.0191,0.848,0.0194,0.0189,0.592,0.0216,0.0144,0.407,84747,6342,0.045,40379,3054,0.046,0.0786,0.0464,0.359,0.0271,0.0119,0.268,0.6398,0.0421,0.04,0.4987,0.0448,0.055,4623,217,0.029,0.0562,0.03,0.324,1977,3,0.001,0.7502,0.0176,0.014,0.0132,0.0142,0.655,0.0508,0.0246,0.294,0.0714,0.0223,0.19,0.1565,0.041,0.159,683,181,0.161,3680,200,0.033,0.0891,0.0285,0.194,1920,777,0.246,233700,20409,0.053,0.6047,0.1004,0.101,0.4553,0.0803,0.107,0.194,0.0504,0.158,0.8631,0.0419,0.03,0.014,0.0147,0.639,0.0,0.003,,0.0032,0.0049,0.928,0.0543,0.0222,0.248,0.0557,0.0249,0.271
4200365352,2017,13657,23,0.001,6024,215,0.022,44.2,2.2,0.03,0.1603,0.0212,0.08,0.1859,0.0247,0.081,0.9093,0.0229,0.015,0.0245,0.0147,0.365,0.0351,0.0141,0.244,0.0204,0.0146,0.436,82261,5852,0.043,44000,2524,0.035,0.059,0.0204,0.211,0.0278,0.014,0.306,0.6632,0.0258,0.024,0.4808,0.0438,0.055,6375,250,0.024,0.0551,0.0269,0.297,1984,3,0.001,0.6259,0.0296,0.029,0.0328,0.0154,0.285,0.1169,0.0277,0.144,0.0753,0.0262,0.212,0.2711,0.0295,0.066,1633,187,0.07,4391,250,0.035,0.2086,0.032,0.093,1165,48,0.025,188400,11336,0.037,0.2339,0.0842,0.219,0.0943,0.054,0.348,0.1899,0.0465,0.149,0.8273,0.0171,0.013,0.0398,0.0144,0.219,0.0095,0.0069,0.442,0.0005,0.0012,1.367,0.0568,0.0178,0.191,0.0365,0.0137,0.228
4200366264,2017,30869,33,0.001,13901,255,0.011,44.4,1.0,0.014,0.1735,0.0135,0.047,0.2207,0.0147,0.04,0.9088,0.0156,0.01,0.0234,0.008,0.209,0.0374,0.0107,0.174,0.0163,0.006,0.222,68492,2947,0.026,37937,1474,0.024,0.0445,0.0088,0.121,0.0365,0.0081,0.135,0.6669,0.0153,0.014,0.4564,0.0248,0.033,14726,298,0.012,0.056,0.0146,0.159,1963,2,0.001,0.6838,0.0206,0.018,0.0231,0.0068,0.18,0.0736,0.0137,0.113,0.104,0.0135,0.079,0.2402,0.0195,0.049,3339,278,0.051,10562,329,0.019,0.1924,0.02,0.063,903,43,0.029,166200,2798,0.01,0.4115,0.0649,0.096,0.1776,0.0497,0.17,0.1695,0.0216,0.077,0.7601,0.0251,0.02,0.0482,0.0101,0.127,0.0067,0.0039,0.351,0.0015,0.0017,0.684,0.0596,0.0128,0.131,0.0519,0.0131,0.153
4200366320,2017,451,30,0.04,179,32,0.109,47.5,2.2,0.028,0.2328,0.0373,0.097,0.1885,0.0309,0.1,0.9645,0.0043,0.003,0.0044,0.0089,1.215,0.0089,0.0088,0.607,0.0177,0.0155,0.53,141875,20666,0.089,72746,10428,0.087,0.0155,0.0099,0.386,0.0315,0.0194,0.374,0.6978,0.0569,0.05,0.7622,0.0301,0.024,186,30,0.098,0.0376,0.0371,0.6,1939,,,0.9892,0.0236,0.014,0.0,0.076,,0.0,0.076,,0.0,0.076,,0.0503,0.0323,0.39,9,6,0.405,170,36,0.129,0.0532,0.0331,0.378,2125,717,0.205,334900,17665,0.032,0.2222,1.9475,5.328,0.0,1.1111,,0.1824,0.0495,0.165,0.8257,0.0809,0.06,0.0249,0.0206,0.502,0.0207,0.0122,0.359,0.0,0.0415,,0.0954,0.0359,0.229,0.0056,0.057,6.198
4200368388,2017,16847,49,0.002,7814,268,0.021,44.8,2.3,0.031,0.1664,0.0177,0.065,0.2377,0.0194,0.05,0.826,0.027,0.02,0.0351,0.0172,0.297,0.0911,0.0195,0.13,0.017,0.0071,0.255,66462,2031,0.019,36982,1799,0.03,0.0685,0.0182,0.161,0.0404,0.0126,0.189,0.6195,0.0194,0.019,0.4458,0.033,0.045,8253,282,0.021,0.0532,0.0206,0.236,1960,1,0.0,0.5712,0.0216,0.023,0.035,0.0108,0.188,0.1317,0.0265,0.122,0.1509,0.0191,0.077,0.3495,0.0241,0.042,2731,210,0.047,5083,284,0.034,0.3308,0.0278,0.051,982,45,0.028,153200,4755,0.019,0.2677,0.0541,0.123,0.1223,0.035,0.174,0.1985,0.0342,0.105,0.7527,0.034,0.027,0.1088,0.0235,0.131,0.0189,0.0091,0.291,0.0,0.0019,,0.049,0.0146,0.181,0.0686,0.0178,0.158
4200369376,2017,3862,18,0.003,1742,113,0.039,41.3,2.9,0.043,0.2403,0.0389,0.098,0.1709,0.0324,0.115,0.8501,0.0605,0.043,0.0888,0.0489,0.335,0.0324,0.0306,0.574,0.0091,0.0073,0.486,73266,13945,0.116,55030,7674,0.085,0.0619,0.0354,0.348,0.0343,0.0254,0.451,0.6464,0.0468,0.044,0.6397,0.0739,0.07,1954,126,0.039,0.1085,0.0491,0.275,1939,,,0.5691,0.0603,0.064,0.1213,0.0412,0.206,0.1592,0.0531,0.203,0.0798,0.0276,0.21,0.3777,0.0644,0.104,658,120,0.111,1084,128,0.072,0.2952,0.0641,0.132,787,51,0.039,319800,42676,0.081,0.2736,0.1096,0.244,0.1702,0.1002,0.358,0.3017,0.0809,0.163,0.6721,0.0732,0.066,0.0495,0.0296,0.364,0.106,0.0465,0.267,0.0,0.0054,,0.0653,0.0294,0.274,0.0861,0.0396,0.279
4200369400,2017,740,82,0.067,287,40,0.085,50.3,3.7,0.045,0.2527,0.0592,0.142,0.1973,0.027,0.083,0.927,0.1443,0.095,0.0189,0.0202,0.648,0.0243,0.016,0.4,0.0041,0.0054,0.808,207250,73656,0.216,144329,18654,0.079,0.0378,0.0263,0.423,0.0139,0.0221,0.969,0.6196,0.0601,0.059,0.7036,0.0638,0.055,377,38,0.061,0.2387,0.0731,0.186,1958,6,0.002,0.9867,0.1379,0.085,0.0,0.0375,,0.0,0.0375,,0.0,0.0375,,0.1429,0.0631,0.269,41,19,0.282,246,38,0.094,0.0986,0.0362,0.223,1318,678,0.313,942300,147760,0.095,0.4634,0.4221,0.554,0.1707,0.1231,0.438,0.252,0.0803,0.194,0.813,0.0564,0.042,0.0,0.0283,,0.017,0.0168,0.602,0.0,0.0283,,0.1246,0.0507,0.247,0.0488,0.0494,0.616
4200369416,2017,706,74,0.064,268,21,0.048,45.5,3.7,0.049,0.2535,0.06,0.144,0.1601,0.0348,0.132,0.8414,0.0734,0.053,0.051,0.0507,0.605,0.1006,0.0455,0.275,0.0071,0.0085,0.727,140536,14173,0.061,67610,9981,0.09,0.0198,0.0174,0.533,0.0106,0.0159,0.908,0.6976,0.0665,0.058,0.6024,0.0836,0.084,288,27,0.057,0.0694,0.0587,0.514,1983,3,0.001,0.941,0.0317,0.021,0.0,0.0491,,0.0312,0.0444,0.863,0.0,0.0491,,0.0522,0.0333,0.388,14,9,0.391,254,21,0.05,0.0312,0.0224,0.437,533,208,0.237,400000,72362,0.11,0.3571,1.2671,2.157,0.3571,0.2736,0.466,0.189,0.0864,0.278,0.8611,0.0767,0.054,0.0306,0.0219,0.435,0.0056,0.0083,0.908,0.0,0.0278,,0.0278,0.0219,0.48,0.0187,0.0417,1.358
4200369584,2017,28481,39,0.001,12310,329,0.016,47.2,0.9,0.012,0.1746,0.0158,0.055,0.2186,0.0172,0.048,0.9548,0.0161,0.01,0.0163,0.0094,0.351,0.0059,0.0049,0.504,0.0066,0.0064,0.595,71009,3282,0.028,37034,2266,0.037,0.055,0.0142,0.157,0.0585,0.0122,0.126,0.6715,0.0166,0.015,0.3634,0.0254,0.043,12987,270,0.013,0.0521,0.0185,0.216,1962,1,0.0,0.8453,0.0207,0.015,0.0358,0.0113,0.192,0.0295,0.0087,0.179,0.0227,0.0069,0.185,0.1372,0.0196,0.087,1689,246,0.089,10621,371,0.021,0.1068,0.0183,0.104,832,41,0.03,159000,2910,0.011,0.3511,0.0846,0.147,0.1634,0.0619,0.23,0.1722,0.0297,0.105,0.8213,0.0258,0.019,0.0257,0.0094,0.223,0.0104,0.0056,0.325,0.0027,0.0031,0.682,0.0444,0.0121,0.166,0.0383,0.0122,0.194
4200369776,2017,3414,39,0.007,1561,139,0.054,42.2,5.2,0.075,0.1796,0.0393,0.133,0.1321,0.0313,0.144,0.8284,0.0652,0.048,0.0867,0.0612,0.429,0.01,0.012,0.733,0.0586,0.0422,0.438,40380,11440,0.172,24178,4405,0.111,0.2151,0.0647,0.183,0.1326,0.0687,0.315,0.6706,0.0405,0.037,0.1988,0.0635,0.194,1811,149,0.05,0.138,0.0535,0.235,1939,,,0.3644,0.0634,0.106,0.2336,0.0649,0.169,0.0558,0.0263,0.286,0.0784,0.0263,0.204,0.5701,0.0586,0.062,890,121,0.083,671,107,0.097,0.5225,0.0759,0.088,708,81,0.07,77400,6762,0.053,0.4742,0.1091,0.14,0.2966,0.0927,0.19,0.1252,0.0734,0.356,0.6769,0.0763,0.068,0.0948,0.05,0.32,0.0724,0.0479,0.403,0.0069,0.0112,0.992,0.0162,0.0174,0.651,0.2505,0.0657,0.159
4200372160,2017,15384,23,0.001,6041,263,0.026,40.3,1.3,0.02,0.2507,0.0282,0.068,0.1641,0.0203,0.075,0.9034,0.021,0.014,0.0099,0.0074,0.453,0.0657,0.0165,0.153,0.0154,0.0118,0.464,80344,5574,0.042,43606,4142,0.058,0.0478,0.0183,0.233,0.0366,0.0165,0.274,0.6984,0.0304,0.026,0.4977,0.0425,0.052,6365,277,0.026,0.0509,0.023,0.275,1987,4,0.001,0.6171,0.0239,0.024,0.0275,0.0107,0.236,0.0787,0.0242,0.187,0.043,0.0165,0.233,0.2226,0.0351,0.096,1345,220,0.099,4696,235,0.03,0.1531,0.0275,0.109,928,69,0.045,225400,16664,0.045,0.4283,0.1234,0.175,0.2349,0.0959,0.248,0.1927,0.0445,0.14,0.8134,0.0369,0.028,0.0263,0.0117,0.272,0.0027,0.0042,0.955,0.0,0.002,,0.0765,0.0242,0.193,0.076,0.0269,0.216
4200372400,2017,13419,26,0.001,5524,155,0.017,44.7,1.1,0.015,0.2061,0.0212,0.063,0.1781,0.0197,0.067,0.8967,0.0307,0.021,0.0189,0.014,0.45,0.0359,0.0215,0.364,0.0264,0.0171,0.393,71203,3134,0.027,34136,1275,0.023,0.0623,0.0209,0.204,0.0477,0.0175,0.223,0.7135,0.025,0.021,0.3597,0.0303,0.051,5814,182,0.019,0.0499,0.0242,0.295,1973,1,0.0,0.7656,0.0196,0.016,0.0304,0.0156,0.311,0.0635,0.0176,0.168,0.0716,0.0263,0.223,0.1932,0.0286,0.09,1067,161,0.092,4457,184,0.025,0.1737,0.0282,0.099,926,44,0.029,157100,3656,0.014,0.2737,0.1032,0.229,0.12,0.0785,0.398,0.1692,0.0345,0.124,0.776,0.03,0.024,0.0629,0.0168,0.162,0.0118,0.0065,0.335,0.0,0.0022,,0.043,0.0169,0.238,0.0433,0.0171,0.24
4200372568,2017,448,107,0.145,171,34,0.121,40.8,14.0,0.209,0.2679,0.0608,0.138,0.1674,0.026,0.095,0.8504,0.0014,0.001,0.0424,0.073,1.046,0.0469,0.0501,0.65,0.058,0.0494,0.518,49271,11763,0.145,22588,3912,0.105,0.1406,0.105,0.454,0.0891,0.0815,0.556,0.5906,0.0842,0.087,0.1672,0.0712,0.259,174,32,0.112,0.0172,0.0343,1.211,1954,3,0.001,0.9368,0.0454,0.029,0.0287,0.0734,1.553,0.0,0.0813,,0.0,0.0813,,0.1287,0.0716,0.338,22,13,0.359,149,33,0.135,0.1384,0.0853,0.375,808,363,0.273,90500,26771,0.18,0.0455,0.7986,10.68,0.0455,0.1337,1.788,0.2013,0.1512,0.457,0.8626,0.1194,0.084,0.0165,0.0216,0.795,0.011,0.0162,0.898,0.0,0.0549,,0.0165,0.0271,1.001,0.0292,0.0651,1.354
4200372960,2017,3375,16,0.003,1563,62,0.024,45.5,1.5,0.02,0.1796,0.0278,0.094,0.1893,0.0288,0.093,0.9659,0.0227,0.014,0.0015,0.0024,0.973,0.0027,0.0041,0.946,0.0157,0.0154,0.596,50495,5332,0.064,28374,2818,0.06,0.0954,0.0365,0.232,0.0574,0.0259,0.274,0.6563,0.0251,0.023,0.2128,0.0375,0.107,1737,73,0.026,0.1002,0.0354,0.215,1948,3,0.001,0.6868,0.0374,0.033,0.1428,0.042,0.179,0.0322,0.0231,0.435,0.0581,0.0226,0.237,0.3404,0.0566,0.101,532,91,0.104,1031,80,0.047,0.265,0.0498,0.114,611,142,0.141,94800,3347,0.021,0.3872,0.1032,0.162,0.1353,0.0853,0.383,0.1668,0.0558,0.203,0.8273,0.053,0.039,0.0376,0.0252,0.407,0.0282,0.0211,0.455,0.0,0.0059,,0.0335,0.0187,0.34,0.0979,0.0333,0.207
4200372968,2017,1641,77,0.029,832,30,0.022,52.9,3.7,0.043,0.1012,0.0319,0.192,0.2718,0.037,0.083,0.986,0.0078,0.005,0.0,0.0061,,0.0043,0.0055,0.781,0.0055,0.0073,0.81,50188,3856,0.047,30938,2366,0.046,0.133,0.0578,0.264,0.0472,0.0233,0.3,0.5993,0.0419,0.042,0.2,0.0369,0.112,858,18,0.013,0.0303,0.028,0.561,1961,4,0.001,0.6364,0.0507,0.048,0.0886,0.0407,0.279,0.0047,0.013,1.699,0.0,0.0165,,0.1983,0.056,0.172,165,47,0.173,667,50,0.046,0.1987,0.0578,0.177,697,60,0.052,100400,7783,0.047,0.3212,0.1536,0.291,0.2606,0.1526,0.356,0.2339,0.0656,0.171,0.8386,0.0573,0.042,0.0182,0.0145,0.483,0.0425,0.0362,0.518,0.0,0.0121,,0.0231,0.0169,0.445,0.0661,0.029,0.267
4200374648,2017,6282,22,0.002,2539,160,0.038,37.1,3.0,0.049,0.2416,0.0381,0.096,0.1434,0.024,0.102,0.7076,0.0437,0.038,0.2095,0.0457,0.133,0.0022,0.0038,1.042,0.001,0.0018,1.114,39392,4373,0.067,21969,2792,0.077,0.258,0.0564,0.133,0.1263,0.0494,0.238,0.6478,0.0265,0.025,0.181,0.0417,0.14,3046,217,0.043,0.1664,0.0471,0.172,1949,5,0.002,0.6359,0.0297,0.028,0.1316,0.0429,0.198,0.0433,0.0264,0.371,0.0282,0.0183,0.394,0.4419,0.0525,0.072,1122,151,0.082,1417,155,0.066,0.4672,0.063,0.082,705,50,0.043,78400,6359,0.049,0.4465,0.1103,0.15,0.3164,0.0942,0.181,0.2025,0.058,0.174,0.6836,0.0443,0.039,0.1238,0.0399,0.196,0.0535,0.0267,0.304,0.0023,0.0042,1.113,0.016,0.0137,0.518,0.2887,0.0593,0.125
4200375816,2017,8881,48,0.003,4411,151,0.021,40.6,2.3,0.034,0.169,0.03,0.108,0.1395,0.0201,0.088,0.5855,0.0429,0.045,0.3384,0.0427,0.077,0.0247,0.0167,0.411,0.0159,0.007,0.267,42161,3706,0.053,27586,1953,0.043,0.1528,0.046,0.183,0.0916,0.0288,0.191,0.6881,0.0337,0.03,0.3928,0.0476,0.074,5160,210,0.025,0.1452,0.0265,0.111,1944,4,0.001,0.4717,0.0339,0.044,0.186,0.0394,0.129,0.1537,0.0286,0.113,0.0554,0.0136,0.149,0.5212,0.0461,0.054,2299,218,0.058,2112,191,0.055,0.4836,0.0499,0.063,768,24,0.019,86300,4158,0.029,0.4719,0.0833,0.107,0.2079,0.064,0.187,0.1553,0.0436,0.171,0.5918,0.0457,0.047,0.2399,0.034,0.086,0.0401,0.0193,0.293,0.0035,0.0052,0.911,0.054,0.019,0.214,0.1988,0.0386,0.118
4200376104,2017,4480,20,0.003,2026,180,0.054,36.4,6.7,0.112,0.2504,0.0529,0.128,0.1638,0.0419,0.155,0.8259,0.0599,0.044,0.1138,0.0346,0.185,0.0,0.0022,,0.0045,0.0071,0.973,33464,4898,0.089,19909,2093,0.064,0.2471,0.0921,0.227,0.1083,0.0528,0.296,0.6123,0.0585,0.058,0.1969,0.0615,0.19,2350,225,0.058,0.1379,0.0742,0.327,1939,,,0.5664,0.0732,0.079,0.2485,0.087,0.213,0.0715,0.0473,0.403,0.0732,0.0448,0.372,0.5286,0.076,0.087,1071,181,0.103,955,174,0.111,0.5251,0.0912,0.106,649,89,0.083,54300,7537,0.084,0.324,0.1073,0.201,0.2204,0.0947,0.261,0.0785,0.0605,0.469,0.7528,0.0688,0.056,0.0546,0.0586,0.652,0.0114,0.0178,0.953,0.0,0.0054,,0.0416,0.0343,0.5,0.1718,0.0806,0.285
4200376560,2017,460,46,0.061,179,17,0.058,50.8,3.2,0.038,0.1978,0.0307,0.094,0.2435,0.0271,0.068,0.9587,0.0412,0.026,0.0,0.0217,,0.0109,0.0064,0.36,0.0043,0.013,1.823,139375,28690,0.125,73505,9735,0.081,0.0152,0.0234,0.933,0.028,0.0157,0.342,0.6631,0.0311,0.028,0.7151,0.0373,0.032,190,16,0.051,0.0579,0.0524,0.55,1954,3,0.001,0.9474,0.027,0.017,0.0,0.0744,,0.0,0.0744,,0.0,0.0744,,0.0,0.0559,,0,10,,179,17,0.058,0.0,0.0217,,,,,300700,27072,0.055,,,,,,,0.1899,0.0832,0.266,0.7975,0.0411,0.031,0.0331,0.0204,0.374,0.0207,0.0164,0.482,0.0,0.0413,,0.0661,0.028,0.258,0.0,0.079,
4200377272,2017,90,72,0.486,35,31,0.538,46.5,32.0,0.418,0.0,0.3143,,0.3,0.407,0.825,1.0,0.0,0.0,0.0,0.1111,,0.0,0.1111,,0.0,0.1111,,,,,12123,5996,0.301,0.4444,0.3983,0.545,0.0,0.2857,,0.3889,0.4869,0.761,0.1333,0.2562,1.168,35,31,0.538,0.0,0.2857,,1963,29,0.009,0.0,0.2857,,0.6571,0.0857,0.079,0.0,0.4041,,0.3429,0.5039,0.893,1.0,0.0,0.0,35,31,0.538,0,10,,1.0,0.0,0.0,612,172,0.171,,,,0.2286,0.6033,1.604,0.0,0.2857,,,,,0.4857,1.0154,1.271,0.0,0.2857,,0.5143,0.1062,0.126,0.0,0.2857,,0.0,0.2857,,0.2286,0.4479,1.191
4200377912,2017,5281,18,0.002,2442,238,0.059,40.7,3.5,0.052,0.2575,0.0654,0.154,0.1947,0.0422,0.132,0.709,0.1268,0.109,0.2215,0.1165,0.32,0.0,0.0028,,0.0275,0.0216,0.478,36466,4571,0.076,20704,2309,0.068,0.1866,0.0796,0.259,0.0343,0.0257,0.456,0.6396,0.0506,0.048,0.1604,0.0528,0.2,2847,297,0.063,0.1423,0.0676,0.289,1943,3,0.001,0.5711,0.0856,0.091,0.1229,0.0434,0.214,0.0636,0.0333,0.318,0.0467,0.025,0.325,0.5999,0.08,0.081,1465,242,0.1,977,164,0.102,0.5383,0.0924,0.104,468,77,0.1,59200,6556,0.067,0.2307,0.1047,0.276,0.1433,0.0919,0.39,0.1934,0.0997,0.313,0.8054,0.0918,0.069,0.0637,0.0433,0.414,0.0,0.006,,0.0,0.006,,0.041,0.0336,0.498,0.1859,0.0587,0.192
4200379274,2017,19524,37,0.001,7143,137,0.012,43.6,0.9,0.013,0.2745,0.0197,0.044,0.1707,0.0138,0.049,0.8785,0.0137,0.009,0.0033,0.0022,0.399,0.0787,0.0116,0.09,0.0202,0.0064,0.193,116701,9626,0.05,58083,2962,0.031,0.0289,0.0094,0.198,0.0295,0.0088,0.181,0.6271,0.0162,0.016,0.6935,0.0307,0.027,7398,165,0.014,0.0345,0.0132,0.233,1968,2,0.001,0.912,0.0134,0.009,0.0036,0.0054,0.908,0.0038,0.0041,0.663,0.0419,0.0101,0.146,0.0865,0.0173,0.121,618,124,0.122,6525,170,0.016,0.0737,0.0183,0.151,1986,455,0.139,279700,7259,0.016,0.4757,0.1244,0.159,0.2783,0.0929,0.203,0.2014,0.0278,0.084,0.781,0.0216,0.017,0.0687,0.0135,0.119,0.0122,0.0074,0.37,0.0,0.0018,,0.0898,0.0153,0.103,0.0293,0.0113,0.234
4200380032,2017,2639,139,0.032,1242,69,0.034,43.5,2.0,0.028,0.1989,0.0376,0.115,0.2103,0.0401,0.116,0.8147,0.0772,0.058,0.1338,0.0743,0.338,0.0,0.0038,,0.0239,0.0181,0.462,38306,5339,0.085,22940,2296,0.061,0.2258,0.0696,0.187,0.0879,0.047,0.325,0.6146,0.0363,0.036,0.1846,0.0435,0.143,1300,39,0.018,0.0446,0.0369,0.503,1939,,,0.6046,0.0531,0.053,0.2277,0.0697,0.186,0.0615,0.0292,0.289,0.0492,0.0268,0.331,0.533,0.0617,0.07,662,85,0.078,580,75,0.079,0.4575,0.0784,0.104,665,105,0.096,76000,4953,0.04,0.5257,0.1103,0.128,0.3897,0.1033,0.161,0.1534,0.074,0.293,0.7002,0.0548,0.048,0.0743,0.0501,0.41,0.0425,0.0316,0.452,0.0057,0.0082,0.866,0.031,0.0251,0.492,0.2005,0.059,0.179
4200380040,2017,1688,126,0.045,812,41,0.031,46.5,2.7,0.035,0.16,0.0354,0.135,0.2079,0.0274,0.08,0.9242,0.0522,0.034,0.0409,0.0253,0.376,0.0,0.0059,,0.0148,0.0142,0.582,33400,4327,0.079,24210,2632,0.066,0.1628,0.0638,0.238,0.1105,0.0431,0.237,0.591,0.0486,0.05,0.1101,0.029,0.16,890,26,0.018,0.0876,0.037,0.257,1952,4,0.001,0.6135,0.0509,0.05,0.0989,0.0377,0.232,0.2135,0.0493,0.14,0.0494,0.0241,0.296,0.4988,0.0642,0.078,405,56,0.084,407,41,0.061,0.4402,0.0768,0.106,736,44,0.036,63900,3087,0.029,0.5506,0.1196,0.132,0.2395,0.093,0.236,0.0811,0.0452,0.339,0.7564,0.0521,0.042,0.0323,0.0226,0.425,0.0148,0.0133,0.548,0.0,0.0135,,0.0323,0.0266,0.501,0.1663,0.0492,0.18
4200380600,2017,763,212,0.169,299,58,0.118,33.3,9.5,0.173,0.2333,0.0599,0.156,0.1429,0.0252,0.107,0.941,0.0618,0.04,0.0105,0.0114,0.663,0.0039,0.0065,0.999,0.0315,0.0424,0.819,49583,13500,0.166,21726,2729,0.076,0.0887,0.045,0.308,0.0389,0.035,0.547,0.6307,0.2246,0.216,0.1012,0.0513,0.308,382,66,0.105,0.2173,0.0893,0.25,1939,,,0.8429,0.0655,0.047,0.0707,0.0418,0.36,0.0288,0.0386,0.815,0.0052,0.0273,3.172,0.3378,0.0929,0.167,101,34,0.205,198,55,0.169,0.2647,0.0672,0.154,660,188,0.173,43600,2758,0.038,0.2079,0.1085,0.317,0.0891,0.0839,0.572,0.202,0.0855,0.257,0.8516,0.0863,0.062,0.033,0.0431,0.795,0.0,0.0275,,0.011,0.0218,1.206,0.0082,0.0136,1.001,0.0736,0.0612,0.506
4200382800,2017,11913,24,0.001,5131,237,0.028,46.1,2.0,0.026,0.1961,0.0272,0.084,0.2074,0.0294,0.086,0.9796,0.0119,0.007,0.002,0.0018,0.532,0.0,0.0013,,0.0065,0.005,0.474,63170,5734,0.055,32911,2037,0.038,0.0438,0.0177,0.246,0.0412,0.0195,0.288,0.657,0.0221,0.02,0.2887,0.0463,0.098,5386,227,0.026,0.0473,0.0268,0.345,1968,3,0.001,0.8284,0.0333,0.024,0.029,0.017,0.357,0.0085,0.0096,0.682,0.0201,0.0217,0.658,0.1267,0.0376,0.18,650,195,0.182,4481,275,0.037,0.0914,0.0258,0.172,727,34,0.028,151200,8467,0.034,0.3769,0.217,0.35,0.1785,0.1426,0.486,0.2247,0.0519,0.14,0.8681,0.0345,0.024,0.0078,0.0072,0.557,0.0026,0.0046,1.064,0.0,0.0026,,0.0519,0.0242,0.284,0.0322,0.0169,0.32
4200382848,2017,513,158,0.187,184,49,0.162,33.3,8.6,0.157,0.3353,0.0685,0.124,0.1053,0.0254,0.147,0.9376,0.0889,0.058,0.0156,0.0189,0.736,0.0,0.0195,,0.0468,0.0506,0.658,42000,7545,0.109,22885,8770,0.233,0.1949,0.1102,0.344,0.1686,0.0966,0.348,0.7163,0.1224,0.104,0.0903,0.0659,0.443,233,59,0.154,0.2103,0.1172,0.339,1948,7,0.002,0.5966,0.049,0.05,0.1245,0.0888,0.434,0.0,0.0607,,0.0086,0.0448,3.17,0.3207,0.1577,0.299,59,33,0.34,125,39,0.19,0.3684,0.2156,0.356,700,133,0.116,60600,14000,0.14,0.2881,0.2284,0.482,0.1356,0.1516,0.68,0.104,0.1552,0.907,0.75,0.1843,0.149,0.1058,0.0789,0.453,0.0288,0.0372,0.784,0.0,0.0481,,0.024,0.0277,0.7,0.087,0.0575,0.402
4200383200,2017,1699,155,0.055,818,57,0.042,49.7,2.8,0.034,0.1595,0.0386,0.147,0.2378,0.0352,0.09,0.8546,0.0726,0.052,0.0918,0.0457,0.303,0.0,0.0059,,0.01,0.0153,0.928,48214,11065,0.14,28550,2885,0.061,0.1512,0.0599,0.241,0.0727,0.0428,0.358,0.6274,0.0335,0.032,0.2894,0.0496,0.104,976,44,0.027,0.1619,0.06,0.225,1954,2,0.001,0.8125,0.0415,0.031,0.125,0.0526,0.256,0.0348,0.0224,0.392,0.0,0.0145,,0.209,0.0581,0.169,171,49,0.174,647,58,0.054,0.1848,0.0619,0.204,780,65,0.051,103800,8606,0.05,0.6725,0.2371,0.214,0.5965,0.2372,0.242,0.153,0.0512,0.203,0.8033,0.0662,0.05,0.0699,0.048,0.417,0.0213,0.0188,0.536,0.0,0.0118,,0.0249,0.0212,0.517,0.1137,0.0517,0.276
4200383512,2017,20075,22,0.001,8712,294,0.021,45.4,2.6,0.035,0.1881,0.0205,0.066,0.2047,0.0166,0.049,0.832,0.0266,0.019,0.1102,0.0163,0.09,0.0013,0.0016,0.772,0.015,0.007,0.284,50368,4363,0.053,28221,2051,0.044,0.1472,0.04,0.165,0.0877,0.0214,0.149,0.6319,0.024,0.023,0.216,0.0232,0.065,9568,325,0.021,0.0895,0.0208,0.141,1954,2,0.001,0.7847,0.0266,0.021,0.0321,0.0105,0.198,0.0592,0.0194,0.2,0.0425,0.0164,0.235,0.2229,0.0301,0.082,1942,270,0.085,6770,315,0.028,0.2041,0.036,0.107,581,43,0.045,93800,2965,0.019,0.3141,0.0796,0.154,0.1426,0.0497,0.212,0.2242,0.0347,0.094,0.8101,0.0302,0.023,0.0347,0.0124,0.217,0.0192,0.0088,0.277,0.0006,0.0011,1.013,0.0189,0.0093,0.299,0.0745,0.0215,0.176
4200384144,2017,6698,32,0.003,3076,128,0.025,38.0,1.8,0.029,0.1926,0.0322,0.102,0.1463,0.0289,0.12,0.9567,0.0153,0.01,0.0115,0.0078,0.411,0.0027,0.0028,0.642,0.0094,0.0063,0.405,60000,7937,0.08,34854,3272,0.057,0.0631,0.0231,0.222,0.0424,0.0222,0.318,0.7617,0.0272,0.022,0.3078,0.0471,0.093,3185,141,0.027,0.0342,0.021,0.373,1947,5,0.002,0.7049,0.0394,0.034,0.0967,0.0381,0.24,0.0697,0.0403,0.352,0.0863,0.0332,0.233,0.3075,0.0528,0.104,946,167,0.107,2130,155,0.044,0.2118,0.0392,0.112,781,57,0.044,123600,7016,0.035,0.334,0.1369,0.249,0.167,0.1026,0.373,0.2019,0.0561,0.169,0.763,0.0502,0.04,0.0784,0.0282,0.218,0.0154,0.0123,0.485,0.0018,0.0028,0.955,0.0156,0.011,0.427,0.0696,0.0361,0.315
4200384440,2017,1134,118,0.063,526,42,0.049,41.4,5.6,0.082,0.1764,0.0402,0.138,0.1393,0.0266,0.116,0.8307,0.044,0.032,0.1208,0.0577,0.29,0.0,0.0088,,0.0344,0.028,0.495,40347,3879,0.058,23714,2989,0.077,0.1702,0.0641,0.229,0.054,0.0261,0.294,0.6751,0.0479,0.043,0.1111,0.0377,0.206,592,37,0.038,0.1115,0.057,0.311,1945,4,0.001,0.7905,0.0485,0.037,0.1132,0.0523,0.281,0.0845,0.0555,0.4,0.0,0.0239,,0.3878,0.0797,0.125,204,45,0.134,322,43,0.081,0.358,0.0972,0.165,672,120,0.109,62600,4894,0.048,0.402,0.1489,0.225,0.2353,0.1376,0.355,0.1832,0.0781,0.259,0.7085,0.0569,0.049,0.0934,0.0486,0.316,0.0081,0.0096,0.726,0.0,0.0161,,0.0274,0.0207,0.459,0.0875,0.0394,0.274
4200384512,2017,13828,25,0.001,5840,259,0.027,46.4,3.0,0.039,0.2,0.0253,0.077,0.2402,0.0241,0.061,0.8533,0.0216,0.015,0.0207,0.0139,0.408,0.08,0.0164,0.125,0.0161,0.0101,0.379,60914,4950,0.049,33466,2328,0.042,0.1433,0.0396,0.168,0.0426,0.0138,0.196,0.6016,0.0311,0.031,0.3539,0.0314,0.054,6202,253,0.025,0.0584,0.0297,0.31,1956,1,0.0,0.6433,0.0211,0.02,0.0113,0.0079,0.426,0.0634,0.0204,0.196,0.1574,0.0364,0.14,0.2649,0.0322,0.074,1547,200,0.079,4293,208,0.029,0.2489,0.0354,0.087,705,54,0.047,146300,4234,0.018,0.5398,0.1073,0.121,0.3045,0.0822,0.164,0.147,0.0286,0.118,0.7612,0.0322,0.026,0.0961,0.0223,0.141,0.0125,0.0096,0.47,0.0,0.0025,,0.0227,0.0111,0.298,0.099,0.029,0.178
4200384704,2017,7774,22,0.002,3670,143,0.024,52.0,1.4,0.016,0.1567,0.0401,0.156,0.2412,0.0333,0.084,0.9395,0.0359,0.023,0.0354,0.0302,0.519,0.0068,0.0055,0.493,0.0077,0.0059,0.466,56316,4736,0.051,33423,3100,0.056,0.0564,0.0414,0.446,0.0325,0.0186,0.347,0.6182,0.0332,0.033,0.262,0.0464,0.108,3921,163,0.025,0.064,0.0348,0.331,1957,2,0.001,0.7518,0.0353,0.029,0.0406,0.0235,0.353,0.1347,0.0387,0.175,0.0365,0.0156,0.26,0.294,0.0527,0.109,1079,198,0.112,2591,207,0.049,0.2477,0.0727,0.178,810,71,0.053,100900,8805,0.053,0.4133,0.1101,0.162,0.1993,0.0739,0.226,0.1552,0.0489,0.192,0.8038,0.0533,0.04,0.03,0.023,0.467,0.0208,0.0093,0.272,0.0,0.0038,,0.0249,0.0182,0.445,0.0488,0.0254,0.317
4200385184,2017,6278,34,0.003,3002,148,0.03,48.3,3.5,0.044,0.1515,0.0283,0.113,0.2445,0.0312,0.078,0.8106,0.0225,0.017,0.1375,0.0229,0.101,0.0148,0.0102,0.418,0.0048,0.0049,0.628,52063,5744,0.067,32180,2453,0.046,0.0596,0.0273,0.278,0.0816,0.0332,0.248,0.6216,0.0298,0.029,0.3654,0.0487,0.081,3391,176,0.032,0.1147,0.0426,0.226,1960,2,0.001,0.7293,0.0282,0.023,0.0106,0.0079,0.452,0.0472,0.0188,0.243,0.1849,0.0307,0.101,0.3168,0.0393,0.075,951,127,0.081,2051,151,0.045,0.2663,0.0487,0.111,927,40,0.026,99300,6901,0.042,0.4753,0.1007,0.129,0.2355,0.0735,0.19,0.1838,0.0539,0.178,0.7488,0.0531,0.043,0.052,0.0217,0.253,0.0116,0.0145,0.759,0.0,0.0048,,0.0581,0.035,0.366,0.0336,0.0166,0.3
4200385188,2017,15748,32,0.001,8676,339,0.024,38.9,2.1,0.033,0.1518,0.0226,0.091,0.1833,0.0217,0.072,0.312,0.0248,0.048,0.5984,0.0277,0.028,0.02,0.0117,0.357,0.0184,0.0079,0.261,32961,2666,0.049,26683,2044,0.047,0.2507,0.0383,0.093,0.1306,0.0314,0.146,0.6246,0.0313,0.03,0.3311,0.0323,0.059,10832,403,0.023,0.199,0.017,0.052,1945,2,0.001,0.3969,0.0311,0.048,0.2129,0.0261,0.074,0.1372,0.0187,0.083,0.1142,0.0228,0.121,0.6244,0.0299,0.029,5417,335,0.038,3259,312,0.058,0.615,0.0339,0.033,810,29,0.022,79800,10801,0.082,0.4898,0.0605,0.075,0.2553,0.0364,0.087,0.2789,0.0559,0.122,0.5226,0.0388,0.045,0.2614,0.0311,0.072,0.0453,0.0134,0.18,0.007,0.0043,0.374,0.0791,0.03,0.231,0.2641,0.0277,0.064
4200385496,2017,1996,304,0.093,937,83,0.054,34.9,6.8,0.118,0.2685,0.0525,0.119,0.1463,0.025,0.104,0.5827,0.0593,0.062,0.2996,0.1289,0.262,0.0,0.005,,0.015,0.0123,0.498,25762,4466,0.105,15919,2362,0.09,0.357,0.0886,0.151,0.2264,0.0682,0.183,0.5265,0.0638,0.074,0.1171,0.0445,0.231,1220,42,0.021,0.232,0.0667,0.175,1951,9,0.003,0.3148,0.0663,0.128,0.2434,0.0799,0.2,0.123,0.0444,0.219,0.1475,0.0511,0.211,0.7332,0.0751,0.062,687,93,0.082,250,58,0.141,0.7883,0.109,0.084,644,58,0.055,53900,5221,0.059,0.5328,0.1283,0.146,0.2344,0.0891,0.231,0.272,0.1269,0.284,0.6726,0.089,0.08,0.0535,0.0428,0.486,0.0324,0.0253,0.475,0.0,0.0162,,0.0502,0.0429,0.519,0.3276,0.0732,0.136
4200300724,2018,1826,219,0.073,946,73,0.047,68.0,5.7,0.051,0.1194,0.0334,0.17,0.5329,0.039,0.044,0.9513,0.1608,0.103,0.0164,0.0102,0.378,0.0,0.0055,,0.0257,0.036,0.851,66346,4641,0.043,46793,5584,0.073,0.0445,0.024,0.328,0.0086,0.0103,0.725,0.3576,0.0186,0.032,0.4601,0.0444,0.059,1035,71,0.042,0.086,0.0479,0.339,1994,3,0.001,0.314,0.0367,0.071,0.0135,0.0104,0.468,0.0464,0.0196,0.256,0.371,0.0623,0.102,0.3805,0.0401,0.064,360,47,0.079,586,57,0.059,0.3011,0.0357,0.072,2626,159,0.037,190200,9334,0.03,0.6,0.0806,0.082,0.4444,0.071,0.097,0.2372,0.0692,0.177,0.8664,0.0467,0.033,0.0105,0.014,0.806,0.0281,0.0225,0.487,0.0,0.0176,,0.0439,0.0257,0.356,0.1892,0.0424,0.136
4200303320,2018,2756,31,0.007,1243,93,0.045,37.5,2.3,0.037,0.2242,0.0477,0.129,0.1488,0.0346,0.142,0.8999,0.0461,0.031,0.0,0.0036,,0.0606,0.0421,0.422,0.0272,0.0203,0.454,73818,13028,0.107,55556,10283,0.113,0.0433,0.0322,0.452,0.0546,0.0259,0.288,0.7314,0.0522,0.043,0.6707,0.0815,0.074,1389,106,0.046,0.1051,0.0549,0.317,0,,,0.5119,0.0689,0.082,0.1411,0.0533,0.23,0.1605,0.0447,0.169,0.0043,0.0107,1.505,0.3829,0.0691,0.11,476,93,0.119,767,106,0.084,0.3247,0.0768,0.144,1037,171,0.1,274000,18340,0.041,0.3025,0.1121,0.225,0.1239,0.0848,0.416,0.1747,0.0656,0.228,0.7145,0.0652,0.056,0.0824,0.0345,0.254,0.0433,0.0345,0.484,0.0057,0.0085,0.91,0.0682,0.0391,0.349,0.0523,0.03,0.349
4200303608,2018,4626,28,0.004,2487,124,0.03,43.6,3.1,0.043,0.1492,0.036,0.147,0.1989,0.0365,0.112,0.8348,0.0442,0.032,0.088,0.0296,0.205,0.0,0.0022,,0.0244,0.0197,0.49,43921,8658,0.12,33332,4703,0.086,0.0728,0.0316,0.264,0.0365,0.0161,0.268,0.7322,0.041,0.034,0.3214,0.0463,0.087,3016,152,0.031,0.1754,0.0435,0.151,1948,4,0.001,0.3896,0.0468,0.073,0.2513,0.0628,0.152,0.0501,0.0243,0.295,0.248,0.039,0.095,0.5006,0.0619,0.075,1245,166,0.081,1242,137,0.067,0.3981,0.0617,0.094,745,43,0.035,106000,10070,0.058,0.4129,0.1056,0.155,0.1904,0.0771,0.246,0.2085,0.0629,0.183,0.7323,0.0624,0.052,0.0988,0.035,0.215,0.0535,0.0294,0.334,0.0075,0.0089,0.722,0.0307,0.0206,0.408,0.1813,0.0434,0.146
4200303928,2018,19651,29,0.001,8011,313,0.024,41.1,1.4,0.021,0.2065,0.0215,0.063,0.1945,0.0176,0.055,0.8443,0.0343,0.025,0.0725,0.0246,0.206,0.0505,0.0266,0.32,0.0182,0.0092,0.307,61996,3628,0.036,30437,2051,0.041,0.0668,0.0211,0.192,0.0456,0.0143,0.191,0.6507,0.0173,0.016,0.2522,0.026,0.063,8597,343,0.024,0.0682,0.0253,0.226,1957,2,0.001,0.7287,0.0219,0.018,0.0308,0.015,0.295,0.107,0.0244,0.138,0.0822,0.021,0.155,0.2418,0.0239,0.06,1937,206,0.065,6074,292,0.029,0.2198,0.0307,0.085,777,28,0.022,132700,3607,0.017,0.508,0.1098,0.131,0.2153,0.0799,0.226,0.1526,0.0298,0.119,0.7656,0.0311,0.025,0.0624,0.0183,0.178,0.0133,0.0069,0.315,0.0028,0.0026,0.562,0.0379,0.0079,0.127,0.0879,0.0212,0.147
4200303932,2018,2058,98,0.029,852,38,0.027,45.9,2.0,0.026,0.1812,0.0395,0.133,0.1987,0.0338,0.104,0.931,0.0222,0.014,0.0,0.0049,,0.0394,0.0432,0.667,0.0,0.0049,,62500,3933,0.038,31863,2501,0.048,0.0929,0.0444,0.29,0.0387,0.0271,0.426,0.658,0.0432,0.04,0.2765,0.0516,0.113,902,22,0.015,0.0554,0.0377,0.413,1954,2,0.001,0.9512,0.0152,0.01,0.0022,0.0124,3.398,0.0,0.0157,,0.0,0.0157,,0.0775,0.028,0.219,66,24,0.221,786,46,0.036,0.0782,0.0397,0.308,1056,299,0.172,128700,8606,0.041,0.5606,0.3514,0.381,0.2424,0.2095,0.525,0.2595,0.0674,0.158,0.7529,0.0665,0.054,0.0433,0.0247,0.347,0.0087,0.0134,0.944,0.0,0.0096,,0.0337,0.02,0.36,0.027,0.0202,0.454
4200305216,2018,1434,110,0.047,555,39,0.043,46.8,2.5,0.032,0.2497,0.0295,0.072,0.1729,0.0276,0.097,0.9338,0.0054,0.003,0.0244,0.0173,0.432,0.0119,0.009,0.463,0.0021,0.0042,1.215,102266,7955,0.047,64177,7594,0.072,0.0477,0.0258,0.329,0.0289,0.0163,0.343,0.6394,0.0353,0.034,0.5605,0.0548,0.059,610,16,0.016,0.0902,0.059,0.398,1958,3,0.001,0.9508,0.0325,0.021,0.0098,0.02,1.237,0.0,0.0232,,0.0,0.0232,,0.0793,0.0429,0.329,44,24,0.332,511,41,0.049,0.0767,0.0393,0.312,1075,971,0.549,297600,29980,0.061,0.2273,0.2758,0.738,0.0909,0.127,0.849,0.2211,0.0639,0.176,0.8049,0.031,0.023,0.0175,0.013,0.453,0.0029,0.0073,1.519,0.0,0.0146,,0.1223,0.0361,0.18,0.0,0.0255,
4200305312,2018,8196,42,0.003,4558,206,0.027,37.9,3.1,0.05,0.1186,0.0204,0.105,0.149,0.0231,0.094,0.8753,0.027,0.019,0.0843,0.0238,0.172,0.0032,0.0035,0.678,0.0144,0.0072,0.304,44589,3926,0.054,33070,1965,0.036,0.1285,0.0301,0.143,0.0318,0.0137,0.261,0.7458,0.0282,0.023,0.3775,0.0414,0.067,5124,231,0.027,0.1105,0.0352,0.194,1943,4,0.001,0.3495,0.0342,0.06,0.2432,0.0409,0.102,0.1475,0.0284,0.117,0.1753,0.0346,0.12,0.6132,0.0486,0.048,2795,255,0.055,1763,153,0.053,0.5055,0.0465,0.056,741,23,0.019,122400,8143,0.04,0.4082,0.0628,0.093,0.2021,0.0485,0.146,0.1668,0.0593,0.216,0.6576,0.0446,0.041,0.1462,0.0282,0.117,0.0629,0.0217,0.21,0.0067,0.0071,0.642,0.0398,0.018,0.274,0.219,0.0425,0.118
4200305504,2018,1865,117,0.038,767,38,0.03,38.4,1.4,0.022,0.2488,0.0284,0.069,0.1265,0.0197,0.095,0.9394,0.0162,0.01,0.0204,0.0123,0.366,0.0054,0.0037,0.424,0.0059,0.0059,0.607,92188,11211,0.074,45861,3464,0.046,0.0344,0.0143,0.253,0.0273,0.014,0.312,0.7294,0.0662,0.055,0.6277,0.0522,0.051,824,28,0.021,0.0692,0.04,0.351,0,,,0.767,0.038,0.03,0.1905,0.0508,0.162,0.0194,0.0203,0.637,0.0,0.0172,,0.2151,0.0457,0.129,165,36,0.133,602,39,0.039,0.1532,0.033,0.131,996,116,0.071,215400,14315,0.04,0.3758,0.1721,0.278,0.2242,0.137,0.371,0.1744,0.0504,0.176,0.7685,0.0358,0.028,0.0542,0.0214,0.24,0.0039,0.0049,0.759,0.0,0.0099,,0.0857,0.031,0.22,0.0548,0.0314,0.348
4200305520,2018,343,48,0.085,131,27,0.125,47.2,2.1,0.027,0.2391,0.0495,0.126,0.1603,0.0521,0.198,0.9563,0.0409,0.026,0.0,0.0292,,0.0058,0.0146,1.517,0.0146,0.0203,0.847,154583,27239,0.107,77458,12219,0.096,0.0262,0.0266,0.617,0.0297,0.0293,0.6,0.7566,0.0554,0.044,0.8273,0.0915,0.067,134,26,0.118,0.0224,0.022,0.596,0,,,1.0,0.0,0.0,0.0,0.1055,,0.0,0.1055,,0.0,0.1055,,0.0,0.0763,,0,10,,131,27,0.125,0.0,0.0292,,,,,340300,32109,0.057,,,,,,,0.1527,0.1588,0.632,0.8041,0.0891,0.067,0.0,0.0515,,0.0,0.0515,,0.0,0.0515,,0.1237,0.0529,0.26,0.0229,0.0821,2.179
4200306064,2018,32185,20,0.0,13562,260,0.012,46.5,0.5,0.007,0.192,0.0151,0.048,0.2299,0.0149,0.039,0.9287,0.0174,0.011,0.0147,0.0086,0.357,0.0231,0.0086,0.227,0.0099,0.0042,0.258,75636,3581,0.029,41574,2344,0.034,0.0523,0.0136,0.158,0.0444,0.0097,0.133,0.645,0.0181,0.017,0.4633,0.024,0.031,14099,264,0.011,0.0381,0.0142,0.227,1965,1,0.0,0.7507,0.0131,0.011,0.0179,0.0088,0.3,0.0807,0.0184,0.138,0.0901,0.0153,0.103,0.2006,0.0158,0.048,2721,220,0.049,10841,306,0.017,0.1607,0.0183,0.069,959,28,0.018,178300,4839,0.016,0.3844,0.0724,0.114,0.215,0.0531,0.15,0.175,0.0231,0.08,0.7509,0.0239,0.019,0.1095,0.0149,0.082,0.0077,0.0035,0.274,0.0019,0.0018,0.568,0.0622,0.0142,0.139,0.0542,0.0145,0.162
4200307000,2018,1543,100,0.039,831,48,0.035,43.9,4.4,0.061,0.1905,0.054,0.172,0.2178,0.0443,0.124,0.7246,0.062,0.052,0.0907,0.0535,0.358,0.1095,0.0755,0.419,0.0156,0.0136,0.53,41198,5187,0.077,25982,2800,0.066,0.144,0.0583,0.246,0.0435,0.0257,0.358,0.6386,0.0591,0.056,0.3297,0.0615,0.113,891,40,0.027,0.0673,0.0403,0.364,1956,6,0.002,0.3446,0.0539,0.095,0.1044,0.0433,0.252,0.1785,0.0492,0.167,0.1134,0.0391,0.21,0.5957,0.0621,0.063,495,59,0.072,336,38,0.069,0.5723,0.0785,0.083,724,30,0.025,111800,22663,0.123,0.402,0.0982,0.149,0.1879,0.0734,0.238,0.2679,0.1127,0.256,0.7408,0.0561,0.046,0.0785,0.0396,0.306,0.0537,0.0308,0.349,0.0092,0.017,1.127,0.0406,0.0258,0.386,0.1576,0.0444,0.171
4200307976,2018,3203,34,0.006,1386,104,0.046,39.7,2.7,0.041,0.2148,0.0502,0.142,0.1842,0.0345,0.114,0.9226,0.0375,0.025,0.0496,0.0306,0.375,0.0084,0.01,0.72,0.0072,0.0075,0.634,41858,5091,0.074,29299,6745,0.14,0.1747,0.0614,0.214,0.0702,0.0511,0.443,0.6344,0.0547,0.052,0.2041,0.0532,0.158,1616,131,0.049,0.1423,0.0627,0.268,1940,4,0.001,0.7129,0.0446,0.038,0.0749,0.0426,0.345,0.0309,0.0297,0.583,0.0755,0.0265,0.213,0.4019,0.0567,0.086,557,89,0.097,829,105,0.077,0.3801,0.0743,0.119,724,74,0.062,73700,3672,0.03,0.3483,0.103,0.18,0.219,0.0885,0.246,0.1327,0.0616,0.282,0.7822,0.07,0.054,0.0367,0.0385,0.638,0.0104,0.011,0.644,0.0,0.0069,,0.0436,0.0391,0.545,0.1025,0.0385,0.228
4200307992,2018,1729,247,0.087,722,89,0.075,49.7,7.5,0.092,0.1972,0.0619,0.191,0.2412,0.0449,0.113,0.2261,0.0347,0.093,0.6374,0.0695,0.066,0.0,0.0058,,0.0318,0.0315,0.602,22340,3741,0.102,14923,2764,0.113,0.3573,0.1253,0.213,0.0876,0.0613,0.425,0.3819,0.088,0.14,0.1162,0.0544,0.285,1121,65,0.035,0.3559,0.0748,0.128,0,,,0.4871,0.078,0.097,0.2212,0.072,0.198,0.0384,0.0327,0.519,0.0749,0.0361,0.293,0.5609,0.0794,0.086,405,76,0.114,317,80,0.153,0.5467,0.1101,0.122,655,169,0.157,31100,7938,0.155,0.7062,0.1401,0.121,0.5679,0.1423,0.152,0.1672,0.1335,0.485,0.48,0.089,0.113,0.294,0.1125,0.233,0.0,0.02,,0.014,0.0196,0.853,0.086,0.0786,0.556,0.3116,0.074,0.144
4200308008,2018,1710,114,0.041,942,75,0.048,50.4,4.3,0.052,0.1421,0.0395,0.169,0.2497,0.0447,0.109,0.6257,0.0564,0.055,0.3041,0.0356,0.071,0.0058,0.0088,0.911,0.0322,0.0292,0.551,30833,13243,0.261,26287,3013,0.07,0.2316,0.0601,0.158,0.0698,0.0338,0.294,0.5896,0.0598,0.062,0.24,0.0542,0.137,1084,55,0.031,0.131,0.0587,0.272,1958,2,0.001,0.6245,0.0509,0.05,0.1181,0.0466,0.24,0.0249,0.0248,0.605,0.2242,0.0484,0.131,0.4459,0.0736,0.1,420,77,0.111,522,67,0.078,0.3085,0.0628,0.124,311,41,0.08,90000,8534,0.058,0.4524,0.1149,0.154,0.2048,0.0771,0.229,0.1648,0.0641,0.236,0.694,0.1061,0.093,0.158,0.049,0.189,0.0137,0.0161,0.714,0.0,0.0124,,0.0199,0.0297,0.908,0.3344,0.0744,0.135
4200308064,2018,1201,74,0.037,476,36,0.046,47.9,2.9,0.037,0.2057,0.0345,0.102,0.2273,0.0423,0.113,0.94,0.0312,0.02,0.0033,0.0042,0.759,0.0341,0.0441,0.785,0.0183,0.0174,0.579,112344,13614,0.074,58167,6158,0.064,0.0217,0.0145,0.407,0.0182,0.0165,0.549,0.603,0.0507,0.051,0.6615,0.0608,0.056,508,29,0.035,0.063,0.0511,0.493,1971,4,0.001,0.7992,0.0434,0.033,0.0059,0.022,2.265,0.0453,0.0338,0.453,0.0,0.0278,,0.0525,0.0313,0.362,25,15,0.365,451,36,0.049,0.0266,0.0157,0.359,289,120,0.252,334700,14252,0.026,0.6,0.8429,0.854,0.0,0.4,,0.1907,0.0842,0.269,0.8452,0.0366,0.026,0.0204,0.0134,0.4,0.0119,0.0101,0.517,0.0,0.017,,0.0867,0.0344,0.241,0.0546,0.0303,0.337
4200308416,2018,9453,22,0.001,3995,200,0.03,36.4,1.6,0.027,0.2243,0.0325,0.088,0.1448,0.0223,0.093,0.8474,0.0514,0.037,0.0346,0.0214,0.376,0.0435,0.0276,0.386,0.0477,0.0381,0.485,55809,6195,0.067,30584,3068,0.061,0.0859,0.0321,0.227,0.036,0.0194,0.328,0.6787,0.0387,0.035,0.2905,0.0438,0.092,4429,203,0.028,0.098,0.0333,0.207,1949,3,0.001,0.6008,0.0366,0.037,0.2066,0.0492,0.145,0.072,0.0266,0.225,0.0316,0.0139,0.267,0.3707,0.0489,0.08,1481,209,0.086,2514,221,0.053,0.3265,0.0639,0.119,754,47,0.038,98800,3786,0.023,0.3032,0.0848,0.17,0.129,0.053,0.25,0.1348,0.0401,0.181,0.697,0.0588,0.051,0.085,0.0254,0.182,0.037,0.0294,0.483,0.0,0.0031,,0.0431,0.0218,0.307,0.1159,0.0335,0.176
4200308624,2018,5066,41,0.005,2556,124,0.029,43.5,4.5,0.063,0.1658,0.0299,0.11,0.2189,0.0291,0.081,0.9489,0.0209,0.013,0.0197,0.0122,0.377,0.0081,0.0077,0.578,0.0065,0.0051,0.479,45746,4196,0.056,30344,2360,0.047,0.1062,0.03,0.171,0.0689,0.024,0.212,0.6478,0.0252,0.024,0.2928,0.0443,0.092,2684,141,0.032,0.0477,0.0304,0.388,1956,2,0.001,0.68,0.0343,0.031,0.0756,0.0288,0.231,0.1066,0.0306,0.175,0.1189,0.0324,0.166,0.4354,0.0577,0.081,1113,157,0.086,1443,146,0.062,0.3798,0.0625,0.1,741,49,0.04,135700,8638,0.039,0.4232,0.0837,0.12,0.0979,0.0427,0.265,0.2412,0.0694,0.175,0.8219,0.0447,0.033,0.0446,0.0199,0.271,0.0373,0.0191,0.312,0.0,0.0058,,0.025,0.0126,0.307,0.1334,0.0339,0.155
4200311336,2018,7905,25,0.002,3891,174,0.027,38.1,2.9,0.046,0.1689,0.0261,0.094,0.168,0.0235,0.085,0.8258,0.039,0.029,0.1107,0.0362,0.199,0.0091,0.0056,0.371,0.0177,0.0108,0.369,47798,6222,0.079,31548,2389,0.046,0.1648,0.044,0.162,0.0514,0.028,0.332,0.6633,0.0314,0.029,0.3398,0.0419,0.075,4252,200,0.029,0.0849,0.032,0.229,1952,3,0.001,0.5691,0.0319,0.034,0.1289,0.0335,0.158,0.0936,0.0267,0.173,0.1235,0.0231,0.113,0.4552,0.0494,0.066,1771,208,0.071,2120,179,0.051,0.3935,0.0509,0.079,758,66,0.053,114500,5642,0.03,0.4585,0.0775,0.103,0.2507,0.0672,0.163,0.1656,0.0487,0.179,0.7089,0.0379,0.033,0.082,0.0276,0.205,0.0487,0.0269,0.336,0.007,0.0079,0.691,0.0468,0.0197,0.256,0.1534,0.0379,0.15
4200311680,2018,8229,32,0.002,3909,156,0.024,41.5,2.2,0.032,0.1683,0.0368,0.133,0.1795,0.0266,0.09,0.9064,0.0438,0.029,0.0056,0.0053,0.581,0.0667,0.0406,0.37,0.0149,0.0108,0.44,55484,4528,0.05,33835,3530,0.063,0.0835,0.0353,0.257,0.049,0.0241,0.299,0.7306,0.033,0.027,0.3221,0.0458,0.086,4251,188,0.027,0.0805,0.0361,0.272,1956,2,0.001,0.6083,0.0437,0.044,0.087,0.0326,0.227,0.1094,0.0434,0.241,0.12,0.0301,0.152,0.3914,0.0487,0.076,1530,200,0.079,2379,184,0.047,0.3317,0.0526,0.096,799,73,0.056,124400,6816,0.033,0.3556,0.1068,0.183,0.1438,0.0605,0.256,0.2093,0.05,0.145,0.6941,0.0415,0.036,0.134,0.0395,0.179,0.0253,0.0252,0.607,0.0,0.0032,,0.0474,0.0247,0.316,0.0565,0.0291,0.313
4200312496,2018,735,113,0.093,363,57,0.095,47.3,4.4,0.057,0.1429,0.0479,0.204,0.2054,0.0418,0.124,0.8612,0.0247,0.017,0.0558,0.0427,0.465,0.0,0.0136,,0.0122,0.0121,0.601,42132,17113,0.247,29155,4285,0.089,0.0892,0.037,0.252,0.0603,0.0395,0.398,0.733,0.0557,0.046,0.2862,0.0517,0.11,427,63,0.09,0.1499,0.0862,0.35,1950,4,0.001,0.8009,0.045,0.034,0.1311,0.0655,0.304,0.0351,0.05,0.866,0.0,0.0331,,0.2479,0.0882,0.216,90,35,0.236,273,47,0.105,0.2218,0.1005,0.275,606,118,0.118,73500,7523,0.062,0.4556,0.2759,0.368,0.2667,0.1839,0.419,0.1795,0.0866,0.293,0.7845,0.0573,0.044,0.0937,0.0514,0.333,0.0234,0.0207,0.537,0.0,0.0234,,0.0281,0.0253,0.547,0.1185,0.0652,0.334
4200313392,2018,1715,121,0.043,809,54,0.041,52.0,3.5,0.041,0.1429,0.0308,0.131,0.2787,0.035,0.076,0.9924,0.099,0.061,0.0006,0.0012,1.215,0.0023,0.0041,1.063,0.0035,0.0047,0.809,58980,4607,0.047,37183,4357,0.071,0.0665,0.0335,0.306,0.0577,0.0386,0.407,0.6074,0.0489,0.049,0.3726,0.0584,0.095,887,25,0.017,0.0879,0.0563,0.389,1953,2,0.001,0.8805,0.0377,0.026,0.062,0.0297,0.292,0.0068,0.0152,1.363,0.0,0.0159,,0.1545,0.0484,0.19,125,40,0.195,684,63,0.056,0.1322,0.0566,0.26,917,50,0.033,117900,7902,0.041,0.272,0.1765,0.394,0.224,0.1249,0.339,0.1988,0.0626,0.191,0.7497,0.0708,0.057,0.0673,0.0357,0.323,0.0272,0.021,0.47,0.0,0.0118,,0.0449,0.0266,0.361,0.0952,0.0424,0.271
4200313608,2018,2963,28,0.006,1260,81,0.039,52.3,3.8,0.044,0.191,0.0432,0.138,0.2899,0.0457,0.096,0.726,0.0658,0.055,0.2136,0.0543,0.155,0.029,0.0304,0.636,0.0081,0.0088,0.659,90114,11188,0.075,51599,7027,0.083,0.0315,0.0292,0.564,0.0757,0.0376,0.302,0.6292,0.0348,0.034,0.6484,0.0711,0.067,1337,76,0.035,0.0576,0.0403,0.425,1958,2,0.001,0.9865,0.0161,0.01,0.0,0.0106,,0.0045,0.0106,1.432,0.009,0.0135,0.913,0.0627,0.0323,0.313,79,41,0.315,1181,100,0.051,0.0796,0.0597,0.456,1655,514,0.189,173900,10365,0.036,0.4304,0.4859,0.686,0.3671,0.4554,0.754,0.1948,0.0678,0.212,0.8324,0.0333,0.024,0.0296,0.0237,0.486,0.0116,0.013,0.682,0.0,0.0072,,0.0773,0.0355,0.279,0.0103,0.0114,0.673
4200313704,2018,6640,62,0.006,2966,168,0.034,38.7,3.4,0.053,0.1905,0.0405,0.129,0.1693,0.0307,0.11,0.6105,0.0529,0.053,0.3547,0.0534,0.091,0.0032,0.005,0.955,0.0127,0.0089,0.427,31374,4503,0.087,20162,1979,0.06,0.29,0.0657,0.138,0.1498,0.0721,0.293,0.5833,0.0483,0.05,0.1346,0.0391,0.176,4088,259,0.039,0.2745,0.0457,0.101,1944,3,0.001,0.648,0.046,0.043,0.1159,0.0415,0.217,0.0484,0.0226,0.283,0.0164,0.0135,0.499,0.4504,0.0621,0.084,1336,199,0.091,1630,186,0.069,0.4611,0.0723,0.095,845,41,0.029,43800,2406,0.033,0.5554,0.1098,0.12,0.3743,0.1017,0.165,0.289,0.0766,0.161,0.6962,0.0588,0.051,0.126,0.0537,0.259,0.007,0.0085,0.733,0.0,0.0056,,0.0207,0.0128,0.375,0.1996,0.0537,0.164
4200315216,2018,8027,17,0.001,3789,184,0.03,50.1,2.7,0.033,0.1795,0.0361,0.122,0.2237,0.0363,0.099,0.9478,0.0238,0.015,0.0087,0.006,0.417,0.0225,0.0163,0.44,0.0071,0.007,0.597,86377,10226,0.072,57718,7014,0.074,0.0315,0.0147,0.284,0.0275,0.017,0.375,0.6456,0.0377,0.035,0.4812,0.0565,0.071,3985,227,0.035,0.0492,0.0406,0.501,1996,4,0.001,0.6193,0.0469,0.046,0.0115,0.0189,0.997,0.0231,0.0239,0.629,0.0467,0.0326,0.424,0.1763,0.044,0.152,668,170,0.155,3121,199,0.039,0.1449,0.0446,0.187,1415,312,0.134,247400,34073,0.084,0.3473,0.1814,0.317,0.1587,0.1143,0.438,0.2304,0.0602,0.159,0.7685,0.0579,0.046,0.0924,0.0345,0.227,0.0005,0.0012,1.519,0.0,0.0035,,0.0602,0.0315,0.318,0.0377,0.0198,0.32
4200316144,2018,5587,34,0.004,2655,146,0.033,40.2,2.0,0.03,0.1942,0.0387,0.121,0.21,0.0329,0.095,0.7227,0.0657,0.055,0.1802,0.0616,0.208,0.0036,0.0047,0.79,0.0412,0.0226,0.333,44583,6500,0.089,25283,2024,0.049,0.1414,0.0501,0.215,0.0885,0.0437,0.3,0.6367,0.0474,0.045,0.2604,0.042,0.098,3122,164,0.032,0.1496,0.0415,0.169,0,,,0.6339,0.0562,0.054,0.0906,0.041,0.275,0.0714,0.0328,0.279,0.1457,0.0434,0.181,0.4829,0.0636,0.08,1282,183,0.087,1373,155,0.069,0.4813,0.0731,0.092,687,37,0.033,92000,3578,0.024,0.3892,0.1047,0.163,0.1388,0.0633,0.277,0.2221,0.063,0.172,0.846,0.0573,0.041,0.0273,0.0142,0.316,0.0398,0.0217,0.332,0.0,0.0057,,0.0182,0.0189,0.631,0.1269,0.0392,0.188
4200316848,2018,5839,21,0.002,2687,181,0.041,37.8,3.6,0.058,0.181,0.0336,0.113,0.1445,0.0255,0.107,0.8882,0.0413,0.028,0.0736,0.0336,0.277,0.0024,0.0027,0.695,0.0187,0.0158,0.513,54311,4921,0.055,33134,3643,0.067,0.0923,0.0415,0.273,0.0526,0.0273,0.315,0.6963,0.0407,0.036,0.3077,0.0403,0.08,3009,193,0.039,0.107,0.0366,0.208,0,,,0.5128,0.0352,0.042,0.2732,0.0539,0.12,0.0695,0.0286,0.251,0.0818,0.0258,0.192,0.4399,0.0499,0.069,1182,156,0.08,1505,142,0.057,0.3481,0.0591,0.103,793,49,0.038,129700,12970,0.061,0.3553,0.1027,0.176,0.1413,0.0668,0.288,0.1056,0.0454,0.261,0.7045,0.0419,0.036,0.1208,0.0541,0.272,0.0246,0.0201,0.497,0.0,0.0047,,0.03,0.0121,0.245,0.1623,0.0432,0.162
4200317048,2018,2593,24,0.006,1019,52,0.031,42.9,1.7,0.024,0.2283,0.035,0.093,0.1832,0.0292,0.097,0.9155,0.0309,0.02,0.0139,0.0108,0.473,0.0073,0.0112,0.928,0.0343,0.022,0.389,73042,11043,0.092,32263,2572,0.048,0.0413,0.0227,0.334,0.0401,0.023,0.348,0.7042,0.0332,0.029,0.298,0.0466,0.095,1095,55,0.031,0.0694,0.0364,0.318,1959,4,0.001,0.789,0.0278,0.021,0.074,0.0332,0.273,0.0219,0.0229,0.635,0.0,0.0129,,0.1747,0.0512,0.178,178,53,0.181,841,55,0.04,0.15,0.0576,0.233,804,82,0.062,139500,9518,0.041,0.3034,0.1718,0.344,0.1461,0.1157,0.481,0.1546,0.049,0.193,0.8605,0.0253,0.018,0.0129,0.01,0.471,0.0,0.0072,,0.0,0.0072,,0.041,0.0185,0.274,0.0196,0.0177,0.547
4200319576,2018,8438,29,0.002,4033,159,0.024,36.4,1.3,0.022,0.1564,0.0236,0.092,0.1231,0.018,0.089,0.9121,0.0218,0.015,0.0296,0.0155,0.319,0.0126,0.0072,0.35,0.0209,0.0117,0.342,60337,6400,0.064,39028,5418,0.084,0.0698,0.0208,0.181,0.0488,0.0192,0.239,0.7703,0.0245,0.019,0.4902,0.045,0.056,4412,162,0.022,0.0859,0.024,0.17,0,,,0.5671,0.0266,0.029,0.2001,0.0281,0.085,0.158,0.0291,0.112,0.0093,0.0066,0.429,0.4225,0.0395,0.057,1704,173,0.062,2329,146,0.038,0.3468,0.0402,0.07,854,37,0.026,133000,8147,0.037,0.2705,0.0643,0.144,0.0992,0.0368,0.226,0.1945,0.0441,0.138,0.658,0.0469,0.043,0.2099,0.0301,0.087,0.0162,0.0093,0.347,0.0,0.0029,,0.0383,0.0127,0.201,0.1203,0.0274,0.139
4200319856,2018,1779,124,0.042,909,56,0.037,49.4,2.1,0.026,0.1338,0.0336,0.153,0.2406,0.0392,0.099,0.9348,0.0431,0.028,0.0489,0.0369,0.459,0.0,0.0056,,0.0028,0.0039,0.85,34583,4408,0.077,29948,6653,0.135,0.1445,0.055,0.231,0.0309,0.0295,0.582,0.5598,0.0444,0.048,0.2172,0.0478,0.134,1036,19,0.011,0.1226,0.0463,0.229,1944,2,0.001,0.6448,0.0547,0.052,0.0541,0.0268,0.302,0.2413,0.049,0.123,0.0,0.0137,,0.3751,0.0758,0.123,341,72,0.128,568,70,0.075,0.3614,0.0875,0.147,506,63,0.076,63700,4637,0.044,0.5044,0.1447,0.174,0.3431,0.1308,0.232,0.2113,0.087,0.25,0.7957,0.0863,0.066,0.0808,0.0466,0.351,0.0083,0.013,0.953,0.0,0.0119,,0.0083,0.0118,0.866,0.1727,0.0591,0.208
4200320432,2018,5544,29,0.003,2254,153,0.041,29.1,5.9,0.123,0.3182,0.0502,0.096,0.1106,0.0191,0.105,0.2893,0.0346,0.073,0.5583,0.054,0.059,0.0,0.0027,,0.0289,0.0173,0.365,26532,6251,0.143,25180,12272,0.296,0.4024,0.0953,0.144,0.1363,0.0458,0.204,0.6324,0.0408,0.039,0.1152,0.0264,0.139,2917,202,0.042,0.2273,0.049,0.131,1943,4,0.001,0.6143,0.0498,0.049,0.0929,0.0396,0.259,0.1142,0.0391,0.208,0.083,0.0336,0.246,0.6051,0.0573,0.058,1364,159,0.071,890,114,0.078,0.5928,0.0712,0.073,583,87,0.091,39600,4629,0.071,0.5132,0.1089,0.129,0.2595,0.0779,0.182,0.2034,0.0682,0.204,0.5385,0.0684,0.077,0.2584,0.0863,0.203,0.0415,0.0278,0.407,0.003,0.0049,1.011,0.0435,0.0227,0.318,0.3846,0.0697,0.11
4200321024,2018,1409,100,0.043,653,54,0.05,40.4,2.7,0.041,0.2065,0.0418,0.123,0.127,0.0375,0.179,0.9631,0.0279,0.018,0.0121,0.022,1.108,0.0,0.0071,,0.0078,0.0071,0.551,52386,11773,0.137,29309,5784,0.12,0.1219,0.0534,0.266,0.0791,0.0301,0.232,0.7348,0.0495,0.041,0.2378,0.0634,0.162,798,32,0.024,0.1817,0.0559,0.187,1944,5,0.002,0.7068,0.071,0.061,0.1165,0.0471,0.246,0.0125,0.0216,1.046,0.0501,0.0346,0.42,0.4028,0.0873,0.132,263,61,0.141,390,45,0.07,0.3897,0.0705,0.11,791,54,0.042,73300,5311,0.044,0.3612,0.1133,0.191,0.2662,0.1048,0.239,0.1282,0.0587,0.279,0.8405,0.0482,0.035,0.0617,0.0395,0.39,0.0214,0.0213,0.604,0.0,0.0134,,0.008,0.008,0.604,0.1072,0.0444,0.252
4200321444,2018,2106,174,0.05,987,56,0.034,46.8,3.4,0.044,0.1918,0.0551,0.175,0.1909,0.0291,0.093,0.8699,0.0378,0.026,0.0399,0.0235,0.358,0.0066,0.01,0.91,0.0,0.0047,,45292,5072,0.068,26334,2522,0.058,0.104,0.0402,0.235,0.083,0.041,0.301,0.6305,0.0523,0.05,0.1565,0.0428,0.166,1164,46,0.024,0.1521,0.0538,0.215,1949,7,0.002,0.6967,0.0658,0.057,0.1546,0.0519,0.204,0.067,0.0403,0.366,0.0326,0.0217,0.404,0.3799,0.0665,0.106,375,69,0.112,612,72,0.072,0.2892,0.0517,0.109,738,143,0.118,73200,5072,0.042,0.5093,0.1516,0.181,0.3013,0.1358,0.274,0.1993,0.0769,0.235,0.837,0.0447,0.032,0.0241,0.0179,0.452,0.0111,0.011,0.605,0.0,0.0101,,0.0634,0.0315,0.302,0.1277,0.0583,0.277
4200321712,2018,1755,250,0.087,815,83,0.062,28.1,1.4,0.03,0.3402,0.0732,0.131,0.1123,0.031,0.168,0.265,0.0364,0.083,0.7031,0.119,0.103,0.0028,0.0051,1.091,0.0154,0.0233,0.919,25848,6546,0.154,15552,2090,0.082,0.2805,0.1144,0.248,0.0522,0.0357,0.416,0.7031,0.0737,0.064,0.122,0.0559,0.279,1093,51,0.028,0.2543,0.0667,0.159,1955,6,0.002,0.3614,0.0675,0.113,0.2351,0.0812,0.21,0.129,0.0689,0.325,0.0522,0.0237,0.276,0.7436,0.0854,0.07,606,93,0.093,209,53,0.154,0.7183,0.0703,0.06,611,55,0.055,45400,13396,0.179,0.396,0.1359,0.209,0.1766,0.0918,0.316,0.3254,0.2062,0.385,0.5718,0.0822,0.087,0.3057,0.1149,0.229,0.0066,0.0092,0.845,0.0,0.0132,,0.0619,0.0517,0.508,0.3362,0.0959,0.173
4200322520,2018,3070,56,0.011,1566,83,0.032,37.0,2.2,0.036,0.1713,0.0329,0.117,0.1322,0.0225,0.103,0.8489,0.038,0.027,0.0772,0.026,0.205,0.0104,0.0065,0.38,0.0384,0.0244,0.386,74375,9639,0.079,53466,3862,0.044,0.0599,0.0265,0.269,0.036,0.017,0.286,0.8059,0.0217,0.016,0.6649,0.0559,0.051,1605,91,0.034,0.0243,0.0193,0.482,0,,,0.6287,0.0366,0.035,0.1103,0.0437,0.241,0.1875,0.0446,0.145,0.0162,0.0109,0.408,0.3742,0.0443,0.072,586,76,0.079,980,85,0.053,0.3313,0.0524,0.096,864,46,0.032,198900,15147,0.046,0.2952,0.1078,0.222,0.0751,0.045,0.365,0.1878,0.0498,0.161,0.6633,0.0487,0.045,0.1226,0.0321,0.159,0.0153,0.0092,0.363,0.0123,0.0102,0.506,0.0761,0.0242,0.194,0.0645,0.0253,0.238
4200322576,2018,1596,69,0.026,599,30,0.03,46.1,1.3,0.017,0.2914,0.0361,0.075,0.1805,0.0289,0.097,0.9561,0.0164,0.01,0.0038,0.0038,0.607,0.0182,0.0125,0.418,0.0157,0.0119,0.461,161641,12985,0.049,96495,13027,0.082,0.0576,0.044,0.464,0.0388,0.0224,0.352,0.6233,0.0496,0.048,0.7953,0.0604,0.046,671,26,0.024,0.1073,0.04,0.227,1941,4,0.001,0.9583,0.0111,0.007,0.0283,0.0233,0.499,0.0,0.0211,,0.0,0.0211,,0.0868,0.0348,0.244,52,21,0.245,547,30,0.033,0.0589,0.0262,0.27,1196,175,0.089,602000,50995,0.051,0.3077,0.3167,0.626,0.1923,0.1328,0.42,0.1718,0.0569,0.201,0.7493,0.0366,0.03,0.0133,0.0117,0.537,0.0487,0.0261,0.326,0.0147,0.0147,0.605,0.1475,0.0402,0.166,0.02,0.0134,0.407
4200322992,2018,1477,97,0.04,648,43,0.04,42.5,2.2,0.031,0.2173,0.0353,0.099,0.1794,0.0309,0.105,0.9465,0.0137,0.009,0.021,0.0155,0.449,0.0,0.0068,,0.0135,0.0122,0.546,38897,3402,0.053,24413,2491,0.062,0.1625,0.0515,0.193,0.0755,0.0353,0.285,0.6262,0.0586,0.057,0.1633,0.0395,0.147,736,32,0.026,0.1196,0.0527,0.268,0,,,0.7133,0.0446,0.038,0.1467,0.045,0.186,0.0231,0.0164,0.431,0.0734,0.0314,0.261,0.4043,0.069,0.104,262,48,0.111,386,42,0.066,0.3466,0.0745,0.131,675,63,0.057,77200,9032,0.071,0.5802,0.1479,0.155,0.2481,0.1134,0.278,0.1632,0.0802,0.299,0.8525,0.0642,0.046,0.056,0.0362,0.392,0.0295,0.0218,0.449,0.0,0.0147,,0.0118,0.0117,0.603,0.1466,0.0531,0.22
4200323000,2018,13134,34,0.002,5565,186,0.02,48.5,1.7,0.021,0.1761,0.0219,0.076,0.236,0.0247,0.064,0.9622,0.0149,0.009,0.012,0.008,0.407,0.0046,0.005,0.669,0.0097,0.0081,0.507,61563,3826,0.038,31794,1745,0.033,0.0822,0.0316,0.234,0.0381,0.0163,0.26,0.6078,0.0254,0.025,0.2672,0.0331,0.075,5987,203,0.021,0.0705,0.0238,0.205,1960,2,0.001,0.864,0.0243,0.017,0.0099,0.0068,0.422,0.0631,0.0233,0.224,0.0322,0.0172,0.325,0.1907,0.0312,0.099,1061,177,0.101,4504,198,0.027,0.1466,0.0294,0.122,750,29,0.024,125200,6112,0.03,0.2884,0.1167,0.246,0.2026,0.096,0.288,0.1745,0.0387,0.135,0.8841,0.0213,0.015,0.0195,0.0126,0.394,0.0088,0.0089,0.618,0.0025,0.0039,0.949,0.026,0.0143,0.335,0.0491,0.0232,0.288
4200323616,2018,2541,127,0.03,1245,27,0.013,38.5,4.4,0.069,0.1814,0.0369,0.123,0.1444,0.024,0.101,0.9016,0.0042,0.003,0.0264,0.0188,0.434,0.0173,0.0165,0.579,0.0142,0.0165,0.709,56078,5433,0.059,32513,2050,0.038,0.0485,0.0283,0.354,0.0554,0.0248,0.272,0.7135,0.0306,0.026,0.3528,0.0551,0.095,1252,27,0.013,0.0056,0.008,0.868,1946,6,0.002,0.6006,0.0478,0.048,0.1182,0.0488,0.251,0.1238,0.0392,0.193,0.1198,0.0428,0.217,0.3984,0.0523,0.08,496,66,0.081,749,65,0.053,0.3504,0.0548,0.095,819,37,0.027,126400,9948,0.048,0.2802,0.1402,0.304,0.0605,0.0518,0.521,0.2016,0.0601,0.181,0.7842,0.0557,0.043,0.047,0.0215,0.278,0.0505,0.0328,0.395,0.0,0.007,,0.0371,0.0202,0.33,0.0506,0.0275,0.33
4200324160,2018,3388,25,0.004,1532,94,0.037,36.2,3.0,0.05,0.1889,0.0471,0.151,0.1243,0.0318,0.156,0.905,0.0468,0.031,0.0086,0.0133,0.943,0.0466,0.0325,0.423,0.0248,0.0283,0.695,43194,8511,0.12,24995,3119,0.076,0.0883,0.0399,0.275,0.0458,0.025,0.331,0.6831,0.0522,0.046,0.2397,0.0571,0.145,1587,116,0.044,0.0347,0.0371,0.651,0,,,0.6975,0.0592,0.052,0.1796,0.0644,0.218,0.0208,0.0171,0.501,0.0302,0.0198,0.398,0.3721,0.0541,0.088,570,90,0.096,962,89,0.056,0.2939,0.0595,0.123,709,43,0.037,87200,4798,0.033,0.4982,0.1803,0.22,0.1772,0.0868,0.298,0.289,0.1106,0.233,0.7525,0.0661,0.053,0.0693,0.0312,0.274,0.0402,0.0339,0.512,0.0,0.0056,,0.0291,0.0233,0.488,0.1025,0.0482,0.286
4200325400,2018,2281,114,0.03,1014,46,0.028,51.3,2.2,0.026,0.1578,0.033,0.127,0.2214,0.0343,0.094,0.9873,0.014,0.009,0.0,0.0044,,0.0,0.0044,,0.0127,0.0149,0.712,63397,5878,0.056,32124,2223,0.042,0.0321,0.0168,0.317,0.0177,0.0152,0.523,0.6312,0.0383,0.037,0.1922,0.0394,0.124,1072,20,0.011,0.0541,0.0354,0.398,1956,4,0.001,0.8937,0.0573,0.039,0.0215,0.0242,0.686,0.0,0.0132,,0.0,0.0132,,0.14,0.0509,0.221,142,52,0.223,872,53,0.037,0.1328,0.0531,0.243,671,30,0.027,125700,9257,0.045,0.3803,0.2313,0.37,0.1127,0.1273,0.687,0.1881,0.0548,0.177,0.8674,0.0443,0.031,0.0368,0.0332,0.549,0.0051,0.0068,0.809,0.0,0.0086,,0.0248,0.0161,0.395,0.0207,0.0278,0.815
4200325904,2018,5619,23,0.002,2211,158,0.043,41.2,2.8,0.041,0.2379,0.0512,0.131,0.1426,0.0341,0.145,0.9295,0.0449,0.029,0.021,0.0319,0.922,0.0157,0.0167,0.649,0.0135,0.0176,0.792,78354,8474,0.066,35061,3103,0.054,0.0621,0.03,0.293,0.0534,0.0377,0.429,0.7039,0.0401,0.035,0.3935,0.0728,0.112,2399,157,0.04,0.0784,0.0498,0.386,1985,7,0.002,0.6474,0.0589,0.055,0.0488,0.0387,0.482,0.0492,0.0364,0.45,0.015,0.0171,0.691,0.227,0.0691,0.185,502,157,0.19,1709,160,0.057,0.148,0.0546,0.224,772,97,0.076,216800,25451,0.071,0.3028,0.2108,0.423,0.1892,0.1923,0.618,0.1919,0.0708,0.224,0.8751,0.0486,0.034,0.001,0.0024,1.418,0.0157,0.0132,0.511,0.0,0.0052,,0.0525,0.0294,0.341,0.043,0.0298,0.421
4200326592,2018,6401,32,0.003,3162,158,0.03,48.2,3.8,0.048,0.1489,0.0276,0.113,0.2243,0.0287,0.078,0.8066,0.0505,0.038,0.1151,0.0441,0.233,0.0095,0.0072,0.458,0.0114,0.0073,0.391,69044,9230,0.081,42730,2847,0.041,0.0605,0.0321,0.322,0.0376,0.0192,0.31,0.6823,0.0389,0.035,0.5944,0.0528,0.054,3533,178,0.031,0.105,0.0378,0.219,1950,3,0.001,0.7724,0.0346,0.027,0.0906,0.0293,0.196,0.0218,0.0236,0.657,0.0439,0.0183,0.254,0.2691,0.0458,0.103,851,151,0.108,2311,181,0.048,0.2611,0.0564,0.131,922,125,0.082,126000,9249,0.045,0.3067,0.1204,0.239,0.1598,0.1007,0.383,0.164,0.046,0.171,0.7855,0.0451,0.035,0.0746,0.0235,0.192,0.0151,0.0103,0.415,0.0,0.0042,,0.0475,0.0227,0.29,0.0731,0.0333,0.277
4200326896,2018,3321,19,0.003,1466,92,0.038,49.1,2.1,0.026,0.1394,0.0354,0.154,0.249,0.0448,0.109,0.9738,0.0268,0.017,0.0148,0.0211,0.868,0.0,0.003,,0.0,0.003,,60417,7827,0.079,30838,3370,0.066,0.0593,0.036,0.369,0.1157,0.0409,0.215,0.6162,0.0616,0.061,0.2176,0.0474,0.132,1634,86,0.032,0.1028,0.0487,0.288,1957,3,0.001,0.7625,0.0421,0.034,0.0343,0.0355,0.629,0.0055,0.0105,1.162,0.0,0.0087,,0.1296,0.0533,0.25,190,79,0.253,1276,77,0.037,0.1043,0.0519,0.302,712,158,0.135,110000,13797,0.076,0.1842,0.156,0.515,0.1263,0.1091,0.525,0.1763,0.0636,0.219,0.8489,0.0455,0.033,0.007,0.0109,0.937,0.0141,0.0166,0.715,0.0,0.0064,,0.0621,0.0306,0.299,0.0409,0.0236,0.351
4200327120,2018,5331,17,0.002,1821,94,0.031,49.0,2.1,0.026,0.2973,0.0474,0.097,0.1821,0.038,0.127,0.8914,0.034,0.023,0.0,0.0028,,0.0527,0.0368,0.424,0.0203,0.0206,0.619,168073,26274,0.095,96032,14190,0.09,0.006,0.0114,1.156,0.0483,0.0308,0.387,0.6071,0.0551,0.055,0.8246,0.108,0.08,1968,133,0.041,0.0747,0.0546,0.445,1968,3,0.001,0.9466,0.0287,0.018,0.0,0.0108,,0.0061,0.0123,1.226,0.0086,0.0148,1.042,0.0329,0.0191,0.353,60,35,0.355,1761,105,0.036,0.0381,0.0274,0.437,,,,622600,60127,0.059,0.2,0.5339,1.623,0.2,0.3122,0.949,0.2606,0.09,0.21,0.7868,0.0448,0.035,0.0061,0.0101,0.997,0.0096,0.0162,1.02,0.0048,0.0079,0.993,0.1079,0.0496,0.279,0.0126,0.0144,0.693
4200327552,2018,14448,28,0.001,5292,124,0.014,42.5,1.1,0.016,0.2787,0.0247,0.054,0.1502,0.0191,0.077,0.8155,0.0229,0.017,0.0123,0.0114,0.563,0.1208,0.0154,0.077,0.0223,0.0164,0.447,122028,9901,0.049,58713,4291,0.044,0.0262,0.0138,0.319,0.0432,0.0146,0.205,0.6787,0.0283,0.025,0.6939,0.0449,0.039,5491,152,0.017,0.0362,0.02,0.336,1984,2,0.001,0.8476,0.0283,0.02,0.0078,0.0073,0.57,0.0178,0.01,0.339,0.0213,0.0113,0.323,0.0905,0.0216,0.145,479,115,0.146,4813,152,0.019,0.0565,0.0167,0.18,1613,239,0.09,327200,13075,0.024,0.4384,0.1956,0.271,0.3132,0.1722,0.334,0.1901,0.0383,0.122,0.815,0.0266,0.02,0.0129,0.01,0.472,0.0046,0.0049,0.645,0.0,0.0023,,0.0828,0.0211,0.155,0.0321,0.0134,0.253
4200327608,2018,1070,97,0.055,474,36,0.046,50.6,2.2,0.026,0.171,0.0408,0.145,0.2271,0.0321,0.086,0.9869,0.0236,0.015,0.0,0.0093,,0.0093,0.0084,0.544,0.0037,0.0047,0.758,60139,7275,0.074,39175,7125,0.111,0.0692,0.0528,0.464,0.0151,0.0117,0.469,0.6538,0.0232,0.022,0.1834,0.0387,0.128,562,17,0.018,0.1566,0.0603,0.234,1958,3,0.001,0.9039,0.0416,0.028,0.0231,0.0321,0.843,0.0,0.0252,,0.0,0.0252,,0.0738,0.0376,0.309,35,18,0.313,439,37,0.051,0.0738,0.0387,0.318,878,282,0.195,130100,13424,0.063,0.5143,0.4583,0.542,0.0571,0.1398,1.487,0.1549,0.06,0.235,0.8571,0.0615,0.044,0.0071,0.0088,0.757,0.0053,0.007,0.808,0.0,0.0176,,0.0106,0.0141,0.808,0.0401,0.0225,0.341
4200329432,2018,4391,24,0.003,2097,177,0.051,47.3,6.1,0.078,0.1893,0.039,0.125,0.1813,0.0324,0.109,0.8916,0.0457,0.031,0.0296,0.0169,0.346,0.0036,0.0055,0.912,0.0492,0.0394,0.487,38950,4773,0.074,23401,1915,0.05,0.21,0.0645,0.187,0.0868,0.0387,0.271,0.6588,0.0464,0.043,0.1264,0.0523,0.251,2528,202,0.049,0.1705,0.0541,0.193,1950,7,0.002,0.7836,0.0638,0.049,0.1191,0.0531,0.271,0.0372,0.0287,0.47,0.0028,0.0059,1.29,0.3567,0.0675,0.115,748,155,0.126,1349,163,0.073,0.345,0.0727,0.128,634,80,0.077,61600,6082,0.06,0.4786,0.1263,0.16,0.2754,0.1074,0.237,0.1623,0.061,0.228,0.8308,0.0517,0.038,0.0385,0.0313,0.495,0.0431,0.0336,0.474,0.0,0.0046,,0.0269,0.0212,0.479,0.1159,0.0481,0.252
4200329592,2018,209,42,0.122,80,16,0.122,36.5,6.4,0.107,0.244,0.0874,0.218,0.1388,0.1121,0.491,0.9234,0.0196,0.013,0.0,0.0478,,0.0,0.0478,,0.0191,0.0187,0.596,78125,9022,0.07,34932,6416,0.112,0.11,0.0914,0.505,0.0579,0.0481,0.506,0.761,0.052,0.042,0.3013,0.0891,0.18,97,18,0.113,0.1753,0.1194,0.414,0,,,0.9278,0.0692,0.045,0.0412,0.1256,1.852,0.0,0.1458,,0.0,0.1458,,0.2125,0.1042,0.298,17,9,0.322,63,14,0.135,0.1627,0.0692,0.259,1025,403,0.239,163800,24838,0.092,0.1765,1.0298,3.547,0.1765,0.1497,0.516,0.1746,0.3888,1.354,0.8,0.2571,0.195,0.0,0.0909,,0.0909,0.144,0.963,0.0,0.0909,,0.0455,0.0443,0.592,0.05,0.0521,0.633
4200329732,2018,576,118,0.125,198,29,0.089,44.4,5.1,0.07,0.2674,0.0559,0.127,0.1736,0.0239,0.084,0.8628,0.2237,0.158,0.0434,0.0566,0.793,0.0,0.0174,,0.0486,0.0387,0.484,138500,29697,0.13,70850,12433,0.107,0.0158,0.0138,0.53,0.0105,0.0138,0.798,0.6697,0.1178,0.107,0.7628,0.1833,0.146,224,31,0.084,0.1161,0.0787,0.412,1943,12,0.004,0.9643,0.1859,0.117,0.0,0.0631,,0.0,0.0631,,0.0,0.0631,,0.0455,0.0296,0.395,9,6,0.405,189,29,0.093,0.0301,0.0258,0.521,1438,841,0.356,434500,36880,0.052,0.0,2.2222,,0.0,1.1111,,0.2275,0.0905,0.242,0.7797,0.1275,0.099,0.0105,0.0138,0.797,0.0594,0.0357,0.365,0.0,0.035,,0.0629,0.0315,0.304,0.0202,0.0543,1.634
4200331256,2018,4913,22,0.003,2137,107,0.03,45.1,4.2,0.057,0.1738,0.0341,0.119,0.2123,0.0357,0.102,0.8903,0.0442,0.03,0.0234,0.0159,0.412,0.0696,0.0385,0.336,0.009,0.0116,0.788,84952,9008,0.064,43113,4000,0.056,0.0995,0.0554,0.338,0.0311,0.0152,0.298,0.665,0.0361,0.033,0.4937,0.0522,0.064,2319,125,0.033,0.0785,0.0394,0.306,1958,2,0.001,0.8439,0.0416,0.03,0.0129,0.0157,0.737,0.0224,0.019,0.515,0.1164,0.0468,0.245,0.2059,0.049,0.145,440,107,0.148,1697,122,0.044,0.1877,0.043,0.139,1562,203,0.079,175600,8061,0.028,0.2205,0.1244,0.343,0.0977,0.0854,0.531,0.2322,0.0639,0.167,0.7115,0.0663,0.057,0.1098,0.043,0.238,0.0322,0.0352,0.664,0.0,0.0038,,0.0515,0.0244,0.288,0.0398,0.0283,0.432
4200332328,2018,18365,28,0.001,7288,229,0.019,45.2,1.0,0.013,0.2301,0.0238,0.063,0.2023,0.0217,0.065,0.9295,0.0187,0.012,0.0186,0.0104,0.34,0.0309,0.014,0.276,0.0132,0.0096,0.44,85364,5460,0.039,45887,3259,0.043,0.0377,0.0153,0.247,0.025,0.0121,0.295,0.6511,0.0246,0.023,0.5144,0.0392,0.046,7507,232,0.019,0.0292,0.0189,0.394,1974,2,0.001,0.7862,0.0311,0.024,0.0119,0.007,0.36,0.0661,0.0178,0.164,0.0364,0.0109,0.182,0.1461,0.0222,0.092,1065,165,0.094,6223,263,0.026,0.1208,0.0313,0.158,1189,69,0.035,232800,12549,0.033,0.4958,0.1489,0.183,0.3033,0.1055,0.211,0.2126,0.0417,0.119,0.8404,0.0398,0.029,0.0183,0.0097,0.324,0.0113,0.0069,0.37,0.0,0.0017,,0.0584,0.0154,0.16,0.0526,0.0163,0.189
4200332624,2018,3043,17,0.003,1438,112,0.047,57.3,3.2,0.034,0.1259,0.0295,0.143,0.3615,0.0557,0.094,0.95,0.0288,0.018,0.0099,0.0069,0.426,0.0049,0.0053,0.648,0.0352,0.0269,0.466,59327,9257,0.095,44837,7755,0.105,0.0938,0.0365,0.237,0.0212,0.0191,0.545,0.543,0.0547,0.061,0.3128,0.0577,0.112,1657,123,0.045,0.1322,0.0553,0.254,1964,4,0.001,0.475,0.046,0.059,0.0966,0.0421,0.265,0.07,0.0307,0.267,0.0,0.0085,,0.3025,0.0654,0.131,435,100,0.14,1003,113,0.068,0.2989,0.0756,0.154,741,200,0.164,115300,9948,0.052,0.3011,0.1352,0.273,0.0736,0.0597,0.494,0.1665,0.061,0.223,0.7626,0.052,0.041,0.0294,0.0215,0.444,0.0357,0.0306,0.521,0.0,0.007,,0.0469,0.0233,0.302,0.0869,0.0442,0.309
4200332832,2018,10394,20,0.001,4421,173,0.024,45.3,1.5,0.02,0.2079,0.0302,0.088,0.1965,0.0247,0.076,0.8999,0.0333,0.023,0.0352,0.0319,0.551,0.0181,0.0139,0.466,0.0123,0.009,0.446,53336,2672,0.03,26626,1486,0.034,0.1198,0.0354,0.18,0.0346,0.0127,0.223,0.6118,0.0203,0.02,0.2163,0.0337,0.095,5090,204,0.024,0.1314,0.0332,0.153,1953,3,0.001,0.7063,0.0275,0.024,0.0627,0.0216,0.21,0.0717,0.0303,0.257,0.0479,0.0179,0.226,0.2757,0.0348,0.077,1219,161,0.08,3202,195,0.037,0.2651,0.0425,0.098,671,87,0.079,103300,8323,0.049,0.3831,0.107,0.17,0.1928,0.0917,0.289,0.2121,0.0519,0.149,0.8202,0.0427,0.032,0.0049,0.0053,0.658,0.0443,0.0177,0.243,0.0038,0.0051,0.8,0.0275,0.0147,0.325,0.0758,0.0246,0.198
4200333312,2018,83,39,0.286,32,13,0.247,44.5,24.7,0.337,0.1928,0.3218,1.015,0.1928,0.3372,1.063,0.6988,0.4297,0.374,0.0,0.1205,,0.0723,0.103,0.866,0.2048,0.2854,0.847,62143,18712,0.183,26400,9592,0.221,0.0602,0.1376,1.389,0.0,0.2703,,0.5522,0.0648,0.071,0.2121,0.2382,0.683,43,14,0.198,0.2558,0.2171,0.516,0,,,0.9535,0.0981,0.063,0.0,0.3289,,0.0,0.3289,,0.0,0.3289,,0.125,0.1478,0.719,4,5,0.76,28,13,0.282,0.1446,0.0995,0.418,1500,1312,0.532,80000,33153,0.252,0.5,4.3499,5.289,0.5,0.4146,0.504,0.0357,0.9508,16.184,0.7429,0.1024,0.084,0.2,0.2141,0.651,0.0,0.2857,,0.0,0.2857,,0.0571,0.0826,0.879,0.1875,0.4135,1.341
4200333592,2018,1285,84,0.04,627,36,0.035,41.7,6.7,0.098,0.1626,0.036,0.135,0.1743,0.0303,0.106,0.9307,0.0392,0.026,0.0086,0.0085,0.607,0.035,0.0357,0.62,0.0093,0.0109,0.708,44135,7564,0.104,27278,2424,0.054,0.0671,0.0271,0.245,0.0217,0.0161,0.453,0.6737,0.0446,0.04,0.211,0.0395,0.114,677,25,0.022,0.0739,0.0413,0.34,1947,6,0.002,0.74,0.0557,0.046,0.1241,0.0515,0.252,0.1019,0.0385,0.229,0.0133,0.0231,1.055,0.3748,0.0634,0.103,235,42,0.109,392,36,0.056,0.3058,0.0614,0.122,748,102,0.083,110200,5603,0.031,0.4128,0.1373,0.202,0.1149,0.0826,0.437,0.25,0.085,0.207,0.765,0.0425,0.034,0.0515,0.0232,0.274,0.0612,0.0315,0.313,0.0,0.0139,,0.0445,0.0275,0.376,0.0989,0.0403,0.248
4200335424,2018,3153,21,0.004,1360,110,0.049,33.9,3.9,0.07,0.2559,0.062,0.147,0.1694,0.0396,0.142,0.229,0.0672,0.178,0.6644,0.0633,0.058,0.0542,0.0431,0.483,0.0168,0.0225,0.814,24231,2769,0.069,22015,9411,0.26,0.3517,0.1122,0.194,0.09,0.058,0.392,0.5683,0.063,0.067,0.1424,0.0517,0.221,1752,148,0.051,0.2237,0.0664,0.18,1941,6,0.002,0.4521,0.0766,0.103,0.2289,0.0815,0.217,0.0925,0.0495,0.326,0.1244,0.0502,0.245,0.6676,0.0868,0.079,908,139,0.093,452,116,0.156,0.5704,0.1104,0.118,700,57,0.05,49700,14476,0.177,0.5341,0.1268,0.144,0.2126,0.0878,0.251,0.3009,0.1725,0.349,0.4511,0.0915,0.123,0.3868,0.123,0.193,0.0643,0.0466,0.44,0.0017,0.0043,1.516,0.0069,0.0111,0.982,0.4713,0.09,0.116
4200336808,2018,7243,32,0.003,2634,132,0.03,44.7,2.8,0.038,0.2353,0.0281,0.073,0.1737,0.0226,0.079,0.9122,0.0216,0.014,0.009,0.0095,0.645,0.0476,0.0164,0.21,0.0048,0.0044,0.556,105104,12038,0.07,53545,4649,0.053,0.0448,0.0192,0.261,0.0317,0.014,0.269,0.6599,0.0348,0.032,0.5068,0.0402,0.048,2858,115,0.024,0.0784,0.0296,0.229,1967,6,0.002,0.887,0.0299,0.02,0.0101,0.009,0.536,0.0217,0.016,0.449,0.0,0.0074,,0.1154,0.0352,0.185,304,94,0.188,2330,155,0.04,0.0868,0.0294,0.206,987,203,0.125,255700,18164,0.043,0.3553,0.1886,0.323,0.1711,0.1453,0.516,0.1498,0.0363,0.147,0.8624,0.022,0.016,0.0162,0.0105,0.397,0.0134,0.0089,0.404,0.0,0.0042,,0.0418,0.0188,0.273,0.0216,0.015,0.421
4200337000,2018,3271,18,0.003,1528,117,0.047,38.8,2.6,0.041,0.1746,0.0447,0.156,0.1538,0.0302,0.119,0.8306,0.0668,0.049,0.1321,0.0679,0.312,0.0171,0.0278,0.988,0.0156,0.0174,0.679,51611,7252,0.085,30391,3346,0.067,0.0878,0.0449,0.311,0.0373,0.0267,0.435,0.7248,0.0517,0.043,0.2464,0.0557,0.138,1650,127,0.047,0.0739,0.0481,0.396,0,,,0.5873,0.0562,0.058,0.2248,0.0708,0.191,0.1073,0.0384,0.218,0.0521,0.0254,0.296,0.3534,0.0674,0.116,540,111,0.125,988,126,0.078,0.2947,0.0752,0.155,815,92,0.069,105200,10541,0.061,0.3167,0.106,0.203,0.1315,0.0788,0.364,0.2217,0.0881,0.242,0.7137,0.0632,0.054,0.1354,0.0454,0.204,0.0223,0.0165,0.45,0.0057,0.0083,0.883,0.0389,0.0346,0.541,0.1093,0.0417,0.232
4200337955,2018,11231,26,0.001,4485,199,0.027,44.3,1.5,0.021,0.2162,0.0312,0.088,0.1813,0.0224,0.075,0.9507,0.0222,0.014,0.0206,0.0175,0.518,0.0199,0.0167,0.512,0.0037,0.0026,0.43,88625,7836,0.054,45789,5320,0.071,0.0365,0.0152,0.253,0.0269,0.0119,0.269,0.669,0.0254,0.023,0.4226,0.0412,0.059,4820,243,0.031,0.0695,0.0255,0.223,1977,3,0.001,0.7799,0.0139,0.011,0.0135,0.0082,0.369,0.0583,0.0209,0.218,0.0174,0.0103,0.361,0.1864,0.0294,0.096,836,137,0.1,3649,218,0.036,0.1559,0.0332,0.13,1056,54,0.031,209400,18458,0.054,0.2081,0.0785,0.229,0.1316,0.0609,0.281,0.1614,0.0437,0.165,0.8396,0.0336,0.024,0.0245,0.0112,0.277,0.0022,0.0024,0.654,0.0,0.0028,,0.0621,0.0295,0.289,0.0346,0.0158,0.278
4200339312,2018,8105,22,0.002,3529,119,0.02,46.2,1.9,0.025,0.1989,0.0365,0.112,0.2157,0.0261,0.073,0.9366,0.031,0.02,0.0058,0.0053,0.556,0.0297,0.0271,0.555,0.003,0.0032,0.659,70341,8961,0.077,37153,3132,0.051,0.0289,0.0109,0.23,0.0494,0.0264,0.325,0.6303,0.0352,0.034,0.3587,0.0407,0.069,3671,120,0.02,0.0387,0.0258,0.406,1971,3,0.001,0.6987,0.0271,0.024,0.0313,0.0191,0.37,0.0752,0.0267,0.216,0.0602,0.0254,0.256,0.2114,0.0402,0.116,746,144,0.117,2783,168,0.037,0.2032,0.0582,0.174,984,122,0.075,174500,5589,0.019,0.6327,0.1669,0.16,0.244,0.0963,0.24,0.1146,0.0334,0.177,0.8115,0.0578,0.043,0.0486,0.0219,0.274,0.0,0.0037,,0.0,0.0037,,0.0469,0.0287,0.372,0.0765,0.0258,0.205
4200339624,2018,696,82,0.072,297,31,0.063,50.6,4.6,0.055,0.181,0.0408,0.137,0.2486,0.0392,0.096,0.9353,0.0204,0.013,0.0158,0.0186,0.715,0.0158,0.0142,0.548,0.0057,0.0086,0.909,80694,23634,0.178,43027,4818,0.068,0.036,0.0262,0.443,0.023,0.0176,0.464,0.665,0.0658,0.06,0.4732,0.0758,0.097,316,34,0.065,0.0601,0.0534,0.54,1954,2,0.001,1.0,0.0,0.0,0.0,0.0448,,0.0,0.0448,,0.0,0.0448,,0.0741,0.0499,0.41,22,15,0.414,275,30,0.066,0.0647,0.038,0.358,,,,217000,12206,0.034,0.6364,0.7792,0.744,0.5455,0.4592,0.512,0.2327,0.0988,0.258,0.7079,0.0751,0.064,0.0263,0.026,0.601,0.0158,0.0209,0.805,0.0,0.0263,,0.0605,0.0357,0.358,0.0404,0.0268,0.403
4200342368,2018,1593,86,0.033,588,37,0.038,43.5,1.4,0.02,0.2467,0.0369,0.091,0.172,0.0263,0.093,0.9284,0.0164,0.011,0.0232,0.0169,0.442,0.0257,0.0226,0.533,0.0094,0.0088,0.566,90000,12714,0.086,45676,4471,0.06,0.0368,0.0224,0.37,0.0233,0.0127,0.331,0.6788,0.0389,0.035,0.5302,0.0607,0.07,641,28,0.027,0.0827,0.0388,0.286,1964,2,0.001,0.9407,0.031,0.02,0.0452,0.0261,0.35,0.0,0.0221,,0.0,0.0221,,0.1241,0.0504,0.247,73,30,0.25,515,38,0.045,0.1061,0.0442,0.253,947,67,0.043,215600,12332,0.035,0.2329,0.2175,0.568,0.0959,0.1454,0.922,0.1942,0.0634,0.199,0.8176,0.0926,0.069,0.0122,0.011,0.545,0.0049,0.0061,0.758,0.0,0.0122,,0.0955,0.0334,0.213,0.0408,0.0273,0.407
4200342392,2018,1237,86,0.042,573,32,0.034,42.4,4.7,0.067,0.2352,0.0443,0.114,0.2078,0.0353,0.103,0.7866,0.0595,0.046,0.0485,0.0248,0.311,0.004,0.0057,0.85,0.0825,0.0871,0.642,50063,5411,0.066,28338,3624,0.078,0.2142,0.1095,0.311,0.0429,0.0315,0.446,0.6366,0.0454,0.043,0.3458,0.0558,0.098,637,28,0.027,0.1005,0.0406,0.246,0,,,0.5746,0.0452,0.048,0.0377,0.0188,0.304,0.0157,0.0201,0.778,0.1224,0.0361,0.179,0.3717,0.063,0.103,213,38,0.108,360,30,0.051,0.27,0.0525,0.118,812,105,0.079,77700,5053,0.04,0.2676,0.1044,0.237,0.0751,0.0499,0.404,0.1583,0.0798,0.306,0.7138,0.1108,0.094,0.0572,0.0365,0.388,0.1027,0.0423,0.25,0.0051,0.0084,1.011,0.0539,0.028,0.316,0.1501,0.0461,0.187
4200343064,2018,2488,133,0.032,1143,38,0.02,46.3,2.5,0.033,0.1612,0.0302,0.114,0.2078,0.0274,0.08,0.9445,0.0209,0.013,0.0181,0.0132,0.445,0.008,0.0084,0.637,0.0088,0.0052,0.358,52039,5833,0.068,28466,2351,0.05,0.0824,0.0346,0.255,0.0941,0.0425,0.275,0.6538,0.0323,0.03,0.1752,0.0385,0.134,1182,24,0.012,0.033,0.0279,0.514,1953,1,0.0,0.9289,0.0301,0.02,0.0186,0.0146,0.475,0.044,0.0263,0.364,0.0,0.012,,0.1409,0.0453,0.195,161,52,0.196,982,54,0.033,0.1145,0.0421,0.223,772,48,0.038,77100,2921,0.023,0.3913,0.1389,0.216,0.2236,0.1086,0.295,0.1415,0.0422,0.181,0.861,0.0358,0.025,0.0103,0.0102,0.606,0.0182,0.0244,0.818,0.0047,0.0071,0.91,0.0166,0.0134,0.489,0.0481,0.0288,0.364
4200343408,2018,1057,62,0.036,470,29,0.038,52.1,4.0,0.047,0.1447,0.0335,0.141,0.2261,0.0393,0.106,0.9622,0.0244,0.015,0.0095,0.0075,0.485,0.0,0.0095,,0.0284,0.0236,0.505,61607,9721,0.096,32994,3527,0.065,0.0568,0.0236,0.253,0.0649,0.0319,0.299,0.6059,0.0441,0.044,0.1817,0.0494,0.165,485,21,0.026,0.0309,0.0371,0.729,1953,2,0.001,0.9588,0.0269,0.017,0.0165,0.0264,0.973,0.0,0.0292,,0.0,0.0292,,0.0809,0.038,0.286,38,18,0.288,432,30,0.042,0.077,0.0479,0.378,710,180,0.154,91900,5080,0.034,0.2632,0.4157,0.96,0.1316,0.1451,0.67,0.1389,0.0566,0.248,0.8563,0.0496,0.035,0.018,0.0179,0.605,0.01,0.0119,0.727,0.0,0.02,,0.0339,0.0217,0.388,0.0277,0.0248,0.546
4200345900,2018,28582,62,0.001,11852,233,0.012,44.4,1.2,0.016,0.2016,0.0153,0.046,0.2052,0.015,0.044,0.8633,0.0194,0.014,0.0233,0.011,0.288,0.0707,0.0146,0.125,0.0243,0.0085,0.214,84713,3988,0.029,45967,2464,0.033,0.0504,0.0126,0.151,0.0327,0.0089,0.167,0.6389,0.0153,0.015,0.5836,0.0318,0.033,12301,273,0.013,0.0365,0.0179,0.298,1973,2,0.001,0.6538,0.016,0.015,0.0103,0.0049,0.288,0.1268,0.0196,0.094,0.0975,0.0198,0.124,0.2487,0.0201,0.049,2947,245,0.051,8905,287,0.02,0.1885,0.0213,0.069,1021,55,0.033,239500,6277,0.016,0.398,0.068,0.104,0.2043,0.0537,0.16,0.1627,0.0262,0.098,0.8202,0.023,0.017,0.0274,0.0089,0.197,0.0088,0.0035,0.242,0.0,0.0013,,0.0538,0.0126,0.142,0.0557,0.0156,0.17
4200346072,2018,447,119,0.162,171,36,0.128,40.9,10.6,0.158,0.264,0.0901,0.207,0.2461,0.0629,0.155,0.8859,0.3251,0.223,0.0246,0.0352,0.869,0.0,0.0224,,0.0,0.0224,,43542,16803,0.235,20769,4067,0.119,0.0694,0.0904,0.792,0.0,0.0565,,0.538,0.1703,0.192,0.1184,0.1127,0.579,200,41,0.125,0.145,0.1163,0.487,0,,,0.88,0.117,0.081,0.12,0.1386,0.702,0.0,0.0707,,0.0,0.0707,,0.1813,0.1351,0.453,31,24,0.471,140,34,0.148,0.3065,0.225,0.446,850,357,0.255,92300,21080,0.139,0.5484,0.5981,0.663,0.3548,0.3585,0.614,0.15,0.1983,0.804,0.9,0.0,0.0,0.0,0.0625,,0.0438,0.0732,1.017,0.0,0.0625,,0.0,0.0625,,0.0526,0.0652,0.753
4200346256,2018,19365,25,0.001,8929,347,0.024,44.6,2.4,0.033,0.2041,0.0228,0.068,0.2056,0.0169,0.05,0.5934,0.0286,0.029,0.3292,0.0298,0.055,0.0061,0.0056,0.557,0.0247,0.0097,0.239,29312,2895,0.06,20155,1255,0.038,0.3289,0.0452,0.084,0.1307,0.0285,0.133,0.5416,0.0226,0.025,0.126,0.018,0.087,11362,367,0.02,0.2141,0.0203,0.058,1944,3,0.001,0.6722,0.0265,0.024,0.0765,0.0167,0.132,0.0846,0.0164,0.118,0.1039,0.0182,0.106,0.4899,0.034,0.042,4374,348,0.048,4555,299,0.04,0.4552,0.036,0.048,625,31,0.03,46500,2667,0.035,0.4842,0.049,0.061,0.2604,0.0369,0.086,0.1809,0.0315,0.106,0.7063,0.0412,0.035,0.1013,0.0249,0.149,0.0646,0.0228,0.215,0.0045,0.0042,0.57,0.011,0.0057,0.318,0.3048,0.0339,0.068
4200346264,2018,5966,21,0.002,2728,189,0.042,33.6,4.3,0.078,0.2399,0.0536,0.136,0.1198,0.0254,0.129,0.5533,0.057,0.063,0.3366,0.0528,0.095,0.0223,0.0272,0.74,0.031,0.0245,0.48,30587,4031,0.08,19715,2591,0.08,0.2728,0.0751,0.167,0.0862,0.0408,0.288,0.6667,0.054,0.049,0.1509,0.0397,0.16,3370,273,0.049,0.1905,0.0518,0.165,0,,,0.4887,0.0627,0.078,0.1819,0.0509,0.17,0.1243,0.048,0.235,0.076,0.031,0.248,0.6037,0.0462,0.047,1647,170,0.063,1081,150,0.084,0.571,0.0596,0.063,638,61,0.058,49100,5933,0.073,0.4985,0.1091,0.133,0.3151,0.0883,0.17,0.1573,0.0592,0.229,0.5884,0.0714,0.074,0.132,0.0495,0.228,0.1141,0.0587,0.313,0.0,0.0055,,0.0324,0.0223,0.418,0.375,0.0668,0.108
4200347696,2018,8634,21,0.001,3031,167,0.033,41.3,2.8,0.041,0.2936,0.0385,0.08,0.1363,0.0282,0.126,0.8301,0.0306,0.022,0.0215,0.02,0.565,0.1229,0.0179,0.089,0.012,0.0102,0.514,122958,12815,0.063,56367,5296,0.057,0.0351,0.027,0.468,0.0588,0.0244,0.253,0.7006,0.0389,0.034,0.7183,0.0627,0.053,3225,194,0.037,0.0602,0.0467,0.472,1991,3,0.001,0.8102,0.0308,0.023,0.027,0.0269,0.607,0.0149,0.0124,0.508,0.014,0.0101,0.442,0.1033,0.0435,0.256,313,133,0.258,2718,199,0.045,0.0666,0.0354,0.324,1594,350,0.133,339600,22607,0.04,0.4665,0.2584,0.337,0.2588,0.2726,0.64,0.1519,0.0493,0.197,0.7864,0.0544,0.042,0.0281,0.0206,0.446,0.0043,0.0067,0.945,0.014,0.0183,0.792,0.1114,0.0426,0.232,0.0142,0.0144,0.616
4200349920,2018,3636,24,0.004,1879,164,0.053,42.3,5.4,0.078,0.1832,0.0478,0.159,0.1612,0.0398,0.15,0.8952,0.0627,0.043,0.0795,0.0663,0.507,0.0,0.0028,,0.0036,0.0044,0.748,38554,3312,0.052,25224,2816,0.068,0.1799,0.0819,0.277,0.0444,0.024,0.328,0.6964,0.0431,0.038,0.1465,0.0474,0.197,2139,181,0.051,0.1216,0.0571,0.285,0,,,0.4282,0.0697,0.099,0.23,0.0752,0.199,0.0379,0.0312,0.501,0.1145,0.0443,0.235,0.5966,0.0746,0.076,1121,171,0.093,758,102,0.082,0.4974,0.0838,0.102,710,54,0.046,72200,6421,0.054,0.4014,0.1073,0.163,0.1293,0.0574,0.27,0.1451,0.0711,0.298,0.6906,0.0562,0.05,0.0713,0.0453,0.386,0.088,0.047,0.325,0.0138,0.0137,0.605,0.0271,0.022,0.494,0.2203,0.0624,0.172
4200350528,2018,27893,49,0.001,12509,318,0.015,45.1,1.3,0.018,0.1725,0.0165,0.058,0.224,0.0155,0.042,0.7455,0.0218,0.018,0.1287,0.0146,0.069,0.0634,0.013,0.124,0.024,0.008,0.202,61834,2936,0.029,34397,1557,0.028,0.0861,0.023,0.162,0.0428,0.0131,0.186,0.6409,0.0189,0.018,0.4096,0.0262,0.039,13567,349,0.016,0.078,0.0188,0.147,1966,2,0.001,0.6545,0.0186,0.017,0.0144,0.0064,0.271,0.1095,0.0206,0.114,0.1518,0.0225,0.09,0.3284,0.0266,0.049,4108,349,0.052,8401,311,0.023,0.2608,0.0257,0.06,996,40,0.024,145900,4959,0.021,0.455,0.0796,0.106,0.2449,0.0629,0.156,0.167,0.0231,0.084,0.7598,0.0252,0.02,0.0558,0.0133,0.145,0.0152,0.0077,0.31,0.0,0.0013,,0.0643,0.0129,0.122,0.0795,0.0172,0.132
4200350784,2018,25464,37,0.001,9703,273,0.017,37.9,1.7,0.027,0.2052,0.0184,0.055,0.1376,0.0125,0.055,0.8619,0.0257,0.018,0.0441,0.0172,0.237,0.0505,0.0132,0.159,0.0121,0.0054,0.273,85938,5683,0.04,43563,2603,0.036,0.0474,0.0114,0.146,0.0419,0.0126,0.184,0.703,0.0206,0.018,0.5255,0.0295,0.034,10479,280,0.016,0.0741,0.0209,0.172,1975,2,0.001,0.6802,0.0269,0.024,0.023,0.0094,0.247,0.1562,0.0275,0.107,0.0491,0.015,0.186,0.2395,0.0245,0.062,2324,247,0.065,7379,288,0.024,0.1761,0.026,0.09,971,39,0.024,213300,9858,0.028,0.386,0.0916,0.144,0.1506,0.05,0.202,0.1186,0.0259,0.133,0.8028,0.0257,0.019,0.0335,0.017,0.308,0.0234,0.0083,0.217,0.0,0.0014,,0.0567,0.0153,0.164,0.0458,0.0165,0.219
4200351696,2018,32540,25,0.0,13683,316,0.014,44.3,0.7,0.01,0.2389,0.0155,0.039,0.2018,0.0139,0.042,0.9152,0.0138,0.009,0.011,0.0054,0.3,0.0381,0.0081,0.13,0.0195,0.0063,0.196,95151,6769,0.043,54836,2721,0.03,0.0525,0.0118,0.137,0.0316,0.0091,0.175,0.6349,0.0181,0.017,0.7114,0.0294,0.025,14558,356,0.015,0.0601,0.0146,0.148,1952,1,0.0,0.6558,0.0136,0.013,0.0434,0.0105,0.147,0.084,0.0146,0.106,0.1708,0.0161,0.057,0.2705,0.0212,0.048,3701,303,0.05,9982,290,0.018,0.1876,0.021,0.068,917,41,0.027,252500,9023,0.022,0.4215,0.0564,0.081,0.1943,0.0434,0.136,0.1659,0.0226,0.083,0.7037,0.0234,0.02,0.1057,0.0173,0.099,0.0261,0.0063,0.148,0.0019,0.0021,0.668,0.0717,0.0109,0.093,0.1121,0.0165,0.09
4200351744,2018,3340,21,0.004,1395,161,0.07,32.8,4.3,0.08,0.247,0.0616,0.152,0.0943,0.0256,0.165,0.4659,0.0883,0.115,0.347,0.0916,0.16,0.0347,0.0371,0.65,0.1021,0.0991,0.59,42588,12188,0.174,27274,11220,0.25,0.2894,0.0998,0.21,0.1135,0.0664,0.356,0.6309,0.0689,0.066,0.1243,0.056,0.274,1823,239,0.08,0.2348,0.0722,0.187,0,,,0.576,0.0447,0.047,0.2628,0.0798,0.185,0.0708,0.037,0.318,0.0335,0.0271,0.492,0.524,0.0755,0.088,731,135,0.112,664,130,0.119,0.5728,0.0957,0.102,761,91,0.073,57500,5383,0.057,0.4788,0.1578,0.2,0.3283,0.1317,0.244,0.1958,0.0754,0.234,0.5035,0.0802,0.097,0.2887,0.0677,0.142,0.0732,0.0466,0.387,0.0,0.007,,0.0098,0.0118,0.735,0.3878,0.103,0.161
4200352320,2018,11229,49,0.003,5246,283,0.033,44.7,4.3,0.058,0.196,0.0308,0.096,0.204,0.0249,0.074,0.8377,0.0397,0.029,0.1156,0.0387,0.204,0.0073,0.0086,0.719,0.0137,0.0101,0.446,46715,6399,0.083,28675,1886,0.04,0.1216,0.0379,0.189,0.0596,0.0188,0.192,0.6565,0.0337,0.031,0.2829,0.04,0.086,6112,330,0.033,0.1417,0.0315,0.135,1950,2,0.001,0.6206,0.0347,0.034,0.1052,0.0317,0.183,0.1353,0.0277,0.124,0.0713,0.0182,0.155,0.4108,0.0383,0.057,2155,232,0.065,3091,232,0.046,0.3737,0.0448,0.073,695,42,0.037,90400,5844,0.039,0.4622,0.0877,0.115,0.1889,0.0632,0.203,0.1741,0.0439,0.153,0.7099,0.0406,0.035,0.1021,0.0333,0.198,0.0346,0.0205,0.36,0.0,0.0029,,0.0518,0.0216,0.254,0.1615,0.0366,0.138
4200353136,2018,1035,72,0.042,600,31,0.031,47.6,3.2,0.041,0.1324,0.0348,0.16,0.2232,0.0385,0.105,0.8609,0.0373,0.026,0.0531,0.0404,0.462,0.0039,0.0058,0.911,0.0473,0.0414,0.532,39063,6923,0.108,29083,2878,0.06,0.1894,0.0587,0.189,0.0291,0.0186,0.388,0.628,0.0516,0.05,0.2118,0.0575,0.165,649,19,0.018,0.0755,0.0462,0.372,1950,3,0.001,0.5316,0.0532,0.061,0.4099,0.0566,0.084,0.0,0.0218,,0.0046,0.0172,2.265,0.5033,0.0596,0.072,302,39,0.079,298,33,0.067,0.5043,0.0656,0.079,768,38,0.03,86800,7523,0.053,0.4305,0.1124,0.159,0.3212,0.1082,0.205,0.2215,0.0905,0.248,0.7455,0.0598,0.049,0.0609,0.0551,0.55,0.0323,0.0194,0.365,0.0054,0.0089,1.011,0.0215,0.0141,0.4,0.2133,0.0617,0.176
4200354816,2018,4758,28,0.004,2155,137,0.039,38.2,4.2,0.067,0.273,0.0434,0.097,0.1644,0.0288,0.106,0.4651,0.0407,0.053,0.4367,0.05,0.07,0.004,0.0046,0.704,0.0181,0.0174,0.587,31406,2247,0.043,18941,2293,0.074,0.2999,0.086,0.174,0.0912,0.0359,0.24,0.5924,0.0526,0.054,0.1129,0.0286,0.154,2921,176,0.037,0.2622,0.0368,0.085,0,,,0.66,0.0387,0.036,0.1082,0.0289,0.162,0.0603,0.0267,0.269,0.0763,0.0203,0.162,0.5206,0.0618,0.072,1122,151,0.082,1033,120,0.071,0.4909,0.0656,0.081,561,81,0.088,37900,4641,0.074,0.5116,0.0937,0.111,0.3298,0.0783,0.144,0.182,0.0724,0.242,0.5806,0.0256,0.027,0.1857,0.0522,0.171,0.0352,0.022,0.38,0.0,0.0053,,0.0544,0.0319,0.356,0.2677,0.0546,0.124
4200355016,2018,14617,33,0.001,6264,263,0.026,38.3,1.6,0.025,0.2012,0.0257,0.078,0.1243,0.018,0.088,0.9169,0.0334,0.022,0.0181,0.0091,0.305,0.0248,0.0157,0.385,0.0183,0.0187,0.622,76204,7110,0.057,39843,2596,0.04,0.0962,0.0506,0.32,0.0311,0.0123,0.241,0.731,0.0316,0.026,0.3485,0.035,0.061,6699,306,0.028,0.0649,0.032,0.299,1988,2,0.001,0.522,0.0347,0.04,0.0072,0.007,0.592,0.1397,0.0275,0.119,0.0563,0.0184,0.199,0.2816,0.0334,0.072,1764,222,0.077,4500,271,0.037,0.2605,0.0429,0.1,1102,49,0.027,175200,14783,0.051,0.3662,0.1269,0.211,0.144,0.0964,0.407,0.17,0.0397,0.142,0.8639,0.0167,0.012,0.0088,0.0055,0.377,0.0034,0.0034,0.607,0.0,0.0019,,0.036,0.0127,0.214,0.0204,0.0098,0.291
4200355488,2018,10081,27,0.002,4749,266,0.034,45.9,1.9,0.025,0.1747,0.0311,0.108,0.2169,0.0296,0.083,0.7776,0.055,0.043,0.1489,0.0435,0.178,0.0018,0.0027,0.912,0.0438,0.0316,0.439,43750,6154,0.086,29497,3175,0.065,0.1027,0.0373,0.221,0.0793,0.0315,0.242,0.6079,0.0289,0.029,0.2159,0.0419,0.118,5485,326,0.036,0.1342,0.0397,0.18,1957,3,0.001,0.6861,0.0422,0.037,0.0448,0.0233,0.316,0.0698,0.0286,0.249,0.0974,0.0309,0.193,0.3228,0.049,0.092,1533,248,0.098,3216,306,0.058,0.2727,0.0609,0.136,756,50,0.04,79000,4105,0.032,0.441,0.1085,0.15,0.2322,0.0911,0.238,0.1707,0.0512,0.182,0.7747,0.062,0.049,0.066,0.0372,0.342,0.0131,0.012,0.557,0.0,0.0034,,0.0419,0.0194,0.281,0.1421,0.0332,0.142
4200355840,2018,1548,83,0.033,658,41,0.038,47.5,1.4,0.018,0.1789,0.03,0.102,0.2054,0.0252,0.075,0.9664,0.0249,0.016,0.0123,0.0116,0.575,0.0,0.0065,,0.0103,0.0103,0.607,65000,5642,0.053,31635,2146,0.041,0.0537,0.0308,0.349,0.0436,0.0233,0.325,0.6526,0.0397,0.037,0.2552,0.0413,0.098,684,33,0.029,0.038,0.0321,0.514,1957,4,0.001,0.7646,0.058,0.046,0.0453,0.0328,0.44,0.1155,0.0431,0.227,0.019,0.0314,1.004,0.2158,0.053,0.149,142,36,0.154,516,43,0.051,0.1641,0.0522,0.194,688,457,0.404,137300,7016,0.031,0.3662,0.1826,0.303,0.1761,0.1261,0.436,0.1066,0.0452,0.258,0.8321,0.0188,0.014,0.0401,0.021,0.318,0.0288,0.0173,0.365,0.0,0.0125,,0.0301,0.016,0.324,0.0729,0.0387,0.322
4200356088,2018,6450,31,0.003,3192,123,0.023,48.2,2.5,0.032,0.1447,0.0213,0.089,0.2597,0.0291,0.068,0.9412,0.0169,0.011,0.0098,0.0051,0.318,0.0191,0.013,0.415,0.0141,0.0074,0.321,64054,3839,0.036,45911,3947,0.052,0.0572,0.0173,0.184,0.0476,0.0203,0.259,0.6307,0.0246,0.024,0.5284,0.0402,0.046,3379,135,0.024,0.0553,0.0203,0.223,1956,3,0.001,0.4806,0.0374,0.047,0.1172,0.029,0.15,0.1284,0.0256,0.121,0.087,0.0239,0.167,0.4026,0.0387,0.058,1285,133,0.063,1907,140,0.045,0.3267,0.0403,0.075,853,43,0.031,191200,17025,0.054,0.3307,0.0793,0.146,0.1261,0.0481,0.232,0.2155,0.0458,0.129,0.7968,0.0466,0.036,0.0167,0.0112,0.408,0.0289,0.0133,0.28,0.0,0.0046,,0.0627,0.0241,0.234,0.0786,0.0242,0.187
4200356384,2018,8768,21,0.001,3649,97,0.016,48.9,1.8,0.022,0.2132,0.0265,0.076,0.2433,0.0245,0.061,0.8663,0.0304,0.021,0.0099,0.0074,0.454,0.0866,0.0285,0.2,0.0196,0.0105,0.325,88850,8356,0.057,49519,3322,0.041,0.0521,0.0209,0.243,0.028,0.012,0.261,0.6194,0.0243,0.024,0.6021,0.041,0.041,3976,112,0.017,0.0822,0.0276,0.204,1963,3,0.001,0.8219,0.0288,0.021,0.0075,0.0074,0.598,0.0138,0.0083,0.365,0.1187,0.0229,0.117,0.1943,0.0361,0.113,709,133,0.114,2940,127,0.026,0.1618,0.0409,0.154,1379,161,0.071,238800,14104,0.036,0.5049,0.1218,0.147,0.347,0.0973,0.17,0.184,0.0413,0.136,0.7842,0.0276,0.021,0.0228,0.0112,0.3,0.0092,0.0059,0.389,0.0,0.0035,,0.0925,0.0236,0.155,0.0589,0.0279,0.288
4200356392,2018,6308,19,0.002,2322,222,0.058,39.5,2.0,0.031,0.2589,0.0484,0.114,0.1454,0.031,0.129,0.8653,0.0695,0.049,0.0553,0.0593,0.651,0.043,0.0289,0.408,0.0155,0.0127,0.496,106250,11871,0.068,48345,6474,0.081,0.0491,0.0369,0.457,0.0348,0.0244,0.426,0.694,0.0579,0.051,0.6446,0.0844,0.08,2604,258,0.06,0.1083,0.0554,0.311,1999,3,0.001,0.6763,0.0515,0.046,0.0664,0.0392,0.359,0.0956,0.0521,0.331,0.0204,0.0187,0.557,0.2636,0.0678,0.156,612,168,0.167,1710,186,0.066,0.2141,0.0685,0.194,1316,74,0.034,334800,18634,0.034,0.415,0.1905,0.279,0.1275,0.114,0.544,0.1865,0.0646,0.211,0.8133,0.0466,0.035,0.0138,0.0104,0.46,0.0049,0.0079,0.971,0.0,0.0049,,0.047,0.0276,0.357,0.0065,0.0125,1.18
4200359032,2018,41519,34,0.0,18385,419,0.014,44.3,1.2,0.016,0.1904,0.0154,0.049,0.202,0.0138,0.042,0.5605,0.0199,0.022,0.3725,0.0212,0.035,0.0031,0.0021,0.416,0.0145,0.0062,0.259,54386,2017,0.023,31086,1894,0.037,0.0953,0.0176,0.112,0.0684,0.0127,0.113,0.6523,0.0145,0.014,0.3086,0.0238,0.047,20249,481,0.014,0.0921,0.0146,0.096,1958,2,0.001,0.8148,0.0184,0.014,0.0328,0.0098,0.181,0.038,0.0098,0.156,0.0496,0.0114,0.14,0.2476,0.023,0.056,4553,435,0.058,13832,513,0.023,0.23,0.0236,0.062,824,49,0.036,91700,2708,0.018,0.4434,0.0594,0.081,0.2218,0.0487,0.134,0.1972,0.0231,0.071,0.7398,0.0201,0.017,0.087,0.0145,0.101,0.0161,0.0059,0.221,0.0006,0.0011,1.029,0.0455,0.0097,0.13,0.0965,0.0168,0.106
4200359152,2018,747,52,0.042,487,26,0.032,37.5,2.1,0.034,0.1232,0.045,0.222,0.1406,0.0378,0.163,0.8635,0.0553,0.039,0.0857,0.0505,0.358,0.0013,0.0054,2.431,0.0,0.0134,,60966,6201,0.062,44802,5352,0.073,0.0857,0.0832,0.59,0.016,0.0141,0.538,0.8533,0.0514,0.037,0.5365,0.0676,0.077,513,19,0.023,0.0507,0.035,0.42,1973,1,0.0,0.0292,0.0253,0.526,0.0429,0.0357,0.507,0.2261,0.0591,0.159,0.0175,0.0238,0.824,0.1766,0.0546,0.188,86,27,0.191,401,36,0.055,0.1914,0.0629,0.2,1074,68,0.038,110100,2494,0.014,0.314,0.2442,0.473,0.0581,0.0552,0.577,0.187,0.0674,0.219,0.8312,0.0446,0.033,0.0327,0.0252,0.469,0.0,0.0181,,0.0054,0.0072,0.809,0.0635,0.045,0.431,0.0287,0.0189,0.399
4200360272,2018,12881,19,0.001,4459,159,0.022,40.1,2.6,0.039,0.2844,0.0392,0.084,0.0978,0.0229,0.143,0.9277,0.0315,0.021,0.0127,0.0201,0.96,0.0417,0.0214,0.312,0.0111,0.012,0.655,152461,19644,0.078,67357,5883,0.053,0.0238,0.0179,0.455,0.0362,0.0199,0.334,0.6797,0.0352,0.032,0.7738,0.0664,0.052,4611,180,0.024,0.033,0.0295,0.543,1998,3,0.001,0.7766,0.0412,0.032,0.0,0.0049,,0.0562,0.0348,0.377,0.0779,0.0414,0.323,0.1808,0.0364,0.123,806,165,0.124,3653,197,0.033,0.1228,0.0307,0.152,1445,166,0.07,389400,28429,0.044,0.1439,0.1154,0.487,0.0335,0.0542,0.983,0.147,0.0505,0.209,0.8059,0.0309,0.023,0.0256,0.0178,0.423,0.0122,0.0113,0.567,0.0,0.0025,,0.0611,0.0249,0.247,0.0101,0.0126,0.761
4200360712,2018,3230,17,0.003,1528,139,0.055,40.0,5.2,0.079,0.226,0.0604,0.162,0.1557,0.0362,0.141,0.6554,0.073,0.068,0.2034,0.0904,0.27,0.0325,0.0378,0.706,0.0706,0.0517,0.445,33769,4105,0.074,22157,4499,0.123,0.2115,0.0842,0.242,0.0836,0.042,0.305,0.6158,0.0456,0.045,0.1785,0.0544,0.185,1716,158,0.056,0.1096,0.0497,0.276,0,,,0.4848,0.0683,0.086,0.2797,0.0863,0.187,0.0734,0.0473,0.392,0.081,0.0372,0.279,0.5432,0.066,0.074,830,126,0.092,698,110,0.096,0.5551,0.0786,0.086,682,29,0.026,63700,10524,0.1,0.5602,0.1437,0.156,0.241,0.0944,0.238,0.149,0.0896,0.366,0.6791,0.0899,0.08,0.1305,0.068,0.317,0.0106,0.0119,0.685,0.0,0.0071,,0.0487,0.049,0.612,0.1787,0.0587,0.2
4200361328,2018,8184,27,0.002,3645,109,0.018,45.4,2.6,0.035,0.2008,0.0273,0.083,0.217,0.0271,0.076,0.9531,0.0223,0.014,0.0177,0.0122,0.419,0.0108,0.0137,0.774,0.0165,0.0119,0.437,73164,12789,0.106,38544,2652,0.042,0.0562,0.0274,0.296,0.0357,0.019,0.323,0.6632,0.0331,0.03,0.437,0.0444,0.062,3785,110,0.018,0.037,0.0256,0.421,1956,2,0.001,0.7802,0.0261,0.02,0.0367,0.0119,0.197,0.0391,0.0204,0.317,0.1332,0.0275,0.126,0.2233,0.0381,0.104,814,141,0.105,2831,153,0.033,0.1559,0.0343,0.134,898,46,0.031,158900,5390,0.021,0.4189,0.1431,0.208,0.2432,0.1049,0.262,0.1773,0.0494,0.169,0.7716,0.0464,0.037,0.0568,0.0201,0.215,0.0159,0.0108,0.413,0.0,0.0035,,0.0455,0.0162,0.216,0.059,0.0284,0.293
4200361536,2018,27304,26,0.001,11387,262,0.014,45.9,1.3,0.017,0.1939,0.0169,0.053,0.208,0.0162,0.047,0.9273,0.0161,0.011,0.032,0.0105,0.2,0.0014,0.0013,0.56,0.0126,0.0053,0.258,75326,3834,0.031,37155,1612,0.026,0.0434,0.0125,0.175,0.0386,0.0113,0.177,0.6622,0.0174,0.016,0.36,0.0263,0.044,11956,266,0.014,0.0476,0.019,0.242,1972,2,0.001,0.792,0.0174,0.013,0.0258,0.0114,0.27,0.0457,0.0136,0.181,0.0354,0.0119,0.205,0.1886,0.0234,0.075,2148,271,0.077,9239,300,0.02,0.1418,0.0208,0.089,904,51,0.034,149300,3799,0.015,0.324,0.0716,0.134,0.0926,0.0398,0.261,0.1472,0.0266,0.11,0.8522,0.013,0.009,0.0189,0.0082,0.264,0.0048,0.0036,0.458,0.0022,0.0025,0.686,0.0532,0.0135,0.154,0.0334,0.0097,0.176
4200362320,2018,3724,18,0.003,1793,107,0.036,43.8,4.6,0.064,0.1893,0.042,0.135,0.2154,0.0376,0.106,0.9229,0.0319,0.021,0.0204,0.0185,0.552,0.0175,0.0226,0.786,0.0191,0.0209,0.668,52520,6474,0.075,28674,3003,0.064,0.0945,0.0422,0.271,0.0542,0.0365,0.41,0.6533,0.0512,0.048,0.1525,0.0505,0.201,2000,118,0.036,0.1035,0.0461,0.271,1952,2,0.001,0.8865,0.0324,0.022,0.024,0.0186,0.472,0.046,0.0325,0.429,0.0225,0.0271,0.731,0.2655,0.073,0.167,476,134,0.171,1317,130,0.06,0.2172,0.0784,0.219,692,163,0.143,70200,3625,0.031,0.3529,0.1208,0.208,0.1996,0.1128,0.344,0.1116,0.0543,0.296,0.8066,0.0599,0.045,0.0376,0.0207,0.334,0.0,0.0054,,0.0,0.0054,,0.0247,0.0219,0.539,0.1428,0.0526,0.224
4200363408,2018,2100,262,0.076,899,78,0.053,34.8,2.6,0.045,0.2576,0.0532,0.126,0.079,0.0266,0.205,0.1552,0.0265,0.104,0.791,0.0809,0.062,0.0,0.0048,,0.0167,0.0256,0.935,32321,8296,0.156,17153,2723,0.097,0.2849,0.0835,0.178,0.1188,0.0629,0.322,0.7238,0.0812,0.068,0.1736,0.0626,0.219,1080,43,0.024,0.1676,0.0617,0.224,1947,6,0.002,0.4139,0.0665,0.098,0.1259,0.0451,0.218,0.2241,0.0746,0.202,0.038,0.0284,0.454,0.6963,0.0683,0.06,626,82,0.08,273,65,0.145,0.6923,0.1097,0.096,525,112,0.13,45500,4910,0.066,0.4169,0.1181,0.172,0.1502,0.0774,0.313,0.2454,0.1514,0.375,0.4651,0.0991,0.13,0.3398,0.0975,0.174,0.0144,0.0151,0.639,0.0,0.0103,,0.0554,0.0383,0.42,0.3404,0.0816,0.146
4200364240,2018,3272,29,0.005,1436,60,0.025,48.4,2.5,0.031,0.1531,0.0303,0.12,0.1901,0.0255,0.082,0.9875,0.0098,0.006,0.0098,0.0089,0.551,0.0,0.0031,,0.0028,0.0058,1.283,62054,6483,0.064,31689,2276,0.044,0.0394,0.0151,0.233,0.026,0.015,0.35,0.7035,0.0278,0.024,0.2338,0.0428,0.111,1557,62,0.024,0.0777,0.0307,0.24,1954,2,0.001,0.8433,0.0414,0.03,0.036,0.0218,0.369,0.0154,0.0132,0.521,0.0,0.0091,,0.1623,0.0412,0.154,233,60,0.157,1203,66,0.033,0.1635,0.0489,0.182,954,120,0.076,123900,6325,0.031,0.3047,0.1619,0.323,0.2275,0.1383,0.37,0.1704,0.0454,0.162,0.779,0.0304,0.024,0.0389,0.0227,0.355,0.0114,0.0093,0.497,0.0,0.0052,,0.0244,0.014,0.348,0.0585,0.0262,0.272
4200364528,2018,11477,25,0.001,4346,154,0.022,42.6,1.8,0.026,0.2579,0.0316,0.074,0.1675,0.0233,0.085,0.952,0.0231,0.015,0.0095,0.0102,0.653,0.0135,0.0133,0.6,0.0233,0.0148,0.387,101364,11414,0.068,45035,2739,0.037,0.0426,0.0207,0.295,0.028,0.0137,0.297,0.678,0.0275,0.025,0.5535,0.0547,0.06,4586,180,0.024,0.0523,0.0313,0.364,1978,4,0.001,0.7706,0.0203,0.016,0.0076,0.0129,1.028,0.0421,0.0214,0.309,0.089,0.0235,0.161,0.162,0.0375,0.141,704,165,0.142,3642,165,0.028,0.097,0.0262,0.164,2063,998,0.294,258000,9707,0.023,0.581,0.1549,0.162,0.3565,0.1337,0.228,0.1683,0.0438,0.158,0.8531,0.0353,0.025,0.0113,0.0118,0.636,0.0,0.0028,,0.0023,0.0037,0.982,0.0549,0.0195,0.216,0.0805,0.0264,0.199
4200365352,2018,13650,36,0.002,5864,242,0.025,43.6,2.3,0.032,0.1621,0.0219,0.082,0.1819,0.0229,0.077,0.9228,0.0221,0.015,0.0294,0.0155,0.321,0.0229,0.0108,0.286,0.0157,0.0133,0.517,85017,5004,0.036,44145,2394,0.033,0.0598,0.0189,0.192,0.0243,0.0137,0.343,0.6582,0.0295,0.027,0.4694,0.0399,0.052,6288,286,0.028,0.0674,0.0307,0.277,1984,3,0.001,0.626,0.03,0.029,0.0301,0.0143,0.289,0.1069,0.0265,0.151,0.0879,0.0304,0.21,0.2502,0.033,0.08,1467,203,0.084,4397,275,0.038,0.192,0.0308,0.098,1210,89,0.045,195900,11677,0.036,0.2434,0.0739,0.185,0.1084,0.0439,0.246,0.1813,0.0421,0.141,0.8235,0.0281,0.021,0.0336,0.0119,0.215,0.0135,0.0071,0.318,0.0005,0.0012,1.367,0.0722,0.0251,0.211,0.0319,0.0127,0.243
4200366264,2018,30728,27,0.001,13967,354,0.015,45.0,1.1,0.015,0.1732,0.0144,0.051,0.2203,0.0146,0.04,0.9019,0.0163,0.011,0.0325,0.0114,0.213,0.0379,0.0107,0.172,0.013,0.0045,0.211,71250,2284,0.019,39911,1796,0.027,0.0479,0.0124,0.157,0.0356,0.0092,0.156,0.6671,0.0187,0.017,0.4801,0.0242,0.031,14776,364,0.015,0.0548,0.0151,0.168,1963,2,0.001,0.676,0.0174,0.016,0.0213,0.0073,0.209,0.0786,0.0117,0.09,0.1094,0.0156,0.087,0.248,0.0165,0.041,3464,247,0.043,10503,329,0.019,0.1912,0.0173,0.055,911,45,0.03,170100,2880,0.01,0.3724,0.0658,0.107,0.1602,0.0448,0.17,0.1775,0.0242,0.083,0.7451,0.0193,0.016,0.0555,0.011,0.12,0.009,0.0036,0.243,0.0015,0.0017,0.681,0.0696,0.0144,0.126,0.0601,0.0145,0.147
4200366320,2018,436,34,0.047,185,16,0.053,50.8,2.4,0.029,0.2041,0.0373,0.111,0.2454,0.0325,0.081,0.9633,0.0093,0.006,0.0069,0.0069,0.606,0.0092,0.0068,0.453,0.0161,0.0137,0.519,130417,21279,0.099,71849,6816,0.058,0.0138,0.0102,0.451,0.0253,0.0294,0.706,0.6547,0.064,0.059,0.762,0.0614,0.049,191,16,0.051,0.0314,0.0366,0.707,1940,4,0.001,0.9895,0.0324,0.02,0.0,0.074,,0.0,0.074,,0.0,0.074,,0.0378,0.0268,0.431,7,5,0.434,178,15,0.051,0.039,0.025,0.39,1750,1033,0.359,332100,14672,0.027,0.1429,2.4887,10.59,0.0,1.4286,,0.1966,0.068,0.21,0.793,0.1294,0.099,0.0088,0.022,1.518,0.0441,0.0349,0.482,0.0,0.0441,,0.1101,0.047,0.26,0.0162,0.0564,2.115
4200368388,2018,16720,49,0.002,7776,237,0.019,44.6,2.2,0.03,0.1591,0.0182,0.07,0.2383,0.0187,0.048,0.8333,0.0245,0.018,0.0203,0.0095,0.285,0.0824,0.0193,0.142,0.0217,0.0096,0.27,69069,2537,0.022,38021,1781,0.028,0.0651,0.0187,0.174,0.0328,0.0124,0.229,0.6265,0.0204,0.02,0.4504,0.0346,0.047,8282,256,0.019,0.0611,0.0204,0.203,1960,2,0.001,0.5746,0.0218,0.023,0.0369,0.0113,0.186,0.1322,0.0273,0.125,0.1517,0.0206,0.083,0.3544,0.0318,0.055,2756,261,0.058,5020,267,0.032,0.3263,0.0322,0.06,981,53,0.033,159000,4209,0.016,0.2827,0.0564,0.121,0.1201,0.0352,0.178,0.1775,0.0331,0.113,0.7356,0.0368,0.03,0.1072,0.0213,0.121,0.0166,0.0073,0.266,0.0,0.0019,,0.0522,0.0155,0.18,0.0615,0.0157,0.155
4200369376,2018,3838,27,0.004,1738,120,0.042,40.3,6.6,0.1,0.2457,0.0423,0.105,0.1787,0.0361,0.123,0.8009,0.0594,0.045,0.1084,0.0552,0.31,0.036,0.0315,0.533,0.0224,0.0167,0.452,72727,16634,0.139,61089,10303,0.103,0.0727,0.0417,0.348,0.0344,0.0261,0.461,0.6507,0.0386,0.036,0.6524,0.0854,0.08,1971,163,0.05,0.1182,0.0534,0.275,0,,,0.5515,0.0708,0.078,0.1167,0.0483,0.252,0.1634,0.0452,0.168,0.0999,0.0332,0.202,0.3792,0.0633,0.101,659,119,0.11,1079,129,0.073,0.3079,0.0616,0.122,867,70,0.049,326000,46429,0.087,0.3399,0.1308,0.234,0.1897,0.1212,0.388,0.2892,0.0833,0.175,0.71,0.0329,0.028,0.0541,0.0397,0.446,0.0868,0.0404,0.283,0.0,0.0055,,0.0612,0.0324,0.322,0.1018,0.047,0.281
4200369400,2018,770,81,0.064,288,35,0.074,50.6,2.9,0.035,0.2506,0.0556,0.135,0.2117,0.0277,0.079,0.9286,0.0142,0.009,0.0026,0.0039,0.91,0.0455,0.0229,0.306,0.0039,0.0052,0.808,213571,61216,0.174,155822,22054,0.086,0.0377,0.0226,0.365,0.0319,0.0181,0.344,0.6184,0.0632,0.062,0.7135,0.0572,0.049,364,33,0.055,0.2088,0.066,0.192,1961,6,0.002,0.9863,0.1254,0.077,0.0,0.0389,,0.0,0.0389,,0.0,0.0389,,0.1215,0.0607,0.304,35,18,0.313,253,33,0.079,0.0896,0.0324,0.22,1363,725,0.323,996300,161853,0.099,0.4571,0.537,0.714,0.2,0.0991,0.301,0.2767,0.0811,0.178,0.8187,0.072,0.053,0.0,0.0275,,0.011,0.0136,0.755,0.0,0.0275,,0.1236,0.0462,0.227,0.0382,0.0437,0.695
4200369416,2018,701,77,0.067,259,40,0.094,46.5,4.2,0.055,0.2382,0.0543,0.138,0.1669,0.0348,0.127,0.8274,0.069,0.051,0.0499,0.0511,0.622,0.1113,0.0469,0.256,0.0114,0.0085,0.451,154688,13603,0.053,75722,10717,0.086,0.0071,0.0159,1.358,0.0157,0.0156,0.602,0.6965,0.0606,0.053,0.6508,0.08,0.075,271,39,0.087,0.0443,0.0438,0.602,1985,3,0.001,0.9188,0.0467,0.031,0.0,0.0522,,0.0332,0.052,0.951,0.0185,0.0412,1.356,0.0618,0.0374,0.368,16,10,0.38,243,37,0.093,0.0257,0.0154,0.365,542,338,0.379,473100,132738,0.171,0.3125,1.1097,2.159,0.3125,0.2439,0.475,0.1687,0.0754,0.272,0.8567,0.0492,0.035,0.0303,0.0328,0.657,0.0083,0.011,0.806,0.0,0.0275,,0.0386,0.0213,0.336,0.027,0.0221,0.498
4200369584,2018,28324,43,0.001,12425,262,0.013,47.0,1.0,0.013,0.172,0.0162,0.057,0.2163,0.0172,0.048,0.9543,0.0122,0.008,0.0105,0.0084,0.489,0.0054,0.0048,0.541,0.0101,0.0077,0.467,72616,3474,0.029,39706,2501,0.038,0.0527,0.0139,0.16,0.0482,0.0116,0.146,0.6832,0.0185,0.016,0.3648,0.0272,0.045,13004,290,0.014,0.0445,0.0179,0.244,1960,2,0.001,0.8552,0.0128,0.009,0.0344,0.0111,0.196,0.0246,0.0091,0.225,0.0221,0.0082,0.226,0.1305,0.0216,0.101,1621,271,0.102,10804,340,0.019,0.1052,0.0185,0.107,916,61,0.04,165300,3688,0.014,0.3498,0.092,0.16,0.1524,0.0747,0.298,0.1605,0.0252,0.095,0.8143,0.0252,0.019,0.0285,0.0095,0.202,0.0068,0.0041,0.364,0.0024,0.0026,0.657,0.0466,0.0119,0.155,0.0324,0.0125,0.235
4200369776,2018,3374,27,0.005,1590,154,0.059,42.2,7.3,0.105,0.1645,0.0428,0.158,0.1236,0.0302,0.149,0.8761,0.0502,0.035,0.0682,0.0427,0.381,0.0187,0.019,0.618,0.0193,0.0264,0.832,37182,5726,0.094,23910,4056,0.103,0.1927,0.0572,0.181,0.1128,0.0582,0.314,0.6354,0.0571,0.055,0.2218,0.063,0.173,1845,171,0.056,0.1382,0.0604,0.266,0,,,0.3675,0.0548,0.091,0.207,0.0716,0.21,0.0775,0.0456,0.358,0.0911,0.0286,0.191,0.5679,0.0828,0.089,903,158,0.106,687,127,0.112,0.5094,0.0953,0.114,762,88,0.07,76500,7541,0.06,0.4241,0.0996,0.143,0.2602,0.0887,0.207,0.1499,0.0762,0.309,0.6545,0.0939,0.087,0.0796,0.0443,0.338,0.0764,0.056,0.445,0.0057,0.0094,1.01,0.012,0.0119,0.603,0.234,0.0754,0.196
4200372160,2018,15503,22,0.001,6079,198,0.02,40.8,1.1,0.016,0.2551,0.0269,0.064,0.1684,0.0208,0.075,0.8965,0.0154,0.01,0.0125,0.0089,0.432,0.0736,0.0124,0.102,0.0098,0.0075,0.464,83267,4557,0.033,43067,3454,0.049,0.0421,0.0153,0.221,0.0185,0.0112,0.368,0.6916,0.027,0.024,0.5051,0.0455,0.055,6538,250,0.023,0.0702,0.0294,0.255,1988,3,0.001,0.6136,0.03,0.03,0.0291,0.0159,0.332,0.0756,0.0231,0.186,0.0457,0.0163,0.216,0.2081,0.0307,0.09,1265,191,0.092,4814,255,0.032,0.1372,0.0228,0.101,932,76,0.05,237200,16944,0.043,0.4458,0.1258,0.171,0.2119,0.0935,0.268,0.1865,0.0403,0.131,0.8449,0.0262,0.019,0.0197,0.012,0.371,0.003,0.0045,0.911,0.0,0.002,,0.0728,0.0212,0.177,0.0638,0.025,0.238
4200372400,2018,13363,23,0.001,5549,173,0.019,45.6,1.3,0.017,0.1959,0.0225,0.07,0.189,0.0211,0.068,0.8953,0.0304,0.021,0.0312,0.0193,0.376,0.0289,0.0173,0.364,0.0244,0.0159,0.397,72274,4432,0.037,34661,1538,0.027,0.0591,0.0189,0.194,0.0483,0.0192,0.242,0.6967,0.0237,0.021,0.3667,0.0345,0.057,5850,178,0.018,0.0515,0.0218,0.258,1972,2,0.001,0.7632,0.0267,0.021,0.0292,0.0173,0.36,0.0668,0.0214,0.195,0.072,0.0269,0.227,0.2038,0.0327,0.098,1131,185,0.099,4418,216,0.03,0.1755,0.0341,0.118,964,43,0.027,162800,4816,0.018,0.3378,0.1151,0.207,0.1176,0.0772,0.399,0.1709,0.0336,0.12,0.7816,0.0316,0.025,0.0671,0.0163,0.148,0.0126,0.0073,0.353,0.0,0.0022,,0.0432,0.0172,0.242,0.0465,0.0206,0.27
4200372568,2018,406,100,0.15,158,34,0.131,44.5,12.2,0.167,0.2611,0.0656,0.153,0.1946,0.0332,0.104,0.8424,0.2913,0.21,0.0567,0.095,1.02,0.0419,0.0507,0.736,0.0567,0.0549,0.589,50208,10527,0.127,23398,4855,0.126,0.1182,0.0797,0.41,0.0811,0.1002,0.752,0.5929,0.095,0.097,0.1667,0.079,0.288,162,35,0.131,0.0247,0.0429,1.056,1954,3,0.001,0.9383,0.283,0.183,0.0309,0.0828,1.63,0.0,0.0873,,0.0,0.0873,,0.1646,0.1016,0.375,26,17,0.397,132,31,0.143,0.1749,0.1232,0.428,814,389,0.291,84000,26858,0.194,0.0769,0.6742,5.328,0.0769,0.1038,0.821,0.2348,0.1323,0.342,0.8876,0.1026,0.07,0.0237,0.0288,0.74,0.0059,0.0177,1.816,0.0,0.0592,,0.0237,0.0288,0.74,0.019,0.0706,2.262
4200372960,2018,3353,21,0.004,1586,53,0.02,44.8,3.5,0.047,0.181,0.0275,0.092,0.1915,0.0298,0.095,0.9654,0.0194,0.012,0.0033,0.0036,0.663,0.0024,0.0036,0.912,0.0137,0.0155,0.687,55104,4434,0.049,30848,3849,0.076,0.113,0.0373,0.201,0.0688,0.0286,0.252,0.6663,0.0332,0.03,0.2348,0.0433,0.112,1738,75,0.026,0.0875,0.0361,0.251,1948,4,0.001,0.6617,0.0308,0.028,0.164,0.0498,0.185,0.0253,0.02,0.48,0.0552,0.025,0.275,0.3525,0.0458,0.079,559,75,0.082,1027,71,0.042,0.2745,0.0442,0.098,686,122,0.108,97200,5275,0.033,0.3345,0.1063,0.193,0.1413,0.0911,0.392,0.1607,0.057,0.216,0.7918,0.0391,0.03,0.0497,0.0194,0.237,0.0231,0.0167,0.439,0.0,0.0058,,0.0451,0.0224,0.302,0.0927,0.0338,0.221
4200372968,2018,1567,91,0.035,838,33,0.024,55.5,3.8,0.042,0.1008,0.0301,0.182,0.3044,0.0434,0.087,0.9885,0.0088,0.005,0.0,0.0064,,0.0032,0.0045,0.85,0.0057,0.0089,0.945,50391,4122,0.05,35719,4941,0.084,0.0949,0.0433,0.278,0.0347,0.0245,0.428,0.5687,0.0556,0.059,0.1908,0.0391,0.125,860,24,0.017,0.0256,0.0326,0.774,1960,4,0.001,0.6186,0.0531,0.052,0.1151,0.0526,0.278,0.0128,0.0173,0.821,0.0,0.0164,,0.1969,0.0628,0.194,165,53,0.195,673,55,0.05,0.1972,0.0686,0.212,700,92,0.08,107900,9000,0.051,0.2788,0.1075,0.234,0.1758,0.1004,0.347,0.2184,0.0572,0.159,0.8758,0.0447,0.031,0.0066,0.0066,0.603,0.0185,0.0157,0.516,0.0,0.0132,,0.0317,0.0234,0.45,0.0585,0.0307,0.319
4200374648,2018,6260,40,0.004,2629,179,0.041,42.9,4.4,0.062,0.2192,0.0443,0.123,0.1688,0.0266,0.096,0.7006,0.0645,0.056,0.2169,0.065,0.182,0.0064,0.0072,0.684,0.0008,0.0014,1.094,39307,4085,0.063,24112,4105,0.103,0.2102,0.0711,0.205,0.1079,0.0538,0.303,0.5889,0.041,0.042,0.165,0.0426,0.157,3144,203,0.039,0.1638,0.0403,0.15,1950,6,0.002,0.659,0.0494,0.046,0.1212,0.0519,0.26,0.034,0.0208,0.371,0.0277,0.019,0.417,0.4287,0.0594,0.084,1127,174,0.094,1502,173,0.07,0.4814,0.0667,0.084,751,64,0.052,79200,5488,0.042,0.4348,0.14,0.196,0.315,0.1315,0.254,0.1684,0.0546,0.197,0.728,0.0401,0.034,0.1099,0.0396,0.219,0.051,0.0266,0.316,0.0031,0.0051,0.986,0.0196,0.0152,0.47,0.2769,0.0697,0.153
4200375816,2018,8808,25,0.002,4454,174,0.024,39.9,2.3,0.035,0.1757,0.0302,0.104,0.1365,0.0192,0.085,0.5738,0.04,0.042,0.3592,0.0446,0.075,0.0163,0.0093,0.346,0.0166,0.0079,0.291,44315,5195,0.071,29365,1832,0.038,0.1538,0.0441,0.174,0.068,0.0218,0.195,0.6859,0.0296,0.026,0.4009,0.0409,0.062,5197,198,0.023,0.143,0.034,0.145,1941,4,0.001,0.4832,0.043,0.054,0.2005,0.0414,0.125,0.1437,0.0335,0.142,0.0475,0.0131,0.168,0.5141,0.0446,0.053,2290,218,0.058,2164,166,0.047,0.4755,0.046,0.059,817,27,0.02,97500,11653,0.073,0.5236,0.0877,0.102,0.2376,0.0661,0.169,0.1677,0.0477,0.173,0.5739,0.0403,0.043,0.261,0.036,0.084,0.0397,0.0193,0.295,0.0041,0.004,0.607,0.0476,0.0201,0.257,0.2117,0.0401,0.115
4200376104,2018,4441,30,0.004,2143,197,0.056,37.9,9.9,0.159,0.2227,0.0511,0.139,0.1403,0.0342,0.148,0.8115,0.061,0.046,0.1056,0.0189,0.109,0.0,0.0023,,0.0164,0.02,0.741,31604,4756,0.091,20795,2613,0.076,0.2333,0.0933,0.243,0.097,0.0447,0.28,0.6201,0.0635,0.062,0.1477,0.0545,0.224,2452,223,0.055,0.126,0.0588,0.284,1943,7,0.002,0.5151,0.0873,0.103,0.2631,0.089,0.206,0.0975,0.079,0.493,0.0975,0.0635,0.396,0.5483,0.0813,0.09,1175,205,0.106,968,227,0.143,0.5234,0.101,0.117,619,48,0.047,61400,4140,0.041,0.2749,0.0991,0.219,0.166,0.0773,0.283,0.0888,0.0602,0.412,0.7757,0.0755,0.059,0.0587,0.0601,0.623,0.0306,0.0303,0.601,0.0,0.0052,,0.0202,0.0242,0.727,0.1605,0.0914,0.346
4200376560,2018,454,36,0.048,182,15,0.05,50.0,3.9,0.047,0.1894,0.0307,0.099,0.2291,0.0307,0.081,0.9317,0.0344,0.022,0.0,0.022,,0.0198,0.0109,0.334,0.0066,0.0066,0.606,158750,19605,0.075,78901,10025,0.077,0.0419,0.0511,0.743,0.0433,0.019,0.266,0.6684,0.0607,0.055,0.7147,0.0604,0.051,195,16,0.05,0.0667,0.0613,0.559,1955,3,0.001,0.9692,0.0202,0.013,0.0,0.0725,,0.0,0.0725,,0.0,0.0725,,0.0,0.0549,,0,10,,182,15,0.05,0.0,0.022,,,,,314100,17552,0.034,,,,,,,0.1648,0.1013,0.374,0.8133,0.0344,0.026,0.0332,0.0204,0.373,0.0166,0.0165,0.603,0.0,0.0415,,0.0705,0.0364,0.313,0.0,0.0777,
4200377272,2018,48,56,0.709,24,25,0.633,57.5,24.3,0.257,0.0,0.5893,,0.2708,0.7309,1.641,1.0,0.0,0.0,0.0,0.2083,,0.0,0.2083,,0.0,0.2083,,,,,6748,701,0.063,1.0,0.2083,0.127,,,,0.0,0.2083,,0.2708,0.4325,0.971,24,25,0.633,0.0,0.4167,,,,,0.0,0.4167,,0.4583,0.6246,0.828,0.0,0.5893,,0.5417,0.6943,0.779,1.0,0.0,0.0,24,25,0.633,0,10,,1.0,0.0,0.0,,,,,,,0.4583,0.8587,1.139,0.0,0.4167,,,,,,,,,,,,,,,,,,,,0.4583,0.6246,0.828
4200377912,2018,5244,17,0.002,2445,224,0.056,42.3,2.6,0.037,0.2521,0.0647,0.156,0.2027,0.0414,0.124,0.6804,0.0904,0.081,0.2439,0.0932,0.232,0.0,0.0029,,0.0208,0.0214,0.625,30643,7330,0.145,19317,2483,0.078,0.2876,0.1063,0.225,0.0673,0.0386,0.349,0.6088,0.0563,0.056,0.1835,0.063,0.209,2848,285,0.061,0.1415,0.0515,0.221,1942,3,0.001,0.5699,0.0587,0.063,0.1176,0.0416,0.215,0.0962,0.0602,0.38,0.0197,0.0159,0.491,0.6196,0.086,0.084,1515,252,0.101,930,178,0.116,0.5796,0.0889,0.093,519,119,0.139,55200,2148,0.024,0.3677,0.1359,0.225,0.1795,0.0847,0.287,0.2968,0.1421,0.291,0.7806,0.0858,0.067,0.0389,0.0348,0.544,0.0059,0.0093,0.953,0.0,0.0063,,0.0672,0.0544,0.492,0.1869,0.0571,0.186
4200379274,2018,19592,28,0.001,7087,179,0.015,43.5,1.0,0.014,0.2719,0.019,0.042,0.1772,0.0145,0.05,0.8842,0.0124,0.009,0.0028,0.0022,0.484,0.079,0.0105,0.081,0.0161,0.0056,0.212,125305,5931,0.029,60614,3504,0.035,0.0236,0.0081,0.208,0.0331,0.0099,0.181,0.6253,0.0178,0.017,0.6908,0.0318,0.028,7310,173,0.014,0.0305,0.012,0.239,1969,1,0.0,0.9066,0.0118,0.008,0.0,0.0031,,0.0067,0.0042,0.378,0.0446,0.012,0.163,0.0964,0.0219,0.138,683,156,0.139,6404,232,0.022,0.0797,0.0222,0.169,1823,188,0.063,289600,7213,0.015,0.4714,0.1192,0.154,0.3104,0.1093,0.214,0.1918,0.0278,0.088,0.7598,0.027,0.022,0.0714,0.0141,0.12,0.0106,0.0069,0.396,0.0,0.0018,,0.0979,0.0166,0.103,0.038,0.0143,0.229
4200380032,2018,2736,158,0.035,1239,55,0.027,43.6,2.6,0.036,0.1985,0.036,0.11,0.1966,0.0384,0.119,0.8322,0.0486,0.035,0.1239,0.0595,0.292,0.0,0.0037,,0.0205,0.0149,0.444,41947,5281,0.077,25315,2721,0.065,0.205,0.0679,0.201,0.0675,0.0303,0.273,0.6441,0.0502,0.047,0.2116,0.0441,0.127,1336,27,0.012,0.0726,0.0351,0.294,0,,,0.6228,0.0616,0.06,0.2201,0.0601,0.166,0.0614,0.0278,0.276,0.0546,0.0294,0.327,0.5012,0.0554,0.067,621,74,0.072,618,68,0.067,0.4211,0.0574,0.083,670,74,0.067,79200,7050,0.054,0.5556,0.1364,0.149,0.3317,0.1141,0.209,0.1359,0.0644,0.288,0.7033,0.0497,0.043,0.0686,0.0474,0.42,0.0376,0.0233,0.376,0.0037,0.0059,0.97,0.0443,0.0276,0.379,0.1864,0.0513,0.167
4200380040,2018,1631,88,0.033,802,41,0.031,48.1,3.4,0.043,0.1355,0.0334,0.15,0.2275,0.0337,0.09,0.9326,0.035,0.023,0.0386,0.0238,0.375,0.0,0.0061,,0.0116,0.0122,0.639,34397,4155,0.073,26205,2498,0.058,0.1266,0.0473,0.227,0.0993,0.0404,0.247,0.578,0.0308,0.032,0.1112,0.0314,0.171,886,24,0.016,0.0948,0.0417,0.267,1952,4,0.001,0.6343,0.0478,0.046,0.0869,0.0381,0.267,0.2133,0.0426,0.121,0.0497,0.0263,0.322,0.495,0.061,0.075,397,53,0.081,405,47,0.071,0.4034,0.0606,0.091,730,50,0.042,66500,2704,0.025,0.602,0.1102,0.111,0.2267,0.0855,0.229,0.084,0.0441,0.319,0.8205,0.0613,0.045,0.0288,0.0232,0.49,0.0151,0.0137,0.551,0.0,0.0137,,0.0342,0.03,0.533,0.1608,0.0524,0.198
4200380600,2018,667,181,0.165,264,49,0.113,35.3,11.5,0.198,0.2069,0.0447,0.131,0.1619,0.0281,0.106,0.8786,0.0812,0.056,0.0675,0.0911,0.821,0.003,0.0075,1.511,0.0375,0.0515,0.835,42500,8578,0.123,24174,6999,0.176,0.1439,0.1049,0.443,0.0907,0.0684,0.459,0.6453,0.0932,0.088,0.0985,0.0595,0.367,353,59,0.102,0.2521,0.0897,0.216,0,,,0.8244,0.0895,0.066,0.085,0.0585,0.419,0.034,0.0417,0.746,0.0057,0.0305,3.272,0.4053,0.1137,0.171,107,36,0.205,157,39,0.151,0.3718,0.1189,0.194,708,206,0.177,44700,5626,0.077,0.243,0.1488,0.372,0.1215,0.1341,0.671,0.2484,0.11,0.269,0.8714,0.0683,0.048,0.0257,0.0443,1.046,0.0,0.0322,,0.0161,0.0318,1.201,0.0161,0.0186,0.704,0.053,0.0518,0.594
4200382800,2018,11929,17,0.001,5216,197,0.023,48.2,1.1,0.014,0.1816,0.0278,0.093,0.2187,0.03,0.083,0.9718,0.0138,0.009,0.0054,0.0054,0.617,0.0032,0.005,0.96,0.0065,0.0051,0.482,64877,6945,0.065,34911,2470,0.043,0.0496,0.023,0.282,0.0479,0.0219,0.279,0.6441,0.0298,0.028,0.2947,0.0471,0.097,5516,217,0.024,0.0544,0.0304,0.34,1969,4,0.001,0.8203,0.0385,0.029,0.0343,0.0183,0.324,0.0076,0.0104,0.829,0.0225,0.0219,0.593,0.1515,0.046,0.185,790,242,0.186,4426,235,0.032,0.1245,0.0391,0.191,767,47,0.037,156800,9564,0.037,0.3354,0.1802,0.327,0.1443,0.1159,0.488,0.2063,0.0514,0.152,0.8673,0.0416,0.029,0.0055,0.0065,0.718,0.0023,0.004,1.042,0.0,0.0027,,0.0589,0.0239,0.246,0.0257,0.015,0.354
4200382848,2018,501,180,0.218,162,42,0.158,30.6,8.3,0.165,0.3713,0.0665,0.109,0.0958,0.0234,0.149,0.9441,0.0746,0.048,0.006,0.0118,1.196,0.0,0.02,,0.0499,0.0529,0.645,39583,11996,0.184,19421,8670,0.271,0.2076,0.0994,0.291,0.1886,0.1137,0.366,0.6847,0.0747,0.066,0.0515,0.0644,0.759,214,50,0.142,0.243,0.123,0.308,1946,5,0.002,0.6495,0.1169,0.109,0.1168,0.0825,0.429,0.0,0.0661,,0.0093,0.0487,3.17,0.3457,0.1621,0.285,56,30,0.326,106,33,0.189,0.4291,0.2728,0.386,729,33,0.028,62000,17634,0.173,0.3571,0.2006,0.341,0.1964,0.1443,0.446,0.1321,0.1995,0.918,0.6889,0.222,0.196,0.1056,0.0808,0.466,0.05,0.0468,0.569,0.0,0.0556,,0.0333,0.0312,0.569,0.1049,0.0547,0.317
4200383200,2018,1778,149,0.051,833,65,0.047,46.8,4.1,0.053,0.1856,0.0404,0.132,0.2075,0.0363,0.106,0.82,0.0681,0.05,0.1204,0.0513,0.259,0.0,0.0056,,0.0118,0.018,0.925,52917,9867,0.113,31028,3228,0.063,0.1612,0.0705,0.266,0.0702,0.0414,0.358,0.6852,0.0382,0.034,0.2965,0.0574,0.118,956,58,0.037,0.1287,0.0538,0.254,1955,2,0.001,0.8107,0.0528,0.04,0.1339,0.0536,0.243,0.0397,0.0298,0.456,0.0,0.0148,,0.2521,0.068,0.164,210,59,0.171,623,62,0.06,0.2278,0.0758,0.202,867,86,0.06,109300,6524,0.036,0.5905,0.1966,0.202,0.4952,0.199,0.244,0.1477,0.0509,0.209,0.8049,0.089,0.067,0.0732,0.0513,0.426,0.0191,0.0179,0.57,0.0,0.0106,,0.0201,0.0157,0.475,0.1176,0.0596,0.308
4200383512,2018,19946,27,0.001,8655,268,0.019,45.2,2.8,0.038,0.186,0.0205,0.067,0.2093,0.0166,0.048,0.8505,0.0229,0.016,0.1061,0.0176,0.101,0.0013,0.0015,0.701,0.0128,0.0057,0.271,53056,3039,0.035,29916,2064,0.042,0.1325,0.0254,0.117,0.0776,0.0184,0.144,0.6328,0.0251,0.024,0.2242,0.0227,0.062,9623,297,0.019,0.1006,0.0222,0.134,1954,2,0.001,0.7906,0.0168,0.013,0.0283,0.0112,0.241,0.0467,0.016,0.209,0.0502,0.016,0.194,0.1986,0.0255,0.078,1719,227,0.08,6936,294,0.026,0.1781,0.0264,0.09,585,49,0.051,98800,3902,0.024,0.3519,0.0984,0.17,0.1926,0.0755,0.238,0.2173,0.0366,0.103,0.798,0.0297,0.023,0.0367,0.0147,0.242,0.0219,0.0089,0.246,0.0,0.0017,,0.0224,0.01,0.272,0.0686,0.0208,0.184
4200384144,2018,6640,20,0.002,2996,151,0.031,38.1,1.8,0.029,0.1962,0.0373,0.115,0.1426,0.0279,0.119,0.9583,0.0146,0.009,0.0154,0.0099,0.393,0.0035,0.0032,0.555,0.0051,0.005,0.59,56048,9864,0.107,33667,3602,0.065,0.0693,0.0289,0.254,0.0628,0.0268,0.259,0.7459,0.0269,0.022,0.2944,0.0462,0.095,3188,151,0.029,0.0602,0.0404,0.407,1949,4,0.001,0.6503,0.0416,0.039,0.1248,0.0448,0.218,0.0593,0.0388,0.397,0.095,0.0446,0.285,0.3405,0.06,0.107,1020,187,0.111,1976,162,0.05,0.2409,0.0475,0.12,805,68,0.051,128400,5515,0.026,0.3392,0.1263,0.226,0.1245,0.0647,0.316,0.2358,0.0719,0.185,0.7798,0.0426,0.033,0.0542,0.025,0.281,0.0219,0.0167,0.462,0.0,0.0041,,0.011,0.0093,0.516,0.0561,0.0416,0.451
4200384440,2018,1135,116,0.062,524,46,0.053,41.7,4.9,0.071,0.207,0.0446,0.131,0.1401,0.0261,0.113,0.7665,0.06,0.048,0.1656,0.0748,0.274,0.0,0.0088,,0.0326,0.0307,0.572,42500,7520,0.108,24147,3079,0.078,0.1947,0.0749,0.234,0.0502,0.0283,0.343,0.6819,0.048,0.043,0.1675,0.0455,0.165,599,32,0.032,0.1252,0.0564,0.274,1943,5,0.002,0.7963,0.0425,0.032,0.1135,0.0568,0.304,0.0835,0.0496,0.361,0.0,0.0236,,0.4065,0.0739,0.111,213,43,0.123,311,37,0.072,0.4132,0.0853,0.125,794,114,0.087,64900,5248,0.049,0.4366,0.1503,0.209,0.2582,0.1359,0.32,0.1543,0.0688,0.271,0.6786,0.0768,0.069,0.1088,0.0453,0.253,0.026,0.0291,0.68,0.0,0.0162,,0.0292,0.0225,0.467,0.0859,0.0399,0.282
4200384512,2018,13759,29,0.001,5734,242,0.026,45.6,1.9,0.025,0.2004,0.0246,0.075,0.226,0.0213,0.057,0.8379,0.023,0.017,0.024,0.0155,0.392,0.0734,0.019,0.158,0.0153,0.0085,0.337,63518,5407,0.052,34988,2510,0.044,0.1383,0.0445,0.195,0.0261,0.0109,0.255,0.6022,0.0328,0.033,0.3495,0.0333,0.058,6170,248,0.024,0.0707,0.0266,0.229,1956,1,0.0,0.6391,0.0279,0.027,0.0102,0.0076,0.45,0.0536,0.0211,0.239,0.1742,0.0358,0.125,0.2712,0.0317,0.071,1555,193,0.075,4179,217,0.032,0.2464,0.0368,0.091,720,25,0.021,153700,3994,0.016,0.4547,0.0933,0.125,0.236,0.0565,0.146,0.1359,0.0275,0.123,0.7574,0.0363,0.029,0.087,0.0254,0.178,0.0198,0.0145,0.446,0.0015,0.0026,1.033,0.0304,0.0131,0.262,0.0905,0.0244,0.164
4200384704,2018,7621,24,0.002,3601,157,0.027,52.1,1.4,0.016,0.1538,0.0382,0.151,0.2555,0.0351,0.084,0.9377,0.031,0.02,0.0356,0.0245,0.419,0.0066,0.0049,0.45,0.0085,0.0068,0.486,56128,4579,0.05,33306,2874,0.052,0.083,0.0429,0.314,0.0295,0.0168,0.346,0.6078,0.0379,0.038,0.2585,0.0478,0.112,3850,173,0.027,0.0647,0.0329,0.309,1958,2,0.001,0.7452,0.0345,0.028,0.0423,0.0255,0.366,0.1413,0.0416,0.179,0.0335,0.0148,0.268,0.293,0.0526,0.109,1055,195,0.112,2546,182,0.043,0.2471,0.06,0.148,830,38,0.028,104300,10697,0.062,0.4919,0.1204,0.149,0.2294,0.0762,0.202,0.1744,0.0519,0.181,0.8392,0.0468,0.034,0.0248,0.0211,0.516,0.022,0.0106,0.293,0.0,0.0039,,0.0238,0.0177,0.452,0.0472,0.0233,0.301
4200385184,2018,6247,23,0.002,3085,163,0.032,47.0,3.4,0.044,0.1284,0.0263,0.124,0.2281,0.0283,0.076,0.7903,0.0271,0.021,0.1551,0.0299,0.117,0.008,0.0074,0.559,0.0096,0.0094,0.598,52069,4849,0.057,34631,2888,0.051,0.0495,0.0229,0.281,0.064,0.0326,0.31,0.634,0.0369,0.035,0.3772,0.0483,0.078,3424,177,0.031,0.099,0.0388,0.238,1958,1,0.0,0.7182,0.0405,0.034,0.0178,0.0116,0.397,0.0657,0.0274,0.254,0.177,0.0332,0.114,0.3426,0.0486,0.086,1057,160,0.092,2028,130,0.039,0.2894,0.0469,0.098,946,43,0.028,107100,6277,0.036,0.4286,0.0976,0.138,0.2214,0.0593,0.163,0.1785,0.0489,0.166,0.7547,0.073,0.059,0.0574,0.0217,0.229,0.0119,0.0143,0.732,0.0,0.0046,,0.0565,0.0349,0.376,0.0421,0.017,0.245
4200385188,2018,15637,31,0.001,8773,332,0.023,39.4,2.5,0.039,0.1562,0.0213,0.083,0.1999,0.0235,0.072,0.3417,0.0238,0.042,0.5793,0.0259,0.027,0.0207,0.0112,0.329,0.0168,0.0079,0.288,35380,2634,0.045,29347,2243,0.046,0.2352,0.0347,0.09,0.0843,0.0198,0.143,0.6633,0.0288,0.026,0.3543,0.0333,0.057,10971,390,0.022,0.2003,0.0227,0.069,1945,2,0.001,0.3976,0.0259,0.04,0.2237,0.029,0.079,0.131,0.018,0.084,0.1151,0.0206,0.109,0.6416,0.0293,0.028,5629,334,0.036,3144,300,0.058,0.6386,0.0326,0.031,831,28,0.02,83600,12903,0.094,0.4578,0.0512,0.068,0.2217,0.0286,0.078,0.2859,0.0651,0.138,0.4974,0.0411,0.05,0.2432,0.0289,0.072,0.0508,0.0174,0.208,0.0115,0.0058,0.309,0.0824,0.0311,0.23,0.2707,0.0359,0.081
4200385496,2018,1949,274,0.085,916,79,0.052,35.5,4.4,0.075,0.293,0.0538,0.112,0.1611,0.0316,0.119,0.5926,0.041,0.042,0.2637,0.0835,0.192,0.0,0.0051,,0.0231,0.0187,0.492,27561,4465,0.098,16871,1948,0.07,0.3552,0.0923,0.158,0.1781,0.0787,0.269,0.5268,0.079,0.091,0.103,0.0367,0.217,1238,28,0.014,0.2601,0.0619,0.145,1952,7,0.002,0.3134,0.0594,0.115,0.2876,0.0718,0.152,0.1018,0.038,0.227,0.1527,0.0497,0.198,0.6889,0.0684,0.06,631,83,0.08,285,67,0.143,0.7025,0.0947,0.082,664,44,0.04,52400,2790,0.032,0.4849,0.1234,0.155,0.1933,0.0666,0.209,0.2246,0.1174,0.318,0.6836,0.0546,0.049,0.0508,0.0415,0.497,0.0262,0.0241,0.558,0.0,0.0164,,0.0328,0.0372,0.689,0.3242,0.0739,0.139
4200300724,2019,1878,234,0.076,958,73,0.046,69.7,4.2,0.037,0.1225,0.032,0.159,0.558,0.0975,0.106,0.9585,0.1651,0.105,0.0091,0.0074,0.495,0.0,0.0053,,0.0245,0.0371,0.922,66290,4933,0.045,47606,6020,0.077,0.0384,0.0233,0.369,0.0087,0.0103,0.724,0.3459,0.0303,0.053,0.4569,0.0343,0.046,1049,60,0.035,0.0867,0.0455,0.319,1994,3,0.001,0.326,0.0397,0.074,0.0238,0.0153,0.391,0.0153,0.0111,0.442,0.3842,0.0618,0.098,0.4123,0.0566,0.083,395,62,0.095,563,54,0.058,0.3239,0.0489,0.092,2892,177,0.037,202400,19160,0.058,0.6709,0.0982,0.089,0.443,0.0701,0.096,0.206,0.0848,0.25,0.8177,0.0565,0.042,0.0106,0.0123,0.704,0.0159,0.0158,0.601,0.0,0.0177,,0.0584,0.0288,0.3,0.2349,0.0551,0.143
4200303320,2019,2724,17,0.004,1202,93,0.047,37.3,3.1,0.051,0.2445,0.0544,0.135,0.1575,0.0351,0.136,0.8546,0.0644,0.046,0.0136,0.0206,0.92,0.0965,0.0591,0.372,0.0264,0.0213,0.49,84375,19504,0.141,62748,11247,0.109,0.0272,0.026,0.581,0.0534,0.0263,0.299,0.7148,0.0544,0.046,0.723,0.0899,0.076,1364,104,0.046,0.1188,0.0654,0.335,0,,,0.5674,0.0758,0.081,0.1202,0.0547,0.276,0.1408,0.0434,0.188,0.0044,0.0104,1.432,0.3286,0.0533,0.099,395,71,0.109,807,107,0.081,0.2753,0.0602,0.133,1051,116,0.067,286400,18893,0.04,0.2051,0.1272,0.377,0.1038,0.1124,0.658,0.1388,0.0604,0.265,0.6825,0.0731,0.065,0.0859,0.036,0.255,0.026,0.0215,0.504,0.0043,0.0079,1.113,0.1111,0.0569,0.311,0.0191,0.0171,0.543
4200303608,2019,4584,32,0.004,2492,144,0.035,40.9,4.0,0.059,0.1226,0.0309,0.153,0.2107,0.0357,0.103,0.8248,0.0536,0.039,0.0995,0.0397,0.243,0.0,0.0022,,0.0192,0.0157,0.497,43939,6427,0.089,34421,4022,0.071,0.0793,0.0328,0.251,0.0337,0.0155,0.28,0.7273,0.0387,0.032,0.3351,0.043,0.078,3015,186,0.038,0.1735,0.0482,0.169,1949,4,0.001,0.3834,0.0494,0.078,0.2574,0.0596,0.141,0.0557,0.0237,0.259,0.2617,0.0437,0.101,0.4932,0.0507,0.063,1229,145,0.072,1263,124,0.06,0.3805,0.0499,0.08,766,21,0.017,111400,8697,0.047,0.3531,0.0957,0.165,0.1318,0.0548,0.253,0.2431,0.0738,0.185,0.7392,0.05,0.041,0.0898,0.038,0.257,0.0345,0.0178,0.314,0.005,0.0083,0.998,0.0316,0.0186,0.357,0.1822,0.0471,0.157
4200303928,2019,19752,83,0.003,8038,255,0.019,41.2,1.3,0.019,0.2089,0.0222,0.064,0.198,0.018,0.055,0.8178,0.0341,0.025,0.0812,0.0257,0.193,0.0629,0.0234,0.226,0.0196,0.0103,0.32,65420,4309,0.04,31813,2025,0.039,0.0665,0.0189,0.173,0.0455,0.0152,0.204,0.6535,0.0205,0.019,0.264,0.0237,0.055,8642,285,0.02,0.0699,0.0206,0.179,1958,1,0.0,0.7172,0.0236,0.02,0.0317,0.0139,0.267,0.1173,0.0248,0.129,0.0823,0.0222,0.164,0.2646,0.0233,0.054,2127,199,0.057,5911,275,0.028,0.2434,0.0287,0.072,793,23,0.018,135800,4358,0.02,0.473,0.107,0.137,0.197,0.0749,0.231,0.1462,0.0285,0.119,0.7674,0.0316,0.025,0.0687,0.0187,0.166,0.015,0.0082,0.332,0.0,0.0016,,0.0396,0.0104,0.159,0.0918,0.0233,0.154
4200303932,2019,2050,103,0.031,869,40,0.028,45.2,3.0,0.04,0.1863,0.0385,0.126,0.201,0.0325,0.098,0.9356,0.0259,0.017,0.0,0.0049,,0.0317,0.0385,0.738,0.0,0.0049,,63125,10161,0.098,32074,2333,0.044,0.0898,0.0439,0.298,0.035,0.0229,0.398,0.689,0.0402,0.036,0.3136,0.0534,0.103,917,35,0.023,0.0523,0.0305,0.354,1954,2,0.001,0.9607,0.014,0.009,0.0033,0.0122,2.265,0.0,0.0154,,0.0,0.0154,,0.0506,0.0287,0.344,44,25,0.345,825,45,0.033,0.06,0.0409,0.414,1317,75,0.035,136300,7331,0.033,0.5455,0.3877,0.432,0.1591,0.1578,0.603,0.2582,0.0585,0.138,0.7732,0.0386,0.03,0.045,0.0226,0.305,0.0083,0.0128,0.944,0.0,0.0092,,0.0514,0.0244,0.288,0.0311,0.0237,0.463
4200305216,2019,1463,102,0.042,527,47,0.054,47.1,1.6,0.021,0.2406,0.0313,0.079,0.1811,0.027,0.091,0.9378,0.0921,0.06,0.0164,0.0123,0.454,0.0178,0.0129,0.442,0.0034,0.0048,0.85,105313,7309,0.042,67944,8556,0.077,0.0481,0.0305,0.386,0.029,0.0156,0.327,0.6457,0.0442,0.042,0.5291,0.0489,0.056,590,33,0.034,0.1068,0.0505,0.287,1957,3,0.001,0.9814,0.0108,0.007,0.0136,0.0217,0.973,0.0,0.024,,0.0,0.024,,0.093,0.0506,0.331,49,27,0.335,478,57,0.072,0.08,0.0434,0.33,,,,288700,47522,0.1,0.2041,0.2471,0.736,0.0612,0.1177,1.169,0.1904,0.0567,0.181,0.8357,0.0605,0.044,0.007,0.0098,0.849,0.0042,0.007,1.012,0.0,0.014,,0.1166,0.0319,0.167,0.0,0.0268,
4200305312,2019,8146,45,0.003,4584,193,0.026,36.4,1.5,0.025,0.1106,0.0201,0.11,0.1477,0.0224,0.092,0.8333,0.0291,0.021,0.1124,0.0266,0.144,0.0012,0.002,0.973,0.0233,0.0093,0.243,46397,2108,0.028,33535,2034,0.037,0.1098,0.0278,0.154,0.0367,0.016,0.266,0.7609,0.0273,0.022,0.3788,0.0396,0.064,5138,233,0.028,0.1078,0.0315,0.178,1944,3,0.001,0.3457,0.0307,0.054,0.2575,0.0436,0.103,0.1306,0.0265,0.123,0.1886,0.036,0.116,0.6276,0.038,0.037,2877,212,0.045,1707,142,0.051,0.539,0.0431,0.049,779,31,0.024,122000,8006,0.04,0.3476,0.0652,0.114,0.1613,0.0518,0.195,0.1588,0.0633,0.243,0.6582,0.0374,0.035,0.1326,0.0311,0.143,0.0619,0.0244,0.239,0.0098,0.0091,0.56,0.0457,0.0197,0.262,0.1824,0.0345,0.115
4200305504,2019,1904,103,0.033,782,50,0.039,38.2,1.3,0.021,0.2447,0.0272,0.068,0.125,0.0188,0.092,0.9391,0.024,0.016,0.0168,0.0094,0.34,0.0053,0.0047,0.546,0.0037,0.0047,0.781,92143,15817,0.104,47747,3254,0.041,0.0421,0.0215,0.311,0.0259,0.0138,0.323,0.7195,0.0232,0.02,0.6185,0.0456,0.045,832,41,0.03,0.0601,0.0359,0.364,0,,,0.768,0.0334,0.026,0.1839,0.0468,0.155,0.018,0.0201,0.679,0.0,0.017,,0.2417,0.0528,0.133,189,43,0.138,593,42,0.043,0.1853,0.0448,0.147,987,149,0.092,230600,21611,0.057,0.3069,0.1344,0.266,0.1111,0.0863,0.472,0.1906,0.0565,0.18,0.7621,0.0476,0.038,0.0542,0.0229,0.257,0.0106,0.0096,0.551,0.0,0.0097,,0.0996,0.0263,0.16,0.0358,0.0154,0.262
4200305520,2019,392,46,0.071,141,18,0.078,41.8,9.0,0.131,0.2959,0.0469,0.096,0.1429,0.0461,0.196,0.9541,0.008,0.005,0.0,0.0255,,0.0077,0.0102,0.807,0.0128,0.0178,0.848,181875,29522,0.099,75239,10823,0.087,0.023,0.0178,0.472,0.0184,0.0183,0.603,0.7614,0.0529,0.042,0.8199,0.0905,0.067,142,17,0.073,0.007,0.0141,1.214,0,,,1.0,0.0,0.0,0.0,0.0996,,0.0,0.0996,,0.0,0.0996,,0.0,0.0709,,0,10,,141,18,0.078,0.0,0.0255,,,,,361300,26074,0.044,,,,,,,0.1277,0.1262,0.601,0.7793,0.0838,0.065,0.0,0.0469,,0.0094,0.014,0.909,0.0,0.0469,,0.1362,0.0684,0.306,0.0213,0.0792,2.264
4200306064,2019,32177,24,0.0,13663,261,0.012,46.6,0.6,0.008,0.1922,0.0152,0.048,0.2331,0.0147,0.038,0.9157,0.0169,0.011,0.0217,0.0099,0.278,0.0217,0.008,0.224,0.0142,0.0056,0.239,79894,3764,0.029,41906,1863,0.027,0.0464,0.0117,0.153,0.046,0.0094,0.125,0.6465,0.0175,0.016,0.4649,0.0217,0.028,14199,287,0.012,0.0377,0.0146,0.236,1965,1,0.0,0.7527,0.0162,0.013,0.018,0.0083,0.278,0.0678,0.0155,0.139,0.0932,0.0147,0.096,0.2012,0.018,0.054,2749,251,0.056,10914,333,0.019,0.1636,0.0196,0.073,1015,49,0.029,188600,3692,0.012,0.3881,0.0728,0.114,0.2204,0.0581,0.16,0.1619,0.0221,0.083,0.7554,0.0175,0.014,0.1047,0.0142,0.082,0.0073,0.0034,0.28,0.0005,0.0007,0.912,0.0545,0.0115,0.128,0.0577,0.0148,0.156
4200307000,2019,1606,112,0.042,862,55,0.039,42.8,3.3,0.047,0.1955,0.0558,0.174,0.2254,0.0392,0.106,0.6644,0.0724,0.066,0.1046,0.0637,0.37,0.1426,0.0728,0.31,0.0187,0.0168,0.545,39091,7102,0.11,28262,3816,0.082,0.2124,0.0678,0.194,0.0354,0.0222,0.38,0.6485,0.0448,0.042,0.3419,0.0645,0.115,915,44,0.029,0.0579,0.0403,0.423,1957,8,0.002,0.3158,0.0525,0.101,0.1322,0.0582,0.268,0.1486,0.0428,0.175,0.1257,0.0431,0.208,0.6334,0.0479,0.046,546,54,0.06,316,43,0.083,0.6208,0.0394,0.039,742,42,0.034,130900,12271,0.057,0.4542,0.108,0.145,0.2106,0.0626,0.181,0.2468,0.1192,0.294,0.7111,0.0514,0.044,0.0673,0.0311,0.28,0.1163,0.06,0.314,0.0,0.0122,,0.0379,0.0254,0.407,0.1972,0.0638,0.197
4200307976,2019,3175,19,0.004,1443,103,0.043,41.3,5.4,0.079,0.2013,0.0479,0.145,0.1984,0.0394,0.121,0.9465,0.0249,0.016,0.0365,0.0205,0.341,0.0054,0.0085,0.965,0.0101,0.0107,0.646,41204,7105,0.105,23470,3080,0.08,0.2012,0.0775,0.234,0.0582,0.0516,0.539,0.6157,0.0549,0.054,0.1661,0.0502,0.184,1721,146,0.052,0.1615,0.066,0.248,0,,,0.6572,0.0501,0.046,0.0767,0.0492,0.39,0.0267,0.0228,0.518,0.0802,0.0328,0.249,0.4006,0.0646,0.098,578,102,0.107,865,122,0.086,0.3867,0.0861,0.135,708,60,0.052,70800,6607,0.057,0.3633,0.1289,0.216,0.2266,0.1143,0.307,0.1549,0.0713,0.28,0.736,0.0754,0.062,0.0152,0.0165,0.66,0.0062,0.0097,0.943,0.0,0.0069,,0.0679,0.0465,0.416,0.1351,0.0522,0.235
4200307992,2019,1869,273,0.089,789,102,0.079,49.3,6.5,0.08,0.2108,0.0611,0.176,0.2322,0.0525,0.138,0.2172,0.0404,0.113,0.6645,0.0627,0.057,0.0,0.0054,,0.0262,0.0211,0.488,21972,4352,0.12,15109,3149,0.127,0.3674,0.1306,0.216,0.099,0.0787,0.483,0.3953,0.0816,0.125,0.1287,0.0534,0.252,1147,68,0.036,0.3121,0.0763,0.149,0,,,0.524,0.0861,0.1,0.2136,0.0658,0.187,0.0427,0.0351,0.499,0.0488,0.0258,0.321,0.5222,0.0982,0.114,412,94,0.139,377,84,0.135,0.5164,0.1329,0.156,763,178,0.142,33300,13991,0.255,0.7791,0.1459,0.114,0.6408,0.1524,0.145,0.2308,0.1364,0.359,0.5749,0.115,0.122,0.244,0.1489,0.371,0.0,0.0185,,0.0,0.0185,,0.0832,0.0821,0.6,0.3561,0.0967,0.165
4200308008,2019,1653,136,0.05,942,79,0.051,50.5,4.7,0.057,0.1379,0.0411,0.181,0.2365,0.0476,0.122,0.614,0.0555,0.055,0.3237,0.0523,0.098,0.006,0.0078,0.789,0.02,0.0217,0.661,31087,10607,0.207,27514,2895,0.064,0.2408,0.0556,0.14,0.0476,0.024,0.306,0.5817,0.0686,0.072,0.2423,0.0555,0.139,1064,53,0.03,0.1147,0.0599,0.317,1959,2,0.001,0.6259,0.0492,0.048,0.1081,0.0444,0.249,0.0301,0.0228,0.462,0.2284,0.0489,0.13,0.4565,0.0637,0.085,430,70,0.099,512,67,0.08,0.3295,0.0548,0.101,292,61,0.127,91300,6094,0.041,0.4163,0.1217,0.178,0.1791,0.0908,0.308,0.1797,0.0725,0.245,0.7356,0.0988,0.082,0.113,0.0457,0.246,0.0077,0.0102,0.805,0.0,0.0128,,0.0436,0.0405,0.565,0.3535,0.0728,0.125
4200308064,2019,1225,67,0.033,486,37,0.046,47.4,1.7,0.022,0.2204,0.0336,0.093,0.2188,0.0379,0.105,0.9388,0.0318,0.021,0.0033,0.0041,0.759,0.0359,0.0481,0.814,0.0188,0.0179,0.581,114063,19109,0.102,59241,6019,0.062,0.0262,0.0194,0.45,0.0167,0.0133,0.484,0.5911,0.0283,0.029,0.657,0.0651,0.06,514,31,0.037,0.0545,0.0427,0.476,1970,5,0.002,0.823,0.0466,0.034,0.0058,0.021,2.182,0.035,0.0366,0.636,0.0,0.0275,,0.0473,0.0327,0.42,23,16,0.423,463,34,0.045,0.0261,0.0154,0.359,,,,351300,15622,0.027,0.6522,0.9028,0.841,0.0,0.4348,,0.2009,0.0767,0.232,0.8515,0.0634,0.045,0.0171,0.0119,0.423,0.0,0.0171,,0.0,0.0171,,0.0836,0.03,0.218,0.0432,0.035,0.492
4200308416,2019,9386,23,0.001,3949,197,0.03,36.2,1.6,0.027,0.2244,0.0347,0.094,0.1481,0.0229,0.094,0.8585,0.0562,0.04,0.031,0.0212,0.416,0.0434,0.0324,0.454,0.0505,0.0469,0.564,58303,6201,0.065,31522,3671,0.071,0.089,0.0296,0.202,0.0271,0.0139,0.311,0.6966,0.0455,0.04,0.2718,0.0396,0.088,4329,225,0.032,0.0878,0.0348,0.241,1949,2,0.001,0.6085,0.0513,0.051,0.1964,0.0443,0.137,0.0665,0.0246,0.224,0.0377,0.016,0.258,0.3588,0.0414,0.07,1417,178,0.076,2532,239,0.057,0.3112,0.0617,0.121,764,36,0.029,98500,4912,0.03,0.3056,0.0866,0.172,0.1595,0.0625,0.238,0.1264,0.0395,0.19,0.6784,0.0493,0.044,0.0918,0.0269,0.178,0.0546,0.0443,0.493,0.0,0.003,,0.0457,0.0211,0.28,0.1294,0.0287,0.135
4200308624,2019,4968,29,0.004,2476,167,0.041,41.1,4.6,0.068,0.1856,0.0343,0.112,0.2051,0.0296,0.088,0.9197,0.034,0.022,0.0397,0.0238,0.364,0.004,0.0044,0.669,0.0048,0.0042,0.532,47917,5131,0.065,29869,1987,0.04,0.1051,0.0307,0.178,0.0627,0.0224,0.218,0.6504,0.033,0.031,0.2966,0.045,0.092,2601,175,0.041,0.0481,0.031,0.392,1955,3,0.001,0.6517,0.0278,0.026,0.078,0.032,0.249,0.1157,0.0403,0.212,0.1434,0.0394,0.167,0.4443,0.055,0.075,1100,155,0.086,1376,174,0.077,0.4006,0.068,0.103,775,67,0.053,139600,7746,0.034,0.3736,0.0946,0.154,0.1027,0.0601,0.356,0.2362,0.0673,0.173,0.816,0.0439,0.033,0.0745,0.0359,0.293,0.0219,0.0175,0.485,0.0,0.004,,0.0179,0.0111,0.376,0.1333,0.0354,0.162
4200311336,2019,7883,27,0.002,3946,149,0.023,37.7,1.8,0.029,0.1657,0.0252,0.092,0.1691,0.0242,0.087,0.8339,0.0381,0.028,0.1029,0.0345,0.204,0.0176,0.0138,0.477,0.0186,0.0098,0.318,52612,4597,0.053,32557,1920,0.036,0.1528,0.0445,0.177,0.0532,0.0284,0.325,0.6925,0.0295,0.026,0.3356,0.0373,0.068,4361,186,0.026,0.0952,0.0288,0.184,1953,3,0.001,0.5437,0.0293,0.033,0.1206,0.0291,0.147,0.1004,0.0299,0.181,0.116,0.0264,0.138,0.444,0.0408,0.056,1752,174,0.06,2194,163,0.045,0.3959,0.0414,0.064,758,66,0.053,123700,8595,0.042,0.4298,0.0804,0.114,0.1998,0.0578,0.176,0.1659,0.0461,0.169,0.652,0.0555,0.052,0.0997,0.0267,0.163,0.0532,0.0275,0.314,0.0084,0.0084,0.607,0.0518,0.0207,0.242,0.146,0.0344,0.143
4200311680,2019,8213,20,0.001,3880,205,0.032,42.0,2.5,0.036,0.1701,0.0374,0.134,0.1847,0.0275,0.09,0.8739,0.0534,0.037,0.032,0.0331,0.629,0.0452,0.0343,0.462,0.0167,0.0123,0.448,62149,5963,0.058,33903,2436,0.044,0.0672,0.0328,0.296,0.0362,0.0233,0.392,0.7236,0.0347,0.029,0.3516,0.0442,0.076,4187,233,0.034,0.0733,0.0406,0.337,1956,2,0.001,0.5882,0.0444,0.046,0.0685,0.0273,0.242,0.1261,0.0442,0.213,0.1256,0.031,0.15,0.4149,0.0467,0.068,1610,200,0.076,2270,203,0.054,0.3703,0.0674,0.111,859,50,0.035,125500,6681,0.032,0.3161,0.1038,0.2,0.1329,0.0631,0.289,0.1982,0.0543,0.166,0.68,0.0628,0.056,0.1255,0.0412,0.2,0.0283,0.0261,0.561,0.0,0.0032,,0.0595,0.0242,0.247,0.0691,0.0309,0.272
4200312496,2019,683,129,0.115,367,61,0.101,48.8,5.0,0.062,0.1493,0.0546,0.222,0.1625,0.0384,0.144,0.8375,0.2175,0.158,0.0644,0.0407,0.384,0.0,0.0146,,0.019,0.0202,0.645,41161,9192,0.136,31061,4088,0.08,0.1215,0.0579,0.29,0.042,0.034,0.492,0.7308,0.0696,0.058,0.3106,0.0602,0.118,420,63,0.091,0.1262,0.0812,0.391,1950,5,0.002,0.7095,0.0763,0.065,0.181,0.0711,0.239,0.0381,0.0487,0.777,0.0381,0.0616,0.984,0.327,0.1129,0.21,120,46,0.233,247,49,0.121,0.2679,0.1201,0.272,605,60,0.06,78400,7608,0.059,0.3917,0.203,0.315,0.25,0.1464,0.356,0.1498,0.0993,0.403,0.7512,0.0754,0.061,0.0846,0.0622,0.447,0.0,0.0249,,0.0,0.0249,,0.0498,0.0358,0.438,0.1144,0.0627,0.333
4200313392,2019,1697,108,0.039,820,57,0.042,51.6,3.1,0.037,0.142,0.0325,0.139,0.2728,0.0383,0.085,0.9941,0.0893,0.055,0.0006,0.0012,1.215,0.0029,0.0047,0.972,0.0024,0.0047,1.215,62500,8249,0.08,39686,4045,0.062,0.0607,0.0302,0.303,0.0532,0.0319,0.364,0.634,0.0519,0.05,0.398,0.0648,0.099,876,38,0.026,0.0639,0.049,0.466,1954,2,0.001,0.8779,0.0272,0.019,0.0594,0.0312,0.32,0.0057,0.0146,1.557,0.0,0.0161,,0.1646,0.0562,0.207,135,47,0.212,685,58,0.051,0.1265,0.0472,0.227,940,33,0.021,125500,8297,0.04,0.2741,0.1474,0.327,0.1778,0.1346,0.46,0.1606,0.059,0.223,0.7749,0.0842,0.066,0.0532,0.0311,0.355,0.0204,0.0179,0.536,0.0,0.0113,,0.0452,0.029,0.389,0.0866,0.044,0.309
4200313608,2019,2957,16,0.003,1277,91,0.043,51.9,4.6,0.054,0.1857,0.0508,0.166,0.2946,0.0469,0.097,0.722,0.0743,0.063,0.2063,0.0757,0.223,0.0291,0.0335,0.7,0.0068,0.0081,0.729,93171,8014,0.052,50272,5976,0.072,0.0234,0.0154,0.399,0.0668,0.0343,0.312,0.6418,0.0494,0.047,0.6449,0.0546,0.051,1360,112,0.05,0.061,0.0438,0.437,1960,2,0.001,0.9735,0.0107,0.007,0.0,0.0104,,0.0059,0.0115,1.186,0.0147,0.0138,0.571,0.0713,0.0436,0.372,91,56,0.374,1186,122,0.063,0.0913,0.0768,0.511,1629,662,0.247,186000,14797,0.048,0.3407,0.4755,0.848,0.3407,0.4357,0.778,0.1872,0.0634,0.206,0.8089,0.0617,0.046,0.0395,0.0253,0.39,0.0229,0.0179,0.475,0.0,0.0069,,0.0866,0.0378,0.266,0.0133,0.0175,0.798
4200313704,2019,6619,19,0.002,3066,164,0.033,41.0,3.4,0.05,0.1848,0.0347,0.114,0.1996,0.033,0.1,0.5931,0.0459,0.047,0.373,0.047,0.077,0.0023,0.0038,1.013,0.0153,0.0104,0.415,37282,3083,0.05,22946,2028,0.054,0.2247,0.0673,0.182,0.1464,0.0493,0.205,0.5894,0.0489,0.05,0.1456,0.0314,0.131,4124,211,0.031,0.2565,0.0419,0.099,1944,3,0.001,0.6094,0.0489,0.049,0.1125,0.0374,0.202,0.0737,0.0307,0.253,0.016,0.0136,0.518,0.4282,0.0509,0.072,1313,171,0.079,1753,182,0.063,0.4651,0.0578,0.076,830,45,0.033,43200,4033,0.057,0.4623,0.099,0.13,0.2749,0.0774,0.171,0.2282,0.0595,0.158,0.6874,0.0744,0.066,0.1206,0.049,0.247,0.0074,0.0081,0.667,0.0,0.0055,,0.021,0.0131,0.381,0.1716,0.0471,0.167
4200315216,2019,8106,20,0.001,3869,215,0.034,49.6,2.3,0.028,0.1913,0.0428,0.136,0.2395,0.0343,0.087,0.9228,0.0319,0.021,0.0223,0.0233,0.635,0.0302,0.0197,0.397,0.0094,0.0076,0.496,89148,12199,0.083,60987,7621,0.076,0.0374,0.0183,0.298,0.0326,0.0191,0.355,0.6357,0.0394,0.038,0.5095,0.0594,0.071,4143,274,0.04,0.0661,0.043,0.395,2000,4,0.001,0.6534,0.0379,0.035,0.0,0.0051,,0.0389,0.0312,0.488,0.0425,0.0266,0.381,0.1587,0.0462,0.177,614,182,0.18,3255,226,0.042,0.1203,0.0404,0.204,1463,199,0.083,263500,14020,0.032,0.373,0.2393,0.39,0.202,0.1826,0.55,0.2338,0.0557,0.145,0.6839,0.0511,0.045,0.0882,0.0383,0.264,0.001,0.0014,0.911,0.0,0.0036,,0.0897,0.0351,0.238,0.0367,0.0214,0.355
4200316144,2019,5488,24,0.003,2805,147,0.032,40.8,2.9,0.043,0.1933,0.038,0.12,0.1908,0.0288,0.092,0.7351,0.0664,0.055,0.1853,0.0594,0.195,0.0031,0.0035,0.679,0.0297,0.0186,0.38,43145,6260,0.088,27225,2372,0.053,0.1177,0.0325,0.168,0.0783,0.0337,0.262,0.6753,0.034,0.031,0.2648,0.0438,0.101,3228,157,0.03,0.131,0.0325,0.151,1941,4,0.001,0.6344,0.0559,0.054,0.0954,0.0372,0.237,0.0849,0.0409,0.293,0.1382,0.0391,0.172,0.4717,0.0557,0.072,1323,171,0.079,1482,169,0.069,0.4314,0.0649,0.091,700,42,0.036,94700,3635,0.023,0.5117,0.1182,0.14,0.124,0.0646,0.317,0.2362,0.0696,0.179,0.7961,0.0663,0.051,0.0467,0.0239,0.31,0.0403,0.0196,0.296,0.0,0.0054,,0.0295,0.0233,0.48,0.1205,0.0379,0.191
4200316848,2019,5838,24,0.002,2745,237,0.052,37.3,3.9,0.064,0.1709,0.0316,0.112,0.1559,0.0281,0.109,0.9025,0.0373,0.025,0.0641,0.0334,0.317,0.0029,0.0033,0.679,0.0134,0.0116,0.53,52449,5119,0.059,34859,4727,0.082,0.0954,0.0393,0.25,0.0464,0.0244,0.32,0.6686,0.0362,0.033,0.3558,0.0426,0.073,3018,254,0.051,0.0905,0.0407,0.274,0,,,0.504,0.0505,0.061,0.2942,0.0582,0.12,0.0706,0.028,0.241,0.0736,0.0194,0.16,0.4594,0.0581,0.077,1261,193,0.093,1484,176,0.072,0.3477,0.0594,0.104,806,48,0.036,147900,14135,0.058,0.4346,0.1122,0.157,0.1721,0.0765,0.27,0.1395,0.0503,0.219,0.7196,0.0451,0.038,0.0836,0.0259,0.188,0.0286,0.019,0.403,0.0,0.0048,,0.0343,0.0164,0.29,0.1556,0.0423,0.165
4200317048,2019,2589,35,0.008,1045,65,0.038,43.4,2.9,0.041,0.229,0.0358,0.095,0.1939,0.0285,0.089,0.9119,0.0362,0.024,0.0097,0.0073,0.462,0.0089,0.0135,0.925,0.0332,0.0243,0.445,74350,9620,0.079,32977,2354,0.043,0.0627,0.0342,0.331,0.0439,0.0272,0.377,0.6773,0.0358,0.032,0.2937,0.0449,0.093,1119,67,0.036,0.0661,0.0337,0.31,1959,3,0.001,0.8213,0.0415,0.031,0.0545,0.0359,0.401,0.0152,0.02,0.799,0.0,0.0126,,0.1694,0.0574,0.206,177,61,0.21,868,61,0.043,0.1328,0.0511,0.234,907,114,0.076,141900,6774,0.029,0.2655,0.1502,0.344,0.1525,0.1311,0.522,0.174,0.0456,0.159,0.8573,0.0274,0.019,0.0168,0.0114,0.413,0.0,0.0076,,0.0,0.0076,,0.0336,0.0182,0.329,0.0096,0.0135,0.859
4200319576,2019,8373,30,0.002,4076,148,0.022,36.4,0.9,0.015,0.151,0.0209,0.084,0.119,0.0171,0.088,0.899,0.0326,0.022,0.0296,0.0179,0.368,0.0153,0.008,0.318,0.0322,0.0173,0.326,64688,5359,0.05,40959,5034,0.075,0.0531,0.0156,0.179,0.0364,0.0145,0.242,0.7913,0.0195,0.015,0.4978,0.0473,0.058,4513,164,0.022,0.0968,0.0255,0.16,0,,,0.5706,0.0312,0.033,0.214,0.0325,0.092,0.1509,0.0314,0.126,0.0113,0.0074,0.398,0.4188,0.0402,0.058,1707,175,0.062,2369,140,0.036,0.3297,0.035,0.064,860,35,0.025,147500,9909,0.041,0.2771,0.0526,0.115,0.1178,0.0361,0.186,0.1292,0.0362,0.171,0.6455,0.0419,0.039,0.2108,0.0284,0.082,0.0166,0.0094,0.344,0.0,0.0028,,0.0412,0.0136,0.201,0.1165,0.0266,0.139
4200319856,2019,1730,129,0.045,896,59,0.04,49.5,1.8,0.022,0.1335,0.0378,0.172,0.2301,0.0375,0.099,0.9514,0.0281,0.018,0.0289,0.0248,0.521,0.0,0.0058,,0.0197,0.0242,0.75,34667,2696,0.047,30298,7685,0.154,0.1017,0.0391,0.234,0.0186,0.0196,0.642,0.5683,0.0545,0.058,0.201,0.0479,0.145,1022,29,0.017,0.1233,0.0498,0.245,1944,2,0.001,0.6096,0.0571,0.057,0.091,0.0428,0.286,0.2515,0.0505,0.122,0.0,0.0138,,0.4163,0.0767,0.112,373,73,0.119,523,69,0.08,0.3676,0.0889,0.147,512,92,0.109,64600,5050,0.048,0.5282,0.1509,0.174,0.3378,0.1348,0.243,0.2103,0.0783,0.226,0.7833,0.077,0.06,0.0726,0.0407,0.341,0.0155,0.0166,0.65,0.0,0.0119,,0.0167,0.0165,0.603,0.144,0.0593,0.251
4200320432,2019,5543,22,0.002,2247,138,0.037,30.7,3.2,0.063,0.3015,0.0526,0.106,0.1182,0.0249,0.128,0.2872,0.0456,0.097,0.5667,0.0647,0.069,0.0,0.0027,,0.0254,0.017,0.405,29844,6138,0.125,20656,6442,0.19,0.392,0.1061,0.164,0.1377,0.0556,0.245,0.6253,0.0551,0.054,0.1096,0.036,0.2,3005,182,0.037,0.2522,0.0458,0.11,1946,3,0.001,0.6276,0.0387,0.037,0.0912,0.0404,0.269,0.1171,0.0488,0.253,0.0882,0.0373,0.257,0.6097,0.0476,0.047,1370,136,0.06,877,116,0.08,0.5963,0.0755,0.077,609,84,0.084,42600,7192,0.103,0.5482,0.1239,0.137,0.2401,0.0751,0.19,0.2303,0.0817,0.216,0.5833,0.0774,0.081,0.2429,0.108,0.27,0.0519,0.0417,0.488,0.0049,0.0083,1.031,0.0132,0.0092,0.422,0.3685,0.0572,0.094
4200321024,2019,1449,101,0.042,669,52,0.047,40.1,2.8,0.042,0.2305,0.0384,0.101,0.1297,0.0368,0.172,0.962,0.0131,0.008,0.0145,0.0241,1.012,0.0,0.0069,,0.0062,0.0062,0.606,54728,8637,0.096,29931,5696,0.116,0.1407,0.0663,0.286,0.065,0.0338,0.316,0.7215,0.0436,0.037,0.2709,0.0657,0.147,799,35,0.027,0.1627,0.0559,0.209,1942,4,0.001,0.7146,0.0556,0.047,0.1051,0.033,0.191,0.0038,0.0135,2.182,0.0626,0.0363,0.352,0.4305,0.0896,0.127,288,64,0.135,381,41,0.065,0.4115,0.0727,0.107,846,31,0.022,77000,4786,0.038,0.3333,0.1194,0.218,0.2708,0.1135,0.255,0.1129,0.0549,0.296,0.8402,0.0446,0.032,0.041,0.0284,0.421,0.0273,0.0244,0.544,0.0,0.0137,,0.0082,0.0082,0.605,0.1375,0.048,0.212
4200321444,2019,1955,182,0.057,989,65,0.04,48.8,3.8,0.047,0.1601,0.0461,0.175,0.2015,0.0303,0.091,0.8747,0.0462,0.032,0.0486,0.0283,0.354,0.0,0.0051,,0.0,0.0051,,43302,2560,0.036,29081,3125,0.065,0.0921,0.0407,0.269,0.069,0.0387,0.341,0.6466,0.0601,0.057,0.1446,0.0435,0.183,1182,42,0.022,0.1633,0.0487,0.181,1951,4,0.001,0.6709,0.0505,0.046,0.1861,0.0585,0.191,0.0702,0.0383,0.331,0.0169,0.0145,0.522,0.3852,0.0628,0.099,381,67,0.107,608,68,0.068,0.2931,0.0561,0.116,693,123,0.108,73200,5344,0.044,0.5774,0.1781,0.187,0.2546,0.1121,0.268,0.199,0.0802,0.245,0.8234,0.0526,0.039,0.0268,0.0185,0.421,0.0079,0.0089,0.68,0.0,0.0099,,0.0377,0.0253,0.409,0.1547,0.0573,0.225
4200321712,2019,1576,297,0.115,800,111,0.084,28.7,1.7,0.036,0.2868,0.0765,0.162,0.1288,0.0331,0.156,0.2576,0.0389,0.092,0.7081,0.1505,0.129,0.0038,0.0057,0.905,0.0,0.0063,,30663,4640,0.092,18981,2871,0.092,0.2158,0.0905,0.255,0.0537,0.0466,0.528,0.7212,0.0808,0.068,0.1319,0.0594,0.274,1108,64,0.035,0.278,0.0732,0.16,1955,7,0.002,0.3285,0.0706,0.131,0.2653,0.0685,0.157,0.139,0.0698,0.305,0.0487,0.025,0.312,0.745,0.1104,0.09,596,121,0.123,204,46,0.137,0.7506,0.1104,0.089,618,67,0.066,43100,19027,0.268,0.3708,0.1348,0.221,0.2332,0.1166,0.304,0.1863,0.1747,0.57,0.5615,0.1058,0.115,0.3156,0.1636,0.315,0.015,0.0162,0.654,0.0,0.0137,,0.0615,0.0535,0.529,0.3787,0.125,0.201
4200322520,2019,3040,21,0.004,1533,79,0.031,36.4,1.8,0.03,0.1717,0.0304,0.108,0.1385,0.0227,0.1,0.8365,0.0467,0.034,0.0822,0.0352,0.26,0.0145,0.0099,0.414,0.0375,0.024,0.389,80547,6903,0.052,55569,4989,0.055,0.0499,0.0247,0.3,0.0389,0.0159,0.248,0.7916,0.0282,0.022,0.6762,0.059,0.053,1561,80,0.031,0.0179,0.0192,0.651,0,,,0.6573,0.0343,0.032,0.1012,0.0372,0.223,0.173,0.0454,0.159,0.016,0.0103,0.391,0.349,0.0427,0.074,535,71,0.081,998,75,0.046,0.2987,0.0506,0.103,890,48,0.033,216500,22513,0.063,0.3103,0.1164,0.228,0.0935,0.0489,0.318,0.2144,0.0529,0.15,0.6616,0.0533,0.049,0.1366,0.0298,0.132,0.0184,0.011,0.364,0.0121,0.0089,0.448,0.0725,0.0245,0.205,0.0489,0.0238,0.296
4200322576,2019,1586,58,0.022,602,29,0.029,45.7,2.2,0.029,0.2831,0.0381,0.082,0.1898,0.0297,0.095,0.9628,0.0184,0.012,0.0038,0.0038,0.607,0.0126,0.0107,0.516,0.0158,0.0113,0.437,178929,32599,0.111,100900,10787,0.065,0.0511,0.0397,0.472,0.0388,0.0265,0.416,0.6182,0.0457,0.045,0.8062,0.0679,0.051,670,25,0.023,0.1015,0.0386,0.231,1940,5,0.002,0.9791,0.0203,0.013,0.0164,0.0191,0.707,0.0,0.0211,,0.0,0.0211,,0.0731,0.028,0.233,44,17,0.235,558,31,0.034,0.0467,0.0201,0.262,1241,154,0.075,603100,51033,0.051,0.3182,0.3663,0.7,0.2273,0.1592,0.426,0.2061,0.062,0.183,0.7384,0.0265,0.022,0.0087,0.0101,0.707,0.0419,0.0257,0.373,0.0087,0.0101,0.707,0.1618,0.0454,0.17,0.01,0.0203,1.236
4200322992,2019,1439,84,0.035,663,48,0.044,43.5,3.9,0.055,0.205,0.0362,0.107,0.1716,0.0306,0.108,0.9562,0.0193,0.012,0.0167,0.0139,0.505,0.0083,0.0118,0.86,0.0111,0.0118,0.645,40179,5014,0.076,24933,2058,0.05,0.1612,0.0448,0.169,0.0614,0.026,0.257,0.6081,0.0377,0.038,0.1622,0.0393,0.147,746,40,0.033,0.1113,0.0479,0.262,0,,,0.7265,0.0642,0.054,0.1367,0.044,0.195,0.0295,0.0193,0.397,0.063,0.0274,0.264,0.4314,0.062,0.087,286,46,0.098,377,42,0.068,0.3495,0.065,0.113,696,60,0.052,76800,7439,0.059,0.514,0.1368,0.162,0.3042,0.1198,0.239,0.1459,0.0667,0.278,0.8178,0.0431,0.032,0.0557,0.0298,0.325,0.0422,0.0238,0.344,0.0,0.0151,,0.0136,0.012,0.538,0.1569,0.0555,0.215
4200323000,2019,13067,27,0.001,5479,200,0.022,47.6,1.6,0.02,0.1792,0.0208,0.07,0.23,0.024,0.063,0.9622,0.015,0.009,0.007,0.0051,0.443,0.005,0.0055,0.673,0.0141,0.0098,0.423,65810,5839,0.054,34010,1803,0.032,0.0584,0.0211,0.219,0.0377,0.018,0.29,0.6208,0.0243,0.024,0.2716,0.0317,0.071,5888,210,0.022,0.0695,0.0225,0.196,1960,3,0.001,0.8685,0.0275,0.019,0.0114,0.0078,0.419,0.071,0.0289,0.248,0.0168,0.0185,0.67,0.173,0.0309,0.109,948,173,0.111,4531,237,0.032,0.1278,0.0284,0.135,794,40,0.031,128100,5905,0.028,0.2405,0.1486,0.376,0.1445,0.1108,0.466,0.1534,0.0356,0.141,0.8842,0.0226,0.016,0.0169,0.0113,0.408,0.0069,0.0068,0.594,0.0018,0.0032,1.063,0.0321,0.015,0.283,0.0584,0.0272,0.283
4200323616,2019,2503,142,0.034,1258,32,0.015,37.5,3.2,0.052,0.2066,0.0519,0.153,0.1426,0.0265,0.113,0.8769,0.0273,0.019,0.0483,0.0254,0.32,0.0188,0.0167,0.542,0.0056,0.006,0.65,55926,6404,0.07,33412,2676,0.049,0.0764,0.0321,0.256,0.055,0.0248,0.274,0.7123,0.0327,0.028,0.3722,0.0567,0.093,1270,30,0.014,0.0094,0.0071,0.456,1945,5,0.002,0.5882,0.0533,0.055,0.1063,0.0526,0.301,0.1252,0.0373,0.181,0.115,0.0447,0.236,0.4014,0.0547,0.083,505,70,0.084,753,69,0.056,0.3418,0.0531,0.094,841,22,0.016,135400,7870,0.035,0.3802,0.1448,0.231,0.1168,0.0633,0.329,0.1952,0.0603,0.188,0.7623,0.0652,0.052,0.0457,0.0222,0.295,0.0471,0.0295,0.38,0.0,0.0072,,0.0449,0.0273,0.369,0.0548,0.0236,0.261
4200324160,2019,3350,18,0.003,1486,91,0.037,34.9,2.6,0.045,0.2054,0.0522,0.154,0.1352,0.0341,0.153,0.9182,0.0472,0.031,0.0063,0.0072,0.695,0.0472,0.0406,0.523,0.0093,0.0078,0.51,49432,5531,0.068,25927,2741,0.064,0.0851,0.0441,0.315,0.0415,0.0271,0.397,0.6831,0.0507,0.045,0.3018,0.066,0.133,1574,118,0.046,0.0559,0.0538,0.585,0,,,0.6614,0.0661,0.061,0.1798,0.061,0.206,0.0222,0.0183,0.502,0.0286,0.0329,0.701,0.3668,0.0656,0.109,545,103,0.115,941,105,0.068,0.2941,0.0724,0.15,731,43,0.036,88900,7523,0.051,0.3541,0.1516,0.26,0.156,0.0869,0.339,0.204,0.0852,0.254,0.7207,0.0741,0.063,0.0736,0.0297,0.245,0.0448,0.0308,0.417,0.0,0.0057,,0.0253,0.0246,0.591,0.1043,0.0456,0.265
4200325400,2019,2329,120,0.031,1013,46,0.028,50.7,2.3,0.028,0.1602,0.0304,0.115,0.2216,0.0342,0.094,0.9867,0.0126,0.008,0.0,0.0043,,0.0,0.0043,,0.0107,0.0133,0.753,68385,10675,0.095,33026,2168,0.04,0.0431,0.0198,0.278,0.024,0.0207,0.524,0.6269,0.0394,0.038,0.1992,0.0437,0.133,1059,35,0.02,0.0434,0.033,0.462,1957,3,0.001,0.8961,0.0516,0.035,0.0217,0.0218,0.61,0.0,0.0134,,0.0,0.0134,,0.1481,0.0539,0.221,150,55,0.223,863,52,0.037,0.1297,0.0472,0.221,676,47,0.042,132800,12703,0.058,0.3667,0.2152,0.357,0.1133,0.1407,0.754,0.1634,0.0487,0.181,0.8569,0.051,0.036,0.0178,0.0203,0.693,0.0051,0.0076,0.91,0.0,0.0085,,0.0415,0.0234,0.343,0.0276,0.0288,0.632
4200325904,2019,5750,18,0.002,2396,211,0.054,41.0,4.1,0.061,0.2122,0.0484,0.139,0.1388,0.0308,0.135,0.9605,0.0249,0.016,0.0014,0.0016,0.684,0.0155,0.013,0.512,0.0085,0.0082,0.583,80640,12380,0.093,38878,3157,0.049,0.052,0.0254,0.297,0.0368,0.0314,0.519,0.739,0.0236,0.019,0.4041,0.0749,0.113,2544,223,0.053,0.0582,0.0429,0.449,1985,5,0.002,0.6564,0.0425,0.039,0.0503,0.0407,0.492,0.0523,0.0399,0.464,0.0157,0.0189,0.732,0.2083,0.072,0.21,499,178,0.217,1897,154,0.049,0.1195,0.0455,0.231,688,241,0.213,225100,19548,0.053,0.2285,0.1351,0.359,0.0681,0.0743,0.663,0.1929,0.079,0.249,0.8261,0.0554,0.041,0.0151,0.0151,0.607,0.0333,0.032,0.584,0.0,0.0046,,0.0611,0.03,0.299,0.0351,0.0285,0.494
4200326592,2019,6377,27,0.003,3147,150,0.029,47.5,3.0,0.038,0.1485,0.0274,0.112,0.2282,0.0297,0.079,0.8021,0.0526,0.04,0.1193,0.035,0.178,0.0088,0.0066,0.456,0.0122,0.0085,0.421,71709,8855,0.075,43353,2854,0.04,0.0463,0.0237,0.311,0.0342,0.02,0.356,0.6854,0.0347,0.031,0.5951,0.0511,0.052,3483,200,0.035,0.0965,0.0334,0.211,1952,3,0.001,0.7456,0.0329,0.027,0.0942,0.0289,0.186,0.0373,0.0261,0.425,0.0465,0.0168,0.219,0.3022,0.0387,0.078,951,130,0.083,2196,172,0.048,0.2735,0.047,0.105,932,63,0.041,130100,11621,0.054,0.2923,0.1135,0.236,0.0936,0.0768,0.499,0.1425,0.0471,0.201,0.7707,0.0455,0.036,0.0839,0.0237,0.172,0.0142,0.0114,0.487,0.0,0.0042,,0.0567,0.0231,0.248,0.0499,0.0185,0.225
4200326896,2019,3303,26,0.005,1473,91,0.038,48.6,2.3,0.029,0.1602,0.0409,0.155,0.248,0.0457,0.112,0.9731,0.0284,0.018,0.0154,0.0236,0.93,0.0,0.003,,0.0,0.003,,61597,4922,0.049,32313,2964,0.056,0.0381,0.0207,0.329,0.1032,0.0388,0.229,0.5955,0.045,0.046,0.2193,0.0584,0.162,1642,96,0.036,0.1029,0.0459,0.271,1958,4,0.001,0.7546,0.0567,0.046,0.0396,0.0379,0.582,0.0116,0.0136,0.715,0.0,0.0086,,0.1419,0.0577,0.247,209,86,0.25,1264,97,0.047,0.1225,0.0555,0.275,724,177,0.149,124500,16495,0.081,0.1579,0.1344,0.517,0.1005,0.0968,0.586,0.1899,0.0611,0.195,0.8739,0.0539,0.038,0.008,0.0114,0.858,0.006,0.0094,0.943,0.0,0.0067,,0.0355,0.0292,0.5,0.0611,0.0411,0.409
4200327120,2019,5121,20,0.002,1797,93,0.031,49.1,2.5,0.031,0.2845,0.0496,0.106,0.1953,0.042,0.131,0.8815,0.0364,0.025,0.0,0.0029,,0.0572,0.0351,0.373,0.0309,0.0264,0.519,205987,56951,0.168,102586,15925,0.094,0.0109,0.0119,0.661,0.0276,0.0193,0.425,0.6256,0.0542,0.053,0.8364,0.0979,0.071,1941,125,0.039,0.0742,0.0503,0.412,1969,4,0.001,0.9382,0.0208,0.013,0.0,0.0109,,0.0057,0.0117,1.252,0.0113,0.0187,1.001,0.0384,0.0244,0.386,69,44,0.388,1728,103,0.036,0.0316,0.0248,0.477,,,,662400,53455,0.049,0.1739,0.4444,1.554,0.1739,0.2361,0.825,0.2743,0.0903,0.2,0.8183,0.0804,0.06,0.0056,0.009,0.98,0.0086,0.0142,1.001,0.0,0.0065,,0.1055,0.0389,0.224,0.015,0.0169,0.684
4200327552,2019,14589,28,0.001,5360,161,0.018,42.5,1.1,0.016,0.2814,0.0252,0.055,0.146,0.0179,0.074,0.7994,0.0263,0.02,0.0258,0.0162,0.382,0.1245,0.0203,0.099,0.0254,0.016,0.383,134688,11951,0.054,63389,4331,0.042,0.0359,0.0187,0.318,0.0394,0.0139,0.215,0.6921,0.0245,0.022,0.7174,0.0483,0.041,5580,191,0.021,0.0394,0.026,0.4,1986,2,0.001,0.8224,0.0239,0.018,0.0165,0.0145,0.533,0.0201,0.0137,0.415,0.0219,0.0126,0.35,0.103,0.0227,0.134,552,123,0.135,4808,186,0.024,0.077,0.0248,0.196,1673,276,0.1,350200,12123,0.021,0.3986,0.1903,0.29,0.288,0.1713,0.362,0.2072,0.0416,0.122,0.8165,0.0277,0.021,0.0104,0.008,0.469,0.0021,0.0032,0.932,0.0,0.0022,,0.0866,0.0195,0.137,0.0377,0.0135,0.219
4200327608,2019,1123,76,0.041,468,34,0.044,48.5,2.9,0.036,0.1701,0.0464,0.166,0.2164,0.035,0.098,0.9955,0.0949,0.058,0.0,0.0089,,0.0,0.0089,,0.0045,0.0053,0.728,71111,18449,0.158,37914,5825,0.093,0.0588,0.0295,0.305,0.0112,0.0128,0.692,0.6548,0.0446,0.041,0.2057,0.0509,0.15,548,23,0.026,0.146,0.0526,0.219,1958,3,0.001,0.9142,0.039,0.026,0.0237,0.0329,0.843,0.0,0.0258,,0.0036,0.0197,3.274,0.0769,0.0402,0.318,36,19,0.321,432,33,0.046,0.0597,0.0363,0.37,892,277,0.189,133900,22184,0.101,0.3889,0.483,0.755,0.0556,0.1358,1.486,0.1412,0.0613,0.264,0.8462,0.0574,0.041,0.0,0.0167,,0.005,0.0067,0.808,0.0,0.0167,,0.01,0.0116,0.706,0.0406,0.0208,0.312
4200329432,2019,4371,21,0.003,2033,165,0.049,45.0,5.1,0.069,0.1846,0.0378,0.125,0.1899,0.0358,0.115,0.8694,0.0584,0.041,0.0373,0.0254,0.414,0.0043,0.0066,0.928,0.0593,0.043,0.441,40823,7020,0.105,24028,2268,0.057,0.202,0.0641,0.193,0.0852,0.0416,0.297,0.6749,0.047,0.042,0.125,0.0381,0.185,2556,212,0.05,0.2046,0.057,0.169,1951,3,0.001,0.775,0.059,0.046,0.1307,0.0555,0.258,0.0415,0.0341,0.5,0.0,0.0055,,0.2976,0.0645,0.132,605,140,0.141,1428,167,0.071,0.2987,0.0684,0.139,752,81,0.065,65000,5621,0.053,0.5471,0.1545,0.172,0.324,0.1455,0.273,0.1457,0.0566,0.236,0.7926,0.0683,0.052,0.0819,0.0435,0.323,0.0426,0.0363,0.518,0.0,0.0047,,0.0147,0.0151,0.626,0.0949,0.0446,0.286
4200329592,2019,208,44,0.129,78,21,0.164,40.5,9.4,0.141,0.2404,0.0787,0.199,0.1394,0.1054,0.459,0.9327,0.2755,0.18,0.0,0.0481,,0.0,0.0481,,0.0096,0.0143,0.903,68750,27129,0.24,34107,8119,0.145,0.0962,0.0951,0.601,0.0254,0.0246,0.588,0.7421,0.1021,0.084,0.2821,0.0981,0.212,95,20,0.128,0.1789,0.1095,0.372,0,,,0.9158,0.0532,0.035,0.0526,0.128,1.479,0.0,0.1489,,0.0,0.1489,,0.1667,0.1337,0.488,13,11,0.514,65,17,0.159,0.1298,0.1121,0.525,850,123,0.088,168800,37109,0.134,0.3846,0.8035,1.27,0.2308,0.123,0.324,0.2,0.3838,1.167,0.8158,0.3119,0.232,0.0,0.0877,,0.1053,0.1463,0.845,0.0,0.0877,,0.0439,0.0422,0.585,0.0513,0.0526,0.624
4200329732,2019,547,109,0.121,200,28,0.085,45.6,3.0,0.04,0.223,0.0599,0.163,0.2157,0.0292,0.082,0.8391,0.227,0.164,0.0494,0.0651,0.801,0.0,0.0183,,0.053,0.0407,0.467,129167,25484,0.12,81256,20368,0.152,0.0148,0.0172,0.706,0.0106,0.014,0.797,0.6667,0.113,0.103,0.7603,0.1748,0.14,218,31,0.086,0.0826,0.0631,0.465,1947,13,0.004,0.9587,0.0404,0.026,0.0,0.0649,,0.0,0.0649,,0.0,0.0649,,0.045,0.0293,0.396,9,6,0.405,191,28,0.089,0.0299,0.0235,0.478,1375,241,0.107,446400,39527,0.054,0.2222,1.9696,5.388,0.2222,0.419,1.146,0.2513,0.0994,0.24,0.7872,0.1285,0.099,0.0355,0.0417,0.715,0.0532,0.0331,0.379,0.0,0.0355,,0.0532,0.0293,0.335,0.02,0.0558,1.697
4200331256,2019,4885,16,0.002,2130,86,0.025,42.8,4.6,0.065,0.1775,0.0345,0.118,0.2016,0.0376,0.113,0.8731,0.049,0.034,0.0197,0.0164,0.507,0.0827,0.0436,0.32,0.0151,0.0156,0.624,86684,9978,0.07,43389,4488,0.063,0.115,0.0615,0.325,0.0203,0.0141,0.422,0.6771,0.0367,0.033,0.5186,0.0605,0.071,2290,105,0.028,0.0699,0.04,0.348,1958,2,0.001,0.7891,0.046,0.035,0.0397,0.0443,0.677,0.0275,0.0221,0.489,0.1389,0.0581,0.254,0.2812,0.0561,0.121,599,122,0.124,1531,133,0.053,0.2671,0.0568,0.129,1411,235,0.101,182600,7271,0.024,0.3306,0.1849,0.34,0.212,0.1716,0.492,0.1933,0.0632,0.199,0.718,0.063,0.053,0.1256,0.0464,0.224,0.0326,0.0314,0.586,0.0,0.0037,,0.0626,0.0305,0.296,0.0239,0.0248,0.629
4200332328,2019,18282,30,0.001,7271,248,0.021,45.2,0.9,0.012,0.2311,0.0235,0.062,0.2105,0.0236,0.068,0.9207,0.0236,0.016,0.0198,0.0125,0.385,0.0365,0.0152,0.253,0.0118,0.0102,0.526,91651,7513,0.05,47332,2706,0.035,0.0359,0.0201,0.34,0.0349,0.0125,0.218,0.6556,0.0303,0.028,0.5438,0.0406,0.045,7462,251,0.02,0.0256,0.0175,0.416,1974,2,0.001,0.7794,0.02,0.016,0.0123,0.0096,0.474,0.0745,0.0213,0.174,0.0322,0.0107,0.203,0.1593,0.0253,0.096,1158,188,0.099,6113,268,0.027,0.1294,0.0313,0.147,1206,85,0.043,248300,14280,0.035,0.3981,0.1378,0.21,0.2453,0.1114,0.276,0.2104,0.0414,0.12,0.8459,0.0353,0.025,0.0175,0.0089,0.31,0.0135,0.0073,0.327,0.0,0.0017,,0.0558,0.0164,0.179,0.0572,0.0206,0.219
4200332624,2019,3032,17,0.003,1506,92,0.037,58.0,2.1,0.022,0.1187,0.0329,0.168,0.3737,0.0597,0.097,0.9485,0.0295,0.019,0.0119,0.0089,0.456,0.003,0.0046,0.946,0.0336,0.028,0.507,57260,13008,0.138,46733,6962,0.091,0.0752,0.0397,0.321,0.0124,0.0137,0.673,0.5361,0.0522,0.059,0.3337,0.0533,0.097,1756,117,0.041,0.1424,0.0533,0.227,1967,6,0.002,0.4448,0.0616,0.084,0.0951,0.0362,0.231,0.0644,0.0303,0.287,0.0177,0.0223,0.768,0.3453,0.0651,0.115,520,103,0.12,986,109,0.067,0.3529,0.0808,0.139,842,200,0.144,120800,15117,0.076,0.3404,0.1283,0.229,0.1115,0.0717,0.391,0.1349,0.0567,0.256,0.7366,0.0429,0.035,0.0229,0.0228,0.605,0.0438,0.0352,0.488,0.0,0.0069,,0.0375,0.024,0.389,0.0996,0.0502,0.306
4200332832,2019,10341,22,0.001,4492,160,0.022,45.6,1.4,0.019,0.1975,0.0289,0.089,0.2044,0.0253,0.075,0.8929,0.0272,0.019,0.0305,0.0227,0.454,0.0173,0.0128,0.448,0.0119,0.0078,0.4,54250,3255,0.036,28787,1784,0.038,0.1204,0.0365,0.184,0.0543,0.0255,0.285,0.6144,0.0251,0.025,0.2107,0.0322,0.093,5062,167,0.02,0.1126,0.0322,0.174,1952,3,0.001,0.6906,0.0298,0.026,0.0847,0.0289,0.207,0.0761,0.0305,0.244,0.05,0.0204,0.248,0.2887,0.0449,0.095,1297,207,0.097,3195,181,0.034,0.2619,0.0418,0.097,675,47,0.042,105300,6536,0.038,0.4333,0.1242,0.174,0.2321,0.1136,0.298,0.1878,0.0486,0.157,0.7952,0.0433,0.033,0.0103,0.0086,0.51,0.0324,0.0139,0.26,0.0043,0.0045,0.636,0.0349,0.0138,0.241,0.0908,0.025,0.167
4200333312,2019,128,51,0.242,49,19,0.236,38.0,20.0,0.32,0.2422,0.1932,0.485,0.1641,0.2074,0.769,0.7969,0.1097,0.084,0.0,0.0781,,0.0391,0.0524,0.816,0.1406,0.1871,0.809,62969,16335,0.158,29730,6774,0.139,0.0781,0.106,0.825,0.0,0.1613,,0.6392,0.1898,0.181,0.4421,0.2769,0.381,58,19,0.199,0.1552,0.1095,0.429,0,,,0.9655,0.4431,0.279,0.0,0.2438,,0.0,0.2438,,0.0,0.2438,,0.2245,0.1617,0.438,11,9,0.497,38,15,0.24,0.2969,0.2465,0.505,1607,316,0.12,104400,39553,0.23,0.1818,1.5911,5.32,0.1818,0.2286,0.764,0.0526,0.7004,8.09,0.5833,0.3512,0.366,0.2167,0.1746,0.49,0.0,0.1667,,0.0,0.1667,,0.2,0.1971,0.599,0.102,0.246,1.465
4200333592,2019,1271,96,0.046,638,34,0.032,41.3,5.1,0.075,0.1589,0.0382,0.146,0.1786,0.034,0.116,0.9284,0.0321,0.021,0.0094,0.0102,0.657,0.0362,0.0369,0.619,0.0087,0.0094,0.662,50795,7339,0.088,30372,2797,0.056,0.0616,0.027,0.267,0.015,0.0135,0.549,0.6762,0.0544,0.049,0.2566,0.0478,0.113,677,29,0.026,0.0576,0.0398,0.42,1950,3,0.001,0.7651,0.0561,0.045,0.1241,0.0456,0.223,0.0709,0.0343,0.294,0.0148,0.0254,1.046,0.348,0.0516,0.09,222,35,0.096,416,42,0.061,0.2998,0.057,0.116,823,144,0.106,117100,6629,0.034,0.4865,0.1591,0.199,0.1441,0.0918,0.387,0.2476,0.0915,0.225,0.7574,0.0484,0.039,0.0564,0.0232,0.25,0.0606,0.0274,0.275,0.0,0.0141,,0.0564,0.029,0.312,0.1097,0.0431,0.239
4200335424,2019,3170,15,0.003,1359,137,0.061,36.8,5.2,0.086,0.241,0.0694,0.175,0.2104,0.0525,0.152,0.3284,0.1054,0.195,0.588,0.1085,0.112,0.0438,0.0533,0.739,0.0249,0.0328,0.8,26220,6176,0.143,27724,14272,0.313,0.2915,0.109,0.227,0.1021,0.0606,0.361,0.5508,0.0796,0.088,0.1639,0.0606,0.225,1869,204,0.066,0.2729,0.064,0.143,1947,9,0.003,0.4526,0.0706,0.095,0.2274,0.0745,0.199,0.0968,0.056,0.351,0.1471,0.0621,0.257,0.7248,0.0951,0.08,985,163,0.101,374,101,0.164,0.6418,0.1141,0.108,722,145,0.122,50200,20860,0.253,0.4873,0.1467,0.183,0.1645,0.0883,0.326,0.1283,0.1201,0.569,0.4641,0.0906,0.119,0.4021,0.1848,0.279,0.0363,0.0254,0.424,0.0,0.0083,,0.0074,0.0131,1.074,0.5401,0.1241,0.14
4200336808,2019,7189,23,0.002,2645,129,0.03,45.5,2.2,0.029,0.2263,0.0256,0.069,0.1774,0.0219,0.075,0.9089,0.02,0.013,0.0146,0.0135,0.562,0.0406,0.0122,0.183,0.0136,0.0117,0.521,104205,10460,0.061,52222,4400,0.051,0.0568,0.0192,0.206,0.029,0.0133,0.278,0.6681,0.0286,0.026,0.5068,0.045,0.054,2830,146,0.031,0.0654,0.0298,0.278,1970,4,0.001,0.8975,0.0235,0.016,0.011,0.0098,0.541,0.0226,0.0186,0.499,0.0,0.0075,,0.1206,0.0362,0.182,319,97,0.185,2326,129,0.034,0.0932,0.0304,0.198,939,122,0.079,260500,13548,0.032,0.3981,0.1932,0.295,0.2069,0.1436,0.422,0.1475,0.0346,0.143,0.8367,0.0304,0.022,0.0138,0.0086,0.376,0.0127,0.0097,0.462,0.0,0.0042,,0.0598,0.0222,0.226,0.0212,0.0152,0.437
4200337000,2019,3237,17,0.003,1516,95,0.038,37.8,1.2,0.019,0.1946,0.0527,0.165,0.1591,0.0323,0.124,0.8258,0.0731,0.054,0.1529,0.076,0.302,0.0139,0.0164,0.716,0.0034,0.0059,1.05,55870,10932,0.119,30747,2898,0.057,0.0976,0.0445,0.277,0.037,0.0241,0.397,0.7394,0.0547,0.045,0.2655,0.0541,0.124,1559,105,0.041,0.0276,0.0333,0.734,1941,7,0.002,0.5882,0.0682,0.071,0.1796,0.0763,0.258,0.1507,0.0528,0.213,0.0545,0.0301,0.335,0.3892,0.0767,0.12,590,122,0.126,926,116,0.076,0.32,0.084,0.16,823,79,0.058,105300,6803,0.039,0.3424,0.1164,0.207,0.1237,0.0736,0.362,0.189,0.0857,0.276,0.7135,0.0589,0.05,0.1315,0.0477,0.22,0.0234,0.0153,0.397,0.0069,0.0101,0.887,0.0415,0.0355,0.52,0.1511,0.0527,0.212
4200337955,2019,11200,23,0.001,4523,183,0.025,44.7,1.4,0.019,0.2183,0.032,0.089,0.1971,0.0255,0.079,0.9429,0.0243,0.016,0.0195,0.0134,0.418,0.0296,0.0187,0.384,0.0028,0.0029,0.647,93140,9038,0.059,48104,5491,0.069,0.0339,0.0187,0.336,0.0227,0.0115,0.309,0.6621,0.0305,0.028,0.4348,0.0403,0.056,4845,207,0.026,0.0665,0.024,0.219,1980,3,0.001,0.7814,0.0206,0.016,0.0155,0.0096,0.377,0.0611,0.0219,0.218,0.0147,0.0094,0.39,0.1702,0.0336,0.12,770,155,0.122,3753,204,0.033,0.14,0.0369,0.16,1119,47,0.026,228600,17592,0.047,0.2468,0.1199,0.295,0.1584,0.1097,0.421,0.1473,0.0411,0.17,0.8436,0.0459,0.033,0.0228,0.0123,0.328,0.0019,0.0021,0.662,0.0014,0.0026,1.139,0.0639,0.0274,0.261,0.0296,0.0143,0.294
4200339312,2019,8119,36,0.003,3624,158,0.027,44.5,2.5,0.034,0.1887,0.0365,0.118,0.1958,0.0261,0.081,0.9555,0.0234,0.015,0.0101,0.0089,0.534,0.0092,0.0083,0.543,0.0023,0.0034,0.896,83214,6970,0.051,42245,3867,0.056,0.0274,0.0099,0.219,0.0438,0.0237,0.329,0.6739,0.0261,0.024,0.3776,0.045,0.072,3778,148,0.024,0.0408,0.0275,0.41,1971,3,0.001,0.6969,0.0303,0.026,0.0217,0.0128,0.358,0.0635,0.0233,0.223,0.0532,0.0247,0.282,0.2161,0.0465,0.131,783,172,0.134,2841,172,0.037,0.2058,0.0558,0.165,1077,136,0.077,183500,5591,0.019,0.5134,0.1683,0.199,0.2018,0.0835,0.251,0.0936,0.0305,0.198,0.8268,0.0459,0.034,0.0437,0.0183,0.254,0.0,0.0035,,0.0018,0.0028,0.911,0.0469,0.0261,0.338,0.0613,0.0284,0.281
4200339624,2019,700,98,0.085,301,32,0.065,51.6,5.3,0.062,0.1514,0.0311,0.125,0.2329,0.0289,0.076,0.9657,0.1827,0.115,0.0043,0.0086,1.213,0.0057,0.01,1.06,0.0,0.0143,,94792,17852,0.114,46592,4141,0.054,0.0186,0.019,0.622,0.0193,0.0141,0.444,0.6776,0.0764,0.069,0.4471,0.0672,0.091,314,33,0.064,0.0414,0.0476,0.699,1953,2,0.001,1.0,0.0,0.0,0.0,0.045,,0.0,0.045,,0.0,0.045,,0.0498,0.0429,0.523,15,13,0.527,286,30,0.064,0.0414,0.0309,0.453,632,416,0.4,222200,14358,0.039,0.7333,1.0936,0.907,0.6,0.6079,0.616,0.2273,0.0806,0.216,0.7232,0.1077,0.091,0.0125,0.0123,0.599,0.01,0.0149,0.906,0.0,0.0249,,0.0798,0.0375,0.285,0.0399,0.0236,0.36
4200342368,2019,1602,89,0.034,594,34,0.035,41.3,3.2,0.047,0.2615,0.0365,0.085,0.1698,0.0242,0.087,0.922,0.0334,0.022,0.0281,0.0168,0.363,0.0194,0.0149,0.469,0.0162,0.0137,0.513,86964,12541,0.088,42387,3226,0.046,0.041,0.0329,0.489,0.0171,0.0125,0.443,0.6989,0.0434,0.038,0.4906,0.0516,0.064,659,27,0.025,0.0986,0.0484,0.298,1963,2,0.001,0.9272,0.0251,0.016,0.0577,0.038,0.4,0.0,0.0215,,0.0,0.0215,,0.1279,0.0466,0.221,76,28,0.224,518,33,0.039,0.118,0.0489,0.252,992,173,0.106,214500,12251,0.035,0.2632,0.2289,0.529,0.1316,0.1777,0.821,0.1564,0.0546,0.212,0.7972,0.0156,0.012,0.0119,0.0106,0.544,0.0,0.0119,,0.0,0.0119,,0.0902,0.0298,0.201,0.0404,0.0285,0.429
4200342392,2019,1189,80,0.041,576,31,0.033,43.6,2.2,0.031,0.2119,0.0435,0.125,0.2254,0.038,0.103,0.783,0.0601,0.047,0.0471,0.025,0.323,0.0454,0.0537,0.719,0.0471,0.0596,0.77,55333,5574,0.061,31458,4072,0.079,0.1489,0.0765,0.312,0.0204,0.0155,0.464,0.6497,0.043,0.04,0.3542,0.0635,0.109,618,29,0.029,0.068,0.0371,0.332,0,,,0.5663,0.0463,0.05,0.0485,0.0275,0.344,0.0097,0.0197,1.236,0.123,0.0372,0.184,0.3663,0.0702,0.116,211,42,0.121,365,38,0.063,0.2826,0.061,0.131,832,159,0.116,85500,5426,0.039,0.237,0.104,0.267,0.0521,0.0365,0.425,0.1288,0.0569,0.269,0.6984,0.0234,0.02,0.0532,0.0384,0.438,0.1306,0.0533,0.248,0.0065,0.0097,0.91,0.05,0.0319,0.388,0.1528,0.046,0.183
4200343064,2019,2363,149,0.038,1168,44,0.023,48.2,3.3,0.042,0.1705,0.0357,0.127,0.2184,0.0291,0.081,0.9534,0.0142,0.009,0.019,0.0148,0.471,0.0051,0.0072,0.86,0.0025,0.0034,0.81,56000,7847,0.085,31427,2479,0.048,0.0626,0.0286,0.278,0.0874,0.0436,0.303,0.6713,0.034,0.031,0.2075,0.0445,0.13,1194,33,0.017,0.0218,0.0234,0.654,1953,1,0.0,0.928,0.0299,0.02,0.0184,0.0172,0.569,0.0503,0.028,0.338,0.0,0.0118,,0.1781,0.0527,0.18,208,62,0.181,960,66,0.042,0.1318,0.0408,0.188,781,26,0.02,80500,3602,0.027,0.3798,0.1483,0.237,0.1635,0.0939,0.349,0.1198,0.0396,0.201,0.8674,0.0426,0.03,0.0049,0.0089,1.113,0.0194,0.025,0.784,0.0057,0.0089,0.954,0.0194,0.0145,0.453,0.0557,0.0344,0.376
4200343408,2019,1008,50,0.03,452,27,0.036,53.2,5.0,0.057,0.1359,0.0347,0.155,0.2421,0.0366,0.092,0.9812,0.0096,0.006,0.0119,0.0079,0.404,0.0,0.0099,,0.004,0.0069,1.063,67500,10356,0.093,35395,3488,0.06,0.0616,0.0237,0.234,0.0481,0.0228,0.288,0.6318,0.0433,0.042,0.1702,0.0437,0.156,474,27,0.035,0.0464,0.0337,0.441,1953,2,0.001,0.962,0.0221,0.014,0.0127,0.0246,1.181,0.0,0.0298,,0.0,0.0298,,0.0819,0.0373,0.277,37,17,0.279,415,27,0.04,0.0738,0.0393,0.323,667,157,0.143,95100,5450,0.035,0.2432,0.4221,1.055,0.1622,0.144,0.54,0.1663,0.0562,0.205,0.8632,0.0437,0.031,0.0096,0.0173,1.093,0.0058,0.0077,0.809,0.0,0.0193,,0.0443,0.0266,0.366,0.0398,0.0238,0.363
4200345900,2019,28471,25,0.001,11883,317,0.016,44.2,1.0,0.014,0.1948,0.0155,0.048,0.2058,0.0148,0.044,0.8639,0.02,0.014,0.025,0.01,0.244,0.0636,0.0144,0.138,0.0246,0.0084,0.207,86221,2725,0.019,48467,3112,0.039,0.0524,0.0148,0.172,0.032,0.0101,0.192,0.6415,0.0148,0.014,0.5671,0.0292,0.031,12370,311,0.015,0.0394,0.0162,0.25,1973,1,0.0,0.647,0.0201,0.019,0.0121,0.0057,0.283,0.1321,0.0213,0.098,0.0992,0.0177,0.109,0.2457,0.0201,0.05,2920,251,0.052,8963,321,0.022,0.1884,0.0201,0.065,1046,40,0.023,247000,7344,0.018,0.4147,0.0741,0.109,0.1983,0.06,0.184,0.1618,0.0255,0.096,0.8049,0.0198,0.015,0.0326,0.0099,0.184,0.0098,0.0042,0.263,0.0,0.0013,,0.0523,0.0111,0.129,0.0517,0.0143,0.169
4200346072,2019,531,172,0.197,181,42,0.141,40.0,12.5,0.19,0.2938,0.0728,0.151,0.2166,0.0399,0.112,0.8249,0.3714,0.274,0.0207,0.0351,1.031,0.0,0.0188,,0.0,0.0188,,50375,19754,0.238,19515,3797,0.118,0.0659,0.0804,0.741,0.0,0.0467,,0.5501,0.1651,0.182,0.0962,0.0942,0.596,208,44,0.129,0.1298,0.1071,0.502,0,,,0.8702,0.1042,0.073,0.1298,0.1279,0.599,0.0,0.068,,0.0,0.068,,0.1823,0.1373,0.458,33,26,0.479,148,42,0.173,0.29,0.2281,0.478,930,432,0.282,96900,22695,0.142,0.6667,0.5911,0.539,0.3636,0.3529,0.59,0.1149,0.1839,0.973,0.9133,0.1068,0.071,0.0,0.051,,0.0408,0.0642,0.956,0.0,0.051,,0.0,0.051,,0.0497,0.0614,0.751
4200346256,2019,19225,35,0.001,8930,336,0.023,44.9,2.5,0.034,0.2053,0.0245,0.072,0.2037,0.0172,0.051,0.5793,0.0318,0.033,0.3489,0.0274,0.048,0.0083,0.007,0.512,0.0275,0.0109,0.241,29094,3512,0.073,21047,1431,0.041,0.3135,0.0464,0.09,0.1212,0.0216,0.108,0.5557,0.0248,0.027,0.1307,0.0194,0.09,11218,453,0.025,0.204,0.0238,0.071,1946,2,0.001,0.6745,0.0203,0.018,0.0838,0.0181,0.132,0.089,0.0178,0.121,0.097,0.0175,0.11,0.4966,0.0274,0.034,4435,296,0.041,4495,267,0.036,0.4725,0.0364,0.047,634,21,0.02,48000,2651,0.034,0.467,0.0679,0.088,0.2609,0.0541,0.126,0.2122,0.0415,0.119,0.6504,0.0406,0.038,0.1227,0.0268,0.133,0.0738,0.0308,0.254,0.005,0.004,0.492,0.0123,0.0077,0.379,0.3037,0.0309,0.062
4200346264,2019,5919,32,0.003,2901,231,0.048,35.0,3.3,0.057,0.2186,0.047,0.131,0.1282,0.0281,0.133,0.5548,0.0599,0.066,0.3234,0.0542,0.102,0.022,0.0264,0.729,0.0468,0.0392,0.509,26259,3885,0.09,21427,3559,0.101,0.3134,0.0924,0.179,0.0923,0.0437,0.288,0.6252,0.0617,0.06,0.1489,0.041,0.167,3437,290,0.051,0.1559,0.0501,0.195,0,,,0.5071,0.0631,0.076,0.1498,0.0521,0.211,0.135,0.0411,0.185,0.0736,0.034,0.281,0.5926,0.037,0.038,1719,174,0.062,1182,174,0.089,0.573,0.0641,0.068,694,65,0.057,51800,3307,0.039,0.4578,0.112,0.149,0.2903,0.0846,0.177,0.1667,0.0636,0.232,0.583,0.066,0.069,0.1768,0.0601,0.207,0.1052,0.0665,0.384,0.0,0.0058,,0.0329,0.0243,0.45,0.4171,0.0737,0.107
4200347696,2019,9053,31,0.002,3190,168,0.032,41.3,2.4,0.035,0.2866,0.0366,0.078,0.1218,0.0226,0.113,0.8563,0.0382,0.027,0.0194,0.0179,0.56,0.1026,0.0276,0.164,0.0117,0.0114,0.591,135208,19989,0.09,63002,6513,0.063,0.0183,0.0142,0.471,0.043,0.0199,0.281,0.7337,0.0305,0.025,0.7038,0.0604,0.052,3429,225,0.04,0.0697,0.0464,0.405,1994,3,0.001,0.7813,0.0177,0.014,0.0152,0.0229,0.916,0.0233,0.0147,0.384,0.0222,0.0127,0.348,0.1072,0.0397,0.225,342,128,0.228,2848,176,0.038,0.0715,0.0317,0.27,1396,146,0.064,363100,15909,0.027,0.2924,0.1439,0.299,0.0994,0.1078,0.659,0.1397,0.0487,0.212,0.8058,0.0455,0.034,0.021,0.015,0.435,0.0023,0.004,1.05,0.0153,0.0189,0.751,0.1112,0.0348,0.19,0.0082,0.0105,0.784
4200349920,2019,3706,19,0.003,1903,147,0.047,43.0,3.8,0.054,0.1516,0.0424,0.17,0.1695,0.0419,0.15,0.8662,0.0735,0.052,0.0888,0.0718,0.491,0.0065,0.0073,0.684,0.0067,0.0081,0.729,41060,3257,0.048,27286,2809,0.063,0.1409,0.0485,0.209,0.047,0.0327,0.422,0.6893,0.0457,0.04,0.1797,0.0537,0.182,2178,161,0.045,0.1263,0.0501,0.241,0,,,0.4298,0.0708,0.1,0.2397,0.0668,0.17,0.0386,0.0346,0.545,0.0882,0.0328,0.226,0.5833,0.0666,0.069,1110,153,0.084,793,131,0.1,0.5109,0.0692,0.082,717,64,0.054,74100,6378,0.052,0.3964,0.1085,0.166,0.1685,0.0767,0.277,0.1475,0.0677,0.279,0.7137,0.0619,0.053,0.0865,0.0459,0.323,0.0827,0.0355,0.261,0.008,0.0117,0.892,0.0165,0.0154,0.571,0.1718,0.0479,0.169
4200350528,2019,27687,46,0.001,12215,330,0.016,46.2,1.5,0.02,0.1697,0.0178,0.064,0.2319,0.0158,0.042,0.7547,0.0268,0.022,0.1214,0.0188,0.094,0.062,0.0183,0.18,0.0238,0.0091,0.232,68743,4392,0.039,36114,1584,0.027,0.071,0.0181,0.155,0.0449,0.0123,0.167,0.6278,0.018,0.017,0.4131,0.0264,0.039,13434,360,0.016,0.0907,0.0229,0.153,1966,2,0.001,0.6688,0.0257,0.023,0.0161,0.0069,0.26,0.1021,0.0213,0.127,0.148,0.0224,0.092,0.3226,0.0264,0.05,3941,340,0.052,8274,342,0.025,0.2531,0.0271,0.065,1051,40,0.023,150400,4850,0.02,0.4425,0.0747,0.103,0.2405,0.0545,0.138,0.1582,0.0228,0.088,0.7633,0.0219,0.017,0.056,0.0127,0.138,0.0092,0.0059,0.394,0.0,0.0014,,0.0688,0.0174,0.154,0.0649,0.0147,0.138
4200350784,2019,25489,25,0.001,9759,275,0.017,37.9,1.3,0.021,0.2063,0.0188,0.055,0.1428,0.0125,0.053,0.864,0.0271,0.019,0.0392,0.0166,0.258,0.0482,0.0144,0.182,0.0155,0.0065,0.255,91349,6078,0.04,44919,2423,0.033,0.0458,0.0118,0.157,0.0383,0.0122,0.193,0.6948,0.0198,0.017,0.5378,0.0288,0.033,10521,311,0.018,0.0724,0.0241,0.203,1976,2,0.001,0.6879,0.0245,0.022,0.0355,0.0138,0.237,0.1379,0.0226,0.1,0.0451,0.0157,0.212,0.237,0.0252,0.065,2313,254,0.067,7446,270,0.022,0.1746,0.022,0.077,967,43,0.027,227600,8082,0.022,0.3316,0.0794,0.146,0.1379,0.0386,0.17,0.1229,0.0222,0.11,0.7995,0.0203,0.015,0.0308,0.0166,0.326,0.0231,0.0086,0.227,0.0,0.0014,,0.0604,0.0147,0.148,0.0345,0.014,0.247
4200351696,2019,32303,27,0.001,13539,332,0.015,44.3,0.8,0.011,0.2383,0.015,0.038,0.2021,0.0141,0.042,0.9131,0.0122,0.008,0.0119,0.0053,0.269,0.0375,0.008,0.129,0.0166,0.0057,0.208,100011,6091,0.037,56053,2438,0.026,0.0483,0.0121,0.152,0.0258,0.0096,0.225,0.6394,0.0172,0.016,0.7062,0.0258,0.022,14487,345,0.014,0.0654,0.0184,0.171,1952,1,0.0,0.6479,0.0153,0.014,0.0403,0.0097,0.146,0.0955,0.0163,0.104,0.171,0.0186,0.066,0.2762,0.0198,0.044,3739,283,0.046,9800,282,0.017,0.1935,0.0176,0.055,928,47,0.031,268500,7645,0.017,0.4044,0.0577,0.087,0.1722,0.0402,0.142,0.1572,0.0236,0.091,0.6933,0.0194,0.017,0.114,0.0156,0.083,0.0227,0.0061,0.164,0.0017,0.0018,0.678,0.0747,0.013,0.106,0.1089,0.0131,0.073
4200351744,2019,3324,22,0.004,1379,145,0.064,32.7,3.7,0.069,0.2446,0.0609,0.151,0.1023,0.0307,0.182,0.4744,0.1031,0.132,0.3255,0.0953,0.178,0.0325,0.04,0.749,0.108,0.0963,0.542,38795,11272,0.177,20710,4180,0.123,0.3222,0.1086,0.205,0.1367,0.0667,0.297,0.6239,0.0698,0.068,0.1555,0.0522,0.204,1773,199,0.068,0.2222,0.0635,0.174,0,,,0.6385,0.0501,0.048,0.251,0.0684,0.166,0.0451,0.0306,0.412,0.0508,0.0371,0.444,0.5729,0.0501,0.053,790,108,0.083,589,126,0.13,0.6264,0.0929,0.09,842,146,0.105,55400,4745,0.052,0.5456,0.1601,0.178,0.4013,0.1307,0.198,0.2496,0.0751,0.183,0.4214,0.0821,0.118,0.3615,0.1085,0.182,0.0642,0.0578,0.548,0.0,0.0072,,0.0253,0.0236,0.568,0.4453,0.0957,0.131
4200352320,2019,11121,21,0.001,5259,292,0.034,46.5,4.4,0.058,0.1922,0.0335,0.106,0.2091,0.0269,0.078,0.8181,0.0457,0.034,0.1403,0.0402,0.174,0.0116,0.0097,0.509,0.0106,0.0062,0.355,47649,7140,0.091,30437,2006,0.04,0.141,0.0451,0.194,0.0544,0.0223,0.249,0.6354,0.0305,0.029,0.275,0.0369,0.082,6103,340,0.034,0.1383,0.0286,0.126,1948,3,0.001,0.6226,0.0199,0.019,0.1021,0.0318,0.189,0.1376,0.0295,0.13,0.0768,0.022,0.174,0.4269,0.0434,0.062,2245,260,0.07,3014,224,0.045,0.3923,0.0487,0.075,693,38,0.033,91100,5411,0.036,0.4468,0.0856,0.116,0.1942,0.0686,0.215,0.1559,0.0432,0.168,0.7442,0.0439,0.036,0.0962,0.0281,0.178,0.0279,0.015,0.328,0.0,0.003,,0.0417,0.0206,0.3,0.178,0.0408,0.139
4200353136,2019,993,102,0.062,565,48,0.052,49.2,4.8,0.059,0.1178,0.0324,0.167,0.2336,0.0404,0.105,0.862,0.0559,0.039,0.0634,0.0418,0.4,0.0081,0.008,0.605,0.0403,0.0411,0.62,44875,8750,0.119,28926,2642,0.056,0.147,0.0493,0.204,0.024,0.0219,0.556,0.5982,0.0524,0.053,0.2114,0.0467,0.134,651,18,0.017,0.1321,0.0721,0.332,1950,3,0.001,0.5192,0.0582,0.068,0.384,0.0686,0.109,0.0154,0.0277,1.096,0.0,0.0217,,0.4779,0.0806,0.103,270,51,0.115,295,43,0.089,0.4663,0.084,0.109,778,20,0.016,88500,6211,0.043,0.4037,0.1101,0.166,0.3,0.1083,0.219,0.1864,0.08,0.261,0.725,0.0616,0.052,0.0692,0.053,0.466,0.0308,0.0227,0.449,0.0077,0.0096,0.755,0.025,0.0228,0.555,0.1841,0.0634,0.209
4200354816,2019,4741,46,0.006,2367,175,0.045,41.0,4.3,0.064,0.2379,0.0482,0.123,0.2204,0.0348,0.096,0.4687,0.0458,0.059,0.4507,0.0494,0.067,0.0078,0.0065,0.509,0.0213,0.0221,0.632,32272,4294,0.081,23765,6749,0.173,0.2816,0.0765,0.165,0.0979,0.041,0.255,0.5804,0.0408,0.043,0.1281,0.0327,0.155,3127,203,0.039,0.243,0.0357,0.089,0,,,0.6479,0.0524,0.049,0.1158,0.0347,0.182,0.063,0.0235,0.227,0.0943,0.0233,0.15,0.4795,0.0678,0.086,1135,181,0.097,1232,147,0.073,0.4302,0.0708,0.1,569,87,0.093,40700,5523,0.082,0.5427,0.1213,0.136,0.3163,0.1048,0.201,0.1575,0.0693,0.268,0.5727,0.0553,0.059,0.1581,0.0426,0.164,0.0606,0.04,0.401,0.0,0.0053,,0.0727,0.0397,0.332,0.2594,0.0538,0.126
4200355016,2019,14687,38,0.002,6345,269,0.026,38.0,1.9,0.03,0.1966,0.0271,0.084,0.1294,0.0176,0.083,0.909,0.0292,0.02,0.0201,0.0086,0.262,0.0187,0.0091,0.294,0.0187,0.021,0.683,78707,6663,0.051,40785,2611,0.039,0.093,0.0447,0.292,0.0392,0.0127,0.196,0.7397,0.0312,0.026,0.35,0.0394,0.068,6795,334,0.03,0.0662,0.0309,0.283,1988,2,0.001,0.5264,0.0326,0.038,0.0065,0.0077,0.725,0.152,0.0386,0.154,0.0499,0.0158,0.193,0.299,0.039,0.079,1897,260,0.083,4448,279,0.038,0.2793,0.0414,0.09,1101,55,0.03,191500,18261,0.058,0.2725,0.0869,0.194,0.0896,0.0647,0.439,0.1994,0.0452,0.138,0.8583,0.0308,0.022,0.0105,0.007,0.404,0.0033,0.0035,0.651,0.0,0.0019,,0.0381,0.0158,0.253,0.0189,0.0106,0.34
4200355488,2019,10037,35,0.002,4782,273,0.035,46.7,2.6,0.034,0.1717,0.0338,0.12,0.2247,0.0296,0.08,0.7644,0.0537,0.043,0.1587,0.0414,0.159,0.0023,0.0034,0.899,0.0478,0.0369,0.469,44133,3263,0.045,38300,12341,0.196,0.0939,0.0418,0.27,0.061,0.0284,0.283,0.6019,0.0362,0.037,0.2292,0.0421,0.112,5516,317,0.035,0.1331,0.0391,0.179,1959,3,0.001,0.6592,0.0451,0.042,0.0593,0.0306,0.314,0.0734,0.0269,0.223,0.1061,0.0334,0.191,0.3515,0.0465,0.08,1681,242,0.088,3101,286,0.056,0.3068,0.0545,0.108,761,55,0.044,82900,4230,0.031,0.4545,0.1182,0.158,0.2243,0.1058,0.287,0.1451,0.0435,0.182,0.783,0.0693,0.054,0.0757,0.041,0.329,0.0237,0.0176,0.452,0.0,0.0034,,0.0271,0.018,0.404,0.1466,0.0451,0.187
4200355840,2019,1505,77,0.031,651,37,0.035,47.6,1.1,0.014,0.1774,0.0288,0.099,0.2073,0.0256,0.075,0.9767,0.0181,0.011,0.0126,0.0113,0.543,0.0,0.0066,,0.0013,0.0027,1.215,70662,7466,0.064,32987,1927,0.036,0.016,0.0116,0.441,0.0422,0.0214,0.308,0.653,0.043,0.04,0.2482,0.0316,0.077,693,27,0.024,0.0606,0.0374,0.376,1956,5,0.002,0.7893,0.0382,0.029,0.0303,0.0173,0.348,0.1154,0.0437,0.23,0.0202,0.0362,1.089,0.1951,0.0526,0.164,127,35,0.168,524,37,0.043,0.1468,0.0446,0.184,728,357,0.298,139600,5770,0.025,0.2677,0.1369,0.311,0.1339,0.1205,0.547,0.0973,0.0449,0.28,0.8691,0.0165,0.012,0.0154,0.0127,0.503,0.027,0.0152,0.342,0.0,0.0128,,0.0193,0.0127,0.401,0.0568,0.0322,0.345
4200356088,2019,6480,28,0.003,3140,147,0.028,47.8,2.2,0.028,0.1586,0.0234,0.09,0.2606,0.0293,0.068,0.9448,0.0157,0.01,0.0102,0.0056,0.332,0.0139,0.012,0.527,0.0133,0.0066,0.304,65833,5765,0.053,47490,4033,0.052,0.0439,0.0157,0.218,0.0416,0.0164,0.239,0.6457,0.0253,0.024,0.5279,0.0458,0.053,3381,174,0.031,0.0713,0.0296,0.253,1957,2,0.001,0.4818,0.0343,0.043,0.1236,0.0297,0.146,0.142,0.0305,0.131,0.0787,0.0215,0.166,0.4054,0.0368,0.055,1273,130,0.062,1867,108,0.035,0.323,0.0354,0.067,879,42,0.029,206200,15596,0.046,0.3401,0.0826,0.148,0.1343,0.05,0.226,0.1939,0.0444,0.139,0.798,0.0449,0.034,0.0092,0.0077,0.509,0.026,0.0134,0.313,0.0,0.0045,,0.0713,0.0206,0.176,0.0844,0.0254,0.183
4200356384,2019,8892,24,0.002,3681,130,0.021,48.5,1.4,0.018,0.2173,0.0265,0.074,0.249,0.0237,0.058,0.8664,0.0268,0.019,0.0074,0.0061,0.497,0.0968,0.0251,0.157,0.0164,0.0081,0.3,96926,5380,0.034,53462,4003,0.046,0.0385,0.0179,0.283,0.0141,0.0075,0.322,0.6251,0.0269,0.026,0.6217,0.0444,0.043,3942,134,0.021,0.0662,0.0304,0.279,1966,3,0.001,0.8288,0.0237,0.017,0.0015,0.0044,1.772,0.0124,0.0077,0.377,0.1218,0.0216,0.108,0.1619,0.0318,0.119,596,119,0.121,3085,138,0.027,0.1283,0.0341,0.162,1484,203,0.083,257800,17941,0.042,0.5168,0.1345,0.158,0.3591,0.093,0.158,0.1653,0.0373,0.137,0.7949,0.0336,0.026,0.0193,0.0121,0.382,0.0124,0.0075,0.37,0.0,0.0034,,0.0883,0.0209,0.144,0.0516,0.0192,0.226
4200356392,2019,6565,24,0.002,2483,161,0.039,40.0,2.1,0.032,0.2483,0.0479,0.117,0.174,0.0334,0.117,0.9063,0.03,0.02,0.03,0.0177,0.358,0.027,0.0215,0.484,0.0143,0.0114,0.485,117917,17883,0.092,53502,5850,0.066,0.0321,0.0208,0.393,0.0287,0.0239,0.506,0.71,0.0308,0.026,0.6483,0.0623,0.058,2770,166,0.036,0.1036,0.0545,0.32,2001,3,0.001,0.6884,0.0389,0.034,0.0433,0.026,0.365,0.0903,0.0491,0.331,0.0253,0.0187,0.449,0.2187,0.0645,0.179,543,164,0.184,1940,135,0.042,0.1598,0.0502,0.191,1330,65,0.03,340400,21308,0.038,0.4273,0.2177,0.31,0.14,0.1198,0.52,0.1505,0.0549,0.222,0.8051,0.058,0.044,0.0205,0.0183,0.543,0.0046,0.0076,1.013,0.0,0.0046,,0.0474,0.023,0.296,0.0068,0.0131,1.167
4200359032,2019,41317,60,0.001,18552,399,0.013,44.4,1.1,0.015,0.1889,0.0173,0.056,0.2037,0.0132,0.039,0.544,0.0182,0.02,0.3818,0.0213,0.034,0.003,0.0022,0.453,0.0155,0.0061,0.239,55491,1879,0.021,31873,1848,0.035,0.0888,0.0171,0.117,0.0563,0.0125,0.135,0.6537,0.0162,0.015,0.3126,0.0204,0.04,20425,495,0.015,0.0917,0.0164,0.109,1958,2,0.001,0.8103,0.0077,0.006,0.0341,0.0108,0.192,0.0435,0.0131,0.183,0.0546,0.0132,0.146,0.2559,0.0221,0.052,4748,422,0.054,13804,448,0.02,0.239,0.0227,0.058,829,59,0.043,95000,2322,0.015,0.4103,0.0566,0.084,0.1704,0.0418,0.149,0.1899,0.0237,0.076,0.7387,0.0273,0.022,0.0896,0.0206,0.14,0.0147,0.0063,0.259,0.0008,0.0013,1.026,0.0407,0.0102,0.152,0.0962,0.017,0.108
4200359152,2019,720,53,0.045,489,26,0.032,36.6,1.1,0.018,0.1208,0.0559,0.281,0.1417,0.0371,0.159,0.8597,0.0376,0.027,0.0819,0.0594,0.441,0.0028,0.0042,0.911,0.0,0.0139,,64427,5333,0.05,50628,6397,0.077,0.0792,0.0982,0.754,0.0,0.019,,0.8294,0.0311,0.023,0.568,0.0745,0.08,519,17,0.02,0.0578,0.0346,0.364,1973,1,0.0,0.0096,0.0116,0.729,0.052,0.044,0.514,0.1965,0.0532,0.164,0.0135,0.0225,1.013,0.2147,0.0582,0.165,105,29,0.168,384,37,0.059,0.2333,0.0644,0.168,1101,69,0.038,114400,3439,0.018,0.3048,0.2219,0.443,0.0286,0.0373,0.793,0.1719,0.082,0.29,0.8365,0.0579,0.042,0.0327,0.0268,0.498,0.0,0.0192,,0.0058,0.0077,0.809,0.05,0.0402,0.489,0.0225,0.0173,0.468
4200360272,2019,13118,18,0.001,4530,148,0.02,38.8,2.6,0.041,0.2943,0.0371,0.077,0.0909,0.0202,0.135,0.9162,0.0318,0.021,0.0083,0.0125,0.915,0.0495,0.0274,0.337,0.0164,0.0149,0.551,153302,19606,0.078,70271,6492,0.056,0.0281,0.0202,0.438,0.0307,0.0187,0.371,0.699,0.0315,0.027,0.7716,0.0774,0.061,4685,170,0.022,0.0331,0.0254,0.466,2000,3,0.001,0.7614,0.0393,0.031,0.0,0.0048,,0.061,0.0325,0.324,0.0685,0.0335,0.297,0.1797,0.04,0.135,814,183,0.137,3716,219,0.036,0.1352,0.036,0.162,1587,194,0.074,427600,26756,0.038,0.1486,0.1151,0.471,0.0332,0.0523,0.958,0.1284,0.047,0.223,0.7858,0.0275,0.021,0.019,0.0169,0.543,0.022,0.0168,0.463,0.0,0.0024,,0.0796,0.029,0.222,0.0155,0.0154,0.606
4200360712,2019,3195,21,0.004,1458,123,0.051,39.3,5.4,0.084,0.2432,0.0696,0.174,0.1524,0.0365,0.146,0.6457,0.0759,0.071,0.2351,0.0861,0.223,0.0316,0.0379,0.728,0.0469,0.0388,0.503,32864,5153,0.095,19329,2177,0.068,0.2185,0.0822,0.229,0.076,0.0414,0.331,0.5918,0.0475,0.049,0.1774,0.0541,0.185,1668,153,0.056,0.1259,0.0661,0.319,0,,,0.4305,0.07,0.099,0.2818,0.0887,0.191,0.1109,0.0626,0.343,0.0791,0.0393,0.302,0.5713,0.0734,0.078,833,128,0.093,625,122,0.119,0.5987,0.076,0.077,687,52,0.046,68100,7824,0.07,0.4958,0.1228,0.151,0.2545,0.0877,0.21,0.136,0.0895,0.4,0.7228,0.0672,0.057,0.1266,0.0712,0.342,0.0172,0.0179,0.63,0.0,0.0075,,0.0419,0.0469,0.68,0.1886,0.0643,0.207
4200361328,2019,8113,21,0.002,3603,123,0.021,47.4,1.5,0.019,0.1882,0.0279,0.09,0.2471,0.0376,0.093,0.9357,0.0352,0.023,0.0101,0.007,0.423,0.0302,0.0302,0.608,0.0175,0.0099,0.342,76480,10299,0.082,42022,3818,0.055,0.0382,0.0245,0.391,0.0349,0.0163,0.285,0.642,0.0251,0.024,0.4139,0.0391,0.057,3752,123,0.02,0.0397,0.0277,0.424,1957,2,0.001,0.7652,0.0328,0.026,0.045,0.0155,0.209,0.0277,0.0145,0.319,0.1429,0.0402,0.171,0.234,0.04,0.104,843,147,0.106,2760,127,0.028,0.1667,0.0354,0.129,995,96,0.059,166900,4718,0.017,0.3998,0.1583,0.241,0.293,0.143,0.297,0.154,0.0441,0.174,0.7663,0.052,0.041,0.0501,0.0186,0.226,0.0069,0.0081,0.712,0.0,0.0036,,0.0387,0.0175,0.274,0.0497,0.0271,0.331
4200361536,2019,27195,44,0.001,11366,249,0.013,45.3,1.3,0.017,0.2008,0.0175,0.053,0.2099,0.0172,0.05,0.9249,0.0156,0.01,0.0318,0.0095,0.182,0.0026,0.0021,0.504,0.0124,0.0064,0.315,78709,3226,0.025,38461,1790,0.028,0.0389,0.0118,0.185,0.0305,0.0117,0.233,0.6622,0.0163,0.015,0.3675,0.026,0.043,11990,258,0.013,0.052,0.0185,0.216,1973,2,0.001,0.7731,0.0147,0.012,0.0258,0.01,0.236,0.0492,0.0148,0.183,0.0518,0.0145,0.17,0.204,0.0218,0.065,2319,253,0.066,9047,249,0.017,0.1481,0.0188,0.077,948,82,0.053,153700,3461,0.014,0.3471,0.0799,0.14,0.1125,0.0498,0.269,0.1304,0.0246,0.115,0.8322,0.0247,0.018,0.0193,0.0076,0.238,0.0052,0.0044,0.516,0.0013,0.0022,0.992,0.0698,0.0156,0.136,0.0524,0.0161,0.187
4200362320,2019,3697,19,0.003,1742,105,0.037,45.3,5.2,0.07,0.1956,0.0459,0.143,0.2188,0.0389,0.108,0.9218,0.0365,0.024,0.0214,0.0192,0.546,0.0151,0.0187,0.749,0.0208,0.0214,0.624,54063,9626,0.108,29637,3016,0.062,0.0982,0.0424,0.262,0.0601,0.0364,0.368,0.6696,0.0453,0.041,0.1709,0.0494,0.176,1933,125,0.039,0.0988,0.0398,0.245,1952,2,0.001,0.8577,0.0342,0.024,0.0228,0.0143,0.383,0.076,0.0473,0.378,0.0248,0.0289,0.707,0.2658,0.0711,0.163,463,127,0.167,1279,122,0.058,0.2213,0.079,0.217,815,82,0.061,70000,3934,0.034,0.3758,0.1409,0.228,0.2009,0.122,0.369,0.0954,0.0514,0.328,0.8094,0.064,0.048,0.0375,0.022,0.356,0.0048,0.0074,0.944,0.0,0.0053,,0.0317,0.0273,0.524,0.1251,0.0527,0.256
4200363408,2019,2068,307,0.09,912,71,0.047,36.0,4.4,0.074,0.2307,0.06,0.158,0.0624,0.0246,0.24,0.1557,0.0198,0.077,0.8254,0.0863,0.064,0.0,0.0048,,0.0,0.0048,,34091,10080,0.18,17619,3076,0.106,0.2985,0.1008,0.205,0.1431,0.062,0.263,0.7179,0.0684,0.058,0.221,0.0736,0.202,1057,59,0.034,0.1372,0.0582,0.258,1949,7,0.002,0.3756,0.0717,0.116,0.1741,0.0663,0.232,0.2346,0.0838,0.217,0.0265,0.0249,0.572,0.7423,0.0786,0.064,677,89,0.08,235,69,0.178,0.7591,0.1135,0.091,613,76,0.075,49100,10067,0.125,0.4505,0.1514,0.204,0.1728,0.0978,0.344,0.2426,0.1619,0.406,0.4474,0.0842,0.114,0.3555,0.1046,0.179,0.0143,0.015,0.637,0.0,0.0102,,0.0644,0.0512,0.484,0.2807,0.0845,0.183
4200364240,2019,3266,24,0.004,1431,63,0.027,47.0,3.3,0.043,0.154,0.0301,0.119,0.1871,0.0259,0.084,0.9464,0.0225,0.014,0.0153,0.0107,0.426,0.0083,0.0126,0.923,0.0175,0.0144,0.501,67452,6411,0.058,32870,1896,0.035,0.0398,0.0162,0.247,0.0294,0.0161,0.333,0.7197,0.0264,0.022,0.2708,0.0418,0.094,1556,64,0.025,0.0803,0.0333,0.252,1954,2,0.001,0.8509,0.0444,0.032,0.0418,0.0259,0.378,0.0141,0.0127,0.544,0.0,0.0091,,0.1356,0.0394,0.177,194,57,0.179,1237,63,0.031,0.1353,0.0413,0.186,847,153,0.11,128600,9768,0.046,0.2835,0.1697,0.364,0.2423,0.1488,0.373,0.1568,0.0434,0.168,0.7837,0.0419,0.033,0.0519,0.0258,0.303,0.0097,0.0102,0.639,0.0041,0.0061,0.911,0.03,0.0167,0.339,0.037,0.0218,0.358
4200364528,2019,11448,17,0.001,4221,250,0.036,44.5,3.6,0.049,0.2462,0.0333,0.082,0.1963,0.0298,0.092,0.954,0.0235,0.015,0.0038,0.0041,0.649,0.0127,0.0105,0.503,0.024,0.0168,0.424,105844,10906,0.063,48550,5141,0.064,0.0741,0.0449,0.368,0.018,0.0101,0.34,0.6431,0.0337,0.032,0.5551,0.0566,0.062,4397,239,0.033,0.04,0.0311,0.472,1978,5,0.002,0.7651,0.0253,0.02,0.0057,0.0073,0.783,0.0432,0.0221,0.311,0.0944,0.0229,0.148,0.1606,0.035,0.132,678,153,0.137,3543,227,0.039,0.0906,0.0284,0.191,1490,908,0.37,262800,10162,0.024,0.6077,0.1725,0.173,0.3643,0.133,0.222,0.1693,0.0442,0.159,0.8587,0.0211,0.015,0.011,0.0111,0.617,0.0,0.0029,,0.0023,0.0034,0.888,0.0671,0.0221,0.2,0.0891,0.029,0.198
4200365352,2019,13703,22,0.001,6012,206,0.021,43.2,2.5,0.035,0.1737,0.0227,0.079,0.1824,0.0222,0.074,0.9197,0.0248,0.016,0.04,0.0211,0.321,0.0248,0.0128,0.315,0.008,0.0058,0.442,84762,6823,0.049,45776,2422,0.032,0.0514,0.0171,0.202,0.0196,0.0113,0.349,0.6653,0.0252,0.023,0.4991,0.0421,0.051,6561,274,0.025,0.0837,0.035,0.255,1985,3,0.001,0.5941,0.0371,0.038,0.0436,0.0229,0.319,0.1079,0.0244,0.138,0.1056,0.0336,0.193,0.2548,0.0357,0.085,1532,221,0.088,4480,220,0.03,0.1902,0.0311,0.099,1234,81,0.04,201400,13677,0.041,0.3022,0.0956,0.192,0.0875,0.0405,0.282,0.19,0.0435,0.139,0.83,0.025,0.018,0.027,0.0121,0.271,0.0176,0.0088,0.303,0.0004,0.0011,1.621,0.0728,0.0251,0.21,0.0253,0.0131,0.316
4200366264,2019,30603,24,0.0,13896,305,0.013,44.5,1.0,0.014,0.1749,0.0144,0.05,0.2203,0.0146,0.04,0.9061,0.0166,0.011,0.0299,0.0126,0.256,0.0345,0.0101,0.178,0.0168,0.0062,0.225,77170,3889,0.031,42475,1520,0.022,0.0519,0.0148,0.173,0.0316,0.0074,0.143,0.6713,0.017,0.015,0.4925,0.0243,0.03,14686,305,0.013,0.0538,0.0173,0.195,1963,2,0.001,0.6736,0.0196,0.018,0.0232,0.007,0.183,0.0764,0.0139,0.111,0.1002,0.0132,0.08,0.2435,0.0189,0.047,3384,273,0.049,10512,330,0.019,0.1913,0.0178,0.057,932,59,0.038,174600,3854,0.013,0.3452,0.0548,0.097,0.1377,0.0426,0.188,0.1641,0.0233,0.086,0.7548,0.0276,0.022,0.0563,0.0113,0.121,0.0093,0.0039,0.258,0.0007,0.001,0.939,0.0757,0.0118,0.095,0.0494,0.0118,0.145
4200366320,2019,440,49,0.068,193,22,0.069,51.1,2.5,0.03,0.2045,0.0393,0.117,0.2477,0.0305,0.075,0.975,0.0522,0.033,0.0045,0.0045,0.604,0.0091,0.0067,0.451,0.0114,0.0181,0.97,134583,19332,0.087,72130,8497,0.072,0.0091,0.0254,1.698,0.0189,0.0149,0.479,0.7154,0.0756,0.064,0.7874,0.0463,0.036,199,24,0.073,0.0302,0.0451,0.909,1945,6,0.002,1.0,0.0,0.0,0.0,0.0711,,0.0,0.0711,,0.0,0.0711,,0.0207,0.0154,0.451,4,3,0.456,189,23,0.074,0.0136,0.0136,0.604,1833,340,0.113,335600,20399,0.037,0.25,4.3549,10.589,0.0,2.5,,0.2063,0.0717,0.211,0.7647,0.056,0.045,0.0157,0.0156,0.603,0.0471,0.0268,0.346,0.0,0.0392,,0.1333,0.0395,0.18,0.0155,0.0541,2.114
4200368388,2019,16625,25,0.001,7733,243,0.019,44.2,2.1,0.029,0.1626,0.0197,0.074,0.2471,0.0198,0.049,0.8142,0.0321,0.024,0.0202,0.0117,0.352,0.0992,0.0249,0.153,0.0179,0.009,0.305,70346,3519,0.03,39106,2218,0.034,0.0537,0.016,0.181,0.0257,0.0093,0.22,0.6292,0.0232,0.022,0.4645,0.0331,0.043,8136,241,0.018,0.0495,0.0159,0.195,1960,2,0.001,0.5649,0.0241,0.026,0.0299,0.0112,0.228,0.1184,0.0241,0.124,0.1838,0.0217,0.072,0.3653,0.0283,0.047,2825,236,0.051,4908,273,0.034,0.3398,0.0318,0.057,1025,51,0.03,161700,5086,0.019,0.3065,0.062,0.123,0.1338,0.0424,0.193,0.1738,0.0311,0.109,0.7358,0.041,0.034,0.1079,0.0211,0.119,0.0176,0.0101,0.347,0.0,0.0019,,0.0507,0.0159,0.191,0.0725,0.018,0.151
4200369376,2019,3829,44,0.007,1825,109,0.036,44.1,3.3,0.045,0.2139,0.0389,0.111,0.2071,0.0425,0.125,0.8441,0.0519,0.037,0.0875,0.0465,0.323,0.0235,0.0204,0.527,0.0167,0.0128,0.465,63475,12258,0.117,64462,8594,0.081,0.0614,0.032,0.317,0.0278,0.021,0.459,0.622,0.0487,0.048,0.6542,0.082,0.076,2066,146,0.043,0.1167,0.0511,0.266,0,,,0.5644,0.0607,0.065,0.1104,0.0456,0.251,0.1612,0.0509,0.192,0.1065,0.0363,0.207,0.3836,0.0703,0.111,700,135,0.117,1125,126,0.068,0.3037,0.0656,0.131,865,55,0.039,343300,41962,0.074,0.3371,0.1206,0.217,0.1771,0.1076,0.369,0.32,0.0965,0.183,0.6997,0.0517,0.045,0.0603,0.0381,0.384,0.0725,0.0422,0.354,0.0,0.0053,,0.0768,0.0395,0.312,0.0981,0.0454,0.282
4200369400,2019,741,91,0.075,287,32,0.068,50.5,2.7,0.033,0.2551,0.0611,0.146,0.2051,0.0278,0.083,0.9393,0.0219,0.014,0.0027,0.004,0.909,0.0405,0.0196,0.295,0.0,0.0135,,240417,53271,0.135,153406,29089,0.115,0.031,0.0216,0.424,0.0194,0.0164,0.513,0.6122,0.0623,0.062,0.7462,0.0563,0.046,355,34,0.058,0.1915,0.0621,0.197,1961,8,0.002,0.9944,0.0102,0.006,0.0,0.0398,,0.0,0.0398,,0.0,0.0398,,0.108,0.058,0.326,31,17,0.333,256,31,0.074,0.081,0.0351,0.263,1266,815,0.391,987800,131535,0.081,0.4194,0.5976,0.866,0.1613,0.1349,0.508,0.2773,0.0799,0.175,0.8272,0.0909,0.067,0.0,0.0283,,0.0142,0.014,0.601,0.0,0.0283,,0.0963,0.0399,0.252,0.0279,0.0407,0.887
4200369416,2019,691,85,0.075,257,28,0.066,48.4,5.3,0.067,0.2388,0.0453,0.115,0.1766,0.038,0.131,0.8452,0.044,0.032,0.0535,0.0531,0.603,0.0839,0.0451,0.327,0.0116,0.0129,0.68,147813,27149,0.112,78384,11185,0.087,0.0029,0.0156,3.273,0.0246,0.016,0.395,0.6765,0.0557,0.05,0.6747,0.0734,0.066,277,30,0.066,0.0722,0.0609,0.513,1987,3,0.001,0.9314,0.1403,0.092,0.0072,0.0377,3.173,0.0144,0.0421,1.771,0.0181,0.0388,1.308,0.0545,0.0226,0.252,14,6,0.261,243,28,0.07,0.0232,0.0112,0.295,725,381,0.319,510200,72488,0.086,0.3571,1.2786,2.176,0.3571,0.3227,0.549,0.1646,0.088,0.325,0.8667,0.0663,0.047,0.0435,0.0283,0.396,0.0058,0.0087,0.908,0.0,0.029,,0.0493,0.0221,0.272,0.0195,0.0419,1.308
4200369584,2019,28030,37,0.001,12395,271,0.013,47.0,1.0,0.013,0.1726,0.0165,0.058,0.2218,0.0185,0.051,0.957,0.0141,0.009,0.0103,0.0082,0.482,0.0039,0.003,0.463,0.0098,0.0068,0.421,75064,3131,0.025,39854,1661,0.025,0.0474,0.0135,0.173,0.0348,0.0103,0.179,0.676,0.0192,0.017,0.3813,0.0233,0.037,13023,249,0.012,0.0482,0.0146,0.184,1961,2,0.001,0.8596,0.0206,0.015,0.0332,0.0121,0.223,0.0296,0.0087,0.179,0.0184,0.0074,0.244,0.1242,0.024,0.117,1540,299,0.118,10855,326,0.018,0.0953,0.018,0.115,931,49,0.032,174100,4087,0.014,0.326,0.0783,0.146,0.126,0.0524,0.253,0.151,0.0268,0.108,0.8189,0.0101,0.008,0.0256,0.0093,0.222,0.0065,0.0048,0.452,0.0011,0.0019,1.037,0.0554,0.0135,0.148,0.0331,0.0137,0.251
4200369776,2019,3358,17,0.003,1645,163,0.06,42.5,7.6,0.109,0.1638,0.0447,0.166,0.1176,0.0279,0.144,0.8517,0.0555,0.04,0.084,0.0411,0.297,0.0167,0.0155,0.564,0.0232,0.0268,0.701,36360,3374,0.056,22159,3111,0.085,0.2307,0.0718,0.189,0.1236,0.0637,0.313,0.5996,0.0516,0.052,0.2273,0.0659,0.176,1887,193,0.062,0.1282,0.0563,0.267,0,,,0.3757,0.0659,0.107,0.1977,0.0714,0.22,0.1076,0.0599,0.339,0.0938,0.0306,0.198,0.5866,0.0646,0.067,965,143,0.09,680,142,0.127,0.5472,0.0814,0.09,792,74,0.057,81800,5801,0.043,0.4052,0.1245,0.187,0.2228,0.0872,0.238,0.1926,0.1001,0.316,0.6047,0.0879,0.088,0.073,0.0469,0.39,0.075,0.064,0.519,0.0115,0.0121,0.638,0.0223,0.0207,0.565,0.2547,0.0726,0.173
4200372160,2019,15614,22,0.001,6104,200,0.02,41.4,1.1,0.016,0.2588,0.0276,0.065,0.1796,0.021,0.071,0.8714,0.023,0.016,0.0097,0.0074,0.46,0.0953,0.019,0.121,0.0142,0.0087,0.372,86858,6511,0.046,45733,3493,0.046,0.0421,0.0144,0.208,0.0225,0.0124,0.335,0.6629,0.0278,0.026,0.5131,0.0368,0.044,6485,237,0.022,0.0588,0.0278,0.288,1990,3,0.001,0.6157,0.0288,0.028,0.0418,0.0209,0.305,0.0537,0.0191,0.217,0.0666,0.0249,0.228,0.2128,0.0364,0.104,1299,226,0.106,4805,254,0.032,0.1347,0.0271,0.122,965,135,0.085,248100,12367,0.03,0.5035,0.147,0.177,0.2918,0.1164,0.243,0.185,0.038,0.125,0.8394,0.0295,0.021,0.0181,0.009,0.3,0.0038,0.0052,0.838,0.0,0.0021,,0.0632,0.0161,0.155,0.0816,0.0305,0.227
4200372400,2019,13395,23,0.001,5595,161,0.017,45.8,1.6,0.021,0.1921,0.021,0.066,0.1953,0.0224,0.07,0.8854,0.0357,0.025,0.0469,0.0241,0.313,0.0209,0.0169,0.491,0.0222,0.0137,0.375,74022,4133,0.034,36105,1777,0.03,0.0589,0.0194,0.201,0.0438,0.0206,0.286,0.6928,0.0243,0.021,0.3679,0.0344,0.057,5819,157,0.016,0.0385,0.0208,0.328,1973,1,0.0,0.7513,0.0222,0.018,0.0172,0.0103,0.364,0.0668,0.0218,0.198,0.0791,0.0289,0.222,0.2052,0.0331,0.098,1148,188,0.1,4447,211,0.029,0.2021,0.0353,0.106,1000,54,0.033,167000,4814,0.018,0.3519,0.1136,0.196,0.1376,0.085,0.376,0.1639,0.0367,0.136,0.7993,0.028,0.021,0.0686,0.0199,0.177,0.0082,0.0065,0.486,0.0,0.0022,,0.044,0.0163,0.225,0.0345,0.0145,0.255
4200372568,2019,449,113,0.153,192,40,0.127,51.1,7.3,0.087,0.1871,0.0623,0.203,0.2517,0.0385,0.093,0.8463,0.0965,0.069,0.069,0.1055,0.929,0.0111,0.0198,1.083,0.0713,0.0781,0.667,50395,10916,0.132,26176,5114,0.119,0.1359,0.0884,0.395,0.122,0.1162,0.579,0.5541,0.1124,0.123,0.1195,0.0532,0.27,197,41,0.127,0.0254,0.0454,1.087,1955,3,0.001,0.9695,0.0688,0.043,0.0,0.0718,,0.0,0.0718,,0.0,0.0718,,0.099,0.0699,0.43,19,14,0.448,173,39,0.137,0.0891,0.0653,0.446,1018,401,0.239,88800,13851,0.095,0.1053,0.9219,5.324,0.1053,0.1375,0.794,0.2775,0.1388,0.304,0.9096,0.068,0.045,0.0339,0.032,0.573,0.0113,0.0223,1.199,0.0,0.0565,,0.0113,0.0165,0.889,0.026,0.0605,1.412
4200372960,2019,3326,18,0.003,1598,62,0.024,44.3,3.2,0.044,0.1873,0.0306,0.099,0.1951,0.0312,0.097,0.9681,0.0176,0.011,0.0021,0.003,0.868,0.0018,0.0027,0.912,0.0096,0.012,0.76,54118,5933,0.067,32389,3775,0.071,0.1048,0.0331,0.192,0.067,0.0261,0.237,0.6691,0.0243,0.022,0.2413,0.0412,0.104,1733,75,0.026,0.0779,0.0362,0.282,1948,5,0.002,0.6567,0.0371,0.034,0.142,0.0392,0.168,0.0537,0.0318,0.361,0.0629,0.0212,0.205,0.388,0.0464,0.073,620,78,0.076,978,77,0.048,0.2903,0.0421,0.088,661,150,0.138,103700,8172,0.048,0.2952,0.1014,0.209,0.0919,0.0635,0.42,0.1493,0.0471,0.192,0.7975,0.0497,0.038,0.0382,0.019,0.303,0.0231,0.0162,0.425,0.0,0.0058,,0.0492,0.0224,0.277,0.1108,0.037,0.203
4200372968,2019,1574,101,0.039,846,42,0.03,55.2,3.4,0.037,0.1055,0.0342,0.197,0.2973,0.0424,0.087,0.9778,0.0162,0.01,0.0,0.0064,,0.0038,0.0057,0.911,0.0184,0.0158,0.523,49886,4995,0.061,36049,5430,0.092,0.062,0.0295,0.29,0.0256,0.0217,0.517,0.5786,0.0537,0.056,0.1873,0.0451,0.146,865,26,0.018,0.022,0.0335,0.928,1961,4,0.001,0.6462,0.0581,0.055,0.1145,0.0566,0.301,0.0069,0.0156,1.363,0.0,0.0163,,0.1738,0.0561,0.196,147,48,0.198,699,51,0.044,0.1753,0.0651,0.226,787,95,0.073,115600,8591,0.045,0.3333,0.1837,0.335,0.2041,0.1565,0.466,0.2031,0.0565,0.169,0.8381,0.0396,0.029,0.0,0.013,,0.0233,0.0192,0.5,0.0,0.013,,0.0259,0.0204,0.48,0.0603,0.0311,0.313
4200374648,2019,6197,22,0.002,2545,177,0.042,37.7,3.3,0.053,0.2496,0.0505,0.123,0.1383,0.0236,0.104,0.6916,0.0684,0.06,0.2322,0.046,0.12,0.0027,0.0044,0.965,0.0,0.0024,,43580,9095,0.127,24078,3600,0.091,0.2363,0.0802,0.206,0.093,0.0547,0.357,0.6127,0.0461,0.046,0.1089,0.0334,0.186,3192,208,0.04,0.2027,0.0493,0.148,1945,6,0.002,0.6535,0.051,0.047,0.1476,0.0577,0.238,0.0345,0.0229,0.405,0.0273,0.0166,0.369,0.4707,0.0578,0.075,1198,169,0.086,1347,151,0.068,0.535,0.0601,0.068,790,79,0.061,73800,4696,0.039,0.4048,0.1003,0.151,0.3005,0.0917,0.185,0.1247,0.0548,0.267,0.7246,0.0774,0.065,0.1179,0.0412,0.212,0.0339,0.0256,0.459,0.0039,0.0058,0.91,0.0104,0.0096,0.56,0.2593,0.056,0.131
4200375816,2019,8760,28,0.002,4436,180,0.025,40.1,2.5,0.038,0.1669,0.0294,0.107,0.1508,0.0209,0.084,0.6075,0.0375,0.038,0.3234,0.0333,0.063,0.0121,0.0068,0.344,0.0318,0.0162,0.309,50067,3122,0.038,30321,1752,0.035,0.1319,0.0316,0.146,0.0487,0.0207,0.258,0.696,0.0256,0.022,0.4121,0.0409,0.06,5155,208,0.025,0.1395,0.0289,0.126,0,,,0.5038,0.0358,0.043,0.2093,0.0433,0.126,0.1337,0.03,0.137,0.0407,0.0109,0.163,0.5092,0.0423,0.051,2259,209,0.056,2177,159,0.044,0.4658,0.041,0.053,833,31,0.023,109900,11434,0.063,0.4431,0.0783,0.107,0.2306,0.0596,0.157,0.1778,0.05,0.171,0.5848,0.0405,0.042,0.2489,0.0341,0.083,0.0309,0.0191,0.375,0.0102,0.0077,0.461,0.0421,0.0161,0.233,0.1745,0.0371,0.129
4200376104,2019,4413,28,0.004,2231,195,0.053,48.7,8.3,0.104,0.1935,0.0572,0.18,0.1815,0.0447,0.15,0.831,0.0698,0.051,0.1063,0.0197,0.113,0.0,0.0023,,0.0165,0.0172,0.633,33970,5321,0.095,22251,3237,0.088,0.2309,0.1023,0.269,0.0933,0.055,0.358,0.5902,0.0697,0.072,0.1303,0.0464,0.216,2401,206,0.052,0.0708,0.0479,0.412,1941,5,0.002,0.4769,0.0939,0.12,0.2807,0.0932,0.202,0.115,0.0895,0.473,0.0975,0.0656,0.409,0.528,0.0932,0.107,1178,232,0.12,1053,247,0.143,0.4886,0.1081,0.134,585,80,0.083,59300,5661,0.058,0.3005,0.1057,0.214,0.1604,0.0861,0.326,0.0988,0.0694,0.427,0.7487,0.1188,0.096,0.0224,0.0334,0.906,0.0571,0.0443,0.472,0.0,0.0053,,0.0187,0.02,0.652,0.1425,0.0808,0.345
4200376560,2019,443,38,0.052,175,20,0.069,48.7,3.9,0.049,0.2054,0.0399,0.118,0.2415,0.0293,0.074,0.9323,0.1108,0.072,0.0,0.0226,,0.0181,0.0089,0.299,0.0113,0.009,0.484,166250,16641,0.061,80926,10590,0.08,0.0384,0.0407,0.646,0.0378,0.0207,0.332,0.6556,0.0446,0.041,0.7329,0.0498,0.041,180,20,0.068,0.0278,0.0276,0.604,1953,3,0.001,0.9944,0.0374,0.023,0.0056,0.0567,6.199,0.0,0.0786,,0.0,0.0786,,0.0114,0.0114,0.604,2,2,0.608,173,18,0.063,0.0068,0.0067,0.606,,,,322500,11445,0.022,0.0,10.0,,0.0,5.0,,0.1445,0.0938,0.395,0.7588,0.0541,0.043,0.057,0.0301,0.321,0.0132,0.0175,0.808,0.0,0.0439,,0.114,0.0376,0.2,0.0,0.0808,
4200377272,2019,94,70,0.453,51,31,0.37,56.2,19.0,0.206,0.0,0.3009,,0.1596,0.4126,1.572,1.0,0.0,0.0,0.0,0.1064,,0.0,0.1064,,0.0,0.1064,,,,,25881,21357,0.502,0.5745,0.5268,0.557,0.0,0.25,,0.4255,0.3588,0.513,0.3191,0.2195,0.418,51,31,0.37,0.0,0.1961,,1961,25,0.008,0.4706,0.422,0.545,0.2353,0.396,1.023,0.0,0.2773,,0.2941,0.4581,0.947,0.5294,0.4688,0.538,27,29,0.653,24,26,0.659,0.5745,0.5159,0.546,,,,,,,0.4444,0.8239,1.127,0.0,0.3704,,0.0,1.1785,,1.0,0.0,0.0,0.0,0.25,,0.0,0.25,,0.0,0.25,,0.0,0.25,,0.2353,0.396,1.023
4200377912,2019,5197,21,0.002,2347,196,0.051,39.9,2.9,0.044,0.259,0.0586,0.138,0.1967,0.0402,0.124,0.7472,0.0846,0.069,0.1599,0.0708,0.269,0.005,0.0081,0.982,0.0156,0.0162,0.63,33292,5802,0.106,19823,2397,0.074,0.304,0.1127,0.225,0.0848,0.045,0.323,0.6428,0.0579,0.055,0.1623,0.057,0.213,2589,221,0.052,0.0935,0.0566,0.368,1943,2,0.001,0.5226,0.0856,0.1,0.1194,0.0454,0.231,0.1159,0.0609,0.319,0.0286,0.0189,0.402,0.6008,0.0891,0.09,1410,240,0.103,937,167,0.108,0.5249,0.0875,0.101,552,134,0.148,57100,3208,0.034,0.322,0.1346,0.254,0.1638,0.0997,0.37,0.3287,0.1213,0.224,0.7739,0.0889,0.07,0.0344,0.0346,0.612,0.0064,0.0099,0.93,0.0,0.0064,,0.0804,0.0561,0.424,0.1828,0.0641,0.213
4200379274,2019,19737,25,0.001,7193,155,0.013,43.5,1.2,0.017,0.2675,0.0182,0.041,0.1773,0.0153,0.052,0.8873,0.0137,0.009,0.0053,0.0035,0.409,0.0781,0.0122,0.095,0.0148,0.0051,0.208,128482,4132,0.02,63744,3367,0.032,0.0189,0.0071,0.23,0.0315,0.0096,0.186,0.6483,0.014,0.013,0.6892,0.0322,0.028,7441,173,0.014,0.0333,0.0136,0.247,1969,2,0.001,0.8933,0.0085,0.006,0.0,0.003,,0.0073,0.0047,0.392,0.0512,0.0144,0.171,0.0936,0.0194,0.126,673,140,0.126,6520,173,0.016,0.0736,0.0179,0.148,1780,196,0.067,295600,7541,0.016,0.4562,0.1245,0.166,0.2571,0.1111,0.263,0.1725,0.026,0.091,0.7373,0.0249,0.021,0.0738,0.0137,0.113,0.0128,0.0076,0.361,0.0,0.0017,,0.1085,0.0195,0.109,0.0378,0.0128,0.205
4200380032,2019,2767,168,0.037,1253,59,0.029,43.8,1.7,0.024,0.1829,0.0342,0.114,0.2006,0.0398,0.121,0.8226,0.0364,0.027,0.1276,0.0773,0.368,0.0,0.0036,,0.0087,0.0108,0.759,46146,3120,0.041,27764,2779,0.061,0.1576,0.0538,0.208,0.0455,0.0267,0.357,0.6522,0.0426,0.04,0.2425,0.0506,0.127,1342,33,0.015,0.0663,0.0387,0.355,1941,4,0.001,0.576,0.0571,0.06,0.2303,0.061,0.161,0.076,0.0481,0.384,0.0797,0.0384,0.293,0.5076,0.0635,0.076,636,85,0.081,617,66,0.065,0.416,0.079,0.115,662,80,0.073,87400,11574,0.081,0.489,0.1337,0.166,0.2626,0.1027,0.238,0.107,0.0499,0.283,0.7638,0.0722,0.057,0.0474,0.0353,0.453,0.0216,0.0145,0.408,0.0042,0.007,1.012,0.0425,0.0311,0.445,0.1692,0.0544,0.195
4200380040,2019,1621,89,0.033,802,37,0.028,48.6,2.4,0.03,0.1474,0.0322,0.133,0.2233,0.0319,0.087,0.9198,0.0231,0.015,0.0494,0.0251,0.31,0.0,0.0062,,0.0179,0.0129,0.439,41094,6788,0.1,26493,2514,0.058,0.1333,0.0441,0.201,0.0875,0.038,0.264,0.597,0.0493,0.05,0.1024,0.03,0.178,879,26,0.018,0.0876,0.0397,0.276,1950,5,0.002,0.6166,0.0634,0.063,0.0751,0.0353,0.286,0.2309,0.0561,0.148,0.0489,0.029,0.361,0.5062,0.0671,0.081,406,57,0.085,396,48,0.074,0.4263,0.0611,0.087,763,25,0.02,68200,3088,0.028,0.5591,0.1248,0.136,0.2315,0.0772,0.203,0.101,0.0572,0.344,0.7638,0.0686,0.055,0.0472,0.0325,0.418,0.0223,0.0143,0.389,0.0,0.0131,,0.0341,0.0313,0.558,0.1397,0.0401,0.175
4200380600,2019,564,127,0.137,224,41,0.111,40.9,11.6,0.172,0.1915,0.0597,0.19,0.1844,0.0402,0.133,0.922,0.2885,0.19,0.0532,0.0717,0.819,0.0053,0.0088,1.004,0.0053,0.0106,1.208,42188,7051,0.102,27062,8582,0.193,0.1277,0.0906,0.431,0.0847,0.0642,0.46,0.6277,0.0968,0.094,0.0558,0.0525,0.572,326,53,0.099,0.3129,0.1283,0.249,0,,,0.816,0.0249,0.019,0.0613,0.0475,0.47,0.0215,0.0373,1.055,0.0061,0.033,3.272,0.3929,0.1286,0.199,88,33,0.228,136,33,0.148,0.3528,0.1281,0.221,725,111,0.093,45800,5770,0.077,0.2045,0.1303,0.387,0.0795,0.1097,0.838,0.2794,0.171,0.372,0.8,0.1437,0.109,0.0269,0.0456,1.03,0.0,0.0385,,0.0,0.0385,,0.0385,0.0371,0.587,0.0536,0.0612,0.695
4200382800,2019,11937,27,0.001,5257,191,0.022,49.8,1.5,0.018,0.1774,0.025,0.086,0.2353,0.031,0.08,0.977,0.0107,0.007,0.0054,0.0036,0.408,0.0032,0.005,0.96,0.0071,0.0048,0.408,67577,6799,0.061,35241,2072,0.036,0.0497,0.0199,0.244,0.0389,0.0177,0.277,0.6403,0.0259,0.025,0.3135,0.0392,0.076,5526,218,0.024,0.0487,0.0296,0.37,1968,3,0.001,0.8058,0.0354,0.027,0.0371,0.0192,0.315,0.0076,0.0107,0.857,0.036,0.0275,0.464,0.1545,0.0432,0.17,812,229,0.171,4445,231,0.032,0.1381,0.0376,0.165,769,62,0.049,166300,7799,0.029,0.2488,0.1465,0.358,0.0677,0.0585,0.525,0.1982,0.0436,0.134,0.8389,0.0432,0.031,0.0,0.0027,,0.0023,0.004,1.042,0.0,0.0027,,0.077,0.0242,0.191,0.0255,0.0154,0.367
4200382848,2019,524,176,0.204,172,44,0.156,30.7,8.2,0.162,0.355,0.0778,0.133,0.0859,0.0385,0.273,0.9275,0.0906,0.059,0.0057,0.0113,1.199,0.0,0.0191,,0.0668,0.1064,0.969,45000,11745,0.159,19162,6709,0.213,0.1889,0.0923,0.297,0.1626,0.1025,0.383,0.6758,0.1001,0.09,0.0749,0.0744,0.603,213,51,0.146,0.1925,0.0977,0.308,1946,4,0.001,0.7183,0.0964,0.082,0.0751,0.0643,0.52,0.0,0.0664,,0.0,0.0664,,0.3605,0.148,0.25,62,30,0.294,110,36,0.199,0.4408,0.245,0.338,716,89,0.076,66000,15540,0.143,0.2419,0.2378,0.597,0.129,0.131,0.617,0.1364,0.1987,0.886,0.695,0.1965,0.172,0.125,0.079,0.384,0.035,0.0433,0.753,0.0,0.05,,0.035,0.0329,0.571,0.0988,0.0564,0.347
4200383200,2019,1782,149,0.051,846,57,0.041,46.0,5.1,0.067,0.193,0.0433,0.136,0.2262,0.0342,0.092,0.7901,0.068,0.052,0.1324,0.0567,0.26,0.0,0.0056,,0.014,0.0202,0.874,53106,6551,0.075,32513,3163,0.059,0.1728,0.0741,0.261,0.0709,0.0411,0.352,0.6901,0.041,0.036,0.3249,0.0599,0.112,986,46,0.028,0.142,0.0523,0.224,1954,2,0.001,0.8073,0.0478,0.036,0.142,0.0576,0.247,0.0385,0.0279,0.44,0.0,0.0143,,0.2683,0.0674,0.153,227,59,0.158,619,56,0.055,0.2694,0.0706,0.159,872,173,0.121,110200,6374,0.035,0.5551,0.1963,0.215,0.489,0.1959,0.243,0.1632,0.0486,0.181,0.7922,0.0881,0.068,0.071,0.0524,0.448,0.017,0.0147,0.527,0.0,0.0106,,0.018,0.0158,0.532,0.1194,0.06,0.306
4200383512,2019,19834,22,0.001,8799,268,0.019,46.1,3.1,0.041,0.1932,0.0221,0.07,0.2172,0.0192,0.054,0.8651,0.0201,0.014,0.0734,0.0165,0.137,0.0008,0.0014,1.026,0.0115,0.0054,0.284,52679,2695,0.031,30012,1805,0.037,0.1385,0.0323,0.142,0.0674,0.0176,0.159,0.6115,0.028,0.028,0.2149,0.0251,0.071,9662,380,0.024,0.0893,0.0234,0.16,1955,1,0.0,0.7808,0.0145,0.011,0.0176,0.01,0.346,0.0568,0.0179,0.192,0.0426,0.0142,0.203,0.2053,0.0284,0.084,1806,256,0.086,6993,321,0.028,0.191,0.032,0.102,640,101,0.096,99000,3856,0.024,0.3937,0.1006,0.155,0.2016,0.0862,0.26,0.1981,0.0364,0.112,0.8074,0.0302,0.023,0.0587,0.0201,0.208,0.0196,0.0086,0.267,0.0,0.0017,,0.0233,0.0094,0.247,0.0751,0.0209,0.169
4200384144,2019,6601,26,0.002,2893,131,0.028,38.0,1.9,0.03,0.1982,0.0378,0.116,0.1507,0.0278,0.112,0.9399,0.0275,0.018,0.0159,0.0112,0.428,0.0027,0.0024,0.54,0.0198,0.0189,0.58,60997,5934,0.059,34210,3077,0.055,0.0581,0.0246,0.257,0.056,0.0263,0.285,0.7511,0.019,0.015,0.3259,0.0479,0.089,3136,156,0.03,0.0775,0.0461,0.361,1948,5,0.002,0.6419,0.0369,0.035,0.1562,0.0469,0.182,0.0584,0.0311,0.324,0.0915,0.0411,0.273,0.327,0.0424,0.079,946,130,0.084,1947,159,0.05,0.2407,0.0453,0.115,834,45,0.033,132400,5349,0.025,0.4091,0.1409,0.209,0.1691,0.0769,0.276,0.1931,0.0644,0.203,0.731,0.0537,0.045,0.0722,0.0247,0.208,0.021,0.0148,0.427,0.0,0.004,,0.0167,0.0105,0.381,0.0726,0.0413,0.346
4200384440,2019,1148,131,0.069,532,45,0.051,43.7,4.0,0.056,0.2047,0.05,0.148,0.1472,0.0274,0.113,0.7709,0.025,0.02,0.1751,0.0576,0.2,0.0,0.0087,,0.02,0.0269,0.816,44881,5743,0.078,25179,3459,0.084,0.2334,0.0943,0.246,0.0572,0.03,0.319,0.665,0.0614,0.056,0.177,0.0403,0.138,614,27,0.027,0.1336,0.06,0.273,1942,3,0.001,0.8143,0.0525,0.039,0.0782,0.0452,0.352,0.1075,0.0528,0.299,0.0,0.023,,0.3966,0.0694,0.106,211,41,0.118,321,44,0.083,0.4172,0.094,0.137,829,112,0.082,68800,5598,0.049,0.3744,0.126,0.205,0.1896,0.0873,0.28,0.134,0.0919,0.417,0.6391,0.0837,0.08,0.1556,0.0752,0.294,0.0265,0.0279,0.641,0.0,0.0166,,0.0315,0.0279,0.538,0.1335,0.0541,0.247
4200384512,2019,13517,22,0.001,5900,232,0.024,45.4,2.1,0.028,0.2037,0.025,0.074,0.2407,0.0225,0.057,0.8354,0.027,0.02,0.0294,0.0156,0.323,0.0697,0.0186,0.163,0.0158,0.0101,0.386,66484,4971,0.045,36916,2660,0.044,0.1296,0.0447,0.21,0.0282,0.0118,0.255,0.5843,0.0298,0.031,0.3811,0.0372,0.059,6264,209,0.02,0.0581,0.0256,0.268,1957,1,0.0,0.6426,0.0247,0.023,0.0117,0.0076,0.395,0.049,0.024,0.298,0.1758,0.0374,0.13,0.269,0.0306,0.069,1587,191,0.073,4313,220,0.031,0.238,0.0376,0.096,779,80,0.062,162600,3576,0.013,0.4846,0.1022,0.128,0.2489,0.0554,0.135,0.1521,0.0299,0.119,0.7515,0.0352,0.028,0.0828,0.0201,0.148,0.0205,0.0161,0.477,0.0023,0.0037,0.998,0.0375,0.0142,0.231,0.0915,0.0238,0.158
4200384704,2019,7540,20,0.002,3558,129,0.022,51.8,1.1,0.013,0.1554,0.0335,0.131,0.2529,0.0352,0.085,0.9427,0.0289,0.019,0.0282,0.017,0.365,0.0042,0.0041,0.589,0.0101,0.007,0.424,59514,6573,0.067,36706,4714,0.078,0.0725,0.0355,0.298,0.0232,0.0143,0.375,0.6108,0.03,0.03,0.2647,0.0448,0.103,3774,133,0.021,0.0572,0.032,0.34,1959,3,0.001,0.7345,0.0404,0.033,0.0477,0.0258,0.329,0.1296,0.0384,0.18,0.0453,0.0176,0.236,0.3058,0.0442,0.088,1088,162,0.091,2470,169,0.042,0.2586,0.055,0.129,808,49,0.037,107000,8390,0.048,0.4485,0.134,0.182,0.1847,0.077,0.253,0.1672,0.0499,0.181,0.8505,0.0468,0.033,0.0184,0.0184,0.607,0.0324,0.0233,0.436,0.0,0.0039,,0.0247,0.016,0.395,0.0391,0.0217,0.338
4200385184,2019,6204,24,0.002,3029,122,0.024,45.2,2.5,0.034,0.1496,0.0271,0.11,0.229,0.0283,0.075,0.7672,0.031,0.025,0.1622,0.0238,0.089,0.004,0.004,0.608,0.0081,0.0069,0.523,55906,4257,0.046,34622,2486,0.044,0.0679,0.0293,0.262,0.044,0.0196,0.271,0.6165,0.0276,0.027,0.3659,0.0478,0.079,3301,141,0.026,0.0824,0.038,0.28,1957,1,0.0,0.7255,0.0566,0.047,0.0133,0.0103,0.469,0.0633,0.0252,0.242,0.153,0.0323,0.128,0.3526,0.045,0.078,1068,143,0.081,1961,169,0.052,0.3088,0.0554,0.109,964,34,0.021,111400,5514,0.03,0.441,0.1073,0.148,0.1994,0.0599,0.182,0.1744,0.0603,0.21,0.7563,0.0529,0.042,0.0596,0.0242,0.247,0.0089,0.0136,0.933,0.0,0.0048,,0.0539,0.0322,0.363,0.033,0.0174,0.32
4200385188,2019,15485,68,0.003,8804,355,0.025,39.4,2.3,0.035,0.1605,0.0242,0.092,0.2154,0.0259,0.073,0.3645,0.031,0.052,0.553,0.0349,0.038,0.0188,0.01,0.324,0.015,0.0087,0.351,36743,2627,0.043,30455,2775,0.055,0.2449,0.0446,0.111,0.0689,0.0185,0.163,0.6425,0.0292,0.028,0.3739,0.0322,0.052,11049,444,0.024,0.2032,0.0209,0.063,1944,2,0.001,0.3972,0.0272,0.042,0.2202,0.0294,0.081,0.1211,0.0191,0.096,0.1387,0.0239,0.105,0.6545,0.0293,0.027,5762,347,0.037,3042,319,0.064,0.6461,0.0369,0.035,838,26,0.019,87800,11269,0.078,0.4273,0.0566,0.081,0.2286,0.0397,0.106,0.2482,0.0557,0.136,0.5178,0.0357,0.042,0.2129,0.0281,0.08,0.0454,0.0141,0.189,0.0122,0.0062,0.308,0.0819,0.0209,0.156,0.2599,0.0307,0.072
4200385496,2019,1860,272,0.089,871,89,0.062,35.9,5.9,0.1,0.2892,0.054,0.113,0.1565,0.0328,0.127,0.5774,0.0594,0.063,0.3011,0.0904,0.182,0.0,0.0054,,0.0204,0.0186,0.553,27113,5956,0.134,17111,2201,0.078,0.3501,0.1089,0.189,0.1509,0.0632,0.254,0.5396,0.0848,0.095,0.0907,0.0417,0.28,1239,39,0.019,0.297,0.0671,0.137,1942,8,0.003,0.3172,0.0638,0.122,0.318,0.0765,0.146,0.1041,0.0404,0.236,0.1251,0.0541,0.263,0.6831,0.0597,0.053,595,80,0.082,276,57,0.126,0.7097,0.0937,0.08,705,91,0.078,53300,2302,0.026,0.4706,0.1233,0.159,0.2017,0.0742,0.224,0.2174,0.1175,0.329,0.7282,0.0671,0.056,0.0518,0.039,0.458,0.0146,0.0192,0.801,0.0,0.0162,,0.0388,0.038,0.595,0.3146,0.0791,0.153
4200300724,2020,1974,334,0.103,976,143,0.089,74.9,5.5,0.045,0.1074,0.023,0.13,0.619,0.0376,0.037,0.9676,0.0117,0.007,0.0056,0.007,0.767,0.0,0.0056,,0.0187,0.0277,0.898,68700,8118,0.072,51900,6650,0.078,0.0303,0.0195,0.392,0.0789,0.1041,0.802,0.3204,0.0279,0.053,0.4022,0.0103,0.016,1062,136,0.078,0.081,0.0479,0.359,1995,4,0.001,0.3286,0.0318,0.059,0.0207,0.0132,0.388,0.0094,0.0092,0.597,0.435,0.102,0.143,0.4928,0.102,0.126,481,122,0.154,495,65,0.08,0.4261,0.1328,0.189,2909,442,0.092,197000,17434,0.054,0.4948,0.1702,0.209,0.3098,0.0468,0.092,0.1778,0.0818,0.28,0.8154,0.0795,0.059,0.0115,0.0153,0.805,0.0192,0.017,0.538,0.0,0.0212,,0.0635,0.0331,0.317,0.3053,0.109,0.217
4200303320,2020,2687,18,0.004,1186,111,0.057,35.6,2.0,0.034,0.2732,0.0737,0.164,0.1451,0.0328,0.138,0.821,0.1059,0.078,0.0454,0.051,0.683,0.1165,0.0945,0.493,0.0104,0.0093,0.543,100294,25584,0.155,63585,9187,0.088,0.006,0.0076,0.769,0.0419,0.0172,0.249,0.7486,0.0475,0.039,0.7721,0.1191,0.094,1316,127,0.059,0.0988,0.0577,0.355,0,,,0.5182,0.0887,0.104,0.1596,0.066,0.251,0.1223,0.0433,0.215,0.0046,0.0108,1.439,0.3744,0.0785,0.128,444,102,0.14,742,136,0.111,0.3576,0.1075,0.183,1012,229,0.138,306600,29356,0.058,0.1599,0.1004,0.382,0.009,0.0179,1.208,0.1442,0.0698,0.294,0.6343,0.0783,0.075,0.1079,0.0454,0.256,0.0261,0.0223,0.521,0.0051,0.008,0.954,0.1687,0.062,0.223,0.0354,0.0373,0.64
4200303608,2020,4558,27,0.004,2625,192,0.044,40.8,5.2,0.077,0.0937,0.0306,0.198,0.2334,0.0639,0.166,0.767,0.063,0.05,0.1492,0.0542,0.221,0.0145,0.0169,0.709,0.0114,0.0134,0.713,41150,7998,0.118,33537,3950,0.072,0.1085,0.0464,0.26,0.0191,0.0113,0.36,0.6951,0.066,0.058,0.3161,0.0503,0.097,2991,194,0.039,0.1224,0.0458,0.227,1954,6,0.002,0.3674,0.0603,0.1,0.2073,0.0538,0.158,0.121,0.0527,0.265,0.2708,0.0788,0.177,0.5688,0.0966,0.103,1493,276,0.112,1132,182,0.098,0.4794,0.0746,0.095,745,61,0.05,113100,14513,0.078,0.3094,0.0976,0.192,0.1574,0.0856,0.331,0.235,0.0789,0.204,0.685,0.0587,0.052,0.102,0.0478,0.285,0.0298,0.0152,0.309,0.0043,0.0068,0.961,0.0733,0.0363,0.301,0.2263,0.103,0.277
4200303928,2020,19667,23,0.001,8330,343,0.025,41.7,2.0,0.029,0.2024,0.0234,0.07,0.2005,0.026,0.079,0.808,0.0384,0.029,0.0632,0.0212,0.204,0.0655,0.0245,0.227,0.0253,0.0131,0.315,68705,5870,0.052,35800,4528,0.077,0.0566,0.0192,0.206,0.0424,0.0181,0.26,0.6682,0.0269,0.024,0.3029,0.0353,0.071,8953,370,0.025,0.0696,0.0222,0.194,1959,2,0.001,0.7173,0.0305,0.026,0.034,0.0133,0.239,0.1147,0.0312,0.165,0.072,0.0221,0.186,0.2405,0.0302,0.076,2003,265,0.08,6327,390,0.037,0.2151,0.035,0.099,806,40,0.03,146600,6903,0.029,0.3575,0.0923,0.157,0.1168,0.0517,0.269,0.1601,0.032,0.121,0.7565,0.0383,0.031,0.0602,0.0158,0.16,0.019,0.0089,0.284,0.0,0.0017,,0.0824,0.03,0.221,0.0962,0.0237,0.15
4200303932,2020,2103,384,0.111,867,108,0.076,40.6,8.9,0.133,0.2316,0.0795,0.209,0.1797,0.0039,0.013,0.9458,0.0622,0.04,0.0,0.0052,,0.0238,0.0292,0.746,0.0,0.0052,,67847,13926,0.125,32279,3786,0.071,0.0747,0.0408,0.332,0.0289,0.0223,0.47,0.6736,0.1106,0.1,0.3228,0.0766,0.144,900,105,0.071,0.0367,0.0286,0.474,1954,2,0.001,0.9767,0.0251,0.016,0.0033,0.013,2.371,0.0,0.0173,,0.0,0.0173,,0.0427,0.0248,0.353,37,22,0.361,830,111,0.081,0.0537,0.0333,0.377,1342,55,0.025,148700,10612,0.043,0.4324,0.4252,0.598,0.0811,0.1548,1.161,0.2506,0.0979,0.237,0.7758,0.0547,0.043,0.0401,0.0205,0.311,0.0067,0.0105,0.953,0.0,0.0105,,0.0639,0.0287,0.273,0.0311,0.024,0.469
4200305216,2020,1514,194,0.078,534,49,0.056,44.4,6.7,0.092,0.2305,0.0331,0.087,0.1678,0.0231,0.084,0.8573,0.1453,0.103,0.0185,0.0157,0.515,0.0244,0.0142,0.353,0.0026,0.0039,0.909,125714,21742,0.105,66687,7991,0.073,0.0631,0.039,0.376,0.0189,0.0126,0.404,0.6831,0.0818,0.073,0.5191,0.1026,0.12,614,61,0.06,0.1303,0.0771,0.36,1958,3,0.001,0.9919,0.0127,0.008,0.0081,0.0197,1.468,0.0,0.0253,,0.0,0.0253,,0.0506,0.0334,0.401,27,18,0.405,507,50,0.06,0.0462,0.0271,0.356,,,,322900,50134,0.094,0.3333,0.4714,0.86,0.1111,0.2095,1.146,0.1538,0.0548,0.217,0.7515,0.1835,0.148,0.0062,0.0073,0.72,0.0123,0.0133,0.659,0.0,0.0135,,0.1722,0.0758,0.267,0.0,0.0291,
4200305312,2020,8088,23,0.002,4425,213,0.029,35.0,3.6,0.063,0.1205,0.0232,0.117,0.1588,0.0281,0.107,0.817,0.0404,0.03,0.1204,0.0382,0.193,0.0011,0.0019,1.013,0.024,0.0109,0.276,49991,6106,0.074,36631,2682,0.045,0.0807,0.0222,0.168,0.0205,0.0095,0.283,0.7773,0.0406,0.032,0.4268,0.0452,0.064,4923,242,0.03,0.1012,0.0307,0.184,1944,4,0.001,0.3534,0.0436,0.075,0.2431,0.0468,0.117,0.1613,0.0409,0.154,0.1767,0.0378,0.13,0.6208,0.0565,0.055,2747,283,0.063,1678,210,0.076,0.5134,0.0653,0.077,818,35,0.026,133300,11859,0.054,0.3604,0.0753,0.127,0.1354,0.0471,0.212,0.1138,0.0414,0.221,0.7001,0.0546,0.047,0.0954,0.0233,0.149,0.0388,0.0198,0.31,0.0089,0.0081,0.556,0.0693,0.024,0.211,0.1431,0.0295,0.125
4200305504,2020,1931,181,0.057,799,97,0.074,38.5,2.3,0.036,0.2398,0.0231,0.059,0.1662,0.0542,0.198,0.9482,0.0434,0.028,0.015,0.0092,0.373,0.0073,0.0062,0.518,0.0036,0.0046,0.78,95313,17888,0.114,51650,4493,0.053,0.0347,0.0196,0.343,0.0227,0.0161,0.432,0.7226,0.1158,0.097,0.6299,0.1084,0.105,862,101,0.071,0.0731,0.0468,0.389,0,,,0.7877,0.0408,0.032,0.1705,0.0601,0.214,0.0035,0.0136,2.371,0.0,0.018,,0.2203,0.0538,0.148,176,48,0.166,623,86,0.084,0.1431,0.036,0.153,1099,150,0.083,263800,17403,0.04,0.2386,0.0987,0.251,0.1023,0.0745,0.443,0.1669,0.0549,0.2,0.7483,0.0295,0.024,0.0383,0.0203,0.322,0.0069,0.0088,0.779,0.0,0.0108,,0.1622,0.0505,0.189,0.0288,0.0149,0.314
4200305520,2020,321,49,0.093,113,17,0.091,45.4,8.3,0.111,0.2897,0.0488,0.102,0.162,0.0571,0.214,0.9657,0.0396,0.025,0.0,0.0343,,0.0062,0.0124,1.212,0.0,0.0343,,186875,42310,0.138,79600,13071,0.1,0.0187,0.0174,0.566,0.0113,0.0169,0.907,0.7532,0.0549,0.044,0.8303,0.1002,0.073,114,17,0.091,0.0088,0.0175,1.212,0,,,1.0,0.0,0.0,0.0,0.1365,,0.0,0.1365,,0.0,0.1365,,0.0,0.0973,,0,11,,113,17,0.091,0.0,0.0343,,,,,365300,32257,0.054,,,,,,,0.1416,0.1549,0.665,0.7771,0.0666,0.052,0.0,0.0629,,0.0114,0.0171,0.907,0.0,0.0629,,0.1486,0.046,0.188,0.0177,0.1009,3.464
4200306064,2020,32310,37,0.001,14457,445,0.019,47.6,2.1,0.027,0.1822,0.0169,0.056,0.2331,0.0182,0.047,0.9129,0.018,0.012,0.0206,0.0081,0.24,0.0244,0.0095,0.236,0.0134,0.0048,0.217,84304,7153,0.052,44218,2249,0.031,0.0468,0.0129,0.167,0.0451,0.0101,0.137,0.6556,0.027,0.025,0.4805,0.0327,0.041,15111,375,0.015,0.0433,0.0145,0.204,1965,2,0.001,0.7665,0.0249,0.02,0.0101,0.0064,0.386,0.0819,0.0213,0.158,0.0799,0.0141,0.108,0.202,0.0279,0.084,2920,413,0.086,11537,538,0.028,0.1527,0.0244,0.097,990,67,0.041,204400,6155,0.018,0.3579,0.0738,0.125,0.1818,0.0664,0.222,0.1583,0.0295,0.113,0.7268,0.0158,0.013,0.0874,0.0122,0.085,0.0095,0.0045,0.287,0.0005,0.0009,1.013,0.1163,0.0264,0.138,0.0516,0.0121,0.143
4200307000,2020,1580,174,0.067,899,130,0.088,49.3,3.1,0.038,0.1633,0.0503,0.187,0.2778,0.0722,0.158,0.6601,0.0793,0.073,0.1139,0.0588,0.314,0.1253,0.0734,0.356,0.012,0.0139,0.701,36089,9491,0.16,29152,4707,0.098,0.256,0.0893,0.212,0.0363,0.0257,0.43,0.5995,0.0549,0.056,0.4107,0.1079,0.16,954,124,0.079,0.0577,0.0413,0.435,1955,14,0.004,0.2809,0.0538,0.116,0.1572,0.0722,0.279,0.1184,0.0521,0.268,0.1845,0.0843,0.278,0.6518,0.1067,0.1,586,128,0.133,313,60,0.117,0.6259,0.0985,0.096,688,62,0.055,113300,29671,0.159,0.4744,0.1034,0.132,0.2065,0.0392,0.115,0.1629,0.1076,0.401,0.6489,0.0694,0.065,0.0884,0.0701,0.482,0.1105,0.0599,0.329,0.0,0.0143,,0.0481,0.0302,0.382,0.277,0.1007,0.221
4200307976,2020,3155,17,0.003,1550,125,0.049,41.8,5.6,0.081,0.167,0.0492,0.179,0.1788,0.041,0.139,0.9163,0.0479,0.032,0.0681,0.0463,0.413,0.0057,0.0089,0.946,0.0054,0.0092,1.037,40146,13806,0.209,23304,2960,0.077,0.2196,0.1028,0.285,0.0254,0.0288,0.691,0.6124,0.0898,0.089,0.2002,0.0753,0.229,1771,139,0.048,0.1248,0.0585,0.285,1944,5,0.002,0.6923,0.0778,0.068,0.0847,0.057,0.409,0.0203,0.0167,0.499,0.0728,0.0396,0.33,0.3639,0.0667,0.111,564,113,0.122,986,139,0.086,0.3646,0.081,0.135,646,90,0.085,71900,6841,0.058,0.3387,0.1411,0.253,0.2145,0.124,0.351,0.1623,0.1115,0.418,0.8231,0.1189,0.088,0.0078,0.0129,1.008,0.0091,0.0135,0.906,0.0,0.0071,,0.0512,0.0392,0.466,0.1465,0.0721,0.299
4200307992,2020,1885,498,0.161,721,129,0.109,38.7,15.4,0.242,0.2509,0.07,0.17,0.1767,0.0239,0.082,0.1947,0.0491,0.153,0.6881,0.1946,0.172,0.0,0.0058,,0.0249,0.0202,0.492,23050,9914,0.261,13975,3550,0.154,0.3489,0.1262,0.22,0.2496,0.2346,0.571,0.4553,0.145,0.194,0.1071,0.0546,0.31,1032,126,0.074,0.3014,0.0704,0.142,0,,,0.5649,0.1134,0.122,0.1928,0.0694,0.219,0.0378,0.0354,0.569,0.0388,0.0288,0.451,0.5506,0.1494,0.165,397,129,0.198,324,73,0.137,0.5877,0.254,0.263,808,162,0.122,32800,9296,0.172,0.801,0.1882,0.143,0.5416,0.1306,0.147,0.1728,0.1429,0.503,0.6267,0.1277,0.124,0.2186,0.1374,0.382,0.0077,0.0114,0.893,0.0,0.0213,,0.0658,0.0906,0.838,0.3218,0.0906,0.171
4200308008,2020,1635,290,0.108,876,107,0.074,46.2,6.4,0.084,0.2153,0.0817,0.231,0.2049,0.0254,0.075,0.5945,0.1426,0.146,0.3352,0.1468,0.266,0.0116,0.0207,1.082,0.011,0.0139,0.769,30675,10861,0.215,23992,3488,0.088,0.2349,0.0516,0.134,0.0464,0.0285,0.374,0.5974,0.0743,0.076,0.2306,0.05,0.132,966,97,0.061,0.0932,0.0541,0.353,1958,2,0.001,0.6387,0.069,0.066,0.1087,0.0472,0.264,0.03,0.0277,0.561,0.2164,0.0428,0.12,0.4954,0.0941,0.115,434,98,0.137,442,60,0.083,0.4086,0.1399,0.208,338,111,0.2,93400,6334,0.041,0.4032,0.1099,0.166,0.1935,0.0966,0.303,0.1968,0.0998,0.308,0.6493,0.0619,0.058,0.0887,0.0391,0.268,0.0,0.0155,,0.0,0.0155,,0.1451,0.1096,0.459,0.3402,0.0608,0.109
4200308064,2020,1267,227,0.109,490,61,0.076,43.4,8.1,0.113,0.2747,0.0552,0.122,0.2186,0.022,0.061,0.9487,0.0566,0.036,0.0032,0.0039,0.752,0.026,0.0336,0.785,0.015,0.014,0.566,121389,23566,0.118,56297,6281,0.068,0.0134,0.0098,0.445,0.0179,0.0159,0.541,0.6203,0.0862,0.084,0.661,0.036,0.033,501,61,0.074,0.022,0.0318,0.881,1964,11,0.003,0.8623,0.0617,0.043,0.006,0.0241,2.447,0.02,0.027,0.824,0.0,0.0311,,0.0327,0.02,0.372,16,10,0.38,474,62,0.08,0.0189,0.0113,0.364,617,395,0.389,379000,24831,0.04,0.1875,1.2111,3.927,0.0,0.6875,,0.1709,0.068,0.242,0.8522,0.1014,0.072,0.0199,0.011,0.336,0.0,0.0183,,0.0,0.0183,,0.0914,0.0323,0.215,0.0204,0.0276,0.823
4200308416,2020,9319,22,0.001,4100,315,0.047,36.1,2.7,0.045,0.2242,0.0377,0.102,0.1559,0.0314,0.122,0.8108,0.0622,0.047,0.0696,0.0441,0.385,0.0369,0.0357,0.588,0.0568,0.0423,0.453,58349,8690,0.091,33296,4770,0.087,0.1004,0.0423,0.256,0.0192,0.0108,0.344,0.6676,0.0544,0.05,0.2878,0.0623,0.132,4401,279,0.039,0.0684,0.0324,0.288,1949,3,0.001,0.6078,0.0472,0.047,0.1727,0.0427,0.15,0.0429,0.0211,0.299,0.0782,0.0613,0.477,0.3529,0.0732,0.126,1447,320,0.134,2653,280,0.064,0.3117,0.0734,0.143,742,49,0.04,109600,9244,0.051,0.4402,0.1794,0.248,0.1479,0.0496,0.204,0.1074,0.0347,0.196,0.6265,0.0478,0.046,0.1071,0.0424,0.241,0.0303,0.0168,0.337,0.0,0.0031,,0.0909,0.0489,0.327,0.1673,0.0684,0.248
4200308624,2020,4939,30,0.004,2578,161,0.038,43.8,3.1,0.043,0.1662,0.0393,0.144,0.2286,0.0408,0.108,0.901,0.0397,0.027,0.0504,0.0292,0.352,0.0053,0.0057,0.655,0.0032,0.0034,0.646,48105,5796,0.073,31177,2150,0.042,0.1056,0.0323,0.186,0.0619,0.031,0.305,0.6363,0.038,0.036,0.2556,0.0444,0.106,2783,173,0.038,0.0737,0.0454,0.375,1955,3,0.001,0.6863,0.0442,0.039,0.0665,0.0305,0.279,0.0934,0.0351,0.229,0.1315,0.0479,0.222,0.3883,0.0592,0.093,1001,165,0.1,1577,179,0.069,0.3703,0.0693,0.114,776,52,0.041,134200,12345,0.056,0.3556,0.1388,0.237,0.1119,0.0747,0.406,0.2416,0.07,0.176,0.7936,0.0496,0.038,0.0756,0.0334,0.269,0.0261,0.0245,0.569,0.0,0.0044,,0.0459,0.0219,0.291,0.133,0.0563,0.257
4200311336,2020,7839,42,0.003,4018,212,0.032,37.6,3.7,0.06,0.1647,0.0372,0.137,0.1842,0.0337,0.111,0.8117,0.0521,0.039,0.1121,0.0486,0.263,0.0227,0.014,0.376,0.0222,0.0116,0.318,53788,7463,0.084,34768,4070,0.071,0.151,0.0532,0.214,0.0394,0.0269,0.415,0.6965,0.0403,0.035,0.3547,0.0414,0.071,4360,241,0.034,0.0784,0.0286,0.221,1953,3,0.001,0.5532,0.0449,0.049,0.1133,0.0283,0.152,0.0656,0.0199,0.184,0.1346,0.0312,0.141,0.4171,0.0499,0.073,1676,219,0.079,2342,247,0.064,0.3712,0.0589,0.096,775,58,0.045,131700,14634,0.068,0.4523,0.0883,0.119,0.2381,0.0794,0.203,0.1763,0.0539,0.186,0.6672,0.0468,0.043,0.088,0.0252,0.174,0.0353,0.0201,0.345,0.0096,0.0089,0.562,0.1087,0.0521,0.291,0.1528,0.0407,0.162
4200311680,2020,8249,20,0.001,3802,272,0.043,42.1,1.7,0.025,0.1595,0.0345,0.132,0.1908,0.0365,0.116,0.8645,0.0512,0.036,0.0362,0.0282,0.474,0.0342,0.0308,0.548,0.0263,0.0175,0.403,64416,7772,0.073,35291,2843,0.049,0.0529,0.0314,0.361,0.0286,0.0187,0.396,0.71,0.0414,0.035,0.3709,0.051,0.084,4169,324,0.047,0.088,0.046,0.318,1957,1,0.0,0.5745,0.0303,0.032,0.0492,0.0238,0.294,0.118,0.0456,0.235,0.1698,0.045,0.161,0.3785,0.0679,0.109,1439,278,0.117,2363,219,0.056,0.3049,0.0605,0.121,928,177,0.116,134500,6053,0.027,0.3273,0.1419,0.264,0.1112,0.0668,0.365,0.1752,0.0503,0.175,0.7166,0.0407,0.035,0.1118,0.0424,0.231,0.0332,0.0252,0.462,0.0,0.0032,,0.058,0.0245,0.257,0.0823,0.0509,0.376
4200312496,2020,606,117,0.117,355,80,0.137,50.0,7.1,0.086,0.1056,0.0462,0.266,0.1683,0.0497,0.179,0.7921,0.0742,0.057,0.1766,0.1104,0.38,0.0,0.0182,,0.0165,0.0195,0.72,48615,3975,0.05,34010,3858,0.069,0.1188,0.0667,0.341,0.0462,0.0473,0.622,0.7459,0.0968,0.079,0.2903,0.0718,0.15,416,86,0.126,0.1466,0.0988,0.41,1953,4,0.001,0.7308,0.0845,0.07,0.1899,0.0778,0.249,0.0144,0.0356,1.501,0.0337,0.0587,1.061,0.3746,0.1875,0.304,133,73,0.334,222,38,0.104,0.2591,0.1204,0.282,630,32,0.031,81600,4103,0.031,0.2556,0.1568,0.373,0.2105,0.1076,0.311,0.1757,0.1162,0.402,0.7943,0.1551,0.119,0.0591,0.044,0.453,0.0,0.0283,,0.0,0.0283,,0.0771,0.0534,0.421,0.0648,0.0389,0.365
4200313392,2020,1656,178,0.065,810,74,0.056,49.1,3.1,0.038,0.1335,0.0373,0.17,0.2711,0.0365,0.082,0.9674,0.1387,0.087,0.0012,0.0018,0.91,0.0024,0.0036,0.91,0.0133,0.0211,0.965,67738,18233,0.164,42146,4753,0.069,0.0713,0.0331,0.282,0.0635,0.0439,0.42,0.688,0.0743,0.066,0.4557,0.0701,0.093,909,76,0.051,0.1089,0.0709,0.396,1955,2,0.001,0.8526,0.0437,0.031,0.0418,0.0242,0.352,0.0066,0.015,1.377,0.0,0.0171,,0.2198,0.0687,0.19,178,58,0.198,632,63,0.061,0.1793,0.0763,0.259,950,120,0.077,128000,9672,0.046,0.2135,0.1045,0.297,0.1348,0.0973,0.439,0.1013,0.0484,0.29,0.7527,0.0917,0.074,0.0176,0.0152,0.526,0.0176,0.0163,0.564,0.0,0.0121,,0.0714,0.0373,0.317,0.058,0.0302,0.316
4200313608,2020,2925,48,0.01,1181,135,0.069,46.2,8.7,0.114,0.2274,0.0776,0.208,0.2544,0.0483,0.115,0.7918,0.0584,0.045,0.175,0.0591,0.205,0.0058,0.0058,0.608,0.0092,0.0089,0.585,87063,16225,0.113,46689,7678,0.1,0.0313,0.019,0.369,0.0661,0.0347,0.319,0.6706,0.0977,0.089,0.6659,0.1002,0.091,1211,140,0.07,0.0248,0.0296,0.726,1960,3,0.001,0.9777,0.0048,0.003,0.0,0.0128,,0.0058,0.0134,1.412,0.0107,0.0122,0.692,0.0593,0.0375,0.385,70,45,0.391,1111,139,0.076,0.0694,0.0619,0.542,1670,835,0.304,173400,19276,0.068,0.3143,0.4922,0.952,0.3143,0.4101,0.793,0.1683,0.0722,0.261,0.7088,0.1478,0.127,0.032,0.0196,0.373,0.0156,0.0141,0.549,0.0,0.0078,,0.2031,0.1433,0.429,0.0076,0.0151,1.201
4200313704,2020,6574,28,0.003,2972,203,0.042,39.1,5.3,0.082,0.2212,0.0462,0.127,0.1964,0.036,0.112,0.5482,0.0567,0.063,0.4197,0.0616,0.089,0.0,0.0023,,0.0158,0.0099,0.38,36830,4899,0.081,22242,2429,0.066,0.2112,0.0587,0.169,0.1104,0.0374,0.206,0.5804,0.0526,0.055,0.1632,0.0399,0.149,3935,253,0.039,0.2447,0.0391,0.097,1943,4,0.001,0.6338,0.043,0.041,0.1088,0.0339,0.189,0.0597,0.0269,0.274,0.0216,0.0282,0.794,0.4627,0.0695,0.091,1375,227,0.1,1597,205,0.078,0.5045,0.0628,0.076,822,74,0.055,46500,5674,0.074,0.5295,0.159,0.183,0.2844,0.1438,0.307,0.2192,0.0614,0.17,0.7193,0.037,0.031,0.086,0.0414,0.293,0.0034,0.0053,0.943,0.0,0.0057,,0.0284,0.0187,0.4,0.176,0.0582,0.201
4200315216,2020,8187,49,0.004,3898,210,0.033,49.5,2.0,0.025,0.1797,0.0397,0.134,0.2565,0.0452,0.107,0.9155,0.0341,0.023,0.0214,0.022,0.625,0.0319,0.0202,0.384,0.0165,0.011,0.405,93782,15480,0.1,60945,6613,0.066,0.0348,0.0166,0.29,0.0347,0.0265,0.464,0.6266,0.0471,0.046,0.4867,0.0598,0.075,4095,231,0.034,0.0481,0.0355,0.449,2001,2,0.001,0.6269,0.0464,0.045,0.0,0.0052,,0.0466,0.0314,0.409,0.0403,0.0272,0.41,0.1508,0.0408,0.164,588,162,0.167,3310,215,0.039,0.1013,0.0302,0.182,1458,320,0.133,283400,16153,0.035,0.2687,0.2086,0.472,0.1667,0.1866,0.681,0.226,0.0645,0.174,0.754,0.047,0.038,0.0662,0.0337,0.309,0.0007,0.0014,1.215,0.0,0.0036,,0.0679,0.0319,0.286,0.0446,0.0257,0.349
4200316144,2020,5448,33,0.004,2747,206,0.046,37.9,3.6,0.058,0.2045,0.0485,0.144,0.2272,0.0366,0.098,0.7098,0.0886,0.076,0.2048,0.0945,0.281,0.0028,0.0033,0.729,0.0279,0.0156,0.34,48101,9935,0.126,27748,2812,0.062,0.1202,0.04,0.202,0.0517,0.031,0.364,0.6669,0.0514,0.047,0.2889,0.0636,0.134,3204,232,0.044,0.1426,0.0418,0.178,0,,,0.6439,0.0508,0.048,0.0971,0.0347,0.217,0.1017,0.0379,0.226,0.1158,0.0377,0.198,0.4842,0.0545,0.068,1330,180,0.082,1417,235,0.101,0.4692,0.0828,0.107,779,30,0.023,94500,5167,0.033,0.4421,0.1061,0.146,0.1586,0.0681,0.261,0.2061,0.0725,0.214,0.712,0.056,0.048,0.0397,0.0233,0.357,0.0306,0.019,0.378,0.0,0.0055,,0.0925,0.0747,0.491,0.1132,0.0375,0.201
4200316848,2020,5810,27,0.003,2830,183,0.039,43.6,7.5,0.105,0.1704,0.0341,0.122,0.19,0.0401,0.128,0.9076,0.0345,0.023,0.0539,0.0274,0.309,0.0017,0.0026,0.912,0.0231,0.0181,0.476,58110,9846,0.103,36670,4239,0.07,0.1045,0.0409,0.238,0.056,0.0304,0.331,0.64,0.0615,0.058,0.3458,0.0547,0.096,3106,202,0.04,0.0889,0.0415,0.284,0,,,0.5309,0.0673,0.077,0.2527,0.0599,0.144,0.0766,0.0339,0.269,0.0792,0.0219,0.168,0.4148,0.073,0.107,1174,220,0.114,1656,224,0.082,0.3181,0.0701,0.134,794,62,0.047,148500,11132,0.046,0.408,0.0963,0.144,0.1814,0.0762,0.255,0.1214,0.0516,0.258,0.7709,0.0922,0.073,0.071,0.023,0.197,0.0298,0.0201,0.41,0.0,0.005,,0.0543,0.0198,0.221,0.1696,0.0468,0.168
4200317048,2020,2573,51,0.012,1105,64,0.035,47.3,5.3,0.068,0.1951,0.0322,0.1,0.211,0.0427,0.123,0.923,0.0356,0.023,0.007,0.0058,0.506,0.0062,0.0089,0.874,0.0245,0.0186,0.463,65625,15121,0.14,34164,3435,0.061,0.0494,0.0268,0.33,0.0709,0.0451,0.387,0.6546,0.0536,0.05,0.2793,0.067,0.146,1149,67,0.035,0.0383,0.026,0.413,1959,3,0.001,0.839,0.0543,0.039,0.0505,0.0387,0.466,0.0044,0.0113,1.585,0.0,0.0135,,0.162,0.0535,0.201,179,60,0.204,926,68,0.045,0.1204,0.0405,0.204,941,111,0.072,146700,9851,0.041,0.4134,0.3284,0.483,0.1117,0.1112,0.605,0.1955,0.0781,0.243,0.8606,0.0563,0.04,0.012,0.0095,0.483,0.0287,0.0445,0.944,0.0,0.0088,,0.055,0.0249,0.275,0.009,0.0134,0.903
4200319576,2020,8335,29,0.002,4318,213,0.03,37.5,1.8,0.029,0.1576,0.0236,0.091,0.1464,0.0245,0.102,0.9123,0.0264,0.018,0.0251,0.0132,0.32,0.0097,0.0054,0.338,0.0379,0.0188,0.302,57279,6627,0.07,39969,6275,0.095,0.0647,0.0242,0.227,0.0612,0.0304,0.302,0.7941,0.0257,0.02,0.4769,0.0467,0.059,4692,233,0.03,0.0797,0.0227,0.173,0,,,0.5503,0.0506,0.056,0.1971,0.0351,0.108,0.1679,0.042,0.152,0.0079,0.0069,0.528,0.4444,0.0583,0.08,1919,269,0.085,2399,193,0.049,0.3481,0.0423,0.074,869,64,0.045,154500,8594,0.034,0.3981,0.1239,0.189,0.1584,0.0868,0.333,0.1396,0.0501,0.218,0.6116,0.0558,0.055,0.1942,0.0312,0.098,0.0236,0.012,0.31,0.0,0.0028,,0.0976,0.0342,0.213,0.1172,0.03,0.156
4200319856,2020,1710,264,0.094,928,158,0.104,48.6,3.0,0.038,0.1152,0.0341,0.18,0.248,0.0717,0.176,0.9409,0.0619,0.04,0.0427,0.0291,0.414,0.0,0.0064,,0.0164,0.018,0.666,32770,4082,0.076,28941,7242,0.152,0.1415,0.1124,0.483,0.0392,0.0324,0.502,0.5143,0.116,0.137,0.1544,0.0293,0.115,1038,153,0.09,0.106,0.0536,0.308,1945,2,0.001,0.5742,0.1076,0.114,0.131,0.0814,0.378,0.1686,0.0301,0.109,0.0,0.015,,0.4903,0.1447,0.179,455,155,0.207,473,65,0.084,0.4363,0.1337,0.186,526,171,0.198,67700,5698,0.051,0.4505,0.1489,0.201,0.2703,0.16,0.36,0.1945,0.0773,0.242,0.7371,0.0579,0.048,0.1222,0.0871,0.433,0.012,0.0158,0.805,0.0,0.0146,,0.0252,0.0196,0.471,0.1455,0.0846,0.353
4200320432,2020,5534,32,0.004,2246,195,0.053,29.6,6.9,0.142,0.3081,0.0577,0.114,0.1137,0.0242,0.13,0.3511,0.0529,0.092,0.5074,0.0648,0.078,0.0,0.0027,,0.011,0.011,0.608,35264,4844,0.084,18647,3720,0.121,0.3558,0.1024,0.175,0.1064,0.0463,0.264,0.6274,0.0713,0.069,0.1074,0.0374,0.212,3066,239,0.047,0.2674,0.0496,0.113,1948,4,0.001,0.6334,0.0436,0.042,0.1138,0.0436,0.233,0.1086,0.0447,0.25,0.0744,0.0347,0.284,0.5993,0.0419,0.042,1346,150,0.068,900,162,0.109,0.6267,0.0762,0.074,631,70,0.067,45200,5560,0.075,0.4785,0.139,0.177,0.1895,0.0828,0.266,0.2311,0.0635,0.167,0.5059,0.0916,0.11,0.1719,0.0533,0.188,0.0982,0.0599,0.371,0.0047,0.0056,0.724,0.1301,0.1406,0.657,0.3148,0.0628,0.121
4200321024,2020,1450,158,0.066,678,86,0.077,41.1,3.2,0.047,0.2234,0.029,0.079,0.1366,0.0428,0.191,0.9572,0.0315,0.02,0.011,0.011,0.604,0.0,0.0076,,0.0,0.0076,,60357,15373,0.155,30367,5644,0.113,0.1554,0.0706,0.276,0.0538,0.0253,0.287,0.703,0.0235,0.02,0.3083,0.0985,0.194,820,85,0.063,0.1732,0.0595,0.209,1946,7,0.002,0.7146,0.069,0.059,0.0915,0.0386,0.256,0.0037,0.0143,2.371,0.072,0.0449,0.379,0.3938,0.073,0.113,267,60,0.137,411,79,0.117,0.3923,0.0737,0.114,811,58,0.043,84700,12671,0.091,0.3446,0.1755,0.31,0.2247,0.125,0.338,0.0998,0.0523,0.319,0.7859,0.0464,0.036,0.0407,0.0307,0.459,0.0136,0.0162,0.725,0.0,0.0149,,0.0488,0.0415,0.517,0.1018,0.0361,0.216
4200321444,2020,1885,213,0.069,980,114,0.071,54.0,5.2,0.059,0.1469,0.0476,0.197,0.2488,0.0462,0.113,0.8912,0.1363,0.093,0.0748,0.0647,0.526,0.0,0.0058,,0.0,0.0058,,50625,11068,0.133,33536,4136,0.075,0.0854,0.0406,0.289,0.0685,0.0414,0.367,0.6113,0.0646,0.064,0.2034,0.0578,0.173,1144,106,0.056,0.1434,0.0543,0.23,1950,5,0.002,0.674,0.0464,0.042,0.1294,0.0552,0.26,0.0743,0.0356,0.291,0.0227,0.0161,0.431,0.3204,0.0657,0.125,314,74,0.143,666,106,0.097,0.2456,0.0573,0.142,636,33,0.032,70800,10094,0.087,0.6083,0.1809,0.181,0.2389,0.1071,0.273,0.1937,0.0798,0.25,0.7495,0.0746,0.06,0.0301,0.0209,0.423,0.0065,0.0085,0.804,0.0,0.0118,,0.0903,0.0738,0.497,0.149,0.0544,0.222
4200321712,2020,1659,387,0.142,768,110,0.087,29.2,2.4,0.05,0.3177,0.0904,0.173,0.1278,0.0303,0.144,0.2363,0.043,0.111,0.7281,0.1643,0.137,0.0,0.0066,,0.003,0.0048,0.962,31845,3673,0.07,19985,3314,0.101,0.2128,0.0783,0.224,0.067,0.0465,0.422,0.6973,0.1799,0.157,0.1446,0.0511,0.215,1025,95,0.056,0.2507,0.0776,0.188,1955,9,0.003,0.3493,0.0858,0.149,0.2468,0.082,0.202,0.1288,0.0669,0.316,0.0478,0.0254,0.323,0.6901,0.058,0.051,530,88,0.101,238,76,0.194,0.6687,0.0389,0.035,600,53,0.054,52000,13939,0.163,0.2925,0.1311,0.273,0.1887,0.1049,0.338,0.1261,0.1403,0.677,0.5897,0.1397,0.144,0.2697,0.1416,0.319,0.0344,0.0309,0.545,0.0,0.0158,,0.0703,0.0646,0.559,0.3828,0.126,0.2
4200322520,2020,3020,22,0.004,1526,91,0.036,37.2,2.8,0.046,0.1626,0.0351,0.131,0.1351,0.0255,0.115,0.8815,0.0406,0.028,0.049,0.0238,0.296,0.0152,0.0103,0.41,0.0195,0.0152,0.474,81135,2762,0.021,54980,6234,0.069,0.0412,0.0185,0.273,0.0417,0.0202,0.294,0.8085,0.0393,0.03,0.6847,0.0737,0.065,1560,99,0.039,0.0218,0.0256,0.714,0,,,0.6359,0.0625,0.06,0.1314,0.0737,0.341,0.1346,0.0376,0.17,0.0256,0.0182,0.431,0.3696,0.054,0.089,564,89,0.096,962,108,0.068,0.302,0.0582,0.117,959,91,0.058,227700,21176,0.057,0.305,0.0974,0.194,0.1064,0.0523,0.299,0.2256,0.0655,0.176,0.6081,0.0612,0.061,0.1106,0.033,0.181,0.0178,0.0127,0.433,0.0148,0.0122,0.502,0.1672,0.0536,0.195,0.0446,0.0237,0.323
4200322576,2020,1527,144,0.057,593,65,0.067,48.1,2.7,0.034,0.2417,0.0312,0.078,0.2155,0.0401,0.113,0.9614,0.1266,0.08,0.0046,0.0046,0.605,0.0111,0.0091,0.497,0.0144,0.0091,0.383,183250,35875,0.119,108129,13341,0.075,0.0465,0.0345,0.451,0.0312,0.0255,0.497,0.6033,0.0425,0.043,0.807,0.0416,0.031,666,63,0.058,0.1096,0.0592,0.328,0,,,0.9865,0.0286,0.018,0.009,0.0188,1.268,0.0,0.0234,,0.0,0.0234,,0.0641,0.0261,0.247,38,16,0.256,555,67,0.073,0.04,0.0186,0.283,1240,206,0.101,629900,42466,0.041,0.2368,0.457,1.173,0.1579,0.1718,0.661,0.1946,0.0555,0.173,0.7391,0.061,0.05,0.0101,0.0086,0.516,0.0348,0.0243,0.425,0.0,0.0159,,0.1754,0.0528,0.183,0.0101,0.0211,1.268
4200322992,2020,1418,193,0.083,597,50,0.051,38.9,4.3,0.067,0.1812,0.028,0.094,0.1636,0.0338,0.125,0.921,0.1673,0.11,0.0141,0.0111,0.479,0.0085,0.0119,0.857,0.0395,0.0348,0.536,38983,3637,0.057,24928,3305,0.081,0.1523,0.0404,0.161,0.0845,0.0392,0.282,0.6153,0.1243,0.123,0.1841,0.0429,0.142,686,60,0.053,0.1297,0.0572,0.268,0,,,0.7711,0.0602,0.047,0.0831,0.0301,0.22,0.0277,0.0234,0.514,0.0831,0.0448,0.328,0.4104,0.0536,0.079,245,38,0.094,352,52,0.09,0.3286,0.045,0.083,731,86,0.072,73900,9284,0.076,0.4531,0.1234,0.166,0.2571,0.1027,0.243,0.1591,0.0771,0.295,0.7762,0.0553,0.043,0.0556,0.0314,0.343,0.0509,0.0299,0.357,0.0,0.017,,0.0154,0.0121,0.478,0.1072,0.0471,0.267
4200323000,2020,13013,29,0.001,5539,295,0.032,49.4,2.3,0.028,0.1703,0.0242,0.086,0.2307,0.0308,0.081,0.9511,0.0231,0.015,0.0073,0.0055,0.461,0.0178,0.0192,0.658,0.0101,0.0086,0.516,66279,6749,0.062,35926,1863,0.032,0.0604,0.024,0.241,0.0313,0.0135,0.262,0.605,0.0251,0.025,0.2959,0.0396,0.081,5957,305,0.031,0.0702,0.0329,0.285,1960,2,0.001,0.8568,0.023,0.016,0.0094,0.0063,0.409,0.0562,0.0244,0.264,0.0072,0.0093,0.786,0.1452,0.0329,0.138,804,187,0.141,4735,319,0.041,0.099,0.0257,0.157,778,44,0.034,130600,6968,0.032,0.2152,0.1371,0.387,0.1729,0.1308,0.46,0.162,0.0496,0.186,0.8611,0.0382,0.027,0.0175,0.0135,0.467,0.006,0.0082,0.826,0.0,0.0026,,0.046,0.0242,0.32,0.0605,0.0378,0.38
4200323616,2020,2514,376,0.091,1180,78,0.04,35.7,4.0,0.068,0.2395,0.0824,0.209,0.1539,0.0292,0.115,0.8055,0.1503,0.113,0.1018,0.0569,0.339,0.0131,0.0142,0.657,0.0601,0.079,0.8,53289,9412,0.107,30522,3984,0.079,0.1055,0.0506,0.292,0.0453,0.026,0.349,0.6432,0.1094,0.103,0.4221,0.0787,0.113,1191,74,0.038,0.0092,0.0109,0.717,1947,6,0.002,0.6121,0.0633,0.063,0.1016,0.0482,0.288,0.1411,0.0441,0.19,0.0915,0.0514,0.342,0.3661,0.0523,0.087,432,68,0.096,748,87,0.071,0.2772,0.0438,0.096,842,23,0.017,138900,13910,0.061,0.4352,0.1685,0.235,0.1667,0.108,0.394,0.1992,0.0681,0.208,0.7015,0.0587,0.051,0.0646,0.0393,0.369,0.0208,0.0142,0.416,0.0,0.0088,,0.0974,0.0573,0.358,0.0424,0.0244,0.35
4200324160,2020,3336,38,0.007,1630,112,0.042,37.6,4.8,0.078,0.1799,0.0485,0.164,0.1826,0.0491,0.164,0.9083,0.045,0.03,0.006,0.0075,0.76,0.039,0.0303,0.472,0.012,0.0081,0.41,42219,9788,0.141,25227,2575,0.062,0.0839,0.04,0.289,0.0553,0.0364,0.4,0.6199,0.0469,0.046,0.2521,0.0559,0.135,1703,123,0.044,0.0429,0.0398,0.565,0,,,0.6853,0.07,0.062,0.1456,0.0546,0.228,0.0487,0.0489,0.61,0.0206,0.0272,0.803,0.4546,0.0931,0.124,741,160,0.131,889,127,0.087,0.3688,0.0873,0.144,744,33,0.027,91800,9489,0.063,0.3968,0.1569,0.24,0.2281,0.1256,0.335,0.1721,0.0773,0.273,0.7311,0.0789,0.066,0.0594,0.0301,0.308,0.0444,0.0291,0.398,0.0,0.0069,,0.025,0.0243,0.59,0.116,0.0655,0.343
4200325400,2020,2302,310,0.082,1009,107,0.064,45.6,6.4,0.085,0.2042,0.0422,0.126,0.2068,0.0296,0.087,0.9631,0.0198,0.012,0.0,0.0048,,0.0,0.0048,,0.0078,0.0091,0.704,65048,11977,0.112,32491,3210,0.06,0.0465,0.0203,0.265,0.0572,0.0642,0.681,0.6391,0.0752,0.072,0.2376,0.066,0.169,1047,100,0.058,0.0363,0.0265,0.444,1959,4,0.001,0.8825,0.0578,0.04,0.0325,0.0302,0.565,0.0,0.0149,,0.0,0.0149,,0.1744,0.0544,0.19,176,58,0.2,833,103,0.075,0.1455,0.0511,0.213,752,127,0.103,149100,21191,0.086,0.2614,0.1597,0.371,0.0852,0.0924,0.659,0.2233,0.0817,0.223,0.8822,0.0728,0.05,0.0119,0.0154,0.791,0.0064,0.0091,0.865,0.0,0.01,,0.0283,0.0207,0.443,0.0188,0.0222,0.716
4200325904,2020,5883,19,0.002,2629,246,0.057,37.9,4.7,0.075,0.2021,0.0462,0.139,0.1305,0.0338,0.157,0.955,0.0253,0.016,0.0012,0.0014,0.695,0.0143,0.0126,0.536,0.0061,0.0054,0.54,82713,18617,0.137,38863,3029,0.047,0.0411,0.0222,0.328,0.0615,0.0629,0.622,0.7364,0.0587,0.048,0.4373,0.0861,0.12,2752,236,0.052,0.0447,0.0347,0.472,1984,4,0.001,0.5981,0.0841,0.085,0.0461,0.0362,0.477,0.0505,0.0401,0.483,0.0153,0.0177,0.705,0.2883,0.1026,0.216,758,279,0.224,1871,290,0.094,0.1939,0.0821,0.257,643,87,0.082,219600,28706,0.079,0.2441,0.1805,0.45,0.0422,0.0449,0.646,0.1758,0.0629,0.217,0.8248,0.0469,0.035,0.0331,0.0246,0.452,0.0241,0.0222,0.559,0.0,0.0046,,0.0474,0.0229,0.295,0.0281,0.0238,0.514
4200326592,2020,6333,27,0.003,3183,197,0.038,45.1,4.1,0.055,0.1459,0.0355,0.148,0.2217,0.0368,0.101,0.777,0.0485,0.038,0.1371,0.0463,0.205,0.009,0.0101,0.683,0.0155,0.0137,0.54,72716,7981,0.067,46909,7536,0.098,0.0418,0.0206,0.299,0.0657,0.0409,0.379,0.7219,0.0294,0.025,0.5962,0.0576,0.059,3441,221,0.039,0.075,0.0298,0.242,1951,3,0.001,0.7213,0.0249,0.021,0.0886,0.0268,0.184,0.0317,0.025,0.48,0.077,0.0446,0.352,0.328,0.0726,0.135,1044,240,0.14,2139,178,0.051,0.283,0.0565,0.121,893,77,0.052,129300,14120,0.066,0.3927,0.1723,0.267,0.0776,0.0576,0.452,0.1047,0.0418,0.243,0.7161,0.0395,0.034,0.105,0.0293,0.17,0.0027,0.0038,0.85,0.0,0.0041,,0.0904,0.0521,0.35,0.0512,0.0187,0.222
4200326896,2020,3290,15,0.003,1544,112,0.044,50.5,2.7,0.033,0.1362,0.0379,0.169,0.2277,0.0506,0.135,0.9036,0.0533,0.036,0.0264,0.0365,0.838,0.0,0.0033,,0.0173,0.0222,0.779,61291,1191,0.012,35722,3264,0.056,0.0383,0.0192,0.304,0.0587,0.0326,0.338,0.5539,0.0617,0.068,0.2236,0.0594,0.161,1658,108,0.04,0.0688,0.0353,0.312,1955,5,0.002,0.81,0.0682,0.051,0.0253,0.0302,0.726,0.0054,0.0103,1.15,0.0,0.0094,,0.0887,0.0481,0.33,137,75,0.333,1407,120,0.052,0.0603,0.0362,0.365,716,224,0.19,139900,37754,0.164,0.1752,0.1787,0.62,0.1241,0.1209,0.592,0.1741,0.0635,0.222,0.8251,0.0989,0.073,0.0067,0.01,0.908,0.0,0.0073,,0.0,0.0073,,0.0541,0.0401,0.45,0.0512,0.033,0.392
4200327120,2020,5104,24,0.003,1723,118,0.042,45.9,2.7,0.036,0.2861,0.0508,0.108,0.1693,0.0375,0.135,0.8589,0.0496,0.035,0.0,0.0029,,0.0488,0.0274,0.342,0.046,0.0302,0.398,233776,25401,0.066,107317,13731,0.078,0.0133,0.0179,0.816,0.0186,0.0164,0.537,0.6173,0.0565,0.056,0.8235,0.0877,0.065,1862,149,0.049,0.0747,0.048,0.391,1967,3,0.001,0.9377,0.0293,0.019,0.0043,0.0107,1.508,0.0,0.0114,,0.0,0.0114,,0.0325,0.0284,0.53,56,49,0.532,1667,123,0.045,0.0227,0.0241,0.645,,,,701600,74379,0.064,0.4821,0.7744,0.976,0.4821,0.6201,0.782,0.2412,0.0785,0.198,0.7798,0.0874,0.068,0.0048,0.0082,1.048,0.0122,0.0143,0.713,0.0,0.0065,,0.1301,0.0532,0.249,0.0232,0.0269,0.705
4200327552,2020,14701,29,0.001,5284,231,0.027,41.1,1.2,0.018,0.2926,0.031,0.064,0.1331,0.017,0.078,0.7689,0.0454,0.036,0.0477,0.0332,0.423,0.1434,0.0309,0.131,0.0217,0.0144,0.404,141045,15545,0.067,64207,5908,0.056,0.0312,0.0174,0.338,0.0504,0.0304,0.367,0.7328,0.0319,0.026,0.7343,0.0565,0.047,5520,245,0.027,0.0428,0.0244,0.347,1985,2,0.001,0.8438,0.0261,0.019,0.0138,0.0131,0.58,0.0221,0.013,0.357,0.0172,0.012,0.426,0.1048,0.0271,0.157,554,145,0.159,4730,269,0.035,0.0942,0.0383,0.247,1866,369,0.12,368700,20125,0.033,0.444,0.2176,0.298,0.3014,0.1978,0.399,0.1702,0.0373,0.133,0.7824,0.0401,0.031,0.0121,0.0078,0.391,0.0,0.0023,,0.0,0.0023,,0.1068,0.028,0.159,0.0435,0.0282,0.394
4200327608,2020,1149,175,0.093,478,68,0.086,50.5,4.0,0.048,0.1427,0.0369,0.157,0.2176,0.0426,0.119,0.9974,0.2145,0.131,0.0,0.0096,,0.0,0.0096,,0.0026,0.0035,0.805,74545,9717,0.079,37813,6495,0.104,0.0513,0.0235,0.278,0.0178,0.013,0.443,0.6716,0.0522,0.047,0.2154,0.049,0.138,550,67,0.074,0.1309,0.0464,0.216,1959,3,0.001,0.9509,0.0313,0.02,0.0073,0.0247,2.066,0.0,0.0283,,0.0055,0.0213,2.371,0.1255,0.0775,0.375,60,38,0.385,418,61,0.089,0.1149,0.0853,0.451,771,23,0.018,145900,23388,0.097,0.05,0.3229,3.926,0.05,0.0587,0.713,0.1029,0.0635,0.376,0.8193,0.0178,0.013,0.0,0.0168,,0.0046,0.0076,1.007,0.0,0.0168,,0.0153,0.0119,0.473,0.0314,0.0211,0.408
4200329432,2020,4338,18,0.003,1853,171,0.056,40.7,6.5,0.097,0.189,0.0488,0.157,0.1531,0.0348,0.138,0.8592,0.0594,0.042,0.0355,0.0237,0.407,0.0046,0.0088,1.155,0.0802,0.0447,0.339,45716,4682,0.062,24636,2331,0.058,0.1637,0.0572,0.213,0.08,0.0442,0.336,0.7219,0.0554,0.047,0.1462,0.0492,0.204,2388,177,0.045,0.224,0.0514,0.139,1952,3,0.001,0.7567,0.0588,0.047,0.1265,0.053,0.255,0.0498,0.0353,0.43,0.0059,0.0103,1.067,0.3065,0.0776,0.154,568,153,0.164,1285,188,0.089,0.3045,0.0885,0.177,735,62,0.051,71700,6579,0.056,0.4261,0.154,0.22,0.2165,0.1165,0.327,0.137,0.0572,0.254,0.7648,0.0965,0.077,0.0977,0.0568,0.354,0.0073,0.009,0.748,0.0,0.0048,,0.0138,0.0155,0.68,0.0998,0.0464,0.283
4200329592,2020,228,59,0.157,90,24,0.162,37.5,11.6,0.188,0.2061,0.067,0.197,0.1316,0.1037,0.479,0.9561,0.3486,0.222,0.0,0.0482,,0.0,0.0482,,0.0044,0.0131,1.817,94167,26304,0.17,40395,7629,0.115,0.0482,0.0659,0.831,0.0658,0.0695,0.642,0.8216,0.1059,0.078,0.3742,0.1242,0.202,106,24,0.138,0.1509,0.1079,0.435,0,,,0.934,0.1044,0.068,0.0472,0.1177,1.517,0.0,0.1468,,0.0,0.1468,,0.1333,0.0935,0.426,12,9,0.456,78,23,0.179,0.114,0.0873,0.465,825,115,0.085,152300,23742,0.095,0.3333,0.9647,1.759,0.1667,0.2165,0.79,0.1026,0.3614,2.142,0.8028,0.0787,0.06,0.0,0.0775,,0.0634,0.1041,0.999,0.0,0.0775,,0.0493,0.0546,0.673,0.0222,0.1265,3.462
4200329732,2020,463,98,0.129,183,30,0.1,47.0,3.5,0.045,0.2181,0.06,0.167,0.2462,0.0304,0.075,0.8445,0.2286,0.165,0.0518,0.0704,0.826,0.0022,0.0086,2.428,0.0562,0.046,0.498,123750,28473,0.14,69925,12579,0.109,0.0088,0.0265,1.832,0.0084,0.0124,0.9,0.6649,0.1075,0.098,0.7104,0.179,0.153,201,32,0.097,0.0896,0.0682,0.463,1953,4,0.001,0.9552,0.0619,0.039,0.0,0.0774,,0.0,0.0774,,0.0,0.0774,,0.0492,0.0318,0.393,9,6,0.405,174,30,0.105,0.0335,0.0304,0.552,1344,280,0.127,431700,40421,0.057,0.2222,2.1379,5.848,0.2222,0.2986,0.817,0.3276,0.1504,0.279,0.7397,0.1286,0.106,0.0331,0.0363,0.668,0.0413,0.0315,0.464,0.0,0.0455,,0.1198,0.0686,0.348,0.0328,0.0658,1.22
4200331256,2020,4814,38,0.005,2192,152,0.042,42.1,5.9,0.085,0.1691,0.0361,0.13,0.2183,0.0464,0.129,0.8862,0.0512,0.035,0.0127,0.012,0.578,0.0794,0.0465,0.356,0.0058,0.0071,0.738,77343,13748,0.108,42061,3902,0.056,0.1209,0.0615,0.309,0.0123,0.0115,0.569,0.6901,0.0579,0.051,0.4696,0.0592,0.077,2326,182,0.048,0.0576,0.0449,0.474,1959,2,0.001,0.7519,0.0503,0.041,0.0335,0.0363,0.659,0.0232,0.0186,0.487,0.1913,0.0707,0.225,0.2856,0.0721,0.154,626,164,0.159,1566,162,0.063,0.2862,0.069,0.147,1611,165,0.062,198900,14194,0.043,0.3163,0.1485,0.285,0.2077,0.1434,0.42,0.2146,0.0784,0.222,0.7391,0.0963,0.079,0.1164,0.0488,0.255,0.0282,0.0258,0.557,0.0,0.004,,0.0567,0.0306,0.328,0.0328,0.026,0.481
4200332328,2020,18235,18,0.001,6881,288,0.025,43.4,3.9,0.055,0.243,0.0303,0.076,0.1854,0.0217,0.071,0.9299,0.0229,0.015,0.0126,0.0071,0.344,0.031,0.016,0.314,0.009,0.0074,0.5,98575,10842,0.067,47582,3748,0.048,0.0335,0.0178,0.323,0.0327,0.0148,0.275,0.6816,0.0208,0.019,0.5585,0.0608,0.066,7224,365,0.031,0.0475,0.0261,0.334,1976,3,0.001,0.7835,0.0557,0.043,0.0136,0.0093,0.416,0.0604,0.0191,0.192,0.0533,0.0261,0.298,0.1572,0.0253,0.098,1082,180,0.101,5799,256,0.027,0.1132,0.0239,0.128,1168,99,0.052,274300,14494,0.032,0.3096,0.1211,0.238,0.1895,0.0879,0.282,0.2123,0.0569,0.163,0.8166,0.0475,0.035,0.0159,0.0089,0.342,0.0121,0.0079,0.395,0.0,0.0018,,0.0884,0.0254,0.175,0.0427,0.0176,0.25
4200332624,2020,3024,29,0.006,1490,133,0.054,56.9,3.3,0.035,0.1353,0.0352,0.158,0.3393,0.058,0.104,0.9616,0.0237,0.015,0.0089,0.0096,0.653,0.002,0.0036,1.114,0.0251,0.0225,0.544,60952,17575,0.175,51105,8836,0.105,0.082,0.0494,0.366,0.0195,0.0173,0.541,0.5628,0.0542,0.059,0.416,0.0681,0.099,1700,151,0.054,0.1235,0.0476,0.234,1966,4,0.001,0.5559,0.0584,0.064,0.0959,0.0386,0.245,0.0588,0.035,0.361,0.0176,0.0223,0.767,0.2557,0.0595,0.142,381,95,0.152,1109,154,0.084,0.2589,0.0802,0.188,712,91,0.078,140400,12209,0.053,0.3858,0.1644,0.259,0.1811,0.1288,0.432,0.1208,0.0521,0.262,0.7553,0.0722,0.058,0.0151,0.0184,0.743,0.0425,0.0326,0.466,0.0,0.0075,,0.0672,0.0488,0.441,0.0537,0.0312,0.353
4200332832,2020,10281,44,0.003,4639,201,0.026,47.4,3.3,0.042,0.1802,0.0288,0.097,0.2208,0.0312,0.086,0.8982,0.0256,0.017,0.0314,0.0211,0.408,0.0183,0.0124,0.411,0.0107,0.0086,0.486,56033,4645,0.05,32093,2843,0.054,0.1055,0.0346,0.2,0.0453,0.0204,0.274,0.6269,0.0368,0.036,0.241,0.0379,0.096,5149,220,0.026,0.099,0.0316,0.194,1954,3,0.001,0.7623,0.0406,0.032,0.0874,0.0268,0.187,0.0511,0.0244,0.291,0.0408,0.0201,0.3,0.2496,0.0352,0.086,1158,171,0.09,3481,250,0.044,0.2493,0.0454,0.111,663,72,0.066,113800,7836,0.042,0.4119,0.1148,0.169,0.1701,0.088,0.315,0.1824,0.052,0.173,0.7888,0.0393,0.03,0.0075,0.0063,0.51,0.0325,0.015,0.281,0.0041,0.0045,0.664,0.076,0.0368,0.295,0.0737,0.0216,0.179
4200333312,2020,128,48,0.228,50,18,0.219,39.8,20.7,0.316,0.2656,0.1925,0.441,0.2422,0.2407,0.604,0.7812,0.1087,0.085,0.0,0.0859,,0.0312,0.0454,0.883,0.1641,0.1771,0.656,59000,8202,0.085,32796,9982,0.185,0.0781,0.1071,0.833,0.0,0.2,,0.5851,0.204,0.212,0.4348,0.2684,0.375,63,19,0.183,0.2063,0.1631,0.481,0,,,0.9683,0.4085,0.256,0.0,0.2469,,0.0,0.2469,,0.0,0.2469,,0.2,0.1429,0.434,10,8,0.486,40,15,0.228,0.2812,0.2267,0.49,1583,255,0.098,102100,32173,0.192,0.2,1.9221,5.842,0.2,0.2538,0.771,0.05,0.7291,8.864,0.6792,0.1126,0.101,0.1698,0.1915,0.685,0.0,0.2075,,0.0,0.2075,,0.1509,0.2149,0.866,0.08,0.2489,1.892
4200333592,2020,1228,136,0.067,690,86,0.076,47.5,12.1,0.155,0.1327,0.0339,0.155,0.1865,0.0378,0.123,0.9414,0.0441,0.028,0.0,0.009,,0.0301,0.0291,0.588,0.0041,0.0057,0.848,53140,8622,0.099,39761,8808,0.135,0.0504,0.0229,0.276,0.0245,0.0311,0.773,0.6793,0.0437,0.039,0.2352,0.0539,0.139,735,92,0.076,0.0612,0.0387,0.384,1943,8,0.003,0.7524,0.1019,0.082,0.1497,0.0967,0.393,0.0653,0.029,0.27,0.0122,0.0231,1.148,0.3072,0.0528,0.104,212,45,0.129,478,99,0.126,0.285,0.0598,0.127,778,50,0.039,123800,16357,0.08,0.4387,0.1255,0.174,0.0991,0.0725,0.445,0.2071,0.0679,0.199,0.7239,0.0784,0.066,0.0441,0.0213,0.294,0.0529,0.0271,0.312,0.0,0.0162,,0.0675,0.0537,0.483,0.1043,0.0402,0.234
4200335424,2020,3168,17,0.003,1288,203,0.096,30.8,6.5,0.128,0.2819,0.0925,0.199,0.203,0.0563,0.169,0.2882,0.1105,0.233,0.6256,0.1193,0.116,0.0511,0.0549,0.653,0.0265,0.0319,0.731,26563,5588,0.128,26254,11962,0.277,0.315,0.107,0.206,0.1358,0.086,0.385,0.5468,0.0556,0.062,0.1318,0.0511,0.236,1794,280,0.095,0.2821,0.0914,0.197,1953,5,0.002,0.519,0.0284,0.033,0.2252,0.0827,0.223,0.078,0.0486,0.379,0.1276,0.0543,0.259,0.7182,0.0909,0.077,925,187,0.123,363,130,0.218,0.6819,0.1285,0.115,769,137,0.108,58000,17009,0.178,0.5114,0.1465,0.174,0.1914,0.0881,0.28,0.135,0.128,0.576,0.5475,0.1208,0.134,0.2896,0.1434,0.301,0.0419,0.0317,0.46,0.0,0.0102,,0.0028,0.0074,1.617,0.4946,0.1377,0.169
4200336808,2020,7165,25,0.002,2614,149,0.035,46.1,2.9,0.038,0.2098,0.0291,0.084,0.1781,0.0268,0.091,0.8836,0.0518,0.036,0.0107,0.0114,0.647,0.0703,0.043,0.371,0.0113,0.0082,0.443,106250,13990,0.08,50763,4034,0.048,0.0509,0.018,0.214,0.0342,0.0132,0.235,0.6542,0.0241,0.022,0.5319,0.0611,0.07,2779,164,0.036,0.0594,0.0329,0.337,1965,6,0.002,0.892,0.0346,0.024,0.0284,0.0276,0.591,0.0216,0.02,0.562,0.0,0.0076,,0.1079,0.0339,0.191,282,90,0.194,2332,149,0.039,0.0862,0.0297,0.209,1034,79,0.046,262000,20411,0.047,0.4184,0.2613,0.38,0.0816,0.0544,0.405,0.1484,0.038,0.156,0.7748,0.0397,0.031,0.0116,0.0077,0.404,0.0133,0.0119,0.544,0.0,0.0042,,0.1004,0.046,0.278,0.0195,0.0159,0.497
4200337000,2020,3210,26,0.005,1420,167,0.071,37.4,1.4,0.023,0.228,0.0686,0.183,0.1632,0.0418,0.156,0.8555,0.0663,0.047,0.1252,0.0676,0.328,0.0125,0.0174,0.851,0.0037,0.0062,1.013,53619,6040,0.068,30207,2613,0.053,0.0938,0.043,0.279,0.0364,0.0363,0.605,0.7184,0.0419,0.035,0.232,0.0598,0.157,1466,173,0.072,0.0314,0.0373,0.723,0,,,0.616,0.0361,0.036,0.1774,0.0708,0.243,0.1112,0.0399,0.218,0.0641,0.0371,0.352,0.3732,0.0763,0.124,530,125,0.143,890,124,0.085,0.276,0.0726,0.16,792,56,0.043,109100,11276,0.063,0.3943,0.1323,0.204,0.2,0.1132,0.344,0.1326,0.0727,0.333,0.713,0.0592,0.051,0.1136,0.0551,0.295,0.0122,0.0156,0.779,0.007,0.0116,1.011,0.058,0.0466,0.489,0.1859,0.0629,0.206
4200337955,2020,11166,48,0.003,4537,203,0.027,45.0,2.5,0.034,0.1951,0.027,0.084,0.2195,0.0353,0.098,0.9419,0.0222,0.014,0.0182,0.0111,0.371,0.0273,0.019,0.423,0.01,0.0077,0.467,96645,12154,0.076,51382,6838,0.081,0.029,0.0145,0.303,0.0335,0.0237,0.43,0.6612,0.0298,0.027,0.4531,0.0628,0.084,4885,260,0.032,0.0712,0.0288,0.246,1981,4,0.001,0.7775,0.0454,0.035,0.0149,0.0098,0.399,0.0579,0.0243,0.255,0.0119,0.0088,0.451,0.1563,0.0384,0.149,709,177,0.152,3828,229,0.036,0.1275,0.0397,0.189,1135,51,0.027,246300,23637,0.058,0.22,0.1028,0.284,0.134,0.0929,0.421,0.158,0.0461,0.177,0.8685,0.0453,0.032,0.0128,0.0089,0.423,0.0008,0.0015,1.094,0.0019,0.0029,0.939,0.0463,0.0208,0.274,0.0401,0.0308,0.467
4200339312,2020,8106,53,0.004,3619,172,0.029,49.4,4.6,0.057,0.1825,0.0368,0.122,0.2361,0.0383,0.099,0.982,0.0105,0.007,0.0065,0.0062,0.573,0.0039,0.0049,0.76,0.0032,0.0049,0.935,77092,14974,0.118,41155,4083,0.06,0.04,0.0296,0.45,0.0424,0.0198,0.284,0.6595,0.0399,0.037,0.3633,0.0545,0.091,3804,191,0.031,0.0486,0.0317,0.396,1971,3,0.001,0.7132,0.0297,0.025,0.0184,0.0143,0.472,0.0542,0.0231,0.259,0.0628,0.0246,0.238,0.2153,0.068,0.192,779,249,0.194,2840,266,0.057,0.1996,0.0804,0.245,1056,203,0.117,183800,6907,0.023,0.4544,0.0798,0.107,0.199,0.0706,0.216,0.1,0.0345,0.21,0.76,0.0467,0.037,0.0536,0.0282,0.32,0.0,0.0035,,0.0019,0.003,0.987,0.1067,0.0501,0.286,0.1014,0.0448,0.269
4200339624,2020,704,105,0.091,289,34,0.072,54.1,6.1,0.069,0.1364,0.0323,0.144,0.2514,0.0272,0.066,0.9318,0.1888,0.123,0.0043,0.0071,1.009,0.0057,0.0071,0.754,0.0,0.0156,,103472,16610,0.098,46172,5946,0.078,0.017,0.0146,0.521,0.0125,0.0097,0.474,0.6468,0.0685,0.064,0.4535,0.0774,0.104,306,31,0.062,0.0556,0.0487,0.533,1953,2,0.001,0.9967,0.0082,0.005,0.0033,0.0365,6.796,0.0,0.0508,,0.0,0.0508,,0.0208,0.0241,0.706,6,7,0.709,283,32,0.069,0.0199,0.0211,0.645,,,,228100,18815,0.05,0.6667,1.9381,1.767,0.1667,0.6377,2.326,0.2297,0.086,0.228,0.6897,0.0913,0.08,0.0051,0.0102,1.211,0.0,0.0282,,0.0,0.0282,,0.1308,0.0513,0.238,0.0381,0.0294,0.47
4200342368,2020,1648,314,0.116,667,185,0.169,35.1,4.7,0.081,0.2706,0.0513,0.115,0.1408,0.0368,0.159,0.9417,0.0659,0.043,0.0146,0.0124,0.519,0.0133,0.0125,0.569,0.014,0.0112,0.489,76602,35508,0.282,42174,5545,0.08,0.0316,0.0247,0.474,0.0201,0.0162,0.489,0.6335,0.1271,0.122,0.441,0.098,0.135,711,185,0.158,0.0619,0.0359,0.353,1958,9,0.003,0.7932,0.2176,0.167,0.1969,0.2481,0.766,0.0,0.0219,,0.0,0.0219,,0.2564,0.2634,0.625,171,182,0.647,496,52,0.064,0.2033,0.1704,0.51,959,29,0.018,218700,11660,0.032,0.7719,0.6588,0.519,0.0409,0.055,0.817,0.1472,0.0538,0.222,0.7765,0.0375,0.029,0.0119,0.0105,0.536,0.0,0.0146,,0.0,0.0146,,0.1045,0.0325,0.189,0.0525,0.0442,0.512
4200342392,2020,1130,149,0.08,601,67,0.068,45.4,4.6,0.062,0.185,0.0434,0.143,0.2345,0.0368,0.095,0.8416,0.0608,0.044,0.0407,0.0196,0.293,0.0319,0.0387,0.739,0.0124,0.0194,0.952,47212,10566,0.136,33704,3919,0.071,0.0912,0.0373,0.249,0.0215,0.018,0.508,0.6389,0.0371,0.035,0.3174,0.0425,0.081,633,68,0.065,0.0506,0.0327,0.394,0,,,0.5545,0.0737,0.081,0.0679,0.0411,0.368,0.0063,0.0191,1.835,0.1264,0.0464,0.223,0.4309,0.0969,0.137,259,65,0.153,342,50,0.089,0.3858,0.111,0.175,846,228,0.164,88200,7428,0.051,0.2317,0.0802,0.21,0.0425,0.0371,0.531,0.2105,0.0883,0.255,0.6981,0.0564,0.049,0.0789,0.0434,0.334,0.1098,0.0529,0.293,0.0051,0.0068,0.807,0.0669,0.0349,0.317,0.1747,0.0645,0.224
4200343064,2020,2381,324,0.083,1180,146,0.075,48.3,2.2,0.028,0.168,0.0377,0.137,0.2121,0.0229,0.066,0.9567,0.0334,0.021,0.0164,0.0103,0.381,0.0046,0.0075,0.991,0.0025,0.0033,0.806,61140,9313,0.093,33633,3581,0.065,0.0391,0.0156,0.242,0.0997,0.0864,0.527,0.6947,0.0913,0.08,0.2647,0.0758,0.174,1191,145,0.074,0.0092,0.0151,0.992,1954,2,0.001,0.9454,0.0446,0.029,0.0202,0.022,0.665,0.0302,0.0204,0.41,0.0,0.0131,,0.228,0.103,0.275,269,126,0.285,911,107,0.071,0.1709,0.087,0.31,741,178,0.146,83600,3283,0.024,0.3011,0.084,0.17,0.1152,0.0511,0.27,0.1131,0.0355,0.191,0.8426,0.0262,0.019,0.0,0.0086,,0.0133,0.0186,0.854,0.0,0.0086,,0.0561,0.0445,0.482,0.0407,0.0273,0.408
4200343408,2020,1022,258,0.153,456,107,0.143,48.8,6.7,0.083,0.1487,0.063,0.258,0.2065,0.0653,0.192,0.9834,0.051,0.032,0.0108,0.0084,0.473,0.0,0.0108,,0.001,0.0049,3.036,66019,4152,0.038,38752,9251,0.145,0.0461,0.0209,0.276,0.0528,0.0239,0.275,0.6596,0.0766,0.071,0.1727,0.0481,0.169,484,107,0.134,0.0579,0.0564,0.593,1951,4,0.001,0.9318,0.0858,0.056,0.0124,0.0257,1.262,0.0,0.0321,,0.0,0.0321,,0.1908,0.1809,0.577,87,85,0.594,369,46,0.076,0.1086,0.0831,0.465,764,78,0.062,98100,6791,0.042,0.0575,0.2226,2.355,0.0575,0.04,0.424,0.1545,0.0546,0.215,0.8803,0.138,0.095,0.0129,0.0181,0.853,0.0055,0.0072,0.794,0.0,0.0203,,0.0368,0.0258,0.426,0.0373,0.024,0.392
4200345900,2020,28319,20,0.0,11971,341,0.017,43.8,1.8,0.025,0.192,0.0177,0.056,0.2082,0.0172,0.05,0.8844,0.0182,0.013,0.0207,0.0123,0.363,0.0527,0.0134,0.155,0.0186,0.0088,0.288,85514,4902,0.035,49213,2934,0.036,0.0432,0.0115,0.162,0.0353,0.0115,0.199,0.6366,0.0195,0.019,0.5795,0.0302,0.032,12549,354,0.017,0.0461,0.0156,0.205,1973,1,0.0,0.6228,0.018,0.018,0.0115,0.0066,0.349,0.1688,0.0349,0.126,0.09,0.0188,0.127,0.2808,0.034,0.074,3361,418,0.076,8610,337,0.024,0.2039,0.0235,0.07,1043,50,0.029,259200,9160,0.021,0.3823,0.0618,0.098,0.1684,0.0447,0.161,0.1653,0.0312,0.115,0.784,0.0308,0.024,0.039,0.0114,0.178,0.0141,0.0071,0.303,0.0,0.0014,,0.0632,0.017,0.164,0.0356,0.0095,0.163
4200346072,2020,638,274,0.261,211,74,0.213,38.7,5.5,0.086,0.2492,0.1504,0.367,0.2132,0.1284,0.366,0.8636,0.1531,0.108,0.0157,0.0242,0.937,0.0,0.0172,,0.0,0.0172,,65594,18212,0.169,22612,3790,0.102,0.116,0.1101,0.577,0.0,0.0403,,0.5526,0.0846,0.093,0.1603,0.1395,0.529,235,77,0.199,0.1021,0.0829,0.493,0,,,0.8936,0.1563,0.106,0.1064,0.1037,0.593,0.0,0.0662,,0.0,0.0662,,0.1469,0.1067,0.441,31,25,0.49,180,72,0.243,0.21,0.1524,0.441,1027,545,0.323,122100,52592,0.262,0.6452,0.6475,0.61,0.3548,0.3494,0.599,0.0944,0.1581,1.018,0.9167,0.1648,0.109,0.0,0.0417,,0.0455,0.0568,0.76,0.0,0.0417,,0.0,0.0417,,0.019,0.059,1.892
4200346256,2020,19128,27,0.001,9035,460,0.031,43.2,4.1,0.058,0.2314,0.0307,0.081,0.1993,0.0202,0.062,0.5429,0.0389,0.044,0.3755,0.0349,0.056,0.0107,0.0114,0.646,0.0191,0.0086,0.274,28881,3884,0.082,20828,1591,0.046,0.3027,0.0519,0.104,0.0977,0.0219,0.136,0.5337,0.027,0.031,0.139,0.0223,0.097,11130,456,0.025,0.1882,0.0217,0.07,1946,2,0.001,0.6671,0.0368,0.034,0.0882,0.0231,0.159,0.0744,0.0154,0.126,0.0915,0.0183,0.122,0.5274,0.0557,0.064,4765,559,0.071,4270,442,0.063,0.4881,0.0569,0.071,680,28,0.025,51200,5015,0.06,0.5041,0.0887,0.107,0.2632,0.0632,0.146,0.1977,0.0396,0.122,0.6257,0.0472,0.046,0.1307,0.0341,0.158,0.0661,0.0255,0.235,0.0037,0.0046,0.747,0.0363,0.0237,0.397,0.3153,0.037,0.071
4200346264,2020,5892,22,0.002,2949,237,0.049,37.4,9.7,0.158,0.2145,0.0521,0.148,0.1597,0.048,0.183,0.5131,0.0816,0.097,0.3119,0.0799,0.156,0.0229,0.0283,0.752,0.0477,0.0433,0.552,31130,7213,0.141,20813,2988,0.087,0.304,0.0997,0.199,0.0801,0.0388,0.294,0.5653,0.077,0.083,0.1615,0.048,0.181,3421,309,0.055,0.138,0.0538,0.237,1944,6,0.002,0.532,0.0751,0.086,0.1301,0.0369,0.172,0.114,0.0389,0.207,0.0649,0.0331,0.31,0.5632,0.0648,0.07,1661,233,0.085,1288,257,0.121,0.5791,0.0827,0.087,739,91,0.075,53000,6367,0.073,0.366,0.0858,0.143,0.2324,0.0705,0.184,0.2648,0.1381,0.317,0.6465,0.118,0.111,0.1062,0.0357,0.205,0.0954,0.0528,0.337,0.0,0.0065,,0.0453,0.0347,0.466,0.3347,0.0708,0.129
4200347696,2020,9319,21,0.001,3398,226,0.04,41.4,2.7,0.04,0.2704,0.0441,0.099,0.1257,0.0219,0.106,0.8605,0.038,0.027,0.0218,0.0221,0.617,0.1032,0.0323,0.19,0.0094,0.0097,0.622,141146,31361,0.135,67554,6421,0.058,0.0213,0.0212,0.604,0.0304,0.0161,0.321,0.7485,0.0359,0.029,0.7597,0.0701,0.056,3518,235,0.041,0.0341,0.0312,0.556,1996,5,0.002,0.7902,0.024,0.018,0.006,0.0106,1.075,0.0364,0.0238,0.398,0.0321,0.0185,0.351,0.1189,0.0398,0.204,404,138,0.208,2994,211,0.043,0.0822,0.0342,0.253,1491,194,0.079,382600,21949,0.035,0.3416,0.1829,0.325,0.0792,0.0927,0.711,0.191,0.0997,0.317,0.7876,0.0546,0.042,0.0269,0.0182,0.411,0.0022,0.0031,0.883,0.0,0.003,,0.1446,0.0479,0.201,0.0,0.0062,
4200349920,2020,3686,17,0.003,1865,151,0.049,44.4,6.2,0.085,0.1465,0.0437,0.181,0.1677,0.0465,0.169,0.8747,0.0658,0.046,0.076,0.0594,0.475,0.0054,0.0062,0.699,0.0043,0.006,0.836,44694,8429,0.115,29388,3285,0.068,0.099,0.0395,0.243,0.0511,0.0405,0.482,0.7217,0.0611,0.051,0.2218,0.0708,0.194,2222,190,0.052,0.1607,0.0629,0.238,0,,,0.4109,0.0634,0.094,0.1899,0.0572,0.183,0.0288,0.0209,0.442,0.1224,0.0621,0.308,0.5753,0.087,0.092,1073,184,0.104,792,121,0.093,0.512,0.0942,0.112,793,80,0.061,74700,13464,0.11,0.3793,0.1051,0.168,0.1528,0.0638,0.254,0.1263,0.0701,0.337,0.7192,0.0575,0.049,0.0655,0.0415,0.385,0.0853,0.0617,0.44,0.0088,0.0115,0.798,0.0226,0.0192,0.518,0.2273,0.0863,0.231
4200350528,2020,27564,43,0.001,12137,346,0.017,45.4,3.1,0.042,0.1799,0.0223,0.075,0.2237,0.0185,0.05,0.7318,0.0289,0.024,0.1322,0.0217,0.1,0.0782,0.0243,0.189,0.0214,0.0112,0.318,70634,4244,0.037,35720,1587,0.027,0.0856,0.0264,0.188,0.0487,0.0155,0.193,0.634,0.0196,0.019,0.4283,0.0357,0.051,13414,374,0.017,0.0952,0.0204,0.13,1968,2,0.001,0.6502,0.0231,0.022,0.0215,0.0114,0.323,0.1029,0.0231,0.137,0.1346,0.0226,0.102,0.3002,0.0296,0.06,3644,374,0.062,8493,404,0.029,0.2443,0.0271,0.067,1049,43,0.025,155400,5419,0.021,0.4394,0.0844,0.117,0.2404,0.0661,0.167,0.1878,0.0389,0.126,0.7135,0.0394,0.034,0.0583,0.0165,0.172,0.0067,0.0055,0.496,0.0,0.0014,,0.1242,0.0428,0.21,0.0663,0.0176,0.162
4200350784,2020,25421,51,0.001,10175,764,0.046,41.5,3.1,0.045,0.1835,0.0181,0.06,0.199,0.0455,0.139,0.8361,0.048,0.035,0.0335,0.0138,0.251,0.056,0.0174,0.189,0.0118,0.006,0.31,82003,11370,0.084,45525,2748,0.037,0.0351,0.0113,0.195,0.0446,0.0157,0.214,0.6646,0.0402,0.037,0.5642,0.0713,0.077,10879,650,0.036,0.0647,0.0234,0.22,1978,5,0.002,0.7262,0.0512,0.043,0.0389,0.0187,0.293,0.121,0.0237,0.119,0.0381,0.0106,0.169,0.2109,0.0292,0.084,2146,338,0.096,8029,783,0.059,0.1532,0.0249,0.099,963,34,0.021,227100,6419,0.017,0.322,0.0949,0.179,0.1696,0.0859,0.308,0.2121,0.1361,0.39,0.8017,0.051,0.039,0.0178,0.0066,0.225,0.0293,0.0126,0.262,0.0,0.0015,,0.074,0.0179,0.147,0.0314,0.0158,0.306
4200351696,2020,31808,29,0.001,13070,353,0.016,43.6,1.1,0.015,0.2509,0.0212,0.051,0.2019,0.0172,0.052,0.8958,0.026,0.018,0.0075,0.0036,0.298,0.0389,0.0143,0.224,0.0164,0.0067,0.25,105984,8018,0.046,57176,3163,0.034,0.0422,0.0116,0.167,0.021,0.0085,0.247,0.6565,0.0197,0.018,0.7002,0.031,0.027,14126,385,0.017,0.0748,0.0184,0.15,1952,2,0.001,0.6826,0.0188,0.017,0.0417,0.0113,0.165,0.0777,0.014,0.109,0.1596,0.0174,0.066,0.2647,0.025,0.057,3460,340,0.06,9610,383,0.024,0.188,0.0244,0.079,993,65,0.04,283400,8787,0.019,0.3994,0.0598,0.091,0.1861,0.0453,0.148,0.1631,0.0268,0.1,0.6751,0.0241,0.022,0.0927,0.0151,0.099,0.0264,0.011,0.254,0.0005,0.0009,1.064,0.1124,0.0242,0.131,0.1057,0.0138,0.079
4200351744,2020,3304,26,0.005,1340,205,0.093,35.8,3.2,0.054,0.2682,0.0736,0.167,0.1186,0.0352,0.18,0.4776,0.1007,0.128,0.3702,0.1107,0.182,0.0257,0.0393,0.93,0.0993,0.0914,0.56,31890,13670,0.261,19332,4312,0.136,0.2998,0.1238,0.251,0.0806,0.0565,0.426,0.6039,0.0707,0.071,0.1599,0.0508,0.193,1745,259,0.09,0.2321,0.0667,0.175,0,,,0.6023,0.0708,0.071,0.3043,0.0936,0.187,0.0304,0.0261,0.523,0.0407,0.0387,0.579,0.5313,0.077,0.088,712,150,0.128,628,150,0.145,0.5194,0.1086,0.127,919,47,0.031,55700,5645,0.062,0.5983,0.148,0.15,0.4551,0.1265,0.169,0.293,0.0923,0.192,0.4462,0.0599,0.082,0.3844,0.1188,0.188,0.0457,0.0352,0.468,0.0,0.0077,,0.0218,0.0237,0.66,0.4955,0.0923,0.113
4200352320,2020,11049,44,0.002,5390,351,0.04,49.4,4.6,0.057,0.1825,0.0378,0.126,0.2184,0.036,0.1,0.8322,0.059,0.043,0.1324,0.0573,0.263,0.0096,0.0079,0.499,0.011,0.0068,0.377,42368,5004,0.072,29053,2331,0.049,0.1406,0.047,0.203,0.061,0.033,0.329,0.6316,0.0573,0.055,0.2476,0.043,0.106,6172,386,0.038,0.1267,0.0326,0.156,1949,4,0.001,0.6591,0.0539,0.05,0.0945,0.03,0.193,0.1199,0.0294,0.149,0.0779,0.0269,0.21,0.3837,0.0537,0.085,2068,319,0.094,3322,405,0.074,0.3613,0.0714,0.12,684,30,0.027,87900,7701,0.053,0.471,0.1031,0.133,0.2548,0.0983,0.235,0.161,0.0456,0.172,0.7757,0.0914,0.072,0.0674,0.0237,0.214,0.0261,0.0128,0.299,0.0,0.0032,,0.0487,0.0262,0.327,0.1957,0.059,0.183
4200353136,2020,1006,181,0.109,558,70,0.076,48.1,7.7,0.097,0.1302,0.0419,0.196,0.2386,0.0331,0.084,0.8996,0.069,0.047,0.0408,0.031,0.462,0.007,0.0079,0.686,0.0388,0.0402,0.63,46563,9400,0.123,29684,3181,0.065,0.1362,0.0426,0.19,0.0208,0.0224,0.657,0.5773,0.1284,0.135,0.2128,0.0633,0.181,632,56,0.054,0.1171,0.0608,0.316,1950,3,0.001,0.5965,0.0937,0.096,0.3323,0.0589,0.108,0.0142,0.0281,1.201,0.0,0.0246,,0.4444,0.0856,0.117,248,57,0.14,310,60,0.118,0.4712,0.1473,0.19,787,30,0.023,92500,13129,0.086,0.3347,0.0886,0.161,0.2379,0.0895,0.229,0.1516,0.0728,0.292,0.7563,0.096,0.077,0.0741,0.0493,0.405,0.0273,0.021,0.468,0.0058,0.0097,1.009,0.0682,0.0615,0.548,0.1792,0.0597,0.203
4200354816,2020,4703,27,0.003,2474,195,0.048,44.4,3.5,0.048,0.1884,0.043,0.139,0.2339,0.0493,0.128,0.471,0.0654,0.084,0.4801,0.0586,0.074,0.0034,0.0051,0.912,0.0264,0.0327,0.755,34087,6256,0.112,29922,11070,0.225,0.2269,0.056,0.15,0.1641,0.0807,0.299,0.6147,0.0534,0.053,0.1178,0.0363,0.187,3209,214,0.041,0.229,0.0368,0.098,1943,4,0.001,0.6257,0.0484,0.047,0.1162,0.04,0.209,0.0545,0.03,0.334,0.1063,0.0301,0.172,0.4624,0.0726,0.095,1144,201,0.107,1330,210,0.096,0.4312,0.0761,0.107,498,60,0.073,46000,6572,0.087,0.4598,0.1068,0.141,0.2273,0.0903,0.242,0.1293,0.0683,0.321,0.6192,0.0668,0.066,0.1414,0.0567,0.244,0.0522,0.0387,0.451,0.0,0.0057,,0.0767,0.0567,0.45,0.2761,0.0537,0.118
4200355016,2020,14770,30,0.001,6302,421,0.041,39.3,3.6,0.056,0.1975,0.0428,0.132,0.1114,0.0174,0.095,0.904,0.0295,0.02,0.0169,0.0097,0.352,0.0234,0.011,0.287,0.0244,0.0234,0.581,84737,7225,0.052,43956,3167,0.044,0.0524,0.0191,0.222,0.0398,0.0213,0.325,0.7633,0.0218,0.017,0.4169,0.0463,0.068,6692,455,0.041,0.0583,0.0269,0.281,1990,3,0.001,0.5738,0.0469,0.05,0.0109,0.0106,0.59,0.1403,0.0408,0.177,0.0299,0.0134,0.273,0.2456,0.0404,0.1,1548,275,0.108,4754,402,0.051,0.2177,0.0407,0.114,1191,74,0.038,211300,12697,0.037,0.2403,0.0767,0.194,0.0323,0.0259,0.487,0.1502,0.0376,0.152,0.8295,0.0321,0.024,0.0105,0.0079,0.455,0.0057,0.0067,0.716,0.0,0.0019,,0.07,0.025,0.218,0.0309,0.0174,0.342
4200355488,2020,9998,24,0.001,4661,349,0.046,46.2,5.0,0.066,0.1959,0.0414,0.128,0.2347,0.0413,0.107,0.7461,0.069,0.056,0.1747,0.0627,0.218,0.0034,0.004,0.715,0.0486,0.0368,0.46,44285,6641,0.091,38829,15338,0.24,0.1407,0.073,0.315,0.0831,0.0382,0.28,0.5976,0.0336,0.034,0.2274,0.0429,0.115,5272,355,0.041,0.1159,0.0429,0.225,1959,3,0.001,0.6635,0.0455,0.042,0.0313,0.0259,0.504,0.0869,0.0347,0.243,0.1064,0.0301,0.172,0.3525,0.0469,0.081,1643,251,0.093,3018,339,0.068,0.3148,0.0714,0.138,761,29,0.023,82300,5638,0.042,0.5277,0.1122,0.129,0.2477,0.0858,0.21,0.1335,0.0446,0.203,0.7831,0.0666,0.052,0.0614,0.0357,0.353,0.0372,0.0267,0.437,0.0,0.0034,,0.0349,0.0194,0.337,0.127,0.0403,0.193
4200355840,2020,1503,132,0.053,671,78,0.071,46.8,2.5,0.032,0.1743,0.0296,0.103,0.1949,0.0228,0.071,0.9175,0.1134,0.075,0.0366,0.0398,0.661,0.0,0.0073,,0.0027,0.0033,0.758,76382,5872,0.047,37190,5804,0.095,0.0361,0.029,0.489,0.0348,0.0172,0.301,0.6664,0.0715,0.065,0.2862,0.0621,0.132,728,77,0.064,0.0783,0.0432,0.335,1954,4,0.001,0.831,0.066,0.048,0.0357,0.0243,0.413,0.092,0.0325,0.215,0.0192,0.0325,1.027,0.1893,0.057,0.183,127,41,0.196,544,72,0.08,0.1504,0.0564,0.228,850,494,0.353,147000,8800,0.036,0.1654,0.1406,0.517,0.0787,0.091,0.703,0.0864,0.0475,0.334,0.8422,0.026,0.019,0.0137,0.011,0.488,0.036,0.0343,0.579,0.0,0.0137,,0.0224,0.0132,0.359,0.0432,0.0243,0.342
4200356088,2020,6504,26,0.002,3244,169,0.032,45.9,4.5,0.06,0.1682,0.0279,0.101,0.2339,0.0313,0.081,0.9479,0.0203,0.013,0.0086,0.0054,0.38,0.0029,0.0031,0.64,0.0135,0.0081,0.366,67944,12276,0.11,51598,4981,0.059,0.0357,0.0152,0.259,0.0504,0.0236,0.284,0.6757,0.0335,0.03,0.5368,0.0559,0.063,3498,193,0.034,0.0726,0.0329,0.276,1962,7,0.002,0.4708,0.0457,0.059,0.1601,0.0527,0.2,0.1301,0.0333,0.155,0.0789,0.0221,0.17,0.4337,0.0613,0.086,1407,212,0.092,1837,194,0.064,0.336,0.054,0.098,881,55,0.038,238700,20603,0.052,0.3205,0.0774,0.147,0.1272,0.0467,0.223,0.2047,0.0688,0.204,0.7496,0.0342,0.028,0.0076,0.0064,0.513,0.0262,0.0109,0.254,0.0029,0.0044,0.911,0.1338,0.042,0.191,0.0789,0.0272,0.209
4200356384,2020,8825,54,0.004,3867,236,0.037,48.1,3.1,0.039,0.2092,0.0268,0.078,0.2676,0.0427,0.097,0.8759,0.0331,0.023,0.0094,0.0095,0.615,0.0834,0.0253,0.184,0.0179,0.0092,0.312,92330,11455,0.075,54839,4124,0.046,0.0502,0.0227,0.275,0.0186,0.0111,0.361,0.6097,0.0344,0.034,0.6563,0.0651,0.06,4089,233,0.035,0.0543,0.026,0.291,1966,5,0.002,0.8193,0.0335,0.025,0.0061,0.0104,1.038,0.0083,0.0078,0.567,0.122,0.0369,0.184,0.1495,0.0374,0.152,578,149,0.157,3289,241,0.045,0.1177,0.032,0.166,1663,126,0.046,288300,28836,0.061,0.372,0.1288,0.21,0.3356,0.1295,0.234,0.2448,0.0958,0.238,0.7929,0.0344,0.026,0.0207,0.0154,0.452,0.0098,0.0066,0.413,0.0,0.0036,,0.1017,0.0264,0.158,0.0473,0.0206,0.264
4200356392,2020,6724,21,0.002,2533,180,0.043,41.6,3.1,0.045,0.2539,0.0468,0.112,0.1887,0.041,0.132,0.917,0.0359,0.024,0.0146,0.01,0.416,0.0336,0.0299,0.541,0.0173,0.0128,0.451,118375,18462,0.095,52185,6531,0.076,0.0512,0.0484,0.574,0.0325,0.0379,0.71,0.6923,0.0453,0.04,0.618,0.0758,0.075,2767,171,0.038,0.0846,0.0489,0.351,2002,3,0.001,0.7026,0.0541,0.047,0.0434,0.0331,0.464,0.0737,0.0479,0.395,0.0242,0.0183,0.459,0.1867,0.0609,0.198,473,158,0.203,2060,176,0.052,0.1369,0.0488,0.216,1363,93,0.041,362300,21853,0.037,0.4249,0.2383,0.341,0.1712,0.1411,0.501,0.1917,0.0764,0.242,0.7908,0.062,0.048,0.0177,0.0159,0.545,0.0044,0.0068,0.931,0.0,0.0044,,0.1082,0.0541,0.304,0.0067,0.0122,1.104
4200359032,2020,41058,43,0.001,18237,527,0.018,43.0,2.8,0.04,0.2038,0.0251,0.075,0.2019,0.0154,0.047,0.5481,0.0249,0.028,0.3683,0.021,0.035,0.0021,0.0015,0.424,0.0198,0.0104,0.321,55740,1829,0.02,31194,2081,0.041,0.0812,0.0158,0.118,0.0609,0.018,0.18,0.6507,0.0192,0.018,0.3082,0.0272,0.054,20009,550,0.017,0.0886,0.0168,0.115,1958,2,0.001,0.8103,0.0174,0.013,0.0378,0.0111,0.179,0.0437,0.0178,0.247,0.0552,0.0151,0.166,0.2695,0.0333,0.075,4914,623,0.077,13323,647,0.03,0.262,0.0322,0.075,862,83,0.059,97100,2687,0.017,0.4001,0.1022,0.155,0.1518,0.0473,0.189,0.1859,0.0279,0.091,0.7329,0.0222,0.018,0.0878,0.0199,0.138,0.0114,0.0049,0.262,0.001,0.0016,1.003,0.0478,0.0115,0.146,0.0966,0.0201,0.127
4200359152,2020,720,94,0.079,499,74,0.09,36.3,1.4,0.023,0.0958,0.0539,0.342,0.1347,0.0363,0.164,0.9125,0.0956,0.064,0.0597,0.048,0.488,0.0028,0.0042,0.908,0.0,0.0153,,63839,9827,0.094,53300,6382,0.073,0.0639,0.089,0.847,0.0,0.0197,,0.8587,0.0738,0.052,0.5795,0.0758,0.08,522,70,0.082,0.0441,0.032,0.442,1974,1,0.0,0.0345,0.0477,0.84,0.0536,0.0345,0.391,0.1456,0.0395,0.165,0.0096,0.024,1.521,0.3226,0.1446,0.272,161,76,0.287,338,40,0.072,0.3611,0.1395,0.235,1204,230,0.116,119900,4028,0.02,0.3851,0.3814,0.602,0.2484,0.3798,0.929,0.1509,0.072,0.29,0.8608,0.0675,0.048,0.0398,0.0319,0.487,0.0,0.0199,,0.0,0.0199,,0.0579,0.0479,0.503,0.016,0.0171,0.647
4200360272,2020,13384,20,0.001,4732,171,0.022,40.4,2.2,0.033,0.2685,0.0404,0.092,0.0953,0.0237,0.151,0.901,0.0346,0.023,0.007,0.0114,0.989,0.0603,0.0272,0.274,0.0126,0.0121,0.586,152238,10267,0.041,66265,5553,0.051,0.0383,0.0275,0.437,0.0204,0.0138,0.411,0.6951,0.0475,0.042,0.7485,0.088,0.072,4936,226,0.028,0.0413,0.0348,0.512,1998,3,0.001,0.733,0.0465,0.039,0.0583,0.0515,0.537,0.0334,0.0189,0.344,0.0644,0.0334,0.315,0.1798,0.048,0.162,851,229,0.164,3881,270,0.042,0.1426,0.0473,0.202,1641,138,0.051,417600,30192,0.044,0.1222,0.0975,0.485,0.0282,0.0464,1.0,0.1113,0.0466,0.254,0.7986,0.0386,0.029,0.0161,0.0129,0.485,0.015,0.0141,0.57,0.0,0.0025,,0.0769,0.0333,0.263,0.0099,0.0122,0.744
4200360712,2020,3180,17,0.003,1557,152,0.059,41.3,6.8,0.1,0.2154,0.0677,0.191,0.1597,0.0497,0.189,0.6415,0.0829,0.079,0.2393,0.099,0.252,0.0226,0.0365,0.979,0.0579,0.0443,0.466,34882,7139,0.124,20625,2156,0.064,0.1962,0.071,0.22,0.1093,0.0558,0.31,0.5981,0.0707,0.072,0.1252,0.045,0.219,1701,169,0.06,0.0847,0.0576,0.414,0,,,0.3792,0.0645,0.103,0.2563,0.0751,0.178,0.1293,0.0651,0.306,0.1152,0.0655,0.346,0.6179,0.0956,0.094,962,176,0.111,595,137,0.14,0.6462,0.0914,0.086,663,47,0.043,72100,10495,0.088,0.3846,0.1291,0.204,0.157,0.0736,0.285,0.1294,0.0998,0.469,0.5861,0.0755,0.078,0.1753,0.1085,0.376,0.013,0.0166,0.781,0.0,0.0084,,0.0877,0.0718,0.498,0.1927,0.0808,0.255
4200361328,2020,8072,27,0.002,3523,180,0.031,47.5,2.4,0.031,0.1917,0.0357,0.113,0.2407,0.0377,0.095,0.8953,0.0599,0.041,0.039,0.0351,0.546,0.0463,0.0446,0.585,0.0114,0.0082,0.436,79340,8329,0.064,41336,4555,0.067,0.0328,0.0227,0.42,0.0483,0.0453,0.57,0.6406,0.0534,0.051,0.408,0.0573,0.085,3696,178,0.029,0.0468,0.0351,0.456,1957,1,0.0,0.803,0.0292,0.022,0.0333,0.013,0.237,0.0184,0.0126,0.418,0.1261,0.0417,0.201,0.2078,0.0424,0.124,732,154,0.128,2791,260,0.057,0.1863,0.0719,0.235,1092,128,0.071,178100,8614,0.029,0.3169,0.1476,0.283,0.2541,0.1434,0.343,0.1508,0.0471,0.19,0.7439,0.0454,0.037,0.0504,0.0218,0.263,0.0066,0.0063,0.584,0.0,0.0037,,0.0724,0.0398,0.334,0.0565,0.0362,0.39
4200361536,2020,27137,22,0.0,11058,297,0.016,44.6,1.4,0.019,0.2155,0.0241,0.068,0.2017,0.0186,0.056,0.9321,0.0215,0.014,0.0331,0.0188,0.345,0.007,0.0078,0.675,0.0076,0.0039,0.316,82704,5329,0.039,39416,2021,0.031,0.0311,0.011,0.215,0.0256,0.0103,0.245,0.6792,0.025,0.022,0.3757,0.0299,0.048,11664,282,0.015,0.052,0.0171,0.2,1972,2,0.001,0.7912,0.0192,0.015,0.0228,0.0087,0.232,0.0437,0.0139,0.193,0.0467,0.0141,0.183,0.1817,0.023,0.077,2009,260,0.079,9049,293,0.02,0.1223,0.0182,0.09,951,64,0.041,159800,4093,0.016,0.3808,0.0965,0.154,0.0986,0.0558,0.344,0.1253,0.0267,0.13,0.7977,0.0296,0.023,0.0213,0.0113,0.322,0.0049,0.004,0.494,0.0015,0.0024,0.939,0.0978,0.0259,0.161,0.0649,0.0192,0.179
4200362320,2020,3673,16,0.003,1662,115,0.042,39.9,7.9,0.12,0.1857,0.0409,0.134,0.2045,0.0371,0.11,0.8761,0.0652,0.045,0.0545,0.0656,0.733,0.0114,0.0144,0.767,0.0245,0.0207,0.513,58368,6421,0.067,29263,2772,0.058,0.1127,0.0517,0.279,0.0393,0.0252,0.391,0.6474,0.0743,0.07,0.1456,0.0418,0.175,1853,131,0.043,0.1031,0.0518,0.306,1952,3,0.001,0.8953,0.0469,0.032,0.0124,0.0128,0.625,0.048,0.0365,0.462,0.0205,0.0237,0.701,0.2238,0.0828,0.225,372,140,0.229,1290,177,0.083,0.2164,0.11,0.309,894,83,0.056,67700,4889,0.044,0.2608,0.148,0.345,0.0376,0.0574,0.927,0.1054,0.0608,0.351,0.8649,0.0798,0.056,0.0379,0.0243,0.39,0.0042,0.0063,0.909,0.0,0.0058,,0.0226,0.0171,0.46,0.08,0.0396,0.301
4200363408,2020,1948,410,0.128,895,172,0.117,35.3,2.7,0.046,0.2515,0.0837,0.202,0.0878,0.0356,0.246,0.1571,0.0532,0.206,0.8024,0.1469,0.111,0.0,0.0056,,0.0,0.0056,,24341,11292,0.282,19026,3986,0.127,0.3579,0.1265,0.215,0.1393,0.0805,0.351,0.6574,0.0441,0.041,0.2375,0.0796,0.204,1061,172,0.099,0.1565,0.0505,0.196,1949,6,0.002,0.3478,0.0671,0.117,0.1649,0.0556,0.205,0.3242,0.1173,0.22,0.0189,0.023,0.741,0.7151,0.1246,0.106,640,166,0.158,255,91,0.217,0.7411,0.1896,0.156,500,167,0.203,57100,17400,0.185,0.3312,0.0912,0.167,0.1609,0.0769,0.29,0.251,0.1673,0.405,0.3797,0.0853,0.137,0.3933,0.1354,0.209,0.0,0.0136,,0.0,0.0136,,0.0831,0.0609,0.446,0.3754,0.1633,0.264
4200364240,2020,3243,20,0.004,1476,100,0.041,48.5,5.8,0.073,0.1554,0.0349,0.137,0.1915,0.0307,0.097,0.9473,0.0217,0.014,0.0099,0.008,0.494,0.0096,0.0117,0.745,0.0179,0.0163,0.555,65909,10006,0.092,32936,3860,0.071,0.081,0.0566,0.425,0.0611,0.0431,0.429,0.6617,0.0467,0.043,0.2783,0.0544,0.119,1575,92,0.036,0.0629,0.0322,0.311,1956,3,0.001,0.8425,0.0531,0.038,0.0273,0.0179,0.398,0.0102,0.0103,0.617,0.0,0.0099,,0.1206,0.0556,0.28,178,83,0.283,1298,105,0.049,0.1181,0.0459,0.236,1028,145,0.086,144500,11004,0.046,0.4382,0.3526,0.489,0.4382,0.336,0.466,0.2196,0.0928,0.257,0.7701,0.0487,0.038,0.0736,0.032,0.264,0.0126,0.0109,0.522,0.0057,0.008,0.849,0.0425,0.029,0.415,0.0799,0.0497,0.378
4200364528,2020,11410,33,0.002,4344,296,0.041,48.2,4.5,0.057,0.2216,0.035,0.096,0.2292,0.0425,0.113,0.9569,0.0184,0.012,0.0032,0.0037,0.69,0.0165,0.013,0.479,0.0175,0.0133,0.462,110269,12464,0.069,51662,6717,0.079,0.0687,0.0418,0.37,0.0094,0.0074,0.474,0.6469,0.0542,0.051,0.567,0.0569,0.061,4511,293,0.039,0.037,0.0267,0.439,1981,5,0.002,0.7912,0.023,0.018,0.0098,0.0127,0.794,0.0301,0.0202,0.408,0.0814,0.0231,0.173,0.1326,0.0288,0.132,576,131,0.138,3768,273,0.044,0.0756,0.0222,0.179,1742,866,0.302,274800,20731,0.046,0.6181,0.182,0.179,0.3785,0.1508,0.242,0.185,0.0656,0.215,0.8514,0.0485,0.035,0.0102,0.008,0.48,0.0002,0.0005,1.823,0.0023,0.0037,0.981,0.0934,0.0439,0.286,0.0822,0.0258,0.191
4200365352,2020,13740,24,0.001,6033,351,0.035,40.5,2.8,0.042,0.1802,0.0253,0.085,0.173,0.023,0.081,0.8738,0.0307,0.021,0.0501,0.0274,0.332,0.051,0.0249,0.297,0.0085,0.0061,0.436,83443,5117,0.037,44916,3319,0.045,0.0691,0.0301,0.265,0.0102,0.0061,0.365,0.6574,0.0337,0.031,0.4893,0.0465,0.058,6603,402,0.037,0.0863,0.0309,0.218,1986,4,0.001,0.5666,0.022,0.024,0.0271,0.0167,0.375,0.1224,0.0351,0.174,0.1346,0.0411,0.186,0.2884,0.0427,0.09,1740,277,0.097,4293,313,0.044,0.2376,0.0384,0.098,1302,87,0.041,210800,15859,0.046,0.4167,0.1358,0.198,0.1299,0.0748,0.35,0.1845,0.0498,0.164,0.7941,0.0387,0.03,0.0235,0.0098,0.253,0.0187,0.0105,0.341,0.0005,0.0013,1.519,0.0911,0.0266,0.178,0.0247,0.0134,0.33
4200366264,2020,30518,57,0.001,13790,357,0.016,43.3,1.9,0.027,0.1819,0.0183,0.061,0.2316,0.0186,0.049,0.9047,0.0191,0.013,0.0325,0.0142,0.265,0.0388,0.0109,0.17,0.014,0.0067,0.288,75903,3789,0.03,41753,1707,0.025,0.0516,0.0144,0.17,0.0379,0.0106,0.171,0.6572,0.0211,0.02,0.4852,0.0283,0.035,14544,391,0.016,0.0518,0.0178,0.209,1964,2,0.001,0.6656,0.0156,0.014,0.0224,0.007,0.19,0.0908,0.0187,0.126,0.1129,0.0207,0.111,0.2471,0.0254,0.062,3407,361,0.064,10383,371,0.022,0.1914,0.0249,0.079,956,69,0.044,184600,6962,0.023,0.3552,0.0803,0.137,0.1118,0.036,0.195,0.1562,0.0252,0.098,0.7014,0.0281,0.024,0.0549,0.0094,0.104,0.0081,0.0041,0.308,0.0006,0.0011,1.033,0.1402,0.0276,0.12,0.0508,0.0132,0.158
4200366320,2020,430,75,0.106,217,60,0.168,58.0,8.2,0.086,0.207,0.0382,0.112,0.3767,0.1256,0.203,0.8023,0.179,0.136,0.0047,0.0046,0.599,0.007,0.0069,0.599,0.014,0.0114,0.495,72483,64783,0.543,68452,14455,0.128,0.0116,0.0271,1.419,0.0053,0.0105,1.211,0.5294,0.034,0.039,0.8135,0.1585,0.118,221,60,0.165,0.0181,0.0313,1.051,1952,2,0.001,1.0,0.0,0.0,0.0,0.0704,,0.0,0.0704,,0.0,0.0704,,0.0138,0.0133,0.584,3,3,0.608,214,59,0.168,0.0093,0.0092,0.599,,,,342000,10388,0.018,0.0,7.3333,,0.0,3.6667,,0.1308,0.0683,0.317,0.7419,0.1669,0.137,0.0215,0.0157,0.444,0.0538,0.0309,0.349,0.0,0.0591,,0.1559,0.0761,0.297,0.0138,0.0524,2.304
4200368388,2020,16525,29,0.001,7792,266,0.021,45.0,3.1,0.042,0.1482,0.0187,0.077,0.2508,0.0227,0.055,0.8178,0.0353,0.026,0.0139,0.0078,0.342,0.1105,0.0301,0.165,0.0241,0.0175,0.44,74986,4490,0.036,42637,2023,0.029,0.0435,0.0161,0.225,0.02,0.0094,0.286,0.6314,0.0269,0.026,0.5052,0.0406,0.049,8146,260,0.019,0.0435,0.015,0.21,1960,2,0.001,0.5724,0.0245,0.026,0.0328,0.0139,0.259,0.1151,0.0291,0.154,0.1947,0.0263,0.082,0.3746,0.0394,0.064,2919,323,0.067,4873,290,0.036,0.3273,0.0329,0.061,1065,51,0.029,168700,5899,0.021,0.2902,0.055,0.115,0.1473,0.0414,0.171,0.1675,0.0324,0.118,0.7067,0.0374,0.032,0.0891,0.0211,0.144,0.0211,0.0113,0.327,0.0,0.0019,,0.12,0.0477,0.242,0.0737,0.0177,0.146
4200369376,2020,3800,23,0.004,1711,139,0.049,42.9,3.5,0.05,0.2218,0.0457,0.125,0.1813,0.0391,0.131,0.8305,0.0614,0.045,0.1013,0.0582,0.349,0.0189,0.0182,0.583,0.0147,0.0145,0.597,78897,15440,0.119,62584,9866,0.096,0.0676,0.0432,0.388,0.0555,0.0433,0.474,0.6643,0.0736,0.067,0.6181,0.0793,0.078,1936,177,0.056,0.1162,0.0532,0.278,0,,,0.595,0.0492,0.05,0.1007,0.046,0.278,0.1193,0.0454,0.231,0.1271,0.0491,0.235,0.3857,0.0844,0.133,660,154,0.142,1051,135,0.078,0.3054,0.0777,0.155,887,108,0.074,396900,81984,0.126,0.453,0.1606,0.216,0.2773,0.1536,0.337,0.3245,0.1261,0.236,0.5897,0.0719,0.074,0.0654,0.0613,0.57,0.0654,0.0409,0.38,0.0,0.0057,,0.2044,0.1028,0.306,0.1175,0.0571,0.295
4200369400,2020,652,90,0.084,270,40,0.09,51.3,1.3,0.015,0.2592,0.0354,0.083,0.2408,0.0373,0.094,0.9402,0.0124,0.008,0.0031,0.0046,0.908,0.0399,0.0208,0.316,0.0,0.0169,,197500,89975,0.277,138567,26421,0.116,0.0322,0.0224,0.422,0.0102,0.0169,1.009,0.5753,0.0371,0.039,0.7244,0.0643,0.054,341,40,0.071,0.2082,0.0597,0.174,1957,6,0.002,0.9413,0.1488,0.096,0.0,0.0456,,0.0,0.0456,,0.0,0.0456,,0.0889,0.0502,0.343,24,14,0.355,246,37,0.091,0.066,0.0309,0.285,1333,696,0.317,983300,176792,0.109,0.4583,0.7417,0.984,0.1667,0.1354,0.494,0.2439,0.0632,0.157,0.7491,0.0434,0.035,0.0,0.0378,,0.0309,0.0201,0.394,0.0,0.0378,,0.1546,0.0644,0.253,0.0296,0.0349,0.715
4200369416,2020,743,104,0.085,302,61,0.123,56.3,6.0,0.065,0.1992,0.0326,0.099,0.2651,0.0701,0.161,0.8304,0.0755,0.055,0.1009,0.0891,0.536,0.0525,0.0315,0.364,0.0094,0.008,0.514,152500,45155,0.18,90966,16588,0.111,0.0027,0.0153,3.465,0.0245,0.0186,0.462,0.6007,0.0405,0.041,0.7422,0.1195,0.098,325,64,0.12,0.0708,0.0631,0.542,1985,4,0.001,0.96,0.0429,0.027,0.0062,0.0351,3.464,0.0062,0.0351,3.464,0.0092,0.036,2.369,0.0331,0.0222,0.407,10,7,0.426,292,60,0.125,0.0162,0.0119,0.448,875,475,0.33,463200,130176,0.171,0.4,1.9778,3.006,0.4,0.5307,0.806,0.2432,0.1603,0.401,0.8634,0.099,0.07,0.0407,0.0312,0.466,0.0,0.032,,0.0,0.032,,0.0698,0.0232,0.202,0.0099,0.0387,2.369
4200369584,2020,27862,34,0.001,12464,389,0.019,47.3,2.0,0.026,0.1664,0.0189,0.069,0.2403,0.024,0.061,0.9466,0.0164,0.011,0.0133,0.0119,0.544,0.0039,0.0031,0.485,0.0142,0.0079,0.338,74293,3458,0.028,41113,3306,0.049,0.0434,0.0136,0.191,0.0421,0.014,0.202,0.6745,0.0221,0.02,0.3629,0.0309,0.052,12951,386,0.018,0.0376,0.013,0.21,1962,2,0.001,0.8551,0.021,0.015,0.0416,0.0156,0.228,0.0257,0.0079,0.188,0.0183,0.0079,0.261,0.1265,0.0198,0.095,1577,252,0.097,10887,449,0.025,0.1086,0.0217,0.121,955,55,0.035,182900,3962,0.013,0.2562,0.0681,0.162,0.0907,0.0406,0.272,0.1436,0.0283,0.12,0.818,0.0031,0.002,0.0228,0.0096,0.256,0.0111,0.0103,0.564,0.0,0.0013,,0.0665,0.0208,0.19,0.0298,0.0116,0.238
4200369776,2020,3347,29,0.005,1680,153,0.055,43.1,8.1,0.114,0.1772,0.0562,0.193,0.1333,0.0351,0.16,0.8874,0.0451,0.031,0.0523,0.0311,0.361,0.0143,0.0152,0.646,0.023,0.0266,0.703,37871,3688,0.059,27585,4667,0.103,0.1576,0.0607,0.234,0.125,0.0594,0.289,0.6016,0.0718,0.073,0.2785,0.0751,0.164,1970,189,0.058,0.1472,0.0587,0.243,0,,,0.3655,0.0755,0.126,0.1909,0.0661,0.21,0.1137,0.0578,0.309,0.0995,0.0285,0.174,0.5524,0.1006,0.111,928,189,0.124,752,175,0.141,0.5073,0.1028,0.123,820,76,0.056,78300,8482,0.066,0.3782,0.114,0.183,0.1573,0.0881,0.34,0.2035,0.1087,0.325,0.5978,0.1008,0.103,0.0604,0.0457,0.46,0.0597,0.0562,0.572,0.0096,0.0116,0.732,0.0679,0.0419,0.375,0.2577,0.0785,0.185
4200372160,2020,15688,53,0.002,5957,239,0.024,40.8,1.8,0.027,0.2682,0.0288,0.065,0.1724,0.022,0.077,0.8333,0.0352,0.026,0.0122,0.0079,0.393,0.1229,0.0335,0.166,0.0164,0.008,0.296,96532,5953,0.037,47992,4787,0.061,0.0317,0.0104,0.2,0.0197,0.0131,0.404,0.6763,0.0273,0.025,0.5255,0.0485,0.056,6307,275,0.027,0.0555,0.0294,0.322,1990,3,0.001,0.6287,0.0381,0.037,0.0293,0.0167,0.347,0.061,0.0206,0.205,0.0683,0.028,0.249,0.1838,0.034,0.112,1095,207,0.115,4862,269,0.034,0.119,0.0271,0.138,986,122,0.075,249300,13817,0.034,0.4959,0.1405,0.172,0.2648,0.1046,0.24,0.1678,0.0384,0.139,0.812,0.0452,0.034,0.0156,0.0079,0.308,0.0041,0.0045,0.664,0.0,0.0022,,0.0929,0.0343,0.225,0.0693,0.0252,0.221
4200372400,2020,13420,31,0.001,5614,218,0.024,42.9,2.5,0.035,0.2084,0.0307,0.089,0.1837,0.0244,0.081,0.9009,0.0342,0.023,0.0422,0.0238,0.344,0.0137,0.0123,0.545,0.0115,0.0088,0.466,75927,6215,0.05,37562,1883,0.03,0.0578,0.0235,0.247,0.0359,0.0163,0.276,0.6993,0.0307,0.027,0.3627,0.0425,0.071,5875,234,0.024,0.0444,0.0203,0.278,1973,2,0.001,0.7578,0.0412,0.033,0.0223,0.0142,0.388,0.0763,0.0268,0.214,0.0558,0.0213,0.232,0.1977,0.0341,0.105,1110,196,0.107,4504,268,0.036,0.2006,0.0374,0.113,1088,61,0.034,170300,7454,0.027,0.4243,0.129,0.185,0.1874,0.078,0.253,0.1619,0.045,0.169,0.8146,0.061,0.046,0.0634,0.02,0.191,0.0036,0.0045,0.771,0.0,0.0023,,0.0714,0.0323,0.275,0.0264,0.0125,0.288
4200372568,2020,353,108,0.186,155,39,0.153,54.2,8.1,0.091,0.1501,0.067,0.271,0.2946,0.0592,0.122,0.8414,0.3525,0.255,0.085,0.1392,0.996,0.0085,0.0225,1.61,0.0652,0.068,0.634,50982,15316,0.183,29099,8456,0.177,0.1501,0.112,0.453,0.172,0.1547,0.547,0.5148,0.1165,0.138,0.1172,0.0587,0.304,161,38,0.143,0.0373,0.0552,0.9,1956,4,0.001,0.9814,0.0454,0.028,0.0,0.0966,,0.0,0.0966,,0.0,0.0966,,0.0839,0.0678,0.491,13,11,0.514,142,39,0.167,0.0737,0.0611,0.505,1275,671,0.32,92900,21542,0.141,0.1538,1.4779,5.84,0.1538,0.1905,0.753,0.2817,0.1654,0.357,0.7752,0.1664,0.131,0.0233,0.0301,0.786,0.0698,0.0822,0.716,0.0,0.0853,,0.0853,0.1129,0.805,0.0194,0.0807,2.534
4200372960,2020,3307,19,0.003,1561,81,0.032,46.9,4.8,0.062,0.1884,0.0311,0.1,0.2422,0.0502,0.126,0.9377,0.0331,0.021,0.0015,0.0024,0.973,0.0018,0.003,1.013,0.0245,0.0278,0.69,54972,8323,0.092,32896,3643,0.067,0.0724,0.0262,0.22,0.0765,0.0435,0.345,0.6562,0.0377,0.035,0.2981,0.066,0.135,1689,100,0.036,0.0758,0.037,0.297,1949,7,0.002,0.6909,0.0341,0.03,0.148,0.0448,0.184,0.0332,0.0274,0.502,0.0669,0.0225,0.205,0.3658,0.0551,0.092,571,91,0.097,990,89,0.055,0.2698,0.0484,0.109,678,138,0.124,113100,6336,0.034,0.2574,0.0959,0.227,0.0455,0.0325,0.434,0.1323,0.045,0.207,0.8044,0.0462,0.035,0.0214,0.0172,0.488,0.0262,0.0225,0.524,0.0,0.0065,,0.044,0.0224,0.31,0.0967,0.0332,0.209
4200372968,2020,1577,144,0.056,827,72,0.053,55.2,4.4,0.048,0.0818,0.0257,0.191,0.2359,0.036,0.093,0.9759,0.0227,0.014,0.0,0.007,,0.0032,0.0044,0.849,0.0209,0.017,0.494,53787,4334,0.049,36977,4782,0.079,0.085,0.0568,0.406,0.0292,0.0245,0.51,0.6299,0.0704,0.068,0.2066,0.0486,0.143,846,66,0.047,0.0225,0.0331,0.895,1961,4,0.001,0.6797,0.0825,0.074,0.0851,0.0489,0.349,0.0059,0.0161,1.653,0.0,0.0184,,0.1306,0.047,0.219,108,40,0.225,719,80,0.068,0.1141,0.0438,0.233,848,104,0.075,114300,7754,0.041,0.3981,0.2048,0.313,0.25,0.1496,0.364,0.1474,0.0612,0.252,0.8601,0.0603,0.043,0.006,0.0096,0.968,0.0302,0.0237,0.478,0.0,0.0133,,0.0326,0.0273,0.51,0.0484,0.0279,0.35
4200374648,2020,6152,21,0.002,2549,167,0.04,37.1,4.3,0.07,0.277,0.068,0.149,0.143,0.025,0.106,0.6359,0.0809,0.077,0.2945,0.0831,0.171,0.0031,0.0047,0.928,0.0,0.0024,,44858,7980,0.108,24179,4951,0.124,0.2639,0.0867,0.2,0.1375,0.0758,0.335,0.5655,0.0531,0.057,0.1295,0.0481,0.226,3175,249,0.048,0.1972,0.0581,0.179,1949,5,0.002,0.6107,0.0844,0.084,0.1294,0.0534,0.251,0.0321,0.0209,0.395,0.023,0.0151,0.4,0.4869,0.07,0.087,1241,196,0.096,1308,222,0.103,0.5555,0.0852,0.093,865,79,0.056,74800,5080,0.041,0.3328,0.0962,0.176,0.228,0.0906,0.242,0.1422,0.0585,0.25,0.7508,0.0627,0.051,0.1083,0.043,0.241,0.0186,0.0179,0.585,0.0045,0.0068,0.907,0.0118,0.0121,0.624,0.2362,0.0764,0.197
4200375816,2020,8724,71,0.005,4535,290,0.039,39.6,2.6,0.04,0.163,0.0311,0.116,0.1906,0.046,0.147,0.6063,0.0473,0.047,0.3017,0.0449,0.09,0.0264,0.0238,0.55,0.0392,0.0167,0.259,50690,5396,0.065,30996,2935,0.058,0.1274,0.0387,0.184,0.0571,0.0398,0.424,0.7153,0.0339,0.029,0.4114,0.0496,0.073,5233,300,0.035,0.1334,0.0308,0.14,1940,3,0.001,0.5056,0.0481,0.058,0.159,0.0327,0.125,0.1598,0.044,0.168,0.0432,0.0137,0.193,0.5072,0.0644,0.077,2300,327,0.086,2235,233,0.063,0.4399,0.0501,0.069,868,60,0.042,119700,9150,0.046,0.4917,0.1378,0.17,0.2591,0.1238,0.29,0.1964,0.0531,0.164,0.5504,0.0529,0.058,0.2213,0.0372,0.102,0.0251,0.0155,0.375,0.0103,0.0085,0.499,0.0849,0.0587,0.421,0.1857,0.0502,0.164
4200376104,2020,4397,18,0.002,2220,315,0.086,48.9,5.9,0.073,0.2001,0.056,0.17,0.252,0.1143,0.276,0.8799,0.0788,0.054,0.0384,0.0271,0.428,0.0,0.0025,,0.0193,0.0212,0.665,34929,9281,0.162,21407,2963,0.084,0.3068,0.1415,0.28,0.1024,0.0662,0.393,0.5613,0.0819,0.089,0.1537,0.075,0.297,2487,320,0.078,0.1074,0.0764,0.432,0,,,0.4974,0.0931,0.114,0.2123,0.0793,0.227,0.0848,0.0532,0.381,0.0531,0.0296,0.339,0.3793,0.0745,0.119,842,204,0.147,1378,404,0.178,0.3975,0.1108,0.169,650,70,0.065,66100,14138,0.13,0.3444,0.1353,0.239,0.1675,0.0989,0.359,0.3353,0.3306,0.599,0.7335,0.1156,0.096,0.0306,0.0465,0.922,0.0578,0.0425,0.447,0.0,0.0064,,0.0237,0.0309,0.792,0.25,0.212,0.515
4200376560,2020,411,76,0.112,154,37,0.146,48.5,7.5,0.094,0.2092,0.0214,0.062,0.2579,0.0649,0.153,0.9367,0.2446,0.159,0.0,0.0268,,0.017,0.0092,0.329,0.0122,0.0095,0.473,187917,11175,0.036,84496,13429,0.097,0.0389,0.0487,0.76,0.0137,0.0272,1.208,0.6596,0.0547,0.05,0.7206,0.2243,0.189,158,38,0.146,0.0253,0.0375,0.9,1953,3,0.001,0.981,0.0918,0.057,0.019,0.0739,2.367,0.0,0.0985,,0.0,0.0985,,0.0065,0.0129,1.207,1,2,1.216,153,38,0.151,0.0073,0.0072,0.597,,,,339800,14680,0.026,0.0,22.0,,0.0,11.0,,0.0784,0.1301,1.008,0.7685,0.099,0.078,0.037,0.0213,0.349,0.0139,0.0135,0.589,0.0,0.0509,,0.1435,0.0704,0.298,0.0,0.101,
4200377272,2020,100,79,0.48,56,39,0.423,47.9,21.4,0.272,0.0,0.3111,,0.15,0.4147,1.681,1.0,0.0,0.0,0.0,0.11,,0.0,0.11,,0.0,0.11,,,,,28648,19468,0.413,0.52,0.2716,0.317,0.0,0.2292,,0.48,0.4905,0.621,0.34,0.3295,0.589,56,39,0.423,0.0,0.1964,,1959,26,0.008,0.5179,0.466,0.547,0.2143,0.3459,0.981,0.0,0.2778,,0.2679,0.4153,0.943,0.4821,0.167,0.211,27,21,0.473,29,33,0.692,0.52,0.2483,0.29,,,,,,,0.4444,0.9071,1.241,0.0,0.4074,,0.0,1.0729,,1.0,0.0,0.0,0.0,0.2292,,0.0,0.2292,,0.0,0.2292,,0.0,0.2292,,0.2143,0.3459,0.981
4200377912,2020,5161,30,0.004,2410,226,0.057,43.0,5.7,0.081,0.224,0.0573,0.156,0.2325,0.0585,0.153,0.6001,0.0823,0.083,0.2639,0.0661,0.152,0.013,0.0182,0.853,0.0155,0.0217,0.851,32990,5279,0.097,19950,3520,0.107,0.3245,0.1181,0.221,0.1312,0.0611,0.283,0.6027,0.0718,0.072,0.1059,0.0492,0.283,2573,246,0.058,0.0634,0.0498,0.478,1943,3,0.001,0.4975,0.078,0.095,0.1224,0.0562,0.279,0.1586,0.0722,0.277,0.0443,0.0361,0.495,0.5834,0.1016,0.106,1406,278,0.12,1004,209,0.127,0.5171,0.0999,0.117,570,161,0.172,54800,4715,0.052,0.3848,0.1277,0.202,0.2376,0.1068,0.273,0.3118,0.1345,0.262,0.6906,0.0605,0.053,0.0521,0.0465,0.542,0.0281,0.0269,0.582,0.0,0.0069,,0.0567,0.0515,0.552,0.1631,0.0758,0.283
4200379274,2020,19968,34,0.001,7345,229,0.019,44.2,1.8,0.025,0.2626,0.0226,0.052,0.1839,0.0184,0.061,0.8882,0.0222,0.015,0.0135,0.0149,0.673,0.0741,0.0134,0.11,0.0117,0.0047,0.242,127938,9145,0.043,59620,3300,0.034,0.0262,0.0092,0.213,0.0368,0.0134,0.22,0.6393,0.0241,0.023,0.6895,0.036,0.032,7694,274,0.022,0.0454,0.0213,0.285,1970,2,0.001,0.8773,0.0171,0.012,0.0025,0.0045,1.103,0.0257,0.015,0.353,0.0564,0.0135,0.146,0.1025,0.0187,0.111,753,139,0.112,6592,217,0.02,0.0785,0.0185,0.143,1650,217,0.08,306100,15247,0.03,0.4967,0.1318,0.161,0.3028,0.1248,0.251,0.1764,0.0355,0.122,0.7129,0.0325,0.028,0.0657,0.014,0.13,0.0126,0.0066,0.315,0.0,0.0018,,0.1514,0.0301,0.121,0.0448,0.0145,0.197
4200380032,2020,2669,378,0.086,1224,129,0.064,39.0,5.1,0.079,0.2166,0.0455,0.128,0.1761,0.0275,0.095,0.8187,0.144,0.107,0.1409,0.13,0.561,0.0,0.0041,,0.0015,0.0026,1.06,42024,3961,0.057,26178,3944,0.092,0.1544,0.0471,0.186,0.0459,0.0257,0.341,0.6476,0.0596,0.056,0.2211,0.0562,0.154,1297,135,0.063,0.0563,0.0318,0.344,1940,6,0.002,0.5513,0.0656,0.072,0.1981,0.0557,0.171,0.1056,0.0604,0.348,0.0702,0.0358,0.31,0.5523,0.0809,0.089,676,122,0.11,548,98,0.109,0.47,0.1261,0.163,663,84,0.077,100800,15982,0.096,0.5192,0.1386,0.162,0.2219,0.0657,0.18,0.1204,0.0848,0.428,0.7527,0.0955,0.077,0.0641,0.0479,0.454,0.0168,0.0127,0.461,0.0046,0.0068,0.907,0.0534,0.0357,0.407,0.1683,0.0589,0.213
4200380040,2020,1609,253,0.096,814,100,0.075,43.0,4.0,0.057,0.1852,0.0449,0.148,0.2014,0.0446,0.135,0.9273,0.0572,0.037,0.0435,0.0252,0.352,0.0,0.0068,,0.0093,0.0079,0.518,36029,9136,0.154,26524,2333,0.053,0.1392,0.0474,0.207,0.0713,0.043,0.367,0.6334,0.0816,0.078,0.0897,0.0249,0.169,898,100,0.068,0.0935,0.0387,0.252,1953,6,0.002,0.6269,0.0589,0.057,0.0479,0.0263,0.334,0.265,0.0785,0.18,0.029,0.0187,0.392,0.4595,0.0616,0.081,374,68,0.111,440,76,0.105,0.3915,0.0552,0.086,803,37,0.028,66700,4214,0.038,0.5989,0.1723,0.175,0.2086,0.0583,0.17,0.1432,0.0902,0.383,0.7086,0.2145,0.184,0.0324,0.02,0.375,0.0149,0.012,0.489,0.0,0.0137,,0.0299,0.0228,0.463,0.1192,0.0314,0.16
4200380600,2020,506,127,0.153,221,45,0.124,39.5,9.5,0.146,0.1877,0.0689,0.223,0.1502,0.0385,0.156,0.9071,0.3203,0.215,0.0632,0.0754,0.725,0.004,0.0078,1.206,0.0059,0.0098,1.002,48125,12554,0.159,30297,12159,0.244,0.1581,0.1125,0.433,0.1269,0.0986,0.472,0.5991,0.0744,0.075,0.1006,0.098,0.592,324,54,0.101,0.3179,0.1115,0.213,0,,,0.7438,0.0626,0.051,0.0617,0.0433,0.426,0.037,0.0415,0.682,0.0093,0.0373,2.446,0.3167,0.0874,0.168,70,24,0.208,151,42,0.169,0.3221,0.1289,0.243,740,105,0.086,46100,4455,0.059,0.2286,0.2587,0.688,0.1571,0.1926,0.745,0.3113,0.1523,0.298,0.7477,0.141,0.115,0.0321,0.0403,0.763,0.0046,0.0137,1.816,0.0,0.0505,,0.055,0.0481,0.531,0.1086,0.0695,0.389
4200382800,2020,11942,37,0.002,5237,203,0.024,51.0,3.5,0.042,0.163,0.0292,0.109,0.258,0.0402,0.095,0.979,0.0111,0.007,0.0054,0.0038,0.427,0.0031,0.0051,1.002,0.0042,0.0035,0.511,75327,10014,0.081,38928,3786,0.059,0.0444,0.0219,0.3,0.0312,0.0179,0.349,0.6105,0.0428,0.043,0.3357,0.0626,0.113,5535,218,0.024,0.0538,0.0296,0.334,1974,4,0.001,0.7243,0.0519,0.044,0.0257,0.0144,0.341,0.0175,0.0221,0.767,0.0345,0.023,0.405,0.1568,0.0412,0.16,821,218,0.161,4416,265,0.036,0.1386,0.0432,0.19,788,214,0.165,189000,14969,0.048,0.3069,0.1645,0.326,0.1644,0.1369,0.506,0.1664,0.0437,0.16,0.7704,0.0686,0.054,0.0,0.0029,,0.005,0.0081,0.984,0.0,0.0029,,0.1471,0.067,0.277,0.0212,0.0131,0.377
4200382848,2020,507,169,0.203,174,42,0.147,30.1,2.9,0.059,0.3629,0.0496,0.083,0.0651,0.0511,0.477,0.929,0.1001,0.066,0.0079,0.0115,0.889,0.0,0.0217,,0.0592,0.0946,0.972,43750,10270,0.143,16863,4376,0.158,0.1802,0.0871,0.294,0.124,0.0793,0.389,0.7082,0.1024,0.088,0.0734,0.0694,0.575,212,52,0.149,0.1792,0.0992,0.336,1944,4,0.001,0.717,0.1011,0.086,0.0991,0.0665,0.408,0.0,0.0734,,0.0,0.0734,,0.3621,0.1419,0.238,63,29,0.28,111,33,0.181,0.4063,0.1917,0.287,720,71,0.06,62500,9788,0.095,0.3175,0.2302,0.441,0.1746,0.1369,0.477,0.1171,0.2342,1.216,0.6682,0.1741,0.158,0.0758,0.0455,0.364,0.0427,0.0452,0.644,0.0,0.0521,,0.019,0.0228,0.732,0.1034,0.0606,0.356
4200383200,2020,1807,271,0.091,869,114,0.08,42.1,4.2,0.061,0.1832,0.0386,0.128,0.2131,0.0284,0.081,0.7582,0.0665,0.053,0.1267,0.052,0.249,0.0,0.0061,,0.0371,0.0506,0.83,52009,5457,0.064,32225,2828,0.053,0.1776,0.069,0.236,0.0913,0.048,0.32,0.6541,0.1337,0.124,0.3372,0.0671,0.121,957,106,0.067,0.092,0.0448,0.296,1955,1,0.0,0.8307,0.0578,0.042,0.1338,0.0528,0.24,0.0355,0.0308,0.527,0.0,0.0163,,0.2624,0.0572,0.132,228,58,0.155,641,97,0.092,0.2806,0.0631,0.137,1020,282,0.168,113000,12230,0.066,0.5263,0.1601,0.185,0.4518,0.155,0.209,0.1591,0.0612,0.234,0.7566,0.0592,0.048,0.0863,0.0503,0.354,0.0254,0.024,0.574,0.0,0.0122,,0.0575,0.0736,0.778,0.1577,0.061,0.235
4200383512,2020,19742,26,0.001,8350,450,0.033,44.9,3.4,0.046,0.2216,0.0356,0.098,0.1884,0.0187,0.06,0.8536,0.035,0.025,0.0823,0.0225,0.166,0.0006,0.0012,1.216,0.0214,0.0156,0.441,54474,4284,0.048,29556,1977,0.041,0.1386,0.0349,0.153,0.0744,0.027,0.22,0.6452,0.0226,0.021,0.2136,0.0265,0.076,9164,484,0.032,0.0888,0.0244,0.167,1955,2,0.001,0.7922,0.0273,0.021,0.0167,0.0112,0.407,0.0501,0.0184,0.223,0.0494,0.0182,0.224,0.2101,0.0331,0.096,1754,292,0.101,6596,431,0.04,0.2047,0.0423,0.126,637,110,0.105,99200,5111,0.031,0.3136,0.0788,0.153,0.1374,0.0553,0.245,0.1847,0.0363,0.12,0.7761,0.0205,0.016,0.0601,0.0195,0.197,0.0079,0.0047,0.36,0.0,0.0018,,0.0386,0.0159,0.25,0.0801,0.021,0.159
4200384144,2020,6547,27,0.003,2890,168,0.035,40.7,2.5,0.037,0.1847,0.0362,0.119,0.1618,0.0348,0.131,0.9345,0.0271,0.018,0.0347,0.0194,0.34,0.0015,0.0021,0.851,0.027,0.0206,0.464,62246,8168,0.08,33833,3591,0.065,0.0705,0.033,0.285,0.0641,0.0326,0.31,0.741,0.041,0.034,0.3237,0.0621,0.117,3083,190,0.037,0.0626,0.0423,0.411,1949,6,0.002,0.6578,0.0383,0.035,0.1975,0.0661,0.203,0.0464,0.0334,0.438,0.048,0.0258,0.326,0.3045,0.069,0.138,880,206,0.142,2010,183,0.055,0.2046,0.0456,0.135,834,31,0.023,138800,5908,0.026,0.4386,0.1631,0.226,0.2705,0.1583,0.356,0.1567,0.0712,0.276,0.7301,0.0705,0.059,0.0515,0.022,0.26,0.0305,0.0382,0.762,0.0,0.0042,,0.0422,0.0342,0.493,0.0806,0.058,0.437
4200384440,2020,1212,182,0.091,592,106,0.109,41.3,10.6,0.156,0.1766,0.0423,0.146,0.1279,0.0231,0.11,0.6782,0.1409,0.126,0.2624,0.1051,0.243,0.0,0.0091,,0.0355,0.0351,0.601,53103,4031,0.046,26331,3392,0.078,0.2236,0.1117,0.304,0.0962,0.1142,0.722,0.7355,0.0985,0.081,0.1564,0.035,0.136,653,105,0.098,0.0934,0.0499,0.324,1942,5,0.002,0.8438,0.0863,0.062,0.075,0.0497,0.403,0.0812,0.0325,0.243,0.0,0.0238,,0.4291,0.1523,0.216,254,101,0.242,338,66,0.119,0.4241,0.1396,0.2,968,273,0.171,72000,7909,0.067,0.2992,0.0732,0.149,0.1339,0.0633,0.287,0.1065,0.0898,0.512,0.57,0.0838,0.089,0.1531,0.0659,0.262,0.0204,0.0231,0.688,0.0,0.016,,0.0758,0.0586,0.47,0.1098,0.0482,0.267
4200384512,2020,13437,61,0.003,6024,248,0.025,44.6,3.6,0.049,0.1896,0.0261,0.084,0.2434,0.0244,0.061,0.8156,0.0407,0.03,0.0242,0.0159,0.4,0.0986,0.0388,0.239,0.0157,0.0083,0.323,66667,5149,0.047,39272,3265,0.051,0.1149,0.0398,0.211,0.0395,0.0217,0.334,0.5964,0.0343,0.035,0.3789,0.0373,0.06,6287,267,0.026,0.0418,0.0232,0.336,1957,1,0.0,0.6455,0.0316,0.03,0.0162,0.0111,0.417,0.0663,0.0299,0.274,0.147,0.0329,0.136,0.2731,0.0377,0.084,1645,237,0.088,4379,289,0.04,0.2602,0.0478,0.112,875,137,0.095,170500,4633,0.017,0.4274,0.0832,0.118,0.248,0.0594,0.146,0.1651,0.0398,0.146,0.7254,0.0461,0.039,0.06,0.019,0.193,0.0145,0.0141,0.593,0.0027,0.0043,0.965,0.0716,0.0207,0.175,0.0852,0.0243,0.174
4200384704,2020,7472,45,0.004,3712,246,0.04,53.2,3.6,0.041,0.1512,0.0348,0.14,0.2907,0.0489,0.102,0.9562,0.0223,0.014,0.0268,0.0194,0.441,0.0029,0.0027,0.553,0.0096,0.0078,0.49,49939,12489,0.152,35040,5196,0.09,0.077,0.0389,0.307,0.0416,0.0365,0.532,0.5522,0.0369,0.041,0.3079,0.0526,0.104,3855,265,0.042,0.0371,0.0274,0.449,1959,3,0.001,0.7144,0.0403,0.034,0.0508,0.028,0.334,0.1626,0.0596,0.223,0.0532,0.0236,0.27,0.3287,0.066,0.122,1220,258,0.129,2492,223,0.054,0.2572,0.0526,0.124,814,38,0.028,116500,12157,0.063,0.377,0.1049,0.169,0.1623,0.0753,0.282,0.177,0.0533,0.183,0.7976,0.0743,0.057,0.0226,0.0234,0.63,0.0334,0.0233,0.424,0.0,0.0044,,0.0688,0.0498,0.439,0.0455,0.0288,0.385
4200385184,2020,6174,27,0.003,3044,203,0.041,44.1,5.0,0.069,0.1756,0.0372,0.129,0.2472,0.0386,0.095,0.6898,0.0603,0.053,0.2078,0.0585,0.171,0.0034,0.0036,0.637,0.0087,0.0075,0.518,52415,6414,0.074,31902,3017,0.057,0.1114,0.0502,0.274,0.0526,0.024,0.278,0.6097,0.0402,0.04,0.3721,0.0479,0.078,3310,237,0.044,0.0804,0.0361,0.273,1958,2,0.001,0.6686,0.0457,0.042,0.0375,0.0312,0.507,0.0834,0.031,0.226,0.1725,0.0442,0.156,0.4356,0.0496,0.069,1326,175,0.08,1718,178,0.063,0.3937,0.0534,0.082,965,47,0.03,110100,7878,0.043,0.4721,0.1223,0.157,0.2474,0.1004,0.247,0.1484,0.0601,0.246,0.7415,0.08,0.066,0.0572,0.0256,0.272,0.0077,0.012,0.95,0.0,0.005,,0.094,0.0407,0.263,0.0381,0.0259,0.412
4200385188,2020,15367,33,0.001,8888,418,0.029,41.7,4.0,0.058,0.1633,0.0261,0.097,0.2156,0.0294,0.083,0.3843,0.0288,0.045,0.5138,0.0326,0.039,0.0174,0.0105,0.367,0.0238,0.0133,0.34,37649,3956,0.064,31524,3329,0.064,0.2625,0.0457,0.106,0.0762,0.0278,0.222,0.6185,0.031,0.03,0.3856,0.0433,0.068,11057,476,0.026,0.1962,0.0252,0.078,1947,3,0.001,0.3576,0.0288,0.049,0.2344,0.0361,0.094,0.114,0.0172,0.092,0.1668,0.0304,0.111,0.6825,0.0394,0.035,6066,452,0.045,2822,299,0.064,0.6713,0.0362,0.033,870,41,0.029,93000,8386,0.055,0.4161,0.058,0.085,0.2387,0.0458,0.117,0.2289,0.0599,0.159,0.4938,0.0472,0.058,0.2237,0.0326,0.089,0.0295,0.0163,0.335,0.0108,0.0058,0.329,0.1119,0.0268,0.145,0.282,0.0408,0.088
4200385496,2020,1840,315,0.104,868,132,0.092,38.2,5.5,0.088,0.2467,0.0507,0.125,0.1484,0.0339,0.139,0.6359,0.1032,0.099,0.2745,0.0571,0.126,0.0,0.006,,0.0201,0.0143,0.431,30242,10803,0.217,19398,3166,0.099,0.3045,0.0955,0.191,0.1629,0.0633,0.236,0.5915,0.0935,0.096,0.1783,0.0781,0.266,1197,118,0.06,0.2749,0.0674,0.149,1955,11,0.003,0.2957,0.0638,0.131,0.2907,0.0634,0.132,0.147,0.0664,0.274,0.1328,0.0527,0.241,0.6855,0.0658,0.058,595,107,0.109,273,68,0.151,0.6938,0.0758,0.066,759,112,0.09,55600,3827,0.042,0.4555,0.1572,0.21,0.2571,0.1387,0.328,0.1685,0.1121,0.404,0.7051,0.1139,0.098,0.0154,0.0165,0.652,0.0061,0.0106,1.053,0.0,0.0169,,0.1167,0.1179,0.614,0.3318,0.0942,0.173
4200300724,2021,1817,302,0.101,911,121,0.081,77.1,6.2,0.049,0.1024,0.0251,0.149,0.6368,0.0483,0.046,0.9538,0.0375,0.024,0.0044,0.0049,0.676,0.0,0.0061,,0.027,0.0349,0.788,74083,10950,0.09,57722,8089,0.085,0.019,0.017,0.545,0.0769,0.0955,0.755,0.3058,0.0237,0.047,0.4097,0.0987,0.146,1025,116,0.069,0.1112,0.0522,0.285,1996,4,0.001,0.321,0.0368,0.07,0.0176,0.0116,0.402,0.0127,0.0103,0.492,0.4624,0.1106,0.145,0.5115,0.1051,0.125,466,114,0.149,445,61,0.083,0.4467,0.1318,0.179,3177,228,0.044,200800,17555,0.053,0.5429,0.1739,0.195,0.3605,0.1201,0.203,0.1978,0.0849,0.261,0.7628,0.0982,0.078,0.0,0.0235,,0.0214,0.0189,0.537,0.0,0.0235,,0.1197,0.0398,0.202,0.2964,0.1067,0.219
4200303320,2021,2901,28,0.006,1239,100,0.049,35.5,1.1,0.019,0.2785,0.0736,0.161,0.1455,0.0326,0.136,0.8225,0.0806,0.06,0.0396,0.0472,0.724,0.1275,0.0803,0.383,0.0097,0.0079,0.499,102765,30029,0.178,56666,6566,0.07,0.0114,0.0092,0.487,0.047,0.0261,0.337,0.76,0.0348,0.028,0.7619,0.1153,0.092,1352,112,0.05,0.0836,0.0513,0.373,0,,,0.5163,0.0811,0.096,0.196,0.0682,0.212,0.1391,0.0605,0.264,0.0,0.0115,,0.3753,0.0826,0.134,465,109,0.142,774,116,0.091,0.3613,0.0927,0.156,1133,230,0.123,337700,25853,0.047,0.2151,0.0974,0.275,0.0968,0.0627,0.394,0.1615,0.085,0.32,0.6776,0.091,0.082,0.0752,0.0413,0.333,0.0248,0.0288,0.705,0.0134,0.0168,0.759,0.1632,0.0695,0.259,0.0476,0.0363,0.463
4200303608,2021,4753,27,0.003,2713,208,0.047,42.1,5.7,0.082,0.0886,0.0282,0.193,0.2361,0.0584,0.15,0.7732,0.0727,0.057,0.1412,0.061,0.263,0.0196,0.0206,0.641,0.0156,0.012,0.468,43873,6579,0.091,36527,4930,0.082,0.1298,0.0446,0.209,0.0299,0.0163,0.332,0.6543,0.0557,0.052,0.3111,0.0481,0.094,3053,199,0.04,0.1114,0.0319,0.174,1953,6,0.002,0.3583,0.0531,0.09,0.2064,0.0459,0.135,0.1235,0.0572,0.282,0.2797,0.075,0.163,0.5698,0.0857,0.091,1546,261,0.103,1167,150,0.078,0.4734,0.0661,0.085,830,58,0.042,128100,12712,0.06,0.3706,0.1209,0.198,0.2147,0.1045,0.296,0.2271,0.0779,0.208,0.6516,0.0738,0.069,0.0727,0.0461,0.385,0.0332,0.0206,0.378,0.0041,0.0063,0.938,0.1294,0.05,0.235,0.2156,0.0847,0.239
4200303928,2021,21274,26,0.001,8906,369,0.025,42.4,1.8,0.026,0.1913,0.022,0.07,0.2035,0.0222,0.066,0.8115,0.0397,0.03,0.0509,0.0207,0.248,0.0827,0.0336,0.247,0.0256,0.0121,0.287,70863,4960,0.043,37420,4824,0.078,0.0744,0.0244,0.199,0.041,0.0162,0.241,0.6563,0.026,0.024,0.3022,0.0375,0.075,9447,434,0.028,0.0573,0.0199,0.212,1959,1,0.0,0.7303,0.029,0.024,0.0203,0.0095,0.283,0.1071,0.0255,0.145,0.0801,0.0225,0.17,0.2474,0.0253,0.062,2203,243,0.067,6703,380,0.034,0.2257,0.0358,0.097,917,48,0.032,156700,5442,0.021,0.3768,0.0938,0.151,0.1816,0.0731,0.245,0.1687,0.0355,0.128,0.7471,0.0352,0.029,0.0532,0.0215,0.245,0.0199,0.0112,0.341,0.0,0.0019,,0.1027,0.0313,0.185,0.0924,0.0248,0.163
4200303932,2021,2033,357,0.107,835,97,0.071,40.2,9.6,0.145,0.2179,0.077,0.215,0.1835,0.0449,0.149,0.9562,0.0676,0.043,0.0,0.0054,,0.0044,0.0063,0.872,0.0,0.0054,,71050,10632,0.091,34394,4243,0.075,0.0743,0.0412,0.337,0.0239,0.0182,0.462,0.6724,0.1108,0.1,0.3258,0.0751,0.14,864,93,0.065,0.0336,0.0287,0.52,1954,1,0.0,0.9699,0.0306,0.019,0.0,0.018,,0.0,0.018,,0.0,0.018,,0.0539,0.0293,0.33,45,25,0.338,790,102,0.078,0.0698,0.043,0.375,1385,56,0.025,155800,5841,0.023,0.5333,0.2848,0.325,0.0889,0.1239,0.847,0.2392,0.096,0.244,0.7612,0.0704,0.056,0.0398,0.0228,0.348,0.0078,0.0106,0.833,0.0,0.0107,,0.0893,0.0333,0.226,0.024,0.0221,0.561
4200305216,2021,1528,169,0.067,545,59,0.066,46.2,4.9,0.064,0.2245,0.0373,0.101,0.176,0.0256,0.088,0.8619,0.0234,0.017,0.0308,0.024,0.474,0.017,0.011,0.392,0.0052,0.0085,0.986,133750,21085,0.096,73221,9043,0.075,0.0661,0.0353,0.325,0.0262,0.0155,0.36,0.7016,0.0515,0.045,0.5409,0.0469,0.053,622,63,0.062,0.1238,0.0827,0.406,1960,3,0.001,0.9887,0.0152,0.009,0.0032,0.0183,3.465,0.008,0.0201,1.522,0.0,0.025,,0.0716,0.0377,0.321,39,21,0.327,506,61,0.073,0.0569,0.0308,0.329,980,573,0.355,366700,54924,0.091,0.4359,0.5123,0.714,0.359,0.3325,0.563,0.1423,0.0486,0.208,0.7425,0.1465,0.12,0.0048,0.006,0.755,0.0144,0.0155,0.653,0.0,0.0132,,0.1974,0.0856,0.264,0.0128,0.0132,0.623
4200305312,2021,8287,32,0.002,4337,253,0.035,35.3,3.5,0.06,0.1475,0.0234,0.097,0.1528,0.028,0.111,0.8042,0.0472,0.036,0.1204,0.0415,0.21,0.003,0.0033,0.657,0.0216,0.0098,0.275,53860,7814,0.088,42008,3595,0.052,0.069,0.0193,0.17,0.0323,0.0124,0.233,0.764,0.0391,0.031,0.4489,0.0454,0.061,4861,281,0.035,0.1078,0.0327,0.185,1942,5,0.002,0.3368,0.0348,0.063,0.2321,0.0402,0.105,0.1644,0.0493,0.182,0.1812,0.0403,0.135,0.6083,0.0586,0.059,2638,297,0.068,1699,193,0.069,0.4773,0.0569,0.073,845,35,0.025,151800,11699,0.047,0.3673,0.0858,0.142,0.1327,0.0505,0.232,0.1277,0.0399,0.19,0.6594,0.0583,0.054,0.0768,0.0245,0.194,0.0394,0.0235,0.362,0.0109,0.0105,0.585,0.1333,0.0337,0.153,0.1589,0.0426,0.163
4200305504,2021,1899,200,0.064,771,106,0.084,38.8,1.8,0.028,0.238,0.0198,0.051,0.1654,0.0494,0.182,0.9221,0.0447,0.029,0.019,0.0125,0.4,0.0111,0.0073,0.4,0.009,0.0078,0.533,92057,9738,0.064,52548,4137,0.048,0.0474,0.0199,0.255,0.0293,0.0189,0.392,0.7219,0.1287,0.108,0.636,0.1171,0.112,834,118,0.086,0.0755,0.0504,0.406,0,,,0.765,0.0711,0.056,0.1918,0.0602,0.191,0.0036,0.014,2.37,0.0,0.0187,,0.2166,0.062,0.174,167,53,0.193,604,91,0.092,0.1376,0.0346,0.153,1189,178,0.091,268700,10955,0.025,0.2874,0.1247,0.264,0.1257,0.0737,0.356,0.1921,0.0503,0.159,0.7203,0.0502,0.042,0.036,0.0176,0.298,0.01,0.0089,0.544,0.0,0.011,,0.1888,0.0683,0.22,0.0324,0.0178,0.334
4200305520,2021,335,54,0.098,117,18,0.094,41.4,6.8,0.1,0.2896,0.0482,0.101,0.1313,0.0612,0.283,0.9791,0.0328,0.02,0.0,0.0328,,0.0119,0.0118,0.6,0.0,0.0328,,204375,36815,0.11,78978,12907,0.099,0.009,0.0126,0.854,0.0316,0.0418,0.804,0.7661,0.0462,0.037,0.852,0.036,0.026,117,18,0.094,0.0,0.094,,0,,,1.0,0.0,0.0,0.0,0.133,,0.0,0.133,,0.0,0.133,,0.0,0.094,,0,11,,117,18,0.094,0.0,0.0328,,,,,390300,34868,0.054,,,,,,,0.1026,0.1596,0.946,0.7554,0.1068,0.086,0.0,0.0598,,0.0109,0.0162,0.906,0.0,0.0598,,0.1957,0.0809,0.251,0.0256,0.1,2.37
4200306064,2021,33356,26,0.0,14816,505,0.021,47.5,2.2,0.028,0.1841,0.017,0.056,0.2388,0.0186,0.047,0.9216,0.0169,0.011,0.0168,0.0084,0.303,0.0193,0.008,0.253,0.0122,0.0051,0.253,93378,6475,0.042,48088,2358,0.03,0.0407,0.01,0.15,0.0464,0.011,0.144,0.653,0.0183,0.017,0.494,0.0296,0.036,15455,472,0.019,0.0413,0.0121,0.178,1964,2,0.001,0.7681,0.0255,0.02,0.0091,0.0059,0.391,0.0674,0.0177,0.159,0.091,0.0157,0.105,0.1999,0.0293,0.089,2961,445,0.091,11855,530,0.027,0.1436,0.0248,0.105,1104,74,0.041,211800,7233,0.021,0.4103,0.0558,0.083,0.2151,0.0539,0.152,0.1367,0.0283,0.126,0.6998,0.0264,0.023,0.0715,0.0125,0.106,0.0066,0.0048,0.439,0.0004,0.0006,0.955,0.1679,0.0289,0.105,0.0479,0.0117,0.149
4200307000,2021,1555,173,0.068,910,127,0.085,49.8,4.1,0.05,0.1408,0.0453,0.195,0.2894,0.0754,0.158,0.719,0.0717,0.061,0.09,0.0694,0.468,0.1305,0.083,0.386,0.0141,0.0154,0.66,37443,9091,0.148,33799,4499,0.081,0.2733,0.0901,0.2,0.0432,0.0378,0.532,0.5991,0.0399,0.04,0.4586,0.1083,0.144,979,124,0.077,0.0705,0.042,0.362,1949,9,0.003,0.2421,0.0542,0.136,0.1471,0.0726,0.3,0.1522,0.0629,0.251,0.1798,0.0857,0.29,0.6385,0.08,0.076,581,109,0.114,329,64,0.118,0.5884,0.0915,0.095,697,100,0.087,133900,15693,0.071,0.5301,0.1367,0.157,0.2565,0.0755,0.179,0.1033,0.0929,0.546,0.6723,0.0839,0.076,0.0813,0.0713,0.533,0.1058,0.0506,0.291,0.0,0.0142,,0.0477,0.0315,0.401,0.289,0.0959,0.202
4200307976,2021,3240,18,0.003,1568,131,0.051,44.1,7.3,0.101,0.1636,0.0552,0.205,0.1978,0.0449,0.138,0.9003,0.0535,0.036,0.0725,0.0497,0.416,0.004,0.0065,0.982,0.0231,0.0284,0.746,41157,11941,0.176,23769,2472,0.063,0.2204,0.1236,0.341,0.0279,0.0256,0.558,0.5734,0.0913,0.097,0.1823,0.0774,0.258,1780,149,0.051,0.1191,0.0444,0.227,1942,8,0.003,0.6933,0.0723,0.063,0.0764,0.0544,0.433,0.023,0.019,0.502,0.0792,0.04,0.307,0.3272,0.0903,0.168,513,148,0.175,1055,174,0.1,0.3279,0.1207,0.224,673,76,0.069,75100,4072,0.033,0.2807,0.1677,0.363,0.1676,0.1441,0.523,0.1915,0.1002,0.318,0.8331,0.1206,0.088,0.0,0.0073,,0.0093,0.0105,0.686,0.0126,0.0198,0.954,0.0705,0.0385,0.332,0.1843,0.0753,0.248
4200307992,2021,1949,583,0.182,795,154,0.118,41.1,16.6,0.246,0.234,0.0673,0.175,0.2022,0.0133,0.04,0.1626,0.0369,0.138,0.7445,0.2272,0.185,0.0,0.0056,,0.0215,0.02,0.565,22670,9871,0.265,14794,3378,0.139,0.3099,0.0922,0.181,0.3034,0.2816,0.564,0.4761,0.1834,0.234,0.1276,0.0552,0.263,1077,147,0.083,0.2618,0.0693,0.161,0,,,0.5942,0.1155,0.118,0.1708,0.0658,0.234,0.0613,0.0441,0.437,0.0409,0.0285,0.424,0.6226,0.1451,0.142,495,150,0.184,300,75,0.152,0.6499,0.2444,0.229,857,226,0.16,33900,13449,0.241,0.7636,0.1994,0.159,0.4444,0.0965,0.132,0.1633,0.1508,0.561,0.6062,0.1996,0.2,0.2398,0.1331,0.337,0.0136,0.0229,1.022,0.0,0.0214,,0.0604,0.0671,0.675,0.3686,0.0788,0.13
4200308008,2021,1645,318,0.118,911,105,0.07,48.1,9.9,0.125,0.169,0.073,0.263,0.228,0.0307,0.082,0.572,0.0168,0.018,0.3653,0.1304,0.217,0.014,0.0254,1.104,0.0152,0.0168,0.671,32875,9251,0.171,28363,4342,0.093,0.2043,0.041,0.122,0.0505,0.0349,0.42,0.5731,0.0945,0.1,0.229,0.0544,0.144,989,95,0.058,0.0789,0.0531,0.409,1959,3,0.001,0.6421,0.0864,0.082,0.1294,0.0548,0.257,0.0142,0.0142,0.611,0.2042,0.05,0.149,0.4819,0.0843,0.106,439,92,0.127,472,90,0.116,0.3955,0.1215,0.187,376,241,0.39,94200,6712,0.043,0.4055,0.1435,0.215,0.1344,0.0986,0.446,0.2288,0.1119,0.297,0.7136,0.0582,0.05,0.0638,0.0392,0.374,0.0,0.0163,,0.0,0.0163,,0.1602,0.1059,0.402,0.281,0.0697,0.151
4200308064,2021,1226,223,0.111,484,65,0.082,45.0,6.7,0.091,0.2798,0.045,0.098,0.221,0.0191,0.053,0.9511,0.0613,0.039,0.0033,0.004,0.752,0.0253,0.0331,0.796,0.0057,0.0073,0.774,141304,17137,0.074,61673,7041,0.069,0.022,0.017,0.471,0.024,0.0182,0.461,0.6029,0.0948,0.096,0.669,0.0057,0.005,495,65,0.08,0.0222,0.0281,0.77,1971,10,0.003,0.8404,0.0634,0.046,0.0061,0.0236,2.37,0.0404,0.0372,0.56,0.0,0.0314,,0.0475,0.0303,0.388,23,15,0.396,461,65,0.086,0.0245,0.0148,0.369,488,83,0.103,398000,27846,0.043,0.1304,0.8522,3.972,0.0,0.4783,,0.1453,0.0607,0.254,0.7735,0.1141,0.09,0.0088,0.0086,0.594,0.0,0.0195,,0.0,0.0195,,0.1805,0.0464,0.156,0.0413,0.038,0.559
4200308416,2021,9999,26,0.002,4468,322,0.044,36.6,2.3,0.038,0.2288,0.0391,0.104,0.1549,0.03,0.118,0.8085,0.0616,0.046,0.0824,0.0511,0.377,0.0471,0.037,0.478,0.0074,0.0056,0.46,56875,7737,0.083,30912,3392,0.067,0.1346,0.0665,0.3,0.0135,0.0123,0.554,0.6526,0.0518,0.048,0.3088,0.0561,0.11,4724,321,0.041,0.0542,0.0258,0.289,1948,3,0.001,0.6505,0.0522,0.049,0.1511,0.0384,0.154,0.0421,0.0204,0.294,0.0868,0.0663,0.465,0.3288,0.0733,0.135,1469,344,0.142,2999,321,0.065,0.2996,0.0644,0.131,753,60,0.048,117100,8521,0.044,0.452,0.1995,0.268,0.1593,0.0586,0.223,0.1614,0.0546,0.206,0.617,0.0545,0.054,0.0929,0.0384,0.251,0.024,0.0164,0.415,0.0,0.0031,,0.1348,0.0537,0.242,0.1719,0.0744,0.263
4200308624,2021,4826,21,0.003,2430,151,0.038,42.2,4.2,0.061,0.1834,0.0382,0.127,0.2116,0.0389,0.112,0.913,0.0337,0.022,0.0404,0.0226,0.34,0.0,0.0023,,0.0019,0.0029,0.946,53958,10014,0.113,33800,2323,0.042,0.1026,0.0339,0.201,0.0793,0.0385,0.295,0.6524,0.0413,0.038,0.291,0.0456,0.095,2645,182,0.042,0.0813,0.0492,0.368,1954,2,0.001,0.662,0.0584,0.054,0.0938,0.0342,0.222,0.1009,0.0318,0.192,0.1198,0.0434,0.22,0.3971,0.0588,0.09,965,155,0.098,1465,196,0.081,0.3688,0.0743,0.123,836,60,0.044,140200,17037,0.074,0.2881,0.1147,0.242,0.1109,0.0746,0.409,0.1863,0.0601,0.196,0.7618,0.0473,0.038,0.0758,0.0338,0.271,0.0186,0.0173,0.565,0.0,0.0046,,0.092,0.0339,0.224,0.1296,0.06,0.281
4200311336,2021,8100,32,0.002,4190,249,0.036,41.3,5.3,0.078,0.1579,0.0382,0.147,0.1973,0.0376,0.116,0.7975,0.0501,0.038,0.1241,0.0452,0.221,0.0209,0.0135,0.392,0.0228,0.0131,0.348,54067,7931,0.089,36551,3608,0.06,0.122,0.0454,0.226,0.0341,0.0153,0.273,0.7007,0.0445,0.039,0.3229,0.0408,0.077,4568,258,0.034,0.0827,0.029,0.213,1953,3,0.001,0.5412,0.0446,0.05,0.1303,0.0314,0.146,0.0803,0.0245,0.185,0.1246,0.0298,0.145,0.415,0.0453,0.066,1739,216,0.076,2451,217,0.054,0.3765,0.0505,0.082,757,45,0.036,136800,14941,0.066,0.4641,0.0934,0.122,0.2225,0.0805,0.22,0.1934,0.0666,0.209,0.6691,0.0428,0.039,0.0802,0.0254,0.192,0.0362,0.0225,0.378,0.0037,0.0046,0.749,0.1414,0.0569,0.245,0.1463,0.043,0.179
4200311680,2021,8307,28,0.002,3745,256,0.042,41.5,1.7,0.025,0.1579,0.0385,0.148,0.1879,0.0358,0.116,0.844,0.0642,0.046,0.0365,0.0353,0.588,0.0444,0.0402,0.55,0.0289,0.0228,0.479,66196,8712,0.08,38229,3405,0.054,0.0603,0.0345,0.348,0.0249,0.0197,0.48,0.7175,0.0522,0.044,0.3793,0.0525,0.084,4056,317,0.048,0.0767,0.0462,0.366,1957,2,0.001,0.5528,0.0382,0.042,0.0883,0.0398,0.274,0.1208,0.049,0.247,0.1738,0.0477,0.167,0.392,0.0532,0.082,1468,223,0.092,2277,213,0.057,0.3119,0.0653,0.127,949,119,0.076,142800,5862,0.025,0.3535,0.1492,0.257,0.1778,0.0993,0.339,0.1629,0.0542,0.202,0.6807,0.0509,0.045,0.1152,0.0448,0.237,0.0309,0.0207,0.407,0.0,0.0033,,0.0904,0.0344,0.231,0.0927,0.0493,0.323
4200312496,2021,621,126,0.123,365,100,0.167,50.3,6.4,0.077,0.1127,0.0407,0.219,0.1787,0.0468,0.159,0.7794,0.2234,0.174,0.1771,0.1404,0.482,0.0,0.0177,,0.0145,0.024,1.006,51631,3133,0.037,34965,4251,0.074,0.0934,0.0586,0.382,0.0216,0.0209,0.589,0.7473,0.0976,0.079,0.2246,0.057,0.154,432,114,0.16,0.1551,0.0907,0.356,1955,4,0.001,0.7407,0.1151,0.094,0.1991,0.0698,0.213,0.0,0.036,,0.037,0.0646,1.061,0.4822,0.2082,0.262,176,90,0.311,189,49,0.158,0.351,0.1372,0.238,683,94,0.084,83900,3398,0.025,0.2841,0.1101,0.236,0.1818,0.1074,0.359,0.1587,0.1263,0.484,0.7475,0.1693,0.138,0.0613,0.0413,0.409,0.0,0.027,,0.0,0.027,,0.098,0.0533,0.33,0.0603,0.04,0.404
4200313392,2021,1647,206,0.076,754,73,0.059,49.6,5.9,0.072,0.1378,0.0325,0.143,0.2702,0.0357,0.08,0.9308,0.1449,0.095,0.0012,0.0018,0.909,0.0,0.0067,,0.0182,0.0217,0.726,69722,11587,0.101,40265,5172,0.078,0.0589,0.0301,0.311,0.0613,0.0402,0.399,0.6613,0.0921,0.085,0.3815,0.0479,0.076,865,88,0.062,0.1283,0.0658,0.312,1954,2,0.001,0.8486,0.0363,0.026,0.0462,0.0259,0.341,0.0162,0.0263,0.989,0.0,0.018,,0.2122,0.0686,0.197,160,54,0.205,594,64,0.065,0.1864,0.1015,0.331,1006,86,0.052,137300,13163,0.058,0.3062,0.1391,0.276,0.1062,0.0798,0.457,0.1111,0.0547,0.299,0.7965,0.0655,0.05,0.0173,0.0135,0.473,0.015,0.0136,0.55,0.0,0.0127,,0.0948,0.0441,0.283,0.0676,0.0347,0.312
4200313608,2021,3134,17,0.003,1250,129,0.063,46.9,8.6,0.111,0.2332,0.0717,0.187,0.2591,0.0469,0.11,0.7632,0.0707,0.056,0.1631,0.0718,0.268,0.0093,0.0096,0.629,0.0246,0.0169,0.418,94167,15669,0.101,49563,8089,0.099,0.0277,0.015,0.329,0.0719,0.0322,0.272,0.685,0.0819,0.073,0.6734,0.1048,0.095,1281,138,0.065,0.0242,0.0288,0.723,1961,3,0.001,0.9781,0.0016,0.001,0.0,0.0121,,0.0055,0.0127,1.412,0.0101,0.0121,0.724,0.0608,0.0427,0.427,76,54,0.432,1174,141,0.073,0.0789,0.0725,0.559,2197,133,0.037,187200,21735,0.071,0.3816,0.5295,0.844,0.3816,0.4664,0.743,0.1516,0.0655,0.263,0.6602,0.1374,0.126,0.029,0.0211,0.443,0.0219,0.0205,0.57,0.0,0.0071,,0.2529,0.1377,0.331,0.0072,0.0149,1.255
4200313704,2021,6245,28,0.003,2948,219,0.045,41.7,3.4,0.05,0.2315,0.0514,0.135,0.2213,0.0422,0.116,0.5457,0.072,0.08,0.4133,0.0764,0.112,0.0,0.0026,,0.0123,0.0098,0.482,37544,7880,0.128,23387,2707,0.07,0.1951,0.0583,0.182,0.0975,0.0466,0.29,0.5597,0.0531,0.058,0.2015,0.0507,0.153,3800,252,0.04,0.2242,0.0516,0.14,1943,4,0.001,0.6079,0.0623,0.062,0.1189,0.0532,0.272,0.0605,0.024,0.241,0.0258,0.0329,0.776,0.421,0.073,0.105,1241,234,0.115,1707,206,0.073,0.4366,0.0755,0.105,841,196,0.142,48100,3788,0.048,0.5463,0.1798,0.2,0.3304,0.1797,0.331,0.2179,0.0707,0.197,0.7563,0.0618,0.05,0.0558,0.0388,0.422,0.0,0.0066,,0.0,0.0066,,0.0508,0.0305,0.365,0.1632,0.0613,0.228
4200315216,2021,8733,24,0.002,4095,208,0.031,49.7,1.6,0.02,0.1944,0.038,0.119,0.2667,0.0438,0.1,0.9044,0.0405,0.027,0.0242,0.0253,0.637,0.0277,0.0189,0.414,0.0084,0.0072,0.525,91425,9074,0.06,59725,5693,0.058,0.0374,0.0222,0.361,0.0344,0.021,0.371,0.6312,0.0402,0.039,0.4792,0.0615,0.078,4277,241,0.034,0.0426,0.0322,0.46,2001,2,0.001,0.6215,0.0514,0.05,0.0,0.0053,,0.0659,0.0383,0.353,0.0157,0.017,0.659,0.16,0.0504,0.191,655,209,0.194,3440,247,0.044,0.1241,0.0386,0.189,1649,138,0.051,295000,21600,0.045,0.4702,0.1948,0.252,0.3023,0.1647,0.331,0.2526,0.068,0.164,0.6963,0.0636,0.056,0.0421,0.0269,0.389,0.0005,0.0009,1.215,0.0,0.0036,,0.1373,0.0451,0.2,0.0408,0.0258,0.384
4200316144,2021,5539,30,0.003,2523,249,0.06,36.2,2.9,0.049,0.2291,0.0482,0.128,0.2154,0.038,0.107,0.6873,0.0895,0.079,0.1786,0.0888,0.302,0.0031,0.0042,0.822,0.0356,0.0181,0.309,52594,3214,0.037,28271,3514,0.076,0.121,0.0423,0.213,0.0531,0.0282,0.323,0.6614,0.0571,0.052,0.3,0.0652,0.132,2972,286,0.058,0.1511,0.0571,0.23,0,,,0.6524,0.0392,0.037,0.1184,0.0376,0.193,0.0902,0.0381,0.257,0.1141,0.0344,0.183,0.4828,0.0531,0.067,1218,180,0.09,1305,214,0.1,0.4576,0.0856,0.114,786,59,0.046,98300,13768,0.085,0.3966,0.1039,0.159,0.1437,0.0578,0.245,0.1954,0.0701,0.218,0.6677,0.0761,0.069,0.0433,0.0228,0.32,0.0274,0.0137,0.304,0.0,0.0059,,0.1238,0.0711,0.349,0.1288,0.0357,0.168
4200316848,2021,6067,21,0.002,2862,245,0.052,42.1,7.2,0.104,0.1528,0.031,0.123,0.1838,0.0392,0.13,0.913,0.0396,0.026,0.0522,0.0335,0.389,0.0051,0.0094,1.118,0.0155,0.0129,0.504,64194,5853,0.055,41821,6341,0.092,0.0983,0.0337,0.208,0.0559,0.0355,0.386,0.6745,0.0581,0.052,0.3638,0.0614,0.103,3077,278,0.055,0.0699,0.0421,0.366,0,,,0.5041,0.0538,0.065,0.2779,0.0516,0.113,0.0874,0.0361,0.251,0.0643,0.0214,0.202,0.4249,0.0584,0.084,1216,197,0.098,1646,199,0.073,0.3122,0.0564,0.11,880,62,0.043,157800,11749,0.045,0.4046,0.101,0.152,0.2015,0.0835,0.252,0.1209,0.0441,0.222,0.7543,0.0882,0.071,0.0381,0.0209,0.334,0.0183,0.0125,0.414,0.0,0.0048,,0.1022,0.0326,0.194,0.1394,0.0372,0.162
4200317048,2021,2622,239,0.055,1103,114,0.063,47.3,4.6,0.059,0.2014,0.0328,0.099,0.2071,0.0378,0.111,0.9069,0.0512,0.034,0.0069,0.0065,0.571,0.0187,0.0178,0.58,0.0431,0.0229,0.323,76680,12879,0.102,36324,3471,0.058,0.0648,0.0373,0.35,0.0795,0.0439,0.336,0.639,0.0279,0.027,0.259,0.0616,0.145,1155,112,0.059,0.045,0.03,0.405,1959,3,0.001,0.8632,0.0523,0.037,0.0563,0.0363,0.392,0.0035,0.0113,1.981,0.0,0.0135,,0.1405,0.0562,0.243,155,64,0.251,948,107,0.069,0.1182,0.0497,0.256,869,129,0.09,153500,12174,0.048,0.4065,0.2343,0.35,0.1742,0.1298,0.453,0.211,0.0787,0.227,0.7629,0.04,0.032,0.0056,0.008,0.866,0.0394,0.0497,0.766,0.0,0.0088,,0.1359,0.0435,0.194,0.0045,0.0118,1.584
4200319576,2021,8255,27,0.002,4189,210,0.03,37.1,1.2,0.02,0.1592,0.0253,0.097,0.1465,0.0248,0.103,0.9073,0.0247,0.017,0.0206,0.0107,0.315,0.011,0.0058,0.321,0.0361,0.0189,0.318,61890,9184,0.09,41004,4167,0.062,0.073,0.0247,0.206,0.0583,0.0291,0.304,0.7998,0.0245,0.019,0.4986,0.0495,0.06,4627,219,0.029,0.0947,0.0321,0.206,0,,,0.5513,0.0438,0.048,0.2129,0.0344,0.098,0.1448,0.043,0.181,0.0089,0.0066,0.451,0.4474,0.0584,0.079,1874,262,0.085,2315,162,0.043,0.3476,0.0469,0.082,919,71,0.047,161700,7251,0.027,0.3751,0.1282,0.208,0.1638,0.0894,0.332,0.1352,0.0518,0.233,0.5802,0.0468,0.049,0.1569,0.0296,0.115,0.0207,0.01,0.294,0.0,0.003,,0.1687,0.0346,0.125,0.1007,0.0287,0.173
4200319856,2021,1592,250,0.095,850,137,0.098,48.7,2.7,0.034,0.1018,0.03,0.179,0.2425,0.0585,0.147,0.9378,0.035,0.023,0.0471,0.0331,0.427,0.0,0.0069,,0.0151,0.0181,0.728,35417,7262,0.125,31034,7779,0.152,0.1658,0.1212,0.444,0.0607,0.0369,0.37,0.5242,0.1227,0.142,0.1618,0.0393,0.148,985,121,0.075,0.1371,0.0585,0.26,1947,3,0.001,0.5574,0.0225,0.025,0.1391,0.0781,0.341,0.1919,0.0454,0.144,0.0,0.0158,,0.5059,0.1363,0.164,430,135,0.191,420,51,0.074,0.4447,0.1407,0.192,590,181,0.186,77100,8338,0.066,0.5186,0.1614,0.189,0.3233,0.1723,0.324,0.1905,0.0775,0.247,0.7077,0.0333,0.029,0.1117,0.0971,0.528,0.0143,0.017,0.722,0.0,0.0158,,0.0415,0.0278,0.407,0.1412,0.088,0.379
4200320432,2021,5280,21,0.002,2138,210,0.06,33.6,4.0,0.072,0.2803,0.0517,0.112,0.1335,0.0272,0.124,0.3504,0.057,0.099,0.4741,0.0672,0.086,0.0,0.003,,0.0165,0.0112,0.412,37478,2408,0.039,20319,2715,0.081,0.2825,0.064,0.138,0.091,0.0394,0.263,0.6236,0.0575,0.056,0.1051,0.0341,0.197,2863,217,0.046,0.2532,0.0457,0.11,1944,5,0.002,0.6514,0.0449,0.042,0.1093,0.0429,0.239,0.1125,0.0431,0.233,0.0458,0.0246,0.327,0.5337,0.0598,0.068,1141,170,0.091,997,180,0.11,0.5687,0.0865,0.092,687,58,0.051,51000,6025,0.072,0.4294,0.1159,0.164,0.2191,0.0916,0.254,0.2096,0.072,0.209,0.4242,0.1004,0.144,0.2073,0.0659,0.193,0.0877,0.0717,0.497,0.005,0.0068,0.825,0.1502,0.1296,0.524,0.3134,0.0648,0.126
4200321024,2021,1420,146,0.063,641,66,0.063,41.5,2.7,0.04,0.2254,0.0397,0.107,0.1289,0.0372,0.176,0.919,0.0387,0.026,0.0275,0.0181,0.4,0.0021,0.0035,1.011,0.0085,0.0126,0.91,58882,12230,0.126,28933,3145,0.066,0.1638,0.0716,0.266,0.0693,0.0329,0.289,0.6911,0.0383,0.034,0.2806,0.0971,0.21,795,71,0.054,0.1937,0.0683,0.214,1949,5,0.002,0.6893,0.0538,0.047,0.1057,0.0474,0.273,0.0,0.0196,,0.0642,0.0459,0.435,0.3495,0.0744,0.13,224,53,0.144,417,70,0.102,0.3852,0.0739,0.117,834,72,0.052,95000,15280,0.098,0.4554,0.1653,0.221,0.2902,0.1098,0.23,0.0959,0.0632,0.4,0.8125,0.0532,0.04,0.0199,0.0139,0.426,0.0099,0.0084,0.514,0.0114,0.017,0.908,0.0568,0.039,0.417,0.0733,0.0378,0.314
4200321444,2021,2047,262,0.078,1031,111,0.065,51.8,4.6,0.054,0.1299,0.0359,0.168,0.2604,0.0474,0.111,0.8798,0.0166,0.011,0.0694,0.0505,0.443,0.0029,0.0044,0.909,0.0,0.0054,,53702,11109,0.126,33441,3517,0.064,0.063,0.0368,0.355,0.0654,0.0372,0.346,0.6077,0.0549,0.055,0.2148,0.0644,0.182,1126,105,0.057,0.0844,0.0482,0.347,1951,4,0.001,0.6856,0.0715,0.063,0.1776,0.0554,0.189,0.0666,0.0291,0.266,0.0187,0.0164,0.535,0.323,0.065,0.122,333,76,0.139,698,109,0.095,0.2311,0.0551,0.145,658,40,0.037,70300,6774,0.059,0.5676,0.1846,0.198,0.2523,0.1256,0.303,0.1576,0.0664,0.256,0.691,0.0251,0.022,0.0529,0.0454,0.521,0.0038,0.0057,0.907,0.0,0.0106,,0.129,0.062,0.292,0.1445,0.0518,0.218
4200321712,2021,1787,461,0.157,778,127,0.099,29.8,4.5,0.092,0.3089,0.0742,0.146,0.103,0.0281,0.166,0.2574,0.078,0.184,0.6978,0.1502,0.131,0.0,0.0062,,0.0,0.0062,,32604,9370,0.175,20184,3942,0.119,0.2557,0.104,0.247,0.0669,0.0509,0.463,0.6322,0.2026,0.195,0.1916,0.0709,0.225,1052,102,0.059,0.2605,0.0797,0.186,1950,9,0.003,0.4059,0.0907,0.136,0.1996,0.0814,0.248,0.1806,0.0923,0.311,0.0542,0.0272,0.305,0.7057,0.0678,0.058,549,104,0.115,229,81,0.215,0.6684,0.0546,0.05,685,80,0.071,53400,12644,0.144,0.4098,0.1576,0.234,0.2951,0.1365,0.281,0.1179,0.1286,0.663,0.4943,0.1546,0.19,0.2507,0.154,0.373,0.0473,0.0458,0.589,0.0,0.0158,,0.1605,0.1074,0.407,0.3342,0.1069,0.194
4200322520,2021,3129,20,0.004,1537,92,0.036,37.6,2.6,0.042,0.1608,0.0351,0.133,0.1342,0.024,0.109,0.8706,0.0434,0.03,0.0508,0.0236,0.283,0.0313,0.0182,0.354,0.0189,0.016,0.515,86744,5716,0.04,56787,5939,0.064,0.0626,0.026,0.253,0.0453,0.0231,0.311,0.8216,0.0393,0.029,0.6983,0.0656,0.057,1611,97,0.037,0.0459,0.0328,0.434,0,,,0.6729,0.0618,0.056,0.1204,0.0737,0.372,0.1167,0.034,0.177,0.0186,0.0153,0.5,0.3682,0.057,0.094,566,94,0.101,971,111,0.069,0.3196,0.0648,0.123,1022,113,0.067,253100,20260,0.049,0.2686,0.0887,0.201,0.076,0.0442,0.353,0.2286,0.0571,0.152,0.5623,0.0374,0.04,0.1018,0.0318,0.19,0.0243,0.0145,0.362,0.0097,0.0097,0.606,0.2176,0.0508,0.142,0.0377,0.0223,0.36
4200322576,2021,1529,124,0.049,582,61,0.064,46.0,2.9,0.038,0.2446,0.034,0.084,0.2158,0.0363,0.102,0.9509,0.0177,0.011,0.0105,0.0111,0.644,0.0098,0.0091,0.565,0.0131,0.0111,0.514,190000,49167,0.157,113958,14793,0.079,0.0504,0.0387,0.467,0.0419,0.0275,0.4,0.6032,0.0437,0.044,0.8013,0.0598,0.045,651,64,0.06,0.106,0.0574,0.329,1940,5,0.002,0.9693,0.0298,0.019,0.0215,0.0249,0.704,0.0,0.0239,,0.0,0.0239,,0.0653,0.0248,0.231,38,15,0.24,544,62,0.069,0.0478,0.0179,0.228,1523,296,0.118,628000,50306,0.049,0.2105,0.4604,1.329,0.1579,0.1733,0.667,0.1985,0.0555,0.17,0.6848,0.044,0.039,0.0059,0.0073,0.756,0.0103,0.0088,0.516,0.0,0.0162,,0.2651,0.0794,0.182,0.012,0.0215,1.086
4200322992,2021,1388,215,0.094,577,49,0.052,38.3,5.0,0.079,0.1816,0.0394,0.132,0.1657,0.0299,0.11,0.8552,0.1652,0.117,0.0274,0.0182,0.405,0.0072,0.0107,0.907,0.0728,0.0514,0.429,41488,9263,0.136,25645,3602,0.085,0.1578,0.042,0.162,0.0716,0.0348,0.296,0.6181,0.1344,0.132,0.197,0.0545,0.168,652,60,0.056,0.115,0.062,0.328,0,,,0.7577,0.0552,0.044,0.0951,0.037,0.236,0.0261,0.0218,0.509,0.0828,0.0518,0.38,0.3917,0.0744,0.115,226,47,0.126,351,46,0.08,0.3264,0.0461,0.086,747,98,0.08,79800,13913,0.106,0.3805,0.1237,0.198,0.177,0.109,0.374,0.2023,0.0835,0.251,0.7539,0.0574,0.046,0.0536,0.0338,0.383,0.0521,0.0338,0.395,0.0,0.0174,,0.0252,0.0186,0.447,0.1075,0.048,0.271
4200323000,2021,12970,34,0.002,5488,288,0.032,48.8,2.7,0.034,0.1736,0.0259,0.091,0.2238,0.0286,0.078,0.9474,0.0254,0.016,0.0066,0.0066,0.608,0.0189,0.017,0.548,0.0116,0.0093,0.487,71235,6402,0.055,40134,3022,0.046,0.0561,0.022,0.238,0.0258,0.0133,0.313,0.6101,0.0234,0.023,0.314,0.0433,0.084,5865,337,0.035,0.0643,0.0312,0.295,1959,3,0.001,0.8646,0.0392,0.028,0.0087,0.0068,0.478,0.0416,0.024,0.351,0.0044,0.0078,1.068,0.1265,0.0314,0.151,694,176,0.154,4794,343,0.043,0.0892,0.0263,0.179,792,60,0.046,135400,5960,0.027,0.183,0.1145,0.38,0.0764,0.0694,0.552,0.1577,0.0483,0.186,0.8516,0.0344,0.025,0.0161,0.0118,0.445,0.0069,0.009,0.797,0.0,0.0028,,0.0504,0.025,0.302,0.045,0.0289,0.391
4200323616,2021,2551,321,0.076,1130,105,0.056,36.8,4.1,0.068,0.245,0.0615,0.153,0.1505,0.0334,0.135,0.784,0.0588,0.046,0.1007,0.0465,0.281,0.0133,0.0136,0.621,0.0729,0.0513,0.428,58500,7555,0.079,31509,2741,0.053,0.1335,0.0487,0.222,0.0594,0.027,0.276,0.6044,0.0158,0.016,0.4114,0.0724,0.107,1177,95,0.049,0.0399,0.0338,0.515,1950,4,0.001,0.633,0.0647,0.062,0.096,0.0453,0.287,0.13,0.0447,0.209,0.085,0.0452,0.323,0.3513,0.043,0.074,397,61,0.093,733,101,0.084,0.2756,0.0494,0.109,850,35,0.025,149300,16830,0.069,0.4484,0.1338,0.181,0.199,0.08,0.244,0.1569,0.061,0.236,0.7246,0.0348,0.029,0.0324,0.0192,0.361,0.0188,0.0143,0.464,0.0,0.0094,,0.133,0.062,0.283,0.0274,0.0181,0.4
4200324160,2021,3426,17,0.003,1607,124,0.047,38.5,3.1,0.049,0.2043,0.0459,0.137,0.1597,0.0462,0.176,0.8727,0.0588,0.041,0.0336,0.0362,0.655,0.042,0.0344,0.498,0.0201,0.0158,0.476,44443,7406,0.101,25655,2692,0.064,0.136,0.0619,0.277,0.0948,0.0493,0.316,0.6484,0.0576,0.054,0.2207,0.0577,0.159,1720,131,0.046,0.0657,0.0497,0.46,0,,,0.6622,0.0563,0.052,0.1337,0.0567,0.258,0.061,0.05,0.498,0.0262,0.0294,0.683,0.463,0.0774,0.102,744,137,0.112,863,121,0.085,0.3796,0.0781,0.125,826,89,0.066,96100,7528,0.048,0.4825,0.163,0.205,0.3078,0.1467,0.29,0.1808,0.0892,0.3,0.6997,0.0936,0.081,0.0642,0.0317,0.299,0.0674,0.0342,0.308,0.0,0.007,,0.0821,0.0377,0.279,0.1518,0.0698,0.28
4200325400,2021,2285,278,0.074,976,98,0.061,43.8,4.0,0.056,0.2057,0.0484,0.143,0.1926,0.0346,0.109,0.9646,0.0172,0.011,0.0,0.0048,,0.0,0.0048,,0.0057,0.0096,1.026,65227,13725,0.128,36869,6392,0.105,0.0836,0.0479,0.349,0.0711,0.0656,0.56,0.6816,0.0775,0.069,0.2685,0.0738,0.167,1004,96,0.058,0.0279,0.0268,0.583,1960,4,0.001,0.8934,0.0492,0.034,0.0179,0.0244,0.829,0.0,0.0155,,0.0,0.0155,,0.1814,0.0576,0.193,177,59,0.203,799,100,0.076,0.1506,0.0534,0.216,775,164,0.129,170600,20244,0.072,0.339,0.1867,0.335,0.1582,0.131,0.504,0.2053,0.0916,0.271,0.8452,0.0587,0.042,0.0086,0.0145,1.031,0.006,0.0085,0.865,0.0,0.0094,,0.0804,0.0512,0.387,0.0236,0.0233,0.6
4200325904,2021,6263,21,0.002,2754,243,0.054,37.5,2.3,0.037,0.2045,0.0392,0.117,0.1263,0.034,0.164,0.9296,0.0334,0.022,0.0037,0.0043,0.714,0.0174,0.0123,0.429,0.0155,0.0176,0.689,84615,16199,0.116,40832,3431,0.051,0.0523,0.0218,0.253,0.0637,0.0635,0.605,0.7033,0.0589,0.051,0.3835,0.0699,0.111,2924,211,0.044,0.0581,0.0377,0.394,1983,3,0.001,0.6365,0.0933,0.089,0.0551,0.0363,0.401,0.0585,0.0381,0.396,0.0096,0.0163,1.036,0.2879,0.0924,0.195,793,264,0.202,1961,298,0.092,0.2303,0.0796,0.21,743,230,0.188,220600,27709,0.076,0.3291,0.1642,0.303,0.0744,0.0621,0.507,0.1713,0.0688,0.244,0.7906,0.0571,0.044,0.0349,0.0243,0.423,0.0291,0.0293,0.612,0.0,0.0049,,0.0677,0.0307,0.276,0.0134,0.0146,0.659
4200326592,2021,6408,54,0.005,3178,194,0.037,43.5,4.5,0.063,0.1464,0.0347,0.144,0.2104,0.0374,0.108,0.7979,0.0433,0.033,0.1291,0.0299,0.141,0.0078,0.0089,0.693,0.0281,0.0222,0.48,76861,5270,0.042,50132,7516,0.091,0.0318,0.0124,0.236,0.0767,0.0384,0.305,0.7259,0.0377,0.032,0.6129,0.0659,0.065,3465,201,0.035,0.0828,0.0355,0.26,1948,3,0.001,0.7229,0.0388,0.033,0.0874,0.0284,0.198,0.0375,0.0287,0.466,0.0745,0.0453,0.37,0.2996,0.0582,0.118,952,194,0.124,2226,154,0.042,0.2386,0.0427,0.109,891,100,0.068,144000,13025,0.055,0.395,0.191,0.294,0.0536,0.0384,0.436,0.1096,0.0449,0.249,0.677,0.0412,0.037,0.0896,0.0321,0.218,0.003,0.0044,0.883,0.0,0.0044,,0.1455,0.0506,0.211,0.0513,0.0187,0.221
4200326896,2021,3104,25,0.005,1403,127,0.055,50.0,2.7,0.033,0.1347,0.0425,0.192,0.2268,0.0501,0.134,0.9008,0.0536,0.036,0.0235,0.0306,0.791,0.0,0.0035,,0.0287,0.0338,0.717,63688,3109,0.03,34145,3095,0.055,0.0367,0.0204,0.337,0.0821,0.0384,0.284,0.5169,0.0458,0.054,0.1849,0.057,0.187,1480,127,0.052,0.052,0.0349,0.407,1955,4,0.001,0.8385,0.0714,0.052,0.0128,0.0216,1.021,0.0047,0.011,1.413,0.0,0.0105,,0.0877,0.0543,0.377,123,77,0.381,1280,131,0.062,0.0568,0.0387,0.414,762,339,0.27,141900,30271,0.13,0.1626,0.1851,0.692,0.122,0.1152,0.574,0.1211,0.0524,0.263,0.7892,0.1099,0.085,0.0,0.0086,,0.0,0.0086,,0.0,0.0086,,0.0827,0.0404,0.297,0.0542,0.0344,0.386
4200327120,2021,5314,18,0.002,1767,130,0.045,46.3,3.2,0.042,0.2924,0.0519,0.108,0.1752,0.0352,0.122,0.8711,0.039,0.027,0.0,0.003,,0.06,0.0314,0.318,0.0288,0.0186,0.393,247930,31695,0.078,115083,15789,0.083,0.0104,0.0139,0.815,0.0236,0.0154,0.397,0.6221,0.0535,0.052,0.843,0.0809,0.058,1946,143,0.045,0.092,0.052,0.344,1969,4,0.001,0.945,0.0167,0.011,0.0144,0.0174,0.737,0.0,0.0116,,0.0,0.0116,,0.0458,0.0304,0.403,81,54,0.405,1686,130,0.047,0.0399,0.0324,0.493,,,,769300,87246,0.069,0.0,0.3951,,0.0,0.1975,,0.1785,0.0711,0.242,0.7688,0.072,0.057,0.0079,0.0125,0.958,0.0113,0.0129,0.695,0.0142,0.0175,0.748,0.1614,0.0555,0.209,0.017,0.0233,0.834
4200327552,2021,15239,28,0.001,5445,293,0.033,41.4,1.1,0.016,0.2759,0.0296,0.065,0.1407,0.0204,0.088,0.7844,0.0383,0.03,0.0354,0.0252,0.432,0.1376,0.0289,0.128,0.0228,0.0162,0.433,142850,16493,0.07,67163,6043,0.055,0.0292,0.0204,0.425,0.0527,0.0325,0.374,0.7268,0.0269,0.022,0.7374,0.0577,0.048,5662,291,0.031,0.0383,0.0241,0.383,1986,2,0.001,0.8232,0.0276,0.02,0.0164,0.0162,0.599,0.0233,0.0147,0.384,0.0152,0.0131,0.524,0.1129,0.0291,0.157,615,162,0.16,4830,310,0.039,0.1001,0.0343,0.208,1894,304,0.098,393100,24989,0.039,0.4634,0.2225,0.292,0.2455,0.1858,0.46,0.1743,0.0368,0.128,0.741,0.033,0.027,0.0106,0.0084,0.484,0.0,0.0023,,0.0,0.0023,,0.1651,0.0349,0.129,0.0466,0.0318,0.414
4200327608,2021,1113,153,0.084,457,53,0.071,50.4,3.5,0.042,0.1429,0.037,0.158,0.2075,0.0401,0.118,0.9937,0.1932,0.118,0.0,0.0099,,0.0018,0.0027,0.908,0.0045,0.0054,0.725,77656,14666,0.115,38197,4810,0.077,0.0611,0.0301,0.3,0.0175,0.0143,0.495,0.7014,0.0666,0.058,0.25,0.055,0.134,520,49,0.057,0.1212,0.0507,0.254,1959,4,0.001,0.9192,0.0573,0.038,0.0115,0.0241,1.268,0.0,0.0299,,0.0058,0.0225,2.371,0.1204,0.082,0.414,55,38,0.42,402,49,0.074,0.0952,0.0843,0.538,830,163,0.119,156000,18584,0.072,0.0,0.4,,0.0,0.2,,0.107,0.0593,0.337,0.8429,0.2149,0.155,0.0,0.0166,,0.0045,0.006,0.803,0.0,0.0166,,0.0257,0.0175,0.415,0.0284,0.0355,0.758
4200329432,2021,4458,21,0.003,1897,160,0.051,39.7,7.7,0.118,0.19,0.0482,0.154,0.1721,0.0408,0.144,0.86,0.066,0.047,0.0442,0.0301,0.413,0.0058,0.0096,1.005,0.0689,0.0433,0.382,43458,7108,0.099,24086,1876,0.047,0.1669,0.0637,0.232,0.0682,0.0433,0.386,0.6813,0.0641,0.057,0.138,0.0462,0.203,2322,185,0.048,0.183,0.0536,0.178,1950,4,0.001,0.7429,0.0632,0.052,0.1318,0.0526,0.243,0.0637,0.0444,0.423,0.0151,0.0167,0.673,0.3347,0.0682,0.124,635,140,0.134,1262,181,0.087,0.3511,0.0861,0.149,766,46,0.037,68500,8108,0.072,0.4583,0.1532,0.203,0.1984,0.1012,0.31,0.2036,0.0861,0.257,0.745,0.0824,0.067,0.0992,0.0642,0.394,0.009,0.0103,0.691,0.0,0.0047,,0.0198,0.0244,0.75,0.0928,0.0455,0.298
4200329592,2021,232,58,0.152,90,22,0.149,39.7,7.0,0.107,0.2155,0.0663,0.187,0.1379,0.0912,0.402,0.9526,0.0604,0.039,0.0,0.0474,,0.0,0.0474,,0.0043,0.0086,1.206,106250,49512,0.283,43526,10516,0.147,0.056,0.0825,0.895,0.0719,0.0748,0.633,0.8182,0.1537,0.114,0.3841,0.1415,0.224,107,22,0.125,0.1589,0.117,0.448,1943,7,0.002,0.9159,0.0825,0.055,0.0654,0.1321,1.228,0.0,0.1454,,0.0,0.1454,,0.1111,0.0962,0.527,10,9,0.547,80,22,0.167,0.0991,0.0735,0.451,825,82,0.06,156800,28090,0.109,0.3,1.1433,2.317,0.1,0.2862,1.74,0.2,0.3316,1.008,0.7606,0.159,0.127,0.0,0.0775,,0.0775,0.11,0.863,0.0,0.0775,,0.0704,0.044,0.379,0.0222,0.1266,3.462
4200329732,2021,453,65,0.087,173,29,0.102,48.0,3.2,0.041,0.2053,0.048,0.142,0.223,0.0495,0.135,0.872,0.0362,0.025,0.0287,0.0351,0.743,0.0088,0.0132,0.908,0.0508,0.0413,0.495,129375,29548,0.139,70761,12276,0.105,0.0248,0.0355,0.869,0.0295,0.0377,0.776,0.6558,0.1375,0.127,0.7676,0.0306,0.024,183,30,0.1,0.0546,0.0539,0.6,1948,11,0.003,0.9454,0.2178,0.14,0.0328,0.0741,1.374,0.0,0.085,,0.0,0.085,,0.0462,0.0397,0.522,8,7,0.532,165,28,0.103,0.0325,0.0275,0.514,1375,445,0.197,448300,55164,0.075,0.25,2.401,5.838,0.25,0.3046,0.741,0.2727,0.1579,0.352,0.6298,0.0802,0.077,0.0213,0.0339,0.968,0.034,0.025,0.447,0.0128,0.0169,0.805,0.217,0.0924,0.259,0.0405,0.0751,1.128
4200331256,2021,4851,24,0.003,2266,159,0.043,41.6,5.7,0.083,0.1651,0.0406,0.149,0.2253,0.0505,0.136,0.8957,0.0429,0.029,0.0023,0.0037,0.995,0.0744,0.0433,0.354,0.0078,0.0107,0.832,82389,8037,0.059,46020,4764,0.063,0.0853,0.0359,0.256,0.005,0.0057,0.693,0.705,0.0517,0.045,0.5087,0.0614,0.073,2369,183,0.047,0.0435,0.0425,0.594,1962,3,0.001,0.7206,0.0583,0.049,0.0359,0.0411,0.697,0.0266,0.0195,0.445,0.217,0.0793,0.222,0.2895,0.0662,0.139,656,157,0.145,1610,188,0.071,0.2832,0.0687,0.147,1568,191,0.074,204300,11795,0.035,0.3948,0.1669,0.257,0.2759,0.1558,0.343,0.2043,0.0739,0.22,0.6897,0.0973,0.086,0.0964,0.0409,0.258,0.0305,0.0283,0.564,0.0,0.0039,,0.1388,0.058,0.254,0.0212,0.02,0.573
4200332328,2021,18425,40,0.001,6986,311,0.027,44.2,2.3,0.032,0.2362,0.0317,0.082,0.1872,0.0218,0.071,0.9142,0.025,0.017,0.0108,0.0072,0.403,0.029,0.013,0.272,0.0173,0.0117,0.412,106917,12602,0.072,50923,3620,0.043,0.0365,0.0187,0.31,0.0486,0.0169,0.212,0.699,0.0274,0.024,0.5953,0.057,0.058,7281,332,0.028,0.0405,0.0223,0.335,1977,3,0.001,0.7776,0.0215,0.017,0.0095,0.0139,0.895,0.0732,0.0209,0.174,0.0449,0.0217,0.294,0.1572,0.0288,0.111,1098,207,0.115,5888,304,0.031,0.1114,0.0238,0.13,1186,96,0.049,297100,18849,0.039,0.3124,0.1153,0.224,0.1157,0.056,0.294,0.1985,0.0527,0.161,0.7821,0.0285,0.022,0.0115,0.0064,0.336,0.0121,0.0067,0.334,0.0,0.0019,,0.1251,0.0307,0.149,0.0306,0.0144,0.286
4200332624,2021,3112,30,0.006,1521,141,0.056,54.3,3.6,0.04,0.1295,0.0365,0.171,0.3194,0.0593,0.113,0.9528,0.0281,0.018,0.0138,0.017,0.749,0.0035,0.0061,1.05,0.0267,0.0231,0.527,63472,17256,0.165,48742,7249,0.09,0.1039,0.0529,0.309,0.0463,0.0307,0.403,0.576,0.0481,0.051,0.4532,0.073,0.098,1720,152,0.054,0.1157,0.0483,0.254,1966,5,0.002,0.5343,0.0552,0.063,0.1198,0.047,0.238,0.0669,0.0389,0.354,0.0163,0.0213,0.795,0.2873,0.0701,0.148,437,114,0.159,1084,157,0.088,0.2589,0.0759,0.178,919,230,0.152,141300,10132,0.044,0.4119,0.1813,0.268,0.2311,0.1509,0.397,0.1153,0.0488,0.257,0.7374,0.0796,0.066,0.0246,0.0258,0.638,0.0359,0.029,0.491,0.0,0.0073,,0.0672,0.0507,0.459,0.0611,0.0361,0.359
4200332832,2021,10186,21,0.001,4572,223,0.03,48.6,2.5,0.031,0.1766,0.0285,0.098,0.2255,0.0326,0.088,0.8923,0.0228,0.016,0.0289,0.0223,0.469,0.02,0.011,0.334,0.0132,0.0102,0.472,58107,4243,0.044,35671,2858,0.049,0.1027,0.0335,0.198,0.0362,0.0241,0.405,0.62,0.0391,0.038,0.2452,0.0415,0.103,5061,255,0.031,0.0966,0.0272,0.171,1954,3,0.001,0.7653,0.0342,0.027,0.0923,0.0296,0.195,0.0415,0.0197,0.289,0.0454,0.0222,0.297,0.2638,0.0407,0.094,1206,195,0.098,3366,254,0.046,0.2478,0.0412,0.101,650,56,0.052,115700,7902,0.042,0.427,0.1039,0.148,0.141,0.0737,0.318,0.1456,0.0515,0.215,0.7654,0.0343,0.027,0.0071,0.0067,0.572,0.0323,0.0164,0.308,0.0043,0.0045,0.634,0.1021,0.0336,0.2,0.0873,0.0254,0.177
4200333312,2021,129,53,0.25,46,16,0.211,39.4,14.7,0.227,0.2713,0.1802,0.404,0.2326,0.2187,0.572,0.7674,0.1081,0.086,0.0,0.0853,,0.0233,0.0455,1.19,0.1938,0.2019,0.633,61875,11877,0.117,41819,10987,0.16,0.062,0.1023,1.003,0.0175,0.0339,1.176,0.6064,0.2293,0.23,0.4839,0.261,0.328,60,18,0.182,0.2333,0.1873,0.488,0,,,1.0,0.0,0.0,0.0,0.2593,,0.0,0.2593,,0.0,0.2593,,0.1522,0.1427,0.57,7,7,0.608,39,14,0.218,0.2326,0.2373,0.62,1650,519,0.191,106900,38166,0.217,0.1429,2.733,11.63,0.0,1.5714,,0.0769,0.6965,5.504,0.5714,0.3916,0.417,0.1964,0.2103,0.651,0.0,0.1964,,0.0,0.1964,,0.2321,0.2214,0.58,0.0652,0.2714,2.53
4200333592,2021,1239,141,0.069,669,88,0.08,43.8,11.4,0.158,0.1485,0.0356,0.146,0.1824,0.0349,0.116,0.9427,0.038,0.024,0.0089,0.0129,0.882,0.0153,0.0136,0.539,0.0032,0.0056,1.062,56135,3127,0.034,41396,8212,0.121,0.0542,0.0263,0.295,0.0326,0.0294,0.55,0.6862,0.0664,0.059,0.2422,0.048,0.12,701,82,0.071,0.0456,0.0338,0.45,1945,8,0.003,0.7846,0.0654,0.051,0.1198,0.0917,0.465,0.0613,0.0261,0.259,0.0057,0.0179,1.903,0.2855,0.0594,0.126,191,47,0.15,478,95,0.121,0.2615,0.0618,0.144,869,56,0.039,124500,14638,0.071,0.3717,0.1068,0.175,0.1099,0.0625,0.345,0.1987,0.0709,0.217,0.7164,0.0507,0.043,0.0665,0.0339,0.31,0.0355,0.0214,0.368,0.0,0.0162,,0.0739,0.0488,0.402,0.0942,0.0354,0.228
4200335424,2021,2919,17,0.004,1221,184,0.092,32.1,7.2,0.136,0.2768,0.0789,0.173,0.2429,0.0669,0.168,0.3344,0.0894,0.163,0.6074,0.0989,0.099,0.0226,0.0291,0.783,0.0356,0.0394,0.672,26992,4917,0.111,25180,10966,0.265,0.3213,0.1096,0.207,0.1188,0.0752,0.385,0.506,0.0656,0.079,0.1438,0.0532,0.225,1696,218,0.078,0.2801,0.0795,0.173,1953,4,0.001,0.5165,0.0843,0.099,0.2134,0.0795,0.227,0.0271,0.0323,0.724,0.1557,0.0595,0.233,0.6921,0.1242,0.109,845,198,0.142,376,140,0.226,0.6683,0.1286,0.117,832,111,0.081,60500,16116,0.162,0.5254,0.137,0.159,0.1988,0.0742,0.227,0.125,0.111,0.54,0.554,0.0953,0.105,0.3051,0.2044,0.407,0.0286,0.028,0.595,0.0,0.0117,,0.0254,0.0292,0.698,0.4726,0.138,0.177
4200336808,2021,7261,26,0.002,2600,153,0.036,44.4,3.4,0.047,0.211,0.0278,0.08,0.1764,0.0249,0.086,0.857,0.0516,0.037,0.0207,0.0182,0.535,0.0716,0.0408,0.346,0.0182,0.0154,0.516,106964,14385,0.082,52115,5715,0.067,0.069,0.025,0.22,0.0513,0.0242,0.286,0.6569,0.0316,0.029,0.5216,0.0515,0.06,2715,158,0.035,0.0424,0.0271,0.39,1967,6,0.002,0.9002,0.0388,0.026,0.0376,0.0329,0.532,0.0221,0.0222,0.611,0.0,0.0083,,0.1523,0.0519,0.207,396,137,0.21,2204,181,0.05,0.1191,0.0449,0.229,1093,49,0.027,280300,21393,0.046,0.3662,0.1941,0.322,0.0682,0.0475,0.423,0.1611,0.0474,0.179,0.7539,0.0545,0.044,0.0082,0.0063,0.465,0.0137,0.0143,0.631,0.0,0.0044,,0.1276,0.0476,0.227,0.0281,0.0191,0.413
4200337000,2021,3368,17,0.003,1512,182,0.073,38.6,4.2,0.066,0.217,0.0621,0.174,0.1713,0.0442,0.157,0.8548,0.0571,0.041,0.1027,0.0567,0.336,0.019,0.0229,0.731,0.0125,0.0151,0.738,64545,13362,0.126,34630,3113,0.055,0.092,0.0416,0.275,0.0299,0.0354,0.72,0.7337,0.0378,0.031,0.2445,0.0589,0.147,1524,182,0.073,0.0079,0.0111,0.858,1940,9,0.003,0.6115,0.0128,0.013,0.2014,0.0771,0.233,0.0951,0.0367,0.235,0.0643,0.0422,0.399,0.371,0.075,0.123,561,132,0.143,951,121,0.077,0.2556,0.0781,0.186,785,65,0.05,122900,10244,0.051,0.3815,0.13,0.207,0.1818,0.098,0.328,0.1178,0.0657,0.339,0.7385,0.065,0.054,0.0828,0.038,0.279,0.0095,0.0122,0.775,0.0064,0.0095,0.91,0.0897,0.0503,0.341,0.1488,0.0571,0.233
4200337955,2021,12215,31,0.002,4756,195,0.025,45.1,1.9,0.026,0.1962,0.0295,0.091,0.2294,0.0335,0.089,0.9132,0.0315,0.021,0.0201,0.0119,0.358,0.0481,0.0267,0.337,0.0104,0.0059,0.345,95652,12461,0.079,51895,5623,0.066,0.0303,0.0184,0.369,0.0404,0.0216,0.324,0.6618,0.0363,0.033,0.4465,0.0579,0.079,5149,231,0.027,0.0763,0.0256,0.204,1982,3,0.001,0.7901,0.0508,0.039,0.0161,0.0089,0.337,0.0536,0.0246,0.279,0.0185,0.0101,0.333,0.1285,0.0285,0.135,611,138,0.137,4145,202,0.03,0.0847,0.0216,0.155,1192,78,0.04,255500,26007,0.062,0.3028,0.1263,0.254,0.2111,0.1167,0.336,0.1655,0.0509,0.187,0.8034,0.0516,0.039,0.0129,0.0083,0.391,0.0009,0.0014,0.911,0.0019,0.0027,0.86,0.0971,0.0315,0.197,0.0454,0.0282,0.377
4200339312,2021,8578,31,0.002,3686,194,0.032,48.6,3.6,0.045,0.187,0.04,0.13,0.2187,0.037,0.103,0.9398,0.0476,0.031,0.0345,0.0431,0.76,0.0072,0.007,0.588,0.0031,0.0038,0.743,76607,18066,0.143,41030,4346,0.064,0.0558,0.0319,0.348,0.0449,0.025,0.339,0.6336,0.0531,0.051,0.375,0.0513,0.083,3941,196,0.03,0.0647,0.0379,0.356,1973,3,0.001,0.73,0.0447,0.037,0.0173,0.0126,0.442,0.049,0.025,0.31,0.0596,0.0287,0.293,0.2016,0.0664,0.2,743,248,0.203,2943,239,0.049,0.2018,0.0813,0.245,1248,247,0.12,190600,9662,0.031,0.4132,0.1227,0.181,0.1265,0.0592,0.284,0.1563,0.0513,0.199,0.7384,0.0316,0.026,0.05,0.0279,0.339,0.0,0.0036,,0.0023,0.0032,0.849,0.1417,0.0556,0.238,0.0966,0.0405,0.255
4200339624,2021,724,75,0.063,303,35,0.07,54.5,4.3,0.048,0.1519,0.0361,0.144,0.2652,0.0347,0.079,0.9475,0.1387,0.089,0.0,0.0152,,0.0055,0.0097,1.062,0.0,0.0152,,100313,20201,0.122,48729,5081,0.063,0.0207,0.0141,0.412,0.0221,0.0092,0.254,0.6502,0.0684,0.064,0.4838,0.0709,0.089,309,34,0.067,0.0194,0.0193,0.604,1953,2,0.001,0.9903,0.0153,0.009,0.0032,0.0362,6.796,0.0,0.0503,,0.0065,0.0369,3.465,0.0165,0.0164,0.604,5,5,0.608,298,36,0.073,0.0193,0.0165,0.517,,,,255600,19008,0.045,1.0,2.2361,1.359,0.4,0.4472,0.68,0.2483,0.0762,0.186,0.6481,0.0931,0.087,0.0076,0.0101,0.805,0.0,0.0278,,0.0,0.0278,,0.1696,0.0576,0.206,0.0132,0.0139,0.641
4200342368,2021,1649,269,0.099,631,158,0.152,34.5,3.6,0.063,0.2874,0.0566,0.12,0.1352,0.0136,0.061,0.9042,0.0829,0.056,0.0146,0.0113,0.471,0.023,0.0172,0.453,0.0237,0.014,0.361,79777,36619,0.279,42895,5165,0.073,0.0329,0.0246,0.453,0.0373,0.0182,0.296,0.6579,0.1162,0.107,0.4471,0.0906,0.123,664,157,0.144,0.0497,0.0294,0.359,1957,11,0.003,0.7846,0.2008,0.156,0.2018,0.2294,0.691,0.0,0.0234,,0.0,0.0234,,0.2536,0.2389,0.573,160,156,0.593,471,56,0.072,0.1959,0.1594,0.495,957,44,0.028,218100,16288,0.045,0.7,0.6904,0.6,0.0,0.0688,,0.1444,0.0576,0.243,0.7215,0.0729,0.061,0.004,0.0079,1.214,0.004,0.0053,0.807,0.0,0.0146,,0.1419,0.0376,0.161,0.0602,0.045,0.455
4200342392,2021,1137,144,0.077,558,65,0.071,44.6,3.8,0.052,0.1917,0.052,0.165,0.2339,0.0383,0.1,0.8171,0.0683,0.051,0.0361,0.0251,0.423,0.0493,0.0559,0.69,0.0176,0.0289,1.0,57917,9121,0.096,35363,4066,0.07,0.0756,0.0392,0.315,0.0415,0.0234,0.343,0.6635,0.0337,0.031,0.3318,0.0474,0.087,610,60,0.06,0.0852,0.0451,0.322,0,,,0.5721,0.0766,0.081,0.0689,0.0428,0.378,0.0049,0.0192,2.371,0.1279,0.0486,0.231,0.4122,0.0982,0.145,230,61,0.161,328,43,0.08,0.3615,0.1115,0.187,833,265,0.193,97500,11906,0.074,0.1217,0.0816,0.407,0.0304,0.0383,0.765,0.1829,0.0873,0.29,0.6879,0.068,0.06,0.0956,0.0455,0.289,0.1074,0.0676,0.382,0.0117,0.015,0.778,0.0822,0.0425,0.314,0.1738,0.0642,0.225
4200343064,2021,2230,334,0.091,1118,136,0.074,48.4,1.9,0.024,0.1726,0.0422,0.148,0.2126,0.0188,0.054,0.9646,0.2036,0.128,0.0211,0.0231,0.666,0.0058,0.0089,0.931,0.0,0.0049,,63971,9421,0.09,38104,5428,0.087,0.0336,0.0181,0.327,0.0972,0.0793,0.496,0.7175,0.0862,0.073,0.2691,0.0772,0.174,1142,134,0.071,0.021,0.0218,0.629,1954,1,0.0,0.9387,0.0577,0.037,0.0175,0.0176,0.611,0.0385,0.0313,0.494,0.0,0.0136,,0.2182,0.1114,0.31,244,128,0.319,874,95,0.066,0.1721,0.1024,0.362,802,254,0.193,86300,2977,0.021,0.2992,0.1085,0.22,0.0656,0.0459,0.426,0.1076,0.0432,0.244,0.77,0.0536,0.042,0.0,0.0088,,0.0008,0.0024,1.822,0.0,0.0088,,0.1026,0.0565,0.335,0.042,0.0296,0.428
4200343408,2021,984,217,0.134,449,87,0.118,49.2,6.5,0.08,0.1402,0.0645,0.28,0.2175,0.0622,0.174,0.9776,0.0413,0.026,0.0132,0.0129,0.593,0.0,0.0112,,0.001,0.0051,3.037,67750,9232,0.083,41685,11199,0.163,0.0418,0.0191,0.278,0.039,0.0246,0.383,0.6163,0.0774,0.076,0.1801,0.0622,0.21,469,88,0.114,0.0426,0.0419,0.597,1952,3,0.001,0.9318,0.0553,0.036,0.0064,0.0249,2.369,0.0,0.0332,,0.0,0.0332,,0.1893,0.1584,0.509,85,73,0.522,364,62,0.104,0.1334,0.0848,0.387,816,111,0.083,100800,10057,0.061,0.0353,0.227,3.91,0.0353,0.036,0.62,0.1429,0.066,0.281,0.871,0.1077,0.075,0.0119,0.0176,0.9,0.0,0.0218,,0.0,0.0218,,0.0476,0.0276,0.352,0.0423,0.0246,0.354
4200345900,2021,29526,51,0.001,12358,331,0.016,43.6,2.3,0.032,0.1953,0.0181,0.056,0.2083,0.0174,0.051,0.877,0.0207,0.014,0.0196,0.0118,0.365,0.0533,0.0162,0.185,0.0287,0.0116,0.245,91244,5743,0.038,55023,4695,0.052,0.0398,0.01,0.152,0.0342,0.0103,0.184,0.6398,0.0138,0.013,0.5855,0.0322,0.033,12877,355,0.017,0.0403,0.0163,0.247,1974,2,0.001,0.6347,0.0182,0.017,0.0112,0.0058,0.315,0.1516,0.0282,0.113,0.0891,0.0175,0.119,0.2703,0.0274,0.062,3340,350,0.064,9018,369,0.025,0.1896,0.0226,0.073,1096,50,0.028,268800,7809,0.018,0.3817,0.073,0.116,0.1811,0.0495,0.166,0.1637,0.0288,0.107,0.7478,0.0213,0.017,0.031,0.0102,0.199,0.0141,0.0065,0.278,0.0,0.0014,,0.114,0.0235,0.125,0.0278,0.007,0.153
4200346072,2021,598,264,0.268,191,72,0.229,40.8,7.9,0.118,0.2324,0.0455,0.119,0.2191,0.0454,0.126,0.8562,0.1938,0.138,0.0184,0.0307,1.015,0.0,0.0184,,0.0,0.0184,,67601,27282,0.245,23747,4248,0.109,0.0987,0.099,0.61,0.0,0.041,,0.569,0.1188,0.127,0.1561,0.1376,0.536,220,74,0.204,0.1318,0.0947,0.437,0,,,0.8091,0.2201,0.165,0.1636,0.1395,0.518,0.0,0.0707,,0.0273,0.0639,1.425,0.2094,0.1173,0.34,40,27,0.41,151,74,0.298,0.2391,0.1687,0.429,1097,171,0.095,132500,47326,0.217,0.675,0.5326,0.48,0.25,0.248,0.603,0.1391,0.1899,0.83,0.9222,0.1494,0.098,0.0,0.0428,,0.0195,0.0296,0.924,0.0,0.0428,,0.0,0.0428,,0.0524,0.0829,0.963
4200346256,2021,17935,30,0.001,8326,463,0.034,43.1,4.5,0.063,0.2259,0.0295,0.079,0.1929,0.0214,0.068,0.5178,0.0384,0.045,0.376,0.0408,0.066,0.0152,0.0125,0.503,0.022,0.0119,0.329,32042,4449,0.084,22267,1465,0.04,0.2741,0.0485,0.108,0.0822,0.0216,0.16,0.5639,0.0337,0.036,0.1494,0.0219,0.089,10236,466,0.028,0.1866,0.0214,0.07,1947,2,0.001,0.6853,0.0341,0.03,0.0855,0.0237,0.168,0.0709,0.0163,0.139,0.0824,0.0157,0.116,0.5205,0.0489,0.057,4334,473,0.066,3992,388,0.059,0.4828,0.0452,0.057,712,46,0.039,52400,5013,0.058,0.5076,0.1009,0.121,0.2183,0.0528,0.147,0.2004,0.0448,0.136,0.6389,0.0693,0.066,0.1138,0.027,0.144,0.0632,0.0242,0.233,0.0026,0.0041,0.978,0.0676,0.0241,0.217,0.2931,0.0391,0.081
4200346264,2021,5930,32,0.003,2838,250,0.054,42.7,8.6,0.122,0.2135,0.0502,0.143,0.1621,0.0487,0.183,0.5111,0.0745,0.089,0.2804,0.076,0.165,0.0386,0.0398,0.626,0.0411,0.0405,0.598,32800,5169,0.096,22625,3741,0.101,0.3067,0.0974,0.193,0.1192,0.0292,0.149,0.5656,0.085,0.091,0.1867,0.062,0.202,3306,286,0.053,0.1416,0.0437,0.188,1945,5,0.002,0.5454,0.0765,0.085,0.1337,0.0438,0.199,0.1149,0.0442,0.234,0.0726,0.0343,0.287,0.5483,0.0633,0.07,1556,226,0.088,1282,263,0.125,0.5272,0.0924,0.107,722,56,0.047,53700,8039,0.091,0.4017,0.1111,0.168,0.2442,0.0938,0.233,0.2605,0.1398,0.326,0.6103,0.0927,0.092,0.0922,0.0448,0.296,0.0996,0.0641,0.391,0.0,0.007,,0.0722,0.046,0.387,0.3594,0.0642,0.109
4200347696,2021,9790,20,0.001,3580,180,0.031,41.7,2.7,0.039,0.279,0.0423,0.092,0.1271,0.0232,0.111,0.8568,0.0437,0.031,0.0327,0.0336,0.625,0.0849,0.0294,0.211,0.0146,0.0162,0.676,141786,21182,0.091,71511,6390,0.054,0.0323,0.0313,0.589,0.0209,0.0137,0.398,0.7438,0.0406,0.033,0.766,0.0759,0.06,3661,195,0.032,0.0221,0.0246,0.675,1996,4,0.001,0.7755,0.0473,0.037,0.0087,0.011,0.765,0.0541,0.0306,0.344,0.0287,0.0185,0.393,0.1352,0.0365,0.164,484,133,0.167,3096,208,0.041,0.1087,0.0387,0.217,1460,246,0.102,392500,22706,0.035,0.1818,0.1245,0.416,0.0744,0.0801,0.654,0.197,0.0923,0.285,0.7561,0.0325,0.026,0.0196,0.014,0.436,0.0041,0.0047,0.689,0.0,0.003,,0.1714,0.038,0.135,0.0,0.0063,
4200349920,2021,3414,22,0.004,1640,139,0.052,42.9,3.1,0.044,0.1397,0.0466,0.203,0.1649,0.047,0.173,0.867,0.0704,0.049,0.092,0.068,0.449,0.0038,0.0047,0.748,0.0035,0.0056,0.963,48512,13177,0.165,30845,3262,0.064,0.1013,0.0455,0.273,0.0427,0.0304,0.433,0.714,0.0537,0.046,0.215,0.066,0.187,2026,182,0.055,0.1905,0.0515,0.164,0,,,0.4116,0.0607,0.09,0.1732,0.047,0.165,0.0301,0.0231,0.466,0.1081,0.0631,0.355,0.55,0.0987,0.109,902,179,0.121,738,115,0.095,0.48,0.1029,0.13,840,94,0.068,78300,21863,0.17,0.4235,0.1196,0.172,0.1519,0.0739,0.296,0.1003,0.0638,0.387,0.7252,0.0439,0.037,0.0485,0.0332,0.416,0.0947,0.0596,0.383,0.0029,0.0068,1.417,0.0481,0.0332,0.42,0.2037,0.0777,0.232
4200350528,2021,28607,63,0.001,12332,412,0.02,45.3,2.5,0.034,0.1835,0.0209,0.069,0.2197,0.0172,0.048,0.7371,0.0264,0.022,0.1315,0.0234,0.108,0.0691,0.0233,0.205,0.0133,0.0059,0.269,74845,5657,0.046,38259,2060,0.033,0.0855,0.0255,0.181,0.0511,0.0142,0.169,0.6399,0.0213,0.02,0.4398,0.0313,0.043,13490,416,0.019,0.0858,0.02,0.142,1967,2,0.001,0.6643,0.0192,0.018,0.0183,0.0101,0.337,0.1006,0.0216,0.131,0.125,0.0213,0.104,0.288,0.0275,0.058,3552,359,0.061,8780,405,0.028,0.2367,0.0264,0.068,1077,41,0.023,161400,4777,0.018,0.4102,0.0777,0.115,0.2407,0.0633,0.16,0.1828,0.0377,0.125,0.6963,0.0377,0.033,0.0456,0.0128,0.17,0.0074,0.0059,0.487,0.0,0.0015,,0.1651,0.0385,0.142,0.0635,0.0194,0.186
4200350784,2021,26863,26,0.001,10136,571,0.034,40.6,2.2,0.033,0.1967,0.018,0.056,0.1834,0.0233,0.077,0.8649,0.026,0.018,0.028,0.0098,0.212,0.0492,0.0153,0.189,0.0164,0.0091,0.338,91500,8278,0.055,46094,2435,0.032,0.0378,0.0097,0.156,0.0456,0.0191,0.254,0.6455,0.0318,0.03,0.5355,0.0386,0.044,10842,558,0.031,0.0651,0.0169,0.158,1975,2,0.001,0.7236,0.0266,0.022,0.0477,0.0188,0.239,0.1192,0.0216,0.11,0.0386,0.014,0.221,0.2115,0.0235,0.068,2144,267,0.076,7992,483,0.037,0.1444,0.0206,0.087,1009,59,0.036,230500,6762,0.018,0.2743,0.0661,0.147,0.1413,0.0467,0.201,0.1479,0.0494,0.203,0.7667,0.0412,0.033,0.0145,0.0049,0.208,0.0269,0.0104,0.236,0.0,0.0016,,0.1164,0.023,0.12,0.028,0.0111,0.24
4200351696,2021,33832,27,0.0,13700,392,0.017,43.3,1.2,0.017,0.2511,0.0201,0.049,0.1991,0.0164,0.05,0.8939,0.0218,0.015,0.0109,0.005,0.277,0.0322,0.0114,0.215,0.0168,0.0065,0.237,107914,5444,0.031,61156,3510,0.035,0.0469,0.0123,0.16,0.0198,0.0079,0.242,0.6557,0.0167,0.015,0.6924,0.0315,0.028,14622,356,0.015,0.0631,0.0175,0.169,1952,2,0.001,0.684,0.0174,0.015,0.0388,0.0106,0.167,0.0854,0.0143,0.102,0.1532,0.0168,0.067,0.252,0.0251,0.061,3453,358,0.063,10247,398,0.024,0.1741,0.024,0.084,979,59,0.037,306100,14494,0.029,0.406,0.0546,0.082,0.2019,0.0394,0.119,0.1599,0.0243,0.092,0.6516,0.0312,0.029,0.0814,0.0147,0.11,0.0266,0.0101,0.232,0.0006,0.0009,0.912,0.1545,0.0205,0.081,0.0954,0.016,0.102
4200351744,2021,3383,17,0.003,1360,188,0.084,33.9,2.8,0.05,0.2799,0.0847,0.184,0.1029,0.0336,0.199,0.4248,0.0993,0.142,0.3686,0.1265,0.209,0.0346,0.055,0.966,0.1274,0.0987,0.471,29948,12624,0.256,21097,4878,0.141,0.2919,0.1156,0.241,0.0852,0.0626,0.447,0.5925,0.0706,0.072,0.1748,0.0571,0.199,1663,247,0.09,0.1822,0.0727,0.243,0,,,0.5977,0.0793,0.081,0.3151,0.1084,0.209,0.0253,0.0249,0.599,0.0247,0.0306,0.754,0.5537,0.0835,0.092,753,154,0.124,607,138,0.138,0.5675,0.0984,0.105,966,182,0.115,56900,8992,0.096,0.672,0.1362,0.123,0.4741,0.0946,0.121,0.257,0.1126,0.266,0.5104,0.073,0.087,0.3539,0.1078,0.185,0.0194,0.022,0.69,0.0,0.0079,,0.0617,0.0696,0.685,0.4721,0.1021,0.131
4200352320,2021,10827,23,0.001,5264,359,0.041,48.8,5.0,0.062,0.1659,0.0378,0.139,0.2144,0.0351,0.1,0.8575,0.0466,0.033,0.1058,0.0458,0.263,0.0052,0.0054,0.63,0.0068,0.0046,0.411,45214,4988,0.067,32371,2656,0.05,0.1233,0.0381,0.188,0.0642,0.0285,0.27,0.637,0.0412,0.039,0.2559,0.0403,0.096,5953,416,0.042,0.1157,0.0366,0.192,1949,3,0.001,0.655,0.043,0.04,0.1011,0.0295,0.177,0.1068,0.028,0.159,0.0783,0.0342,0.265,0.3902,0.0482,0.075,2054,290,0.086,3210,379,0.072,0.3593,0.0626,0.106,718,46,0.039,96400,8027,0.051,0.5034,0.1047,0.126,0.2439,0.0968,0.241,0.1439,0.0473,0.2,0.7352,0.0797,0.066,0.0637,0.0314,0.299,0.023,0.0121,0.32,0.0,0.0033,,0.0838,0.0313,0.227,0.2076,0.0608,0.178
4200353136,2021,953,171,0.109,523,51,0.059,48.5,8.0,0.1,0.1301,0.0483,0.226,0.2434,0.0384,0.096,0.8993,0.1153,0.078,0.0367,0.0297,0.492,0.0084,0.0061,0.443,0.0283,0.0289,0.621,50592,9252,0.111,32308,3820,0.072,0.1427,0.0399,0.17,0.0453,0.029,0.389,0.5853,0.1205,0.125,0.236,0.0576,0.148,600,41,0.042,0.1283,0.0644,0.305,1950,3,0.001,0.59,0.0879,0.091,0.33,0.0748,0.138,0.015,0.031,1.256,0.0,0.0259,,0.4589,0.0866,0.115,240,51,0.129,283,48,0.103,0.4785,0.1552,0.197,830,34,0.025,94600,11528,0.074,0.275,0.0948,0.209,0.1458,0.0863,0.36,0.0848,0.0719,0.516,0.7248,0.0864,0.072,0.0777,0.0558,0.436,0.0273,0.0271,0.602,0.0084,0.0126,0.908,0.0756,0.0707,0.568,0.1358,0.0547,0.245
4200354816,2021,4372,19,0.003,2145,170,0.048,44.3,4.8,0.066,0.1736,0.046,0.161,0.2219,0.053,0.145,0.4492,0.0631,0.085,0.4357,0.0771,0.108,0.0103,0.0133,0.784,0.0034,0.0055,0.973,39311,8940,0.138,37516,17754,0.288,0.2642,0.077,0.177,0.1743,0.0747,0.26,0.6368,0.059,0.056,0.1294,0.0419,0.197,2759,203,0.045,0.2225,0.0419,0.114,1944,4,0.001,0.6256,0.0541,0.053,0.1298,0.0454,0.213,0.0482,0.0229,0.289,0.1091,0.046,0.256,0.4751,0.0822,0.105,1019,194,0.116,1126,207,0.112,0.4732,0.0873,0.112,489,36,0.045,47800,6767,0.086,0.4377,0.0982,0.136,0.1963,0.08,0.248,0.0986,0.0513,0.316,0.5595,0.0869,0.094,0.1775,0.0661,0.226,0.0521,0.0464,0.542,0.0,0.0058,,0.1323,0.0636,0.292,0.3044,0.072,0.144
4200355016,2021,15930,30,0.001,6550,415,0.039,38.2,2.3,0.037,0.218,0.0389,0.109,0.1153,0.0171,0.09,0.8706,0.0379,0.026,0.0122,0.0071,0.354,0.0231,0.0116,0.304,0.0296,0.0194,0.399,90690,15905,0.107,45137,2956,0.04,0.0448,0.0164,0.222,0.0395,0.0213,0.328,0.7728,0.0298,0.023,0.4612,0.0498,0.066,6879,430,0.038,0.0478,0.0245,0.312,1990,2,0.001,0.5918,0.0443,0.046,0.0061,0.0059,0.59,0.1353,0.0383,0.172,0.0369,0.0132,0.217,0.2412,0.0409,0.103,1580,286,0.11,4970,358,0.044,0.1969,0.035,0.108,1202,55,0.028,225300,12183,0.033,0.2222,0.068,0.186,0.0418,0.0307,0.447,0.1421,0.0388,0.166,0.7668,0.0469,0.037,0.011,0.0077,0.424,0.0077,0.0082,0.648,0.0,0.0019,,0.1338,0.034,0.154,0.0292,0.0169,0.353
4200355488,2021,10061,39,0.002,4568,334,0.044,46.7,4.9,0.064,0.201,0.0447,0.135,0.2526,0.0427,0.103,0.7508,0.0657,0.053,0.1648,0.0631,0.233,0.0019,0.0021,0.672,0.0522,0.0356,0.415,43587,5590,0.078,34802,10574,0.185,0.1751,0.0722,0.251,0.0809,0.0378,0.284,0.5373,0.0498,0.056,0.24,0.048,0.122,5035,379,0.046,0.0928,0.0403,0.264,1959,4,0.001,0.6423,0.0564,0.053,0.0379,0.0258,0.413,0.0792,0.0372,0.285,0.1474,0.0457,0.189,0.363,0.0474,0.079,1658,248,0.091,2910,325,0.068,0.3324,0.0671,0.123,794,43,0.033,86400,7830,0.055,0.5856,0.149,0.155,0.2569,0.1099,0.26,0.1292,0.0467,0.22,0.7761,0.0609,0.048,0.0357,0.0275,0.468,0.0355,0.0267,0.458,0.0,0.0046,,0.0607,0.0337,0.337,0.1642,0.0454,0.168
4200355840,2021,1448,160,0.067,656,94,0.087,45.8,3.4,0.045,0.174,0.0301,0.105,0.1941,0.0174,0.055,0.9081,0.1293,0.087,0.0407,0.0474,0.708,0.0014,0.0021,0.909,0.0,0.0076,,82031,7180,0.053,40327,7485,0.113,0.0576,0.0444,0.469,0.0393,0.0219,0.339,0.6596,0.0752,0.069,0.285,0.0698,0.149,703,94,0.081,0.0669,0.0388,0.353,1951,8,0.002,0.8279,0.0614,0.045,0.027,0.0218,0.49,0.1223,0.0414,0.206,0.0,0.0221,,0.2134,0.0614,0.175,140,45,0.195,516,86,0.101,0.1561,0.0568,0.221,1020,221,0.132,154500,10048,0.04,0.3071,0.1597,0.316,0.1857,0.1531,0.501,0.1105,0.0663,0.365,0.8294,0.0931,0.068,0.0078,0.0077,0.599,0.0339,0.0347,0.623,0.0,0.0143,,0.0521,0.0189,0.221,0.0534,0.0297,0.339
4200356088,2021,6722,22,0.002,3274,160,0.03,45.8,4.3,0.057,0.1839,0.0293,0.097,0.2306,0.0305,0.08,0.9509,0.02,0.013,0.0046,0.0042,0.549,0.0012,0.0018,0.912,0.0152,0.0091,0.364,73281,13106,0.109,54835,4115,0.046,0.0369,0.0149,0.245,0.0591,0.0271,0.279,0.6686,0.0395,0.036,0.543,0.0523,0.059,3524,188,0.032,0.0709,0.0296,0.253,1960,6,0.002,0.4872,0.0433,0.054,0.1476,0.0526,0.217,0.1203,0.0361,0.182,0.0769,0.023,0.182,0.423,0.0684,0.098,1385,234,0.103,1889,152,0.049,0.3375,0.0564,0.102,957,85,0.054,260500,35753,0.083,0.309,0.0739,0.145,0.1379,0.0513,0.226,0.1922,0.0596,0.189,0.7159,0.0399,0.034,0.0058,0.0061,0.637,0.0312,0.015,0.292,0.0029,0.0044,0.911,0.1559,0.0366,0.143,0.0583,0.0248,0.258
4200356384,2021,9208,40,0.003,3850,219,0.035,46.4,2.9,0.038,0.2189,0.028,0.078,0.2586,0.0346,0.081,0.8701,0.0257,0.018,0.0117,0.0105,0.546,0.0736,0.019,0.157,0.0148,0.0072,0.295,105893,12876,0.074,61226,4937,0.049,0.0473,0.0212,0.272,0.0222,0.0122,0.335,0.6239,0.0282,0.028,0.6627,0.0577,0.053,4130,231,0.034,0.0678,0.0259,0.232,1966,4,0.001,0.8136,0.035,0.026,0.0107,0.0092,0.525,0.0012,0.0043,2.175,0.1385,0.0348,0.153,0.1255,0.0367,0.178,483,144,0.181,3367,234,0.042,0.0897,0.0273,0.185,1708,112,0.04,312100,18121,0.035,0.4203,0.1498,0.217,0.3602,0.1523,0.257,0.2346,0.0723,0.187,0.7632,0.0495,0.039,0.024,0.0169,0.429,0.0097,0.0072,0.451,0.0,0.0036,,0.1503,0.0349,0.141,0.0525,0.0208,0.24
4200356392,2021,6889,32,0.003,2487,149,0.036,41.3,3.6,0.053,0.262,0.046,0.107,0.1774,0.0398,0.137,0.9194,0.0333,0.022,0.0135,0.0087,0.392,0.0283,0.0282,0.605,0.0237,0.0152,0.392,128369,15366,0.073,56226,5816,0.063,0.0456,0.0371,0.494,0.0423,0.0471,0.677,0.6876,0.0561,0.05,0.6396,0.0654,0.062,2664,188,0.043,0.0664,0.0497,0.455,2001,3,0.001,0.7091,0.042,0.036,0.0387,0.0298,0.468,0.0559,0.0376,0.409,0.0293,0.0194,0.402,0.1797,0.0516,0.174,447,131,0.178,2040,176,0.052,0.1304,0.0532,0.248,1373,75,0.033,376900,26032,0.042,0.4206,0.2193,0.317,0.1454,0.1553,0.649,0.1716,0.066,0.234,0.7325,0.0651,0.054,0.0103,0.0111,0.658,0.0038,0.0059,0.934,0.0,0.0047,,0.1574,0.0627,0.242,0.006,0.0116,1.168
4200359032,2021,41132,39,0.001,18302,628,0.021,44.0,2.3,0.032,0.1964,0.0219,0.068,0.2141,0.0166,0.047,0.5345,0.0263,0.03,0.3826,0.0308,0.049,0.0029,0.0017,0.355,0.0142,0.0091,0.389,57196,3476,0.037,32585,1948,0.036,0.0954,0.0207,0.132,0.0708,0.0171,0.147,0.6493,0.0183,0.017,0.3119,0.026,0.051,20263,610,0.018,0.0968,0.0167,0.105,1957,2,0.001,0.8,0.0216,0.016,0.0349,0.0121,0.21,0.0496,0.0153,0.187,0.0558,0.0148,0.161,0.2789,0.0356,0.078,5105,674,0.08,13197,730,0.034,0.2708,0.0352,0.079,913,49,0.033,100700,3515,0.021,0.398,0.0839,0.128,0.1585,0.0513,0.197,0.2065,0.0286,0.084,0.7173,0.0208,0.018,0.086,0.0221,0.156,0.0129,0.006,0.284,0.0,0.0012,,0.0738,0.0148,0.122,0.1065,0.0187,0.107
4200359152,2021,668,93,0.085,461,61,0.08,41.0,8.9,0.132,0.1183,0.064,0.329,0.1497,0.0469,0.191,0.8862,0.0503,0.034,0.0314,0.0266,0.514,0.003,0.0045,0.908,0.0,0.0165,,66806,10059,0.092,56797,7018,0.075,0.0868,0.0768,0.538,0.015,0.0148,0.6,0.7929,0.0797,0.061,0.5971,0.0811,0.083,488,55,0.069,0.0553,0.0426,0.468,1974,1,0.0,0.0574,0.0425,0.451,0.0266,0.0203,0.463,0.1393,0.0474,0.207,0.0123,0.0256,1.268,0.2842,0.1178,0.252,131,57,0.265,330,39,0.072,0.2904,0.1079,0.226,1269,176,0.084,125000,5149,0.025,0.3817,0.3441,0.548,0.2901,0.344,0.721,0.1545,0.0744,0.293,0.8196,0.0659,0.049,0.0174,0.0237,0.83,0.0065,0.0108,1.008,0.0,0.0239,,0.1283,0.0616,0.292,0.026,0.0191,0.446
4200360272,2021,14432,18,0.001,4895,187,0.023,39.7,3.6,0.055,0.2652,0.0394,0.09,0.0886,0.0228,0.156,0.9035,0.0273,0.018,0.0098,0.015,0.925,0.0506,0.0215,0.258,0.0184,0.0134,0.441,166871,22948,0.084,71956,5683,0.048,0.0238,0.0247,0.629,0.0213,0.014,0.401,0.6926,0.0418,0.037,0.7444,0.0866,0.071,5086,223,0.027,0.0376,0.0322,0.521,2001,2,0.001,0.7426,0.0363,0.03,0.0521,0.0481,0.561,0.0295,0.0221,0.455,0.056,0.0291,0.316,0.1659,0.0503,0.184,812,248,0.186,4083,271,0.04,0.1347,0.0502,0.227,1739,107,0.037,464500,24916,0.033,0.0862,0.0808,0.57,0.0259,0.0411,0.967,0.1379,0.0469,0.207,0.7065,0.0544,0.047,0.0026,0.0042,0.991,0.0267,0.0212,0.483,0.0,0.0024,,0.1852,0.0464,0.152,0.0094,0.0114,0.739
4200360712,2021,3117,20,0.004,1482,137,0.056,41.0,3.7,0.055,0.2246,0.0605,0.164,0.155,0.0468,0.184,0.6237,0.0695,0.068,0.2522,0.0792,0.191,0.0244,0.0388,0.968,0.0414,0.044,0.646,34331,2927,0.052,20542,2242,0.066,0.1915,0.074,0.235,0.1213,0.0652,0.327,0.546,0.0679,0.076,0.146,0.0491,0.204,1665,164,0.06,0.1099,0.0603,0.333,1942,7,0.002,0.4096,0.0689,0.102,0.1784,0.0685,0.234,0.182,0.0789,0.264,0.1183,0.0682,0.351,0.6012,0.0822,0.083,891,147,0.1,591,120,0.123,0.6227,0.0897,0.088,718,39,0.033,64500,10941,0.103,0.4893,0.1542,0.192,0.1493,0.0863,0.352,0.1878,0.1199,0.388,0.647,0.0884,0.083,0.0913,0.0687,0.457,0.013,0.0164,0.763,0.0,0.0096,,0.093,0.0731,0.478,0.2166,0.0858,0.241
4200361328,2021,8454,20,0.001,3602,183,0.031,47.4,2.8,0.036,0.191,0.0337,0.107,0.2296,0.0385,0.102,0.8693,0.0611,0.043,0.0409,0.0328,0.487,0.0522,0.0453,0.528,0.0134,0.0084,0.382,83667,8587,0.062,42343,4931,0.071,0.0412,0.0246,0.363,0.0462,0.0497,0.654,0.6457,0.0599,0.056,0.3976,0.0488,0.075,3834,211,0.033,0.0605,0.0358,0.36,1958,2,0.001,0.7726,0.037,0.029,0.0527,0.018,0.208,0.0222,0.0149,0.41,0.1223,0.0439,0.218,0.2257,0.0486,0.131,813,180,0.135,2789,284,0.062,0.2079,0.0833,0.244,1108,148,0.081,189700,10242,0.033,0.262,0.1176,0.273,0.2435,0.116,0.29,0.1452,0.0471,0.197,0.6698,0.0563,0.051,0.0495,0.0221,0.271,0.0048,0.0048,0.607,0.0,0.0037,,0.1204,0.0435,0.219,0.0641,0.0387,0.367
4200361536,2021,27123,22,0.0,10834,385,0.022,44.1,1.7,0.023,0.2137,0.0253,0.072,0.1988,0.0183,0.056,0.9116,0.0228,0.015,0.0453,0.0225,0.302,0.0072,0.0064,0.539,0.008,0.0051,0.384,85237,7339,0.052,40430,2039,0.031,0.0356,0.0124,0.211,0.0318,0.0113,0.217,0.6926,0.0242,0.021,0.3834,0.0308,0.049,11451,364,0.019,0.0539,0.0195,0.22,1972,2,0.001,0.7954,0.0203,0.015,0.0286,0.0134,0.285,0.0399,0.0143,0.217,0.0399,0.0142,0.217,0.1758,0.0254,0.088,1905,283,0.09,8929,378,0.026,0.1222,0.0197,0.098,974,60,0.037,170900,4979,0.018,0.4178,0.1094,0.159,0.1197,0.0799,0.406,0.1191,0.0236,0.121,0.747,0.0337,0.027,0.0212,0.0099,0.285,0.0043,0.0043,0.607,0.0019,0.0028,0.923,0.1465,0.0279,0.116,0.068,0.0199,0.177
4200362320,2021,3689,16,0.003,1614,132,0.05,39.3,6.2,0.096,0.1976,0.0419,0.129,0.1865,0.0343,0.112,0.785,0.088,0.068,0.0678,0.0626,0.562,0.0095,0.0141,0.903,0.0274,0.0268,0.596,57670,8053,0.085,29462,2980,0.061,0.0992,0.0461,0.282,0.0665,0.0289,0.265,0.6484,0.0607,0.057,0.1641,0.0562,0.208,1765,139,0.048,0.0856,0.0477,0.339,1951,3,0.001,0.881,0.052,0.036,0.0204,0.018,0.537,0.0436,0.0406,0.565,0.0187,0.0245,0.797,0.2751,0.0696,0.154,444,118,0.162,1170,172,0.089,0.2806,0.0873,0.189,856,63,0.045,69700,7600,0.066,0.1509,0.1256,0.506,0.018,0.0312,1.051,0.1564,0.0981,0.381,0.8064,0.0916,0.069,0.0264,0.0241,0.554,0.0043,0.007,0.985,0.0,0.0059,,0.0399,0.0266,0.405,0.052,0.0337,0.393
4200363408,2021,1793,336,0.114,820,146,0.108,35.5,6.2,0.106,0.256,0.1123,0.267,0.1171,0.0397,0.206,0.1874,0.0796,0.258,0.7373,0.1224,0.101,0.0,0.0061,,0.053,0.0554,0.636,26114,7805,0.182,19611,5126,0.159,0.4306,0.1769,0.25,0.1682,0.077,0.278,0.6306,0.0574,0.055,0.2378,0.0713,0.182,1001,138,0.084,0.1808,0.0556,0.187,1953,7,0.002,0.3497,0.0699,0.122,0.1528,0.0665,0.264,0.2817,0.1418,0.306,0.036,0.0306,0.517,0.6512,0.1446,0.135,534,152,0.173,286,81,0.172,0.6203,0.1322,0.13,611,154,0.153,59300,19051,0.195,0.3914,0.1036,0.161,0.2322,0.1044,0.273,0.2448,0.1692,0.42,0.4235,0.1433,0.206,0.3522,0.1396,0.241,0.0193,0.0265,0.835,0.0,0.0163,,0.0669,0.0383,0.348,0.3756,0.1673,0.271
4200364240,2021,3248,26,0.005,1427,101,0.043,44.7,6.7,0.091,0.165,0.0351,0.129,0.1878,0.0314,0.101,0.9323,0.0299,0.019,0.0219,0.0222,0.616,0.008,0.0108,0.818,0.0142,0.0108,0.463,71733,7480,0.063,34675,3470,0.061,0.0753,0.0526,0.425,0.0674,0.0414,0.373,0.6645,0.0444,0.041,0.2842,0.058,0.124,1521,105,0.042,0.0618,0.0366,0.36,1956,3,0.001,0.8093,0.074,0.056,0.0401,0.0271,0.41,0.0079,0.0102,0.787,0.0,0.0102,,0.1451,0.0615,0.258,207,89,0.261,1220,108,0.054,0.1536,0.0536,0.212,1048,206,0.119,150400,11942,0.048,0.3382,0.2903,0.522,0.3237,0.2815,0.529,0.1836,0.0899,0.298,0.7353,0.0487,0.04,0.0813,0.0402,0.301,0.0092,0.0086,0.567,0.0052,0.0081,0.944,0.0807,0.0432,0.325,0.0624,0.0465,0.454
4200364528,2021,11818,18,0.001,4387,293,0.041,44.9,3.4,0.046,0.2364,0.0339,0.087,0.2283,0.0372,0.099,0.9383,0.0308,0.02,0.0038,0.0041,0.662,0.0204,0.0167,0.497,0.0168,0.0162,0.589,116124,8796,0.046,52626,5680,0.066,0.0784,0.0383,0.297,0.0217,0.0139,0.389,0.6399,0.0536,0.051,0.5766,0.0578,0.061,4571,298,0.04,0.0403,0.0277,0.418,1985,4,0.001,0.7843,0.0229,0.018,0.0179,0.0138,0.467,0.0171,0.0114,0.405,0.0645,0.0193,0.182,0.1201,0.0316,0.16,527,143,0.165,3860,273,0.043,0.0789,0.0265,0.204,1956,869,0.27,278100,15921,0.035,0.5825,0.1561,0.163,0.334,0.1448,0.263,0.1785,0.0617,0.21,0.8103,0.0517,0.039,0.0084,0.0098,0.708,0.0026,0.0039,0.89,0.0026,0.0044,1.012,0.1318,0.0401,0.185,0.0629,0.0197,0.19
4200365352,2021,15261,24,0.001,6463,280,0.026,39.8,3.4,0.052,0.1894,0.0267,0.086,0.1767,0.0235,0.081,0.8925,0.0315,0.021,0.0383,0.0204,0.323,0.0296,0.0186,0.383,0.0177,0.014,0.482,91267,5851,0.039,47933,3886,0.049,0.0564,0.0224,0.242,0.0158,0.0105,0.405,0.6625,0.0327,0.03,0.4876,0.0484,0.06,6959,289,0.025,0.0713,0.0338,0.288,1987,4,0.001,0.5633,0.0388,0.042,0.0323,0.0186,0.35,0.1165,0.0346,0.181,0.1361,0.0412,0.184,0.2999,0.0467,0.095,1938,313,0.098,4525,280,0.038,0.2413,0.0425,0.107,1386,66,0.029,229900,16549,0.044,0.3927,0.1197,0.185,0.1166,0.0595,0.31,0.1478,0.0445,0.183,0.7584,0.0239,0.019,0.0193,0.0106,0.335,0.0127,0.0087,0.415,0.0,0.0022,,0.1151,0.0294,0.155,0.0289,0.0129,0.271
4200366264,2021,33229,52,0.001,14585,390,0.016,42.2,1.5,0.022,0.1904,0.0173,0.055,0.2268,0.0182,0.049,0.9108,0.0156,0.01,0.028,0.0118,0.257,0.0317,0.0085,0.164,0.0137,0.0055,0.246,79388,4250,0.033,43645,1760,0.025,0.0575,0.0153,0.162,0.0403,0.012,0.182,0.6472,0.0161,0.015,0.4961,0.0319,0.039,15368,405,0.016,0.051,0.018,0.215,1964,2,0.001,0.6731,0.0121,0.011,0.0188,0.0067,0.217,0.0802,0.0188,0.142,0.1214,0.0202,0.101,0.2267,0.0218,0.058,3306,330,0.061,11279,382,0.021,0.1725,0.0208,0.073,978,68,0.042,203200,7984,0.024,0.3494,0.0817,0.142,0.0829,0.0335,0.246,0.1613,0.0253,0.095,0.6913,0.024,0.021,0.0446,0.0102,0.14,0.0061,0.0038,0.385,0.0007,0.001,0.939,0.1793,0.0257,0.087,0.0396,0.0122,0.187
4200366320,2021,465,98,0.128,234,74,0.192,52.5,12.7,0.147,0.2258,0.0309,0.083,0.3677,0.1399,0.231,0.7935,0.218,0.167,0.0022,0.0064,1.819,0.0065,0.0041,0.384,0.0151,0.0103,0.415,81250,55697,0.417,79817,8658,0.066,0.0086,0.0245,1.728,0.0,0.0547,,0.5303,0.1273,0.146,0.8448,0.1165,0.084,238,74,0.189,0.0168,0.0247,0.892,1953,3,0.001,1.0,0.0,0.0,0.0,0.0654,,0.0,0.0654,,0.0,0.0654,,0.0214,0.0291,0.829,5,7,0.851,229,73,0.194,0.0129,0.0126,0.594,,,,348300,8800,0.015,0.0,4.4,,0.0,2.2,,0.1004,0.0563,0.341,0.6734,0.0553,0.05,0.0251,0.025,0.604,0.0402,0.0247,0.373,0.0,0.0553,,0.2261,0.0918,0.247,0.0128,0.0486,2.302
4200368388,2021,17527,33,0.001,8065,323,0.024,42.0,4.0,0.058,0.155,0.0215,0.084,0.2412,0.0213,0.054,0.7892,0.0353,0.027,0.0082,0.0057,0.425,0.1496,0.0357,0.145,0.0225,0.0204,0.549,80208,8840,0.067,44205,2356,0.032,0.0312,0.0108,0.211,0.0168,0.0079,0.287,0.626,0.03,0.029,0.5202,0.0523,0.061,8518,358,0.026,0.0532,0.0164,0.187,1960,2,0.001,0.5695,0.0242,0.026,0.0325,0.0146,0.274,0.1203,0.0355,0.179,0.1917,0.0388,0.123,0.3635,0.0432,0.072,2932,368,0.076,5133,304,0.036,0.3146,0.0366,0.071,1081,42,0.024,179200,9393,0.032,0.2159,0.0507,0.143,0.0931,0.0364,0.237,0.1576,0.0267,0.103,0.6732,0.047,0.042,0.0681,0.02,0.179,0.0124,0.0076,0.372,0.001,0.0015,0.945,0.1714,0.0591,0.21,0.0542,0.015,0.168
4200369376,2021,3889,19,0.003,1702,98,0.035,38.9,4.8,0.075,0.233,0.0448,0.117,0.1954,0.0438,0.136,0.8028,0.0624,0.047,0.0877,0.0471,0.326,0.0201,0.0167,0.507,0.0123,0.0103,0.507,82672,10736,0.079,61670,10132,0.1,0.0951,0.0502,0.321,0.065,0.0477,0.446,0.6614,0.0782,0.072,0.5818,0.083,0.087,1899,144,0.046,0.1037,0.0563,0.33,0,,,0.5645,0.0527,0.057,0.1169,0.058,0.302,0.1343,0.0486,0.22,0.1222,0.0423,0.21,0.3848,0.0768,0.121,655,136,0.126,1047,125,0.073,0.3145,0.0786,0.152,968,229,0.144,392900,68273,0.106,0.5008,0.1711,0.208,0.3298,0.1666,0.307,0.2674,0.1121,0.255,0.5648,0.0772,0.083,0.0561,0.0604,0.655,0.0735,0.0408,0.338,0.0,0.0058,,0.2464,0.0959,0.237,0.1128,0.0601,0.324
4200369400,2021,719,87,0.074,276,40,0.088,50.6,1.7,0.02,0.2782,0.0426,0.093,0.2045,0.0373,0.111,0.943,0.0175,0.011,0.0028,0.0042,0.909,0.0348,0.0176,0.307,0.0,0.0153,,228000,96135,0.256,144398,28322,0.119,0.017,0.022,0.785,0.0261,0.0356,0.832,0.5443,0.0419,0.047,0.7666,0.0309,0.025,351,40,0.069,0.2137,0.0578,0.164,1957,6,0.002,0.9259,0.1492,0.098,0.0,0.0443,,0.0,0.0443,,0.0,0.0443,,0.1268,0.0588,0.282,35,17,0.295,241,37,0.093,0.1127,0.0438,0.236,1750,148,0.051,947600,166093,0.107,0.2571,0.616,1.456,0.2571,0.2884,0.682,0.1992,0.0614,0.187,0.7124,0.0728,0.062,0.0,0.0368,,0.0301,0.0196,0.396,0.0,0.0368,,0.1773,0.0621,0.213,0.029,0.0376,0.788
4200369416,2021,760,91,0.073,291,52,0.109,49.3,4.0,0.049,0.225,0.033,0.089,0.2645,0.0624,0.144,0.9263,0.0283,0.019,0.0,0.0145,,0.0289,0.0221,0.464,0.0171,0.013,0.462,147625,19884,0.082,74405,9119,0.075,0.0171,0.0116,0.412,0.0359,0.0235,0.398,0.5548,0.1008,0.11,0.6837,0.0759,0.067,308,55,0.109,0.0552,0.0642,0.707,1982,3,0.001,0.9805,0.009,0.006,0.0065,0.0363,3.397,0.0,0.0505,,0.013,0.0379,1.776,0.0275,0.0165,0.364,8,5,0.38,283,52,0.112,0.0118,0.0078,0.399,900,384,0.259,413800,49337,0.072,0.5,2.4133,2.934,0.5,0.3903,0.475,0.2509,0.143,0.346,0.6893,0.0698,0.062,0.0518,0.0317,0.372,0.0,0.0356,,0.0,0.0356,,0.233,0.0751,0.196,0.0137,0.0401,1.776
4200369584,2021,28117,36,0.001,12292,329,0.016,46.4,1.5,0.02,0.1687,0.0203,0.073,0.2415,0.0243,0.061,0.9282,0.019,0.012,0.0136,0.0109,0.49,0.0081,0.0049,0.368,0.0185,0.0079,0.26,80249,4413,0.033,43876,3102,0.043,0.0362,0.0129,0.216,0.0469,0.0172,0.223,0.6808,0.017,0.015,0.3847,0.0295,0.047,12656,334,0.016,0.0288,0.0123,0.26,1962,2,0.001,0.849,0.0197,0.014,0.0408,0.0161,0.24,0.0213,0.0071,0.203,0.0151,0.007,0.284,0.1304,0.0252,0.118,1603,313,0.119,10689,438,0.025,0.1086,0.0282,0.158,1025,94,0.056,192400,3832,0.012,0.2196,0.0655,0.181,0.0855,0.039,0.277,0.1347,0.0267,0.12,0.8039,0.0207,0.016,0.0191,0.0089,0.282,0.0083,0.0097,0.714,0.0,0.0014,,0.0935,0.02,0.13,0.0318,0.0126,0.241
4200369776,2021,3214,20,0.004,1576,147,0.057,37.4,5.6,0.091,0.1932,0.067,0.211,0.1335,0.035,0.159,0.8852,0.0463,0.032,0.0498,0.0398,0.486,0.0174,0.0165,0.575,0.0044,0.0053,0.738,40472,4497,0.068,28167,4076,0.088,0.1711,0.0692,0.246,0.1298,0.0541,0.254,0.5789,0.0638,0.067,0.3167,0.0733,0.141,1817,172,0.058,0.1326,0.0632,0.289,0,,,0.3511,0.0499,0.086,0.1596,0.0685,0.261,0.1189,0.0537,0.275,0.1326,0.0399,0.183,0.5558,0.1046,0.114,876,184,0.128,700,135,0.117,0.4829,0.1015,0.128,873,83,0.058,80600,12637,0.095,0.379,0.1214,0.195,0.1815,0.0929,0.311,0.2314,0.1142,0.3,0.5634,0.0875,0.094,0.0425,0.0428,0.612,0.067,0.0729,0.661,0.013,0.0143,0.67,0.1146,0.0576,0.306,0.2456,0.0704,0.174
4200372160,2021,17913,27,0.001,6735,288,0.026,40.8,1.9,0.028,0.2658,0.0292,0.067,0.167,0.0212,0.077,0.8156,0.0404,0.03,0.0243,0.0142,0.355,0.1197,0.0343,0.174,0.0234,0.0109,0.283,106340,5961,0.034,51592,4733,0.056,0.033,0.0116,0.215,0.0237,0.0138,0.352,0.6852,0.0274,0.024,0.5437,0.047,0.053,7014,324,0.028,0.0398,0.0243,0.372,1990,3,0.001,0.6346,0.0288,0.028,0.0362,0.02,0.336,0.0691,0.0242,0.213,0.075,0.0277,0.225,0.1654,0.036,0.132,1114,247,0.135,5621,274,0.03,0.1014,0.0249,0.149,1149,93,0.049,263700,17547,0.04,0.5314,0.1086,0.124,0.3276,0.1025,0.19,0.1605,0.0392,0.149,0.778,0.0462,0.036,0.0153,0.0082,0.324,0.0042,0.0044,0.639,0.0,0.002,,0.1342,0.0359,0.163,0.0696,0.0256,0.223
4200372400,2021,13695,21,0.001,5535,280,0.031,42.9,2.1,0.03,0.1975,0.0293,0.09,0.1822,0.026,0.087,0.9037,0.0244,0.016,0.0288,0.0151,0.319,0.0321,0.0197,0.373,0.0105,0.0064,0.371,86250,7418,0.052,40662,2259,0.034,0.0429,0.0163,0.231,0.0296,0.0128,0.264,0.6908,0.0409,0.036,0.3824,0.0357,0.057,5759,305,0.032,0.0389,0.0206,0.321,1973,1,0.0,0.7857,0.0336,0.026,0.0181,0.0125,0.42,0.0667,0.0214,0.195,0.0486,0.0202,0.252,0.1743,0.0304,0.106,965,175,0.11,4570,314,0.042,0.1554,0.036,0.141,1171,62,0.032,181400,8865,0.03,0.4166,0.1299,0.19,0.2352,0.0956,0.247,0.1322,0.0409,0.188,0.7953,0.0682,0.052,0.0573,0.0192,0.203,0.0009,0.0013,0.867,0.0,0.0024,,0.1046,0.0358,0.208,0.0276,0.0143,0.315
4200372568,2021,344,97,0.171,148,36,0.148,52.9,10.6,0.122,0.157,0.0698,0.27,0.3023,0.0432,0.087,0.8634,0.3211,0.226,0.0814,0.1229,0.918,0.0058,0.0115,1.204,0.0494,0.0684,0.841,55000,17802,0.197,33858,10657,0.191,0.1163,0.0989,0.517,0.1548,0.1382,0.543,0.5272,0.1231,0.142,0.1466,0.0732,0.303,153,36,0.143,0.0327,0.0517,0.962,1955,4,0.001,0.9804,0.0464,0.029,0.0,0.1017,,0.0,0.1017,,0.0,0.1017,,0.0473,0.0389,0.5,7,6,0.521,141,36,0.155,0.0349,0.0395,0.688,,,,111900,16450,0.089,0.2857,2.7444,5.839,0.2857,0.3517,0.748,0.2908,0.1689,0.353,0.7557,0.1239,0.1,0.0229,0.0295,0.784,0.0687,0.0728,0.644,0.0,0.084,,0.084,0.0872,0.631,0.0608,0.0949,0.949
4200372960,2021,3395,23,0.004,1573,78,0.03,48.1,5.7,0.072,0.1853,0.0327,0.107,0.2242,0.0477,0.129,0.9479,0.0309,0.02,0.0021,0.0032,0.955,0.0003,0.0009,1.824,0.025,0.0262,0.636,64432,7772,0.073,34749,3134,0.055,0.0637,0.0237,0.226,0.0697,0.0266,0.232,0.6617,0.0352,0.032,0.3085,0.0595,0.117,1659,91,0.033,0.0518,0.0306,0.359,1950,4,0.001,0.701,0.0357,0.031,0.135,0.0367,0.165,0.041,0.0305,0.453,0.0657,0.0302,0.28,0.3662,0.0609,0.101,576,100,0.106,997,87,0.053,0.2661,0.0481,0.11,777,57,0.045,119900,7650,0.039,0.2917,0.096,0.2,0.0503,0.0407,0.492,0.1133,0.0431,0.231,0.766,0.0575,0.046,0.0374,0.0217,0.353,0.0132,0.0149,0.686,0.0,0.0063,,0.0621,0.0284,0.278,0.1074,0.0331,0.187
4200372968,2021,1537,138,0.055,784,72,0.056,57.5,2.3,0.024,0.0924,0.0267,0.175,0.2635,0.0389,0.09,0.9545,0.0379,0.024,0.0,0.0072,,0.0104,0.0117,0.682,0.0137,0.0116,0.518,54135,6155,0.069,37858,5593,0.09,0.0885,0.0563,0.386,0.0455,0.0274,0.366,0.6072,0.0493,0.049,0.2072,0.0454,0.133,821,66,0.049,0.0451,0.0413,0.556,1960,5,0.002,0.6736,0.0721,0.065,0.0743,0.0422,0.345,0.0073,0.0166,1.377,0.0,0.0189,,0.1288,0.035,0.165,101,29,0.175,683,75,0.067,0.1041,0.0332,0.194,749,124,0.101,114300,7835,0.042,0.4257,0.249,0.356,0.2574,0.2049,0.484,0.1567,0.0582,0.226,0.8267,0.0704,0.052,0.0066,0.0092,0.847,0.0317,0.0207,0.397,0.0,0.0146,,0.0582,0.0294,0.307,0.0472,0.0258,0.332
4200374648,2021,6399,24,0.002,2686,202,0.046,38.1,3.8,0.061,0.2546,0.0643,0.154,0.1428,0.0259,0.11,0.6388,0.0905,0.086,0.2871,0.0817,0.173,0.0044,0.0052,0.716,0.0,0.0025,,48433,7834,0.098,26339,4569,0.105,0.2509,0.0967,0.234,0.1188,0.062,0.317,0.5663,0.0661,0.071,0.1197,0.0456,0.232,3204,243,0.046,0.1617,0.0452,0.17,1952,6,0.002,0.6117,0.0763,0.076,0.1473,0.0561,0.231,0.0268,0.0187,0.425,0.0125,0.0108,0.528,0.5011,0.0822,0.1,1346,243,0.11,1340,228,0.103,0.5486,0.0856,0.095,854,72,0.051,76400,5846,0.047,0.2987,0.0989,0.201,0.1999,0.0904,0.275,0.1261,0.0608,0.293,0.6927,0.0681,0.06,0.1197,0.0472,0.24,0.0142,0.016,0.688,0.0036,0.0056,0.941,0.0336,0.0224,0.406,0.245,0.0816,0.202
4200375816,2021,8645,30,0.002,4456,316,0.043,39.4,2.0,0.031,0.1519,0.0324,0.13,0.1843,0.0403,0.133,0.6263,0.0521,0.051,0.2754,0.0541,0.119,0.027,0.025,0.564,0.0467,0.0226,0.293,52665,6389,0.074,33484,2714,0.049,0.1277,0.0322,0.153,0.0813,0.0371,0.277,0.7095,0.0443,0.038,0.391,0.0585,0.091,5204,346,0.04,0.1437,0.0342,0.145,1941,4,0.001,0.5046,0.0457,0.055,0.1731,0.0374,0.131,0.1551,0.0513,0.201,0.0365,0.0132,0.219,0.5018,0.0545,0.066,2236,290,0.079,2220,255,0.07,0.4329,0.0611,0.086,914,65,0.043,116100,8050,0.042,0.5027,0.1368,0.165,0.2335,0.102,0.266,0.1725,0.0523,0.184,0.5267,0.0425,0.049,0.1945,0.0413,0.129,0.0298,0.0188,0.383,0.0139,0.0102,0.449,0.1304,0.0506,0.236,0.1923,0.0531,0.168
4200376104,2021,4359,17,0.002,2067,204,0.06,46.2,5.9,0.078,0.2124,0.0574,0.164,0.2076,0.0624,0.183,0.8509,0.0651,0.046,0.0635,0.0429,0.41,0.0,0.0025,,0.0349,0.0259,0.452,37513,4635,0.075,22199,2007,0.055,0.2322,0.1004,0.263,0.0874,0.0493,0.343,0.5523,0.0556,0.061,0.148,0.0509,0.209,2304,249,0.066,0.1029,0.0804,0.475,0,,,0.526,0.0756,0.087,0.2057,0.0677,0.2,0.1159,0.0714,0.375,0.0751,0.0431,0.349,0.4098,0.0733,0.109,847,173,0.124,1220,223,0.111,0.4281,0.1004,0.143,700,138,0.12,62400,6527,0.064,0.3282,0.1397,0.259,0.1653,0.0933,0.343,0.2066,0.1621,0.477,0.7702,0.0756,0.06,0.0,0.0063,,0.093,0.0515,0.336,0.0,0.0063,,0.0195,0.0176,0.549,0.1485,0.1006,0.412
4200376560,2021,447,57,0.078,162,21,0.079,50.0,4.0,0.049,0.2013,0.036,0.109,0.2394,0.0305,0.077,0.9329,0.021,0.014,0.0,0.0246,,0.0157,0.0087,0.339,0.0134,0.0111,0.501,200000,18063,0.055,89663,11529,0.078,0.0403,0.0492,0.742,0.0315,0.0273,0.526,0.6902,0.1325,0.117,0.7362,0.0207,0.017,162,21,0.079,0.0,0.0679,,1954,3,0.001,0.9753,0.0286,0.018,0.0185,0.0722,2.37,0.0,0.096,,0.0,0.096,,0.0185,0.0184,0.603,3,3,0.608,159,21,0.08,0.0157,0.0133,0.515,,,,351700,14538,0.025,0.0,7.3333,,0.0,3.6667,,0.0566,0.1428,1.534,0.6707,0.0453,0.041,0.0366,0.0156,0.26,0.0122,0.0121,0.603,0.0,0.0447,,0.2439,0.0578,0.144,0.0,0.096,
4200377272,2021,88,83,0.573,42,37,0.536,47.7,16.8,0.214,0.0,0.3536,,0.0,0.433,,1.0,0.0,0.0,0.0,0.125,,0.0,0.125,,0.0,0.125,,,,,31664,25721,0.494,0.4773,0.5847,0.745,0.0,0.2391,,0.5227,0.3841,0.447,0.1932,0.3072,0.967,56,39,0.423,0.25,0.3118,0.758,1959,19,0.006,0.5179,0.4432,0.52,0.2321,0.3572,0.935,0.0,0.2778,,0.0,0.2778,,0.3095,0.361,0.709,13,19,0.888,29,32,0.671,0.4773,0.5712,0.728,,,,,,,1.0,1.4656,0.891,0.0,0.8462,,0.0,1.0729,,1.0,0.0,0.0,0.0,0.2391,,0.0,0.2391,,0.0,0.2391,,0.0,0.2391,,0.3095,0.446,0.876
4200377912,2021,5136,18,0.002,2232,223,0.061,45.3,5.5,0.074,0.2048,0.0541,0.16,0.2475,0.0637,0.156,0.6318,0.0804,0.077,0.2667,0.0642,0.146,0.0111,0.0146,0.8,0.0113,0.0199,1.069,36132,5957,0.1,22260,3711,0.101,0.274,0.1062,0.236,0.1313,0.0605,0.28,0.6177,0.0549,0.054,0.0954,0.0471,0.3,2454,268,0.066,0.0905,0.0595,0.4,1943,3,0.001,0.5322,0.0896,0.102,0.1267,0.0553,0.265,0.1202,0.0645,0.326,0.0701,0.0522,0.453,0.5999,0.103,0.104,1339,266,0.121,893,197,0.134,0.5401,0.0982,0.111,594,354,0.362,56700,8688,0.093,0.3757,0.1282,0.207,0.2353,0.1067,0.276,0.2408,0.1139,0.288,0.6966,0.0648,0.057,0.0445,0.0396,0.541,0.0414,0.0402,0.589,0.0,0.0071,,0.0639,0.0544,0.517,0.1389,0.0856,0.375
4200379274,2021,20938,32,0.001,7575,260,0.021,44.0,1.8,0.025,0.2612,0.0219,0.051,0.181,0.0185,0.062,0.8955,0.0191,0.013,0.0115,0.0116,0.613,0.0667,0.0126,0.114,0.0132,0.006,0.278,136158,7668,0.034,61851,3366,0.033,0.0321,0.0117,0.221,0.0438,0.0155,0.216,0.6554,0.0235,0.022,0.7035,0.0337,0.029,7915,278,0.021,0.043,0.0165,0.233,1971,2,0.001,0.8753,0.0247,0.017,0.0062,0.0073,0.718,0.0167,0.0079,0.286,0.0638,0.0145,0.138,0.1043,0.0208,0.121,790,160,0.123,6785,281,0.025,0.0816,0.0181,0.135,1746,118,0.041,325800,11727,0.022,0.5038,0.0936,0.113,0.3392,0.1002,0.18,0.1651,0.0338,0.125,0.6813,0.0295,0.026,0.051,0.0126,0.151,0.0103,0.0067,0.395,0.0,0.0021,,0.2015,0.0354,0.107,0.0404,0.0123,0.185
4200380032,2021,2731,422,0.094,1228,144,0.071,38.9,6.7,0.105,0.2032,0.0387,0.116,0.1878,0.0242,0.078,0.8374,0.1606,0.117,0.1164,0.0935,0.488,0.0,0.004,,0.0066,0.0076,0.703,44195,6130,0.084,28039,3630,0.079,0.1285,0.0459,0.217,0.0642,0.0295,0.279,0.6495,0.0554,0.052,0.2051,0.0527,0.156,1322,141,0.065,0.0711,0.0355,0.304,1944,7,0.002,0.5053,0.074,0.089,0.2156,0.0527,0.149,0.1248,0.0646,0.315,0.0756,0.0434,0.349,0.5651,0.0918,0.099,694,139,0.122,534,91,0.104,0.476,0.1113,0.142,716,61,0.052,121900,13747,0.069,0.4971,0.123,0.15,0.1499,0.0655,0.266,0.1461,0.1021,0.425,0.7089,0.1105,0.095,0.0606,0.0629,0.631,0.0217,0.0167,0.467,0.0,0.0085,,0.1149,0.0365,0.193,0.1645,0.0565,0.209
4200380040,2021,1637,225,0.084,805,92,0.069,39.5,4.1,0.063,0.1875,0.0405,0.131,0.1802,0.0174,0.059,0.8571,0.0754,0.054,0.0648,0.0318,0.298,0.0,0.0067,,0.0061,0.0061,0.602,39315,10738,0.166,26896,2173,0.049,0.1765,0.0503,0.173,0.0659,0.0361,0.333,0.6546,0.0707,0.066,0.0858,0.0275,0.195,871,84,0.059,0.0758,0.036,0.289,1952,6,0.002,0.5993,0.0472,0.048,0.0723,0.0354,0.297,0.2618,0.0848,0.197,0.039,0.016,0.249,0.4894,0.0745,0.093,394,75,0.116,411,66,0.098,0.3836,0.0666,0.105,777,57,0.045,67500,5203,0.047,0.533,0.1738,0.198,0.2208,0.098,0.27,0.1727,0.0933,0.328,0.7332,0.0397,0.033,0.0283,0.0207,0.443,0.0366,0.0252,0.418,0.0,0.013,,0.0342,0.0216,0.383,0.1416,0.0426,0.183
4200380600,2021,599,179,0.182,230,59,0.156,34.8,3.7,0.065,0.2387,0.0598,0.152,0.1085,0.0327,0.183,0.8631,0.3481,0.245,0.1018,0.1146,0.684,0.0033,0.0066,1.202,0.0,0.0184,,56500,10754,0.116,40215,23004,0.348,0.1569,0.1228,0.476,0.1569,0.1209,0.469,0.6296,0.1167,0.113,0.0859,0.0932,0.66,329,68,0.126,0.3009,0.0787,0.159,0,,,0.7629,0.2029,0.162,0.0486,0.0453,0.566,0.0395,0.0511,0.786,0.0,0.0473,,0.3522,0.1331,0.23,81,37,0.278,149,46,0.188,0.3539,0.1582,0.272,957,94,0.06,47500,5336,0.068,0.2716,0.2864,0.641,0.2346,0.2087,0.541,0.1745,0.1619,0.564,0.7344,0.1309,0.108,0.0,0.043,,0.0039,0.0117,1.814,0.0,0.043,,0.0859,0.0651,0.461,0.0913,0.07,0.466
4200382800,2021,12223,23,0.001,5367,219,0.025,51.5,3.6,0.042,0.1442,0.0284,0.12,0.2571,0.0377,0.089,0.9746,0.0128,0.008,0.0066,0.006,0.548,0.0031,0.005,0.976,0.004,0.0038,0.583,82574,11482,0.085,42517,4136,0.059,0.0428,0.0195,0.277,0.0348,0.0187,0.327,0.6314,0.0429,0.041,0.3413,0.0621,0.111,5549,244,0.027,0.0328,0.0302,0.561,1975,4,0.001,0.714,0.0416,0.035,0.0256,0.0151,0.359,0.0204,0.0229,0.683,0.0411,0.0234,0.346,0.1615,0.0431,0.162,867,234,0.164,4500,292,0.039,0.1385,0.0419,0.184,848,211,0.151,205200,16576,0.049,0.308,0.1285,0.254,0.1361,0.0946,0.423,0.1358,0.0426,0.191,0.7493,0.0507,0.041,0.0,0.0029,,0.0048,0.0074,0.931,0.0,0.0029,,0.1622,0.0702,0.263,0.0266,0.0138,0.315
4200382848,2021,429,149,0.211,159,45,0.172,38.0,15.3,0.245,0.2541,0.0774,0.185,0.0932,0.0714,0.466,0.9184,0.4368,0.289,0.0,0.0256,,0.0186,0.0296,0.965,0.0583,0.0934,0.974,46705,15798,0.206,23502,5653,0.146,0.199,0.1076,0.328,0.0677,0.0632,0.567,0.7171,0.1377,0.117,0.1259,0.1006,0.486,189,47,0.151,0.1587,0.0925,0.354,1943,7,0.002,0.7566,0.0847,0.068,0.0952,0.0669,0.427,0.0,0.0823,,0.0,0.0823,,0.2704,0.1076,0.242,43,21,0.297,116,37,0.194,0.3007,0.1711,0.346,696,183,0.16,73300,15243,0.126,0.3721,0.3496,0.571,0.1395,0.1478,0.644,0.1466,0.2309,0.958,0.6096,0.0736,0.073,0.0833,0.0591,0.431,0.0132,0.0259,1.197,0.0,0.0482,,0.0658,0.0664,0.613,0.0881,0.062,0.428
4200383200,2021,1826,261,0.087,816,106,0.079,41.3,3.9,0.057,0.1873,0.0395,0.128,0.1972,0.0291,0.09,0.7568,0.0231,0.019,0.0882,0.0476,0.329,0.0,0.006,,0.0613,0.0833,0.826,65938,13033,0.12,37369,3787,0.062,0.1418,0.0702,0.301,0.1145,0.0644,0.342,0.671,0.1408,0.128,0.3592,0.0819,0.139,912,100,0.067,0.1053,0.0558,0.322,1956,2,0.001,0.852,0.0485,0.035,0.1096,0.0491,0.272,0.0241,0.0268,0.676,0.0,0.0171,,0.2157,0.0759,0.214,176,66,0.228,640,86,0.082,0.2334,0.1038,0.27,1147,240,0.127,120700,10763,0.054,0.3523,0.2,0.345,0.2898,0.18,0.378,0.1328,0.0533,0.244,0.7743,0.0339,0.027,0.0192,0.0167,0.528,0.0361,0.0391,0.659,0.0,0.0124,,0.0643,0.0682,0.644,0.0956,0.0444,0.282
4200383512,2021,19638,30,0.001,8307,503,0.037,44.2,2.8,0.039,0.2202,0.0346,0.096,0.1834,0.0183,0.061,0.853,0.033,0.024,0.0966,0.0285,0.179,0.0015,0.0018,0.709,0.0195,0.0158,0.495,58689,5057,0.052,30593,2063,0.041,0.1387,0.0346,0.152,0.0916,0.0307,0.203,0.6503,0.0295,0.028,0.2125,0.0273,0.078,9066,468,0.031,0.0837,0.024,0.174,1955,1,0.0,0.7858,0.0264,0.02,0.0124,0.0084,0.415,0.046,0.0191,0.253,0.057,0.0222,0.237,0.204,0.039,0.116,1695,340,0.122,6612,443,0.041,0.2104,0.0388,0.112,641,99,0.094,102800,4520,0.027,0.3788,0.0871,0.14,0.1935,0.0762,0.239,0.1662,0.0316,0.116,0.7596,0.0199,0.016,0.0549,0.0195,0.216,0.0105,0.006,0.348,0.0,0.002,,0.0506,0.0181,0.217,0.0837,0.023,0.167
4200384144,2021,6686,38,0.003,2769,207,0.045,38.3,3.4,0.054,0.2086,0.0433,0.126,0.1364,0.0315,0.14,0.9002,0.0581,0.039,0.0281,0.026,0.563,0.0016,0.0019,0.718,0.0507,0.0389,0.466,66707,9870,0.09,34464,3710,0.065,0.081,0.0409,0.307,0.041,0.0238,0.353,0.7642,0.0268,0.021,0.3392,0.0567,0.102,2950,269,0.055,0.0614,0.0475,0.47,1952,4,0.001,0.6458,0.0184,0.017,0.2447,0.0753,0.187,0.022,0.0163,0.449,0.0464,0.026,0.341,0.3156,0.0664,0.128,874,195,0.136,1895,194,0.062,0.2266,0.0537,0.144,888,64,0.044,153500,12387,0.049,0.5229,0.1904,0.221,0.2529,0.1681,0.404,0.1187,0.0522,0.267,0.7333,0.0736,0.061,0.0421,0.024,0.346,0.0263,0.0362,0.837,0.0,0.0042,,0.0776,0.0307,0.24,0.0813,0.0513,0.384
4200384440,2021,1247,210,0.102,572,108,0.115,38.9,7.2,0.113,0.1796,0.0408,0.138,0.1684,0.0221,0.08,0.6167,0.146,0.144,0.2622,0.1023,0.237,0.0,0.0088,,0.0906,0.0532,0.357,55256,4608,0.051,26782,3527,0.08,0.2606,0.1186,0.277,0.1001,0.1068,0.648,0.6897,0.1291,0.114,0.1761,0.0313,0.108,644,101,0.095,0.1118,0.0531,0.289,1948,6,0.002,0.8773,0.0784,0.054,0.059,0.0362,0.373,0.0435,0.0241,0.337,0.0,0.0242,,0.3934,0.1347,0.208,225,88,0.238,347,67,0.117,0.4162,0.1308,0.191,1024,216,0.128,76200,7661,0.061,0.36,0.0821,0.139,0.2311,0.0855,0.225,0.0893,0.091,0.62,0.6116,0.0676,0.067,0.1053,0.0606,0.35,0.022,0.0247,0.683,0.0,0.0173,,0.0975,0.0678,0.423,0.1189,0.0465,0.238
4200384512,2021,14882,23,0.001,6685,289,0.026,43.3,3.1,0.044,0.2033,0.0281,0.084,0.2414,0.0249,0.063,0.7921,0.049,0.038,0.036,0.0214,0.362,0.105,0.0435,0.252,0.0122,0.0075,0.376,66531,6938,0.063,39907,3153,0.048,0.0976,0.037,0.23,0.0563,0.0291,0.314,0.6037,0.0329,0.033,0.3937,0.0397,0.061,6911,306,0.027,0.0327,0.0219,0.408,1958,1,0.0,0.6283,0.0385,0.037,0.0366,0.0219,0.364,0.0561,0.0301,0.326,0.159,0.0324,0.124,0.2773,0.0367,0.08,1854,258,0.085,4831,370,0.047,0.2405,0.0452,0.114,808,91,0.068,181800,6949,0.023,0.5264,0.1191,0.137,0.2772,0.0772,0.169,0.16,0.0368,0.14,0.7258,0.0554,0.046,0.0429,0.0141,0.2,0.0151,0.0156,0.63,0.0022,0.0037,1.012,0.0895,0.025,0.17,0.0965,0.0273,0.172
4200384704,2021,7623,47,0.004,3728,299,0.049,53.9,3.6,0.041,0.1799,0.0399,0.135,0.2832,0.0488,0.105,0.9192,0.032,0.021,0.0268,0.0184,0.417,0.0026,0.0024,0.547,0.0088,0.0063,0.435,52403,14326,0.166,36862,5527,0.091,0.1006,0.0451,0.272,0.0529,0.0369,0.424,0.5612,0.0325,0.035,0.3046,0.0549,0.11,3919,291,0.045,0.0487,0.0322,0.402,1957,3,0.001,0.7231,0.0407,0.034,0.0515,0.0279,0.329,0.1498,0.0493,0.2,0.0467,0.0178,0.232,0.3144,0.0659,0.127,1172,263,0.136,2556,223,0.053,0.2589,0.0567,0.133,881,62,0.043,118600,14148,0.073,0.3925,0.1282,0.199,0.0939,0.055,0.356,0.1757,0.0591,0.204,0.7456,0.0936,0.076,0.0186,0.0194,0.635,0.0224,0.02,0.542,0.0,0.0047,,0.1327,0.0779,0.357,0.0392,0.0281,0.436
4200385184,2021,6323,46,0.004,3144,180,0.035,44.6,3.5,0.048,0.164,0.0311,0.115,0.2594,0.044,0.103,0.6839,0.0435,0.039,0.2249,0.0441,0.119,0.0014,0.0025,1.081,0.0108,0.0068,0.384,59055,5102,0.053,35387,2736,0.047,0.0944,0.0394,0.254,0.0495,0.0256,0.314,0.6172,0.0382,0.038,0.3857,0.0562,0.089,3340,190,0.035,0.0587,0.0261,0.271,1958,2,0.001,0.6392,0.0279,0.026,0.0171,0.0145,0.518,0.0766,0.028,0.222,0.2198,0.0549,0.152,0.4383,0.0525,0.073,1378,183,0.081,1766,136,0.047,0.3981,0.0462,0.071,1056,41,0.024,120500,11112,0.056,0.4768,0.1196,0.153,0.2707,0.0997,0.224,0.1206,0.0501,0.253,0.7179,0.0392,0.033,0.0521,0.0188,0.219,0.0083,0.0108,0.794,0.0,0.0051,,0.1553,0.0508,0.199,0.0566,0.0292,0.314
4200385188,2021,14492,26,0.001,8099,433,0.033,41.9,3.8,0.055,0.1656,0.0317,0.116,0.2248,0.0316,0.085,0.3476,0.0377,0.066,0.5335,0.0435,0.05,0.0257,0.0148,0.351,0.0262,0.0108,0.25,39793,4415,0.067,32396,3030,0.057,0.2343,0.0552,0.143,0.0893,0.0225,0.153,0.6177,0.0332,0.033,0.3794,0.041,0.066,9958,483,0.029,0.1867,0.0263,0.086,1947,3,0.001,0.3478,0.0305,0.053,0.198,0.0326,0.1,0.154,0.0294,0.116,0.1737,0.0334,0.117,0.6996,0.0337,0.029,5666,408,0.044,2433,274,0.068,0.6777,0.0429,0.038,869,42,0.029,98600,13029,0.08,0.4031,0.0594,0.09,0.2217,0.0438,0.12,0.2141,0.0537,0.153,0.4723,0.0579,0.074,0.2065,0.0363,0.107,0.0333,0.0188,0.344,0.0121,0.0064,0.322,0.1269,0.0326,0.156,0.2984,0.0363,0.074
4200385496,2021,1846,460,0.151,853,134,0.095,38.1,3.9,0.062,0.2541,0.0408,0.098,0.1419,0.0222,0.095,0.5455,0.1674,0.186,0.3814,0.101,0.161,0.0,0.006,,0.0141,0.0136,0.589,26985,11889,0.268,19421,4161,0.13,0.3722,0.1106,0.181,0.1469,0.0841,0.348,0.5539,0.131,0.144,0.1945,0.0661,0.207,1188,125,0.064,0.282,0.066,0.142,1957,10,0.003,0.3182,0.0726,0.139,0.2601,0.0698,0.163,0.1448,0.0445,0.187,0.1086,0.0525,0.294,0.6612,0.0784,0.072,564,111,0.12,289,80,0.168,0.6711,0.105,0.095,849,86,0.062,55400,4453,0.049,0.4699,0.1395,0.18,0.2908,0.1259,0.263,0.1626,0.1134,0.424,0.7562,0.1496,0.12,0.0713,0.049,0.418,0.0083,0.013,0.95,0.0,0.0182,,0.0779,0.0976,0.761,0.3517,0.1057,0.183
4200300724,2022,1925,272,0.086,984,129,0.08,76.2,6.5,0.052,0.119,0.026,0.133,0.6104,0.0651,0.065,0.9418,0.0198,0.013,0.0042,0.0078,1.137,0.0177,0.0217,0.746,0.0223,0.03,0.815,76923,12121,0.096,61429,8476,0.084,0.0377,0.0264,0.426,0.0777,0.0959,0.75,0.2961,0.0392,0.081,0.4377,0.0114,0.016,1104,130,0.072,0.1087,0.0406,0.227,1995,3,0.001,0.3043,0.0432,0.086,0.0145,0.0109,0.458,0.0226,0.0152,0.409,0.4755,0.115,0.147,0.5366,0.1009,0.114,528,121,0.139,456,66,0.088,0.4742,0.1242,0.159,3501,,,242600,20274,0.051,0.5076,0.1587,0.19,0.358,0.1156,0.196,0.2873,0.0952,0.202,0.7979,0.0693,0.053,0.0,0.0232,,0.0189,0.0165,0.528,0.0,0.0232,,0.1284,0.0467,0.221,0.2581,0.1013,0.239
4200303320,2022,2890,21,0.004,1222,93,0.046,35.8,2.2,0.037,0.2841,0.0695,0.149,0.1401,0.0361,0.157,0.8152,0.1016,0.076,0.0412,0.0443,0.654,0.1391,0.0955,0.417,0.0045,0.0062,0.842,107738,43729,0.247,61443,8552,0.085,0.0166,0.0134,0.489,0.0301,0.0169,0.34,0.7355,0.0408,0.034,0.7555,0.1249,0.101,1347,106,0.048,0.0928,0.0537,0.352,1938,,,0.4491,0.085,0.115,0.2353,0.0828,0.214,0.1522,0.061,0.243,0.0,0.0115,,0.4182,0.1066,0.155,511,136,0.162,711,146,0.125,0.3796,0.1197,0.192,1182,285,0.147,367700,36723,0.061,0.2818,0.1036,0.223,0.1389,0.0799,0.35,0.1547,0.0821,0.322,0.6243,0.0804,0.078,0.0598,0.0326,0.331,0.0185,0.0226,0.741,0.0117,0.0144,0.749,0.2294,0.0764,0.203,0.0589,0.0404,0.417
4200303608,2022,4739,35,0.004,2632,198,0.046,42.8,5.9,0.084,0.0924,0.0306,0.201,0.2503,0.0578,0.14,0.77,0.0544,0.043,0.1564,0.0551,0.214,0.0194,0.0211,0.661,0.0162,0.0135,0.505,50725,7173,0.086,37246,4338,0.071,0.1366,0.0515,0.229,0.0394,0.0207,0.32,0.6322,0.0458,0.044,0.3279,0.0519,0.096,2961,203,0.042,0.1111,0.0456,0.25,1952,7,0.002,0.3695,0.0575,0.095,0.1685,0.0443,0.16,0.1341,0.0604,0.274,0.2837,0.0792,0.17,0.5783,0.0836,0.088,1522,248,0.099,1110,141,0.077,0.4978,0.0681,0.083,900,77,0.052,146600,13097,0.054,0.3495,0.1134,0.197,0.1991,0.0931,0.284,0.2477,0.0925,0.227,0.6541,0.0699,0.065,0.0629,0.0441,0.426,0.0303,0.0171,0.344,0.0051,0.0079,0.934,0.1364,0.0575,0.256,0.2173,0.0911,0.255
4200303928,2022,21266,30,0.001,9019,341,0.023,43.2,2.1,0.03,0.1908,0.0224,0.072,0.2164,0.0233,0.065,0.8112,0.0351,0.026,0.0469,0.0166,0.216,0.0821,0.0284,0.21,0.0268,0.0129,0.294,75139,7422,0.06,43470,8282,0.116,0.0753,0.0236,0.19,0.0383,0.0128,0.204,0.6519,0.0259,0.024,0.3024,0.0336,0.068,9688,356,0.022,0.0691,0.0242,0.213,1959,1,0.0,0.7284,0.0284,0.024,0.0235,0.0109,0.282,0.094,0.0301,0.194,0.0862,0.0256,0.18,0.2396,0.0408,0.104,2161,377,0.106,6858,426,0.038,0.2028,0.04,0.12,979,55,0.034,175900,8001,0.028,0.3906,0.0824,0.128,0.1911,0.0656,0.209,0.1671,0.0371,0.135,0.7309,0.0253,0.021,0.0356,0.0149,0.255,0.0162,0.0097,0.364,0.0,0.0019,,0.1262,0.0328,0.158,0.0864,0.0269,0.189
4200303932,2022,1962,338,0.105,828,104,0.076,41.7,8.3,0.121,0.211,0.078,0.225,0.1978,0.0048,0.015,0.9873,0.0274,0.017,0.0,0.0056,,0.0,0.0056,,0.0,0.0056,,80000,13009,0.099,38760,4075,0.064,0.0413,0.0194,0.286,0.0204,0.0193,0.574,0.6575,0.0105,0.01,0.3554,0.0801,0.137,867,98,0.069,0.045,0.0331,0.447,1954,2,0.001,0.9573,0.0431,0.027,0.0173,0.0283,0.994,0.0,0.0179,,0.0,0.0179,,0.0411,0.0297,0.44,34,25,0.447,794,107,0.082,0.0291,0.0177,0.369,1083,646,0.363,177100,8097,0.028,0.4706,0.4071,0.526,0.1765,0.1963,0.676,0.2217,0.0912,0.25,0.7222,0.0799,0.067,0.0414,0.0226,0.332,0.0,0.0111,,0.0,0.0111,,0.1556,0.0509,0.199,0.0266,0.0242,0.554
4200305216,2022,1615,170,0.064,575,56,0.059,43.7,3.9,0.054,0.2303,0.0331,0.087,0.1882,0.024,0.077,0.8533,0.0372,0.027,0.0254,0.0203,0.485,0.0149,0.0104,0.426,0.0056,0.008,0.876,156382,20531,0.08,83020,10751,0.079,0.0669,0.0352,0.32,0.0257,0.017,0.403,0.6656,0.0763,0.07,0.5597,0.0579,0.063,635,57,0.055,0.0945,0.0814,0.524,1960,4,0.001,0.9654,0.0335,0.021,0.0031,0.018,3.465,0.0094,0.0214,1.377,0.0,0.0245,,0.0765,0.0322,0.256,44,19,0.263,531,59,0.068,0.0718,0.0338,0.286,1067,502,0.286,413100,63254,0.093,0.3182,0.4206,0.804,0.25,0.2255,0.548,0.0998,0.0392,0.239,0.7237,0.1579,0.133,0.0025,0.0037,0.906,0.0099,0.0148,0.906,0.0,0.0136,,0.2206,0.0878,0.242,0.0139,0.0148,0.647
4200305312,2022,8236,54,0.004,4322,212,0.03,37.0,2.3,0.038,0.1463,0.0256,0.106,0.158,0.0299,0.115,0.8192,0.0458,0.034,0.1164,0.0388,0.203,0.0081,0.0052,0.39,0.0141,0.0062,0.267,60778,8301,0.083,45551,4603,0.061,0.0749,0.0217,0.176,0.0368,0.0143,0.235,0.7568,0.042,0.034,0.4531,0.0484,0.065,4854,247,0.031,0.1096,0.0381,0.211,1938,,,0.3632,0.0364,0.061,0.2194,0.0445,0.123,0.1821,0.0539,0.18,0.163,0.035,0.13,0.587,0.0591,0.061,2537,284,0.068,1785,196,0.067,0.4479,0.0615,0.083,916,37,0.025,162700,11424,0.043,0.3875,0.0801,0.126,0.1474,0.0518,0.214,0.1496,0.0505,0.205,0.6595,0.0723,0.067,0.0534,0.0208,0.237,0.0338,0.0182,0.328,0.0018,0.0027,0.945,0.164,0.0356,0.132,0.1467,0.0386,0.16
4200305504,2022,1878,197,0.064,779,104,0.081,38.5,2.2,0.035,0.2332,0.0241,0.063,0.1709,0.0523,0.186,0.8978,0.0573,0.039,0.0192,0.0088,0.28,0.0128,0.0084,0.4,0.0186,0.0137,0.447,97175,15010,0.094,55513,4883,0.053,0.0543,0.0224,0.25,0.0367,0.022,0.365,0.7463,0.1241,0.101,0.6388,0.1112,0.106,849,118,0.084,0.0824,0.0457,0.337,1938,,,0.7609,0.0728,0.058,0.1849,0.0556,0.183,0.0118,0.0191,0.986,0.0,0.0183,,0.2375,0.0513,0.131,185,47,0.154,594,87,0.089,0.1545,0.0332,0.13,1341,170,0.077,329200,26190,0.048,0.3297,0.1193,0.22,0.1568,0.0828,0.321,0.1919,0.0531,0.168,0.6729,0.0448,0.04,0.0346,0.0195,0.342,0.0079,0.0089,0.681,0.003,0.0039,0.808,0.2312,0.0623,0.164,0.0295,0.0168,0.346
4200305520,2022,312,59,0.115,104,25,0.146,42.0,6.3,0.091,0.2692,0.0448,0.101,0.1474,0.0525,0.216,0.984,0.263,0.162,0.0,0.0353,,0.0096,0.0127,0.802,0.0,0.0353,,223750,37125,0.101,82915,17688,0.13,0.0096,0.0114,0.722,0.0282,0.0392,0.843,0.7375,0.0094,0.008,0.8199,0.2049,0.152,108,26,0.146,0.037,0.0642,1.054,1938,,,1.0,0.0,0.0,0.0,0.144,,0.0,0.144,,0.0,0.144,,0.0,0.1058,,0,11,,104,25,0.146,0.0,0.0353,,,,,484200,41977,0.053,,,,,,,0.125,0.1766,0.859,0.6453,0.0222,0.021,0.0,0.064,,0.0116,0.0173,0.905,0.0,0.064,,0.2965,0.082,0.168,0.0192,0.1095,3.462
4200306064,2022,33275,23,0.0,14825,520,0.021,47.2,2.4,0.031,0.187,0.0168,0.054,0.2459,0.0191,0.047,0.9274,0.0171,0.011,0.0206,0.0098,0.288,0.0166,0.0084,0.307,0.0103,0.004,0.233,102177,7966,0.047,52803,2231,0.026,0.0472,0.0128,0.164,0.0381,0.0108,0.173,0.6502,0.0193,0.018,0.5096,0.0289,0.034,15596,503,0.02,0.0494,0.013,0.16,1965,2,0.001,0.7463,0.0129,0.011,0.01,0.0052,0.315,0.0689,0.0184,0.162,0.1099,0.0194,0.107,0.217,0.032,0.09,3217,487,0.092,11608,498,0.026,0.1434,0.0228,0.097,1181,74,0.038,243600,7878,0.02,0.4209,0.0541,0.078,0.2409,0.0541,0.137,0.1255,0.0277,0.134,0.667,0.0242,0.022,0.0606,0.0116,0.116,0.008,0.0051,0.387,0.0,0.0014,,0.206,0.0328,0.097,0.0548,0.0141,0.156
4200307000,2022,1532,200,0.079,902,138,0.093,50.5,4.2,0.051,0.1338,0.0384,0.175,0.3003,0.0765,0.155,0.8153,0.0357,0.027,0.049,0.0433,0.537,0.0927,0.0767,0.503,0.0,0.0072,,43333,17833,0.25,40216,7305,0.11,0.2239,0.0892,0.242,0.0437,0.0418,0.582,0.5951,0.052,0.053,0.431,0.0927,0.131,975,129,0.08,0.0749,0.0398,0.323,1951,7,0.002,0.2954,0.059,0.121,0.16,0.0746,0.283,0.1528,0.061,0.243,0.1846,0.095,0.313,0.6275,0.106,0.103,566,129,0.139,336,64,0.116,0.579,0.1064,0.112,794,64,0.049,169300,19040,0.068,0.4594,0.1459,0.193,0.1979,0.0881,0.271,0.125,0.0946,0.46,0.6436,0.0828,0.078,0.0731,0.0733,0.61,0.1084,0.0666,0.374,0.0,0.0144,,0.0914,0.047,0.313,0.3004,0.1137,0.23
4200307976,2022,3214,31,0.006,1551,143,0.056,47.9,6.5,0.082,0.14,0.0509,0.221,0.21,0.0487,0.141,0.92,0.0528,0.035,0.042,0.0436,0.63,0.0059,0.0096,0.992,0.0268,0.0299,0.679,49388,8308,0.102,28054,2633,0.057,0.1043,0.0515,0.3,0.0147,0.0169,0.701,0.5855,0.0963,0.1,0.1654,0.0748,0.275,1797,198,0.067,0.1369,0.0593,0.263,1938,,,0.6578,0.0642,0.059,0.1291,0.0729,0.343,0.0412,0.0396,0.584,0.064,0.0377,0.358,0.2953,0.0813,0.167,458,133,0.177,1093,156,0.087,0.2445,0.0924,0.23,694,124,0.109,84600,7501,0.054,0.1834,0.1185,0.393,0.0306,0.036,0.717,0.1747,0.1081,0.376,0.8058,0.1378,0.104,0.0279,0.0326,0.71,0.0127,0.015,0.721,0.0228,0.0263,0.7,0.0768,0.0468,0.37,0.185,0.08,0.263
4200307992,2022,1814,592,0.198,732,153,0.127,40.4,13.5,0.203,0.2326,0.074,0.193,0.1996,0.0839,0.255,0.1516,0.029,0.116,0.7955,0.1978,0.151,0.0,0.0061,,0.0116,0.0127,0.666,27212,11183,0.25,17645,5260,0.181,0.3092,0.0944,0.186,0.2939,0.3009,0.622,0.502,0.1681,0.204,0.1174,0.0453,0.235,1043,141,0.082,0.2982,0.0719,0.147,1938,,,0.5523,0.1218,0.134,0.1735,0.0617,0.216,0.0633,0.0471,0.452,0.0527,0.0355,0.41,0.6298,0.1728,0.167,461,159,0.21,271,73,0.164,0.6597,0.2621,0.242,912,340,0.227,43800,19627,0.272,0.7202,0.2083,0.176,0.308,0.1174,0.232,0.1255,0.1413,0.685,0.5639,0.2289,0.247,0.2868,0.1473,0.312,0.0138,0.0232,1.027,0.0,0.0216,,0.0393,0.0598,0.926,0.4167,0.1101,0.161
4200308008,2022,1625,298,0.111,905,103,0.069,48.2,9.4,0.119,0.1729,0.0735,0.258,0.2474,0.0344,0.084,0.5729,0.0592,0.063,0.368,0.1328,0.219,0.0148,0.0269,1.109,0.016,0.0151,0.574,36138,5417,0.091,32438,5260,0.099,0.176,0.0545,0.188,0.0379,0.0331,0.531,0.5543,0.082,0.09,0.2321,0.0585,0.153,965,91,0.057,0.0622,0.0421,0.411,1959,3,0.001,0.6259,0.0902,0.088,0.1171,0.0626,0.325,0.0155,0.0201,0.785,0.228,0.0628,0.168,0.4718,0.1003,0.129,427,103,0.147,478,83,0.106,0.3983,0.1314,0.201,361,138,0.232,108400,9432,0.053,0.3536,0.1403,0.241,0.1335,0.1077,0.49,0.2071,0.1057,0.31,0.777,0.2285,0.179,0.0423,0.0278,0.399,0.0,0.016,,0.0,0.016,,0.1706,0.1017,0.362,0.3171,0.0742,0.142
4200308064,2022,1235,212,0.104,479,60,0.076,42.7,7.4,0.105,0.2891,0.047,0.099,0.2024,0.0183,0.055,0.9482,0.057,0.037,0.0113,0.0103,0.555,0.0324,0.0434,0.814,0.0,0.0089,,165568,18076,0.066,70073,7798,0.068,0.0194,0.0145,0.454,0.0035,0.0069,1.21,0.6048,0.0872,0.088,0.7099,0.1233,0.106,498,61,0.074,0.0382,0.0459,0.732,1964,11,0.003,0.8534,0.0782,0.056,0.004,0.0229,3.465,0.0261,0.034,0.793,0.0,0.0312,,0.0334,0.0289,0.526,16,14,0.532,463,60,0.079,0.0154,0.0119,0.468,531,38,0.044,448000,17812,0.024,0.375,0.9811,1.591,0.0,0.6875,,0.1361,0.0562,0.251,0.7096,0.1285,0.11,0.0052,0.0104,1.21,0.0,0.0191,,0.0,0.0191,,0.2574,0.0535,0.126,0.0271,0.0354,0.793
4200308416,2022,9982,20,0.001,4621,332,0.044,36.7,2.3,0.038,0.2287,0.0419,0.111,0.1727,0.033,0.116,0.8444,0.0561,0.04,0.0531,0.0408,0.467,0.0326,0.0267,0.499,0.0088,0.0062,0.428,57900,9682,0.102,32600,3728,0.07,0.1319,0.075,0.345,0.0198,0.0133,0.41,0.6676,0.042,0.038,0.3549,0.0608,0.104,4897,348,0.043,0.0564,0.0421,0.454,1948,3,0.001,0.6551,0.0515,0.048,0.1188,0.0373,0.191,0.038,0.0217,0.348,0.1142,0.0695,0.37,0.3573,0.0708,0.12,1651,348,0.128,2970,400,0.082,0.3084,0.0635,0.125,805,106,0.08,131500,10395,0.048,0.5366,0.1994,0.226,0.2162,0.0779,0.219,0.1896,0.0601,0.193,0.6161,0.0364,0.036,0.1126,0.0488,0.264,0.0261,0.0211,0.491,0.0,0.0031,,0.1556,0.0589,0.23,0.1757,0.0726,0.251
4200308624,2022,4777,26,0.003,2485,135,0.033,43.0,3.1,0.044,0.1627,0.0394,0.147,0.225,0.0436,0.118,0.9138,0.0369,0.025,0.0469,0.0291,0.377,0.0,0.0023,,0.0002,0.0004,1.216,55709,9978,0.109,37930,3708,0.059,0.121,0.0358,0.18,0.0675,0.0375,0.338,0.6593,0.0368,0.034,0.292,0.0442,0.092,2708,161,0.036,0.0823,0.0414,0.306,1954,2,0.001,0.6665,0.0588,0.054,0.0883,0.0348,0.239,0.0919,0.0343,0.226,0.1292,0.0429,0.202,0.3956,0.0551,0.085,983,147,0.091,1502,158,0.064,0.3574,0.0559,0.095,873,45,0.031,158800,14667,0.056,0.3703,0.1073,0.176,0.1658,0.0775,0.284,0.1758,0.0553,0.191,0.741,0.0552,0.045,0.0333,0.0244,0.445,0.0209,0.0132,0.384,0.0,0.0044,,0.1466,0.0394,0.164,0.1614,0.061,0.23
4200311336,2022,8067,19,0.001,4074,236,0.035,40.4,5.1,0.077,0.1625,0.0388,0.145,0.2054,0.0383,0.113,0.7886,0.0503,0.039,0.1083,0.0362,0.203,0.0236,0.0166,0.429,0.0307,0.0212,0.419,61875,7145,0.07,40258,3636,0.055,0.1059,0.0496,0.285,0.0307,0.0153,0.304,0.7302,0.0364,0.03,0.3363,0.0423,0.077,4481,241,0.033,0.0908,0.0318,0.213,1953,3,0.001,0.5231,0.0469,0.054,0.1542,0.0305,0.12,0.0681,0.0263,0.235,0.1288,0.0388,0.183,0.4372,0.0526,0.073,1781,238,0.081,2293,216,0.057,0.3712,0.0466,0.076,825,62,0.046,159000,13644,0.052,0.2948,0.0843,0.174,0.1308,0.0703,0.327,0.1958,0.0614,0.19,0.6397,0.0563,0.054,0.0938,0.0288,0.187,0.0142,0.0122,0.525,0.004,0.0051,0.767,0.1749,0.0539,0.187,0.1419,0.0456,0.195
4200311680,2022,8283,19,0.001,3767,247,0.04,42.0,2.0,0.029,0.1483,0.0344,0.141,0.1994,0.0365,0.111,0.8283,0.0537,0.039,0.0436,0.0384,0.535,0.0602,0.0432,0.436,0.0302,0.0223,0.45,65700,8212,0.076,39137,3213,0.05,0.0828,0.0402,0.295,0.0138,0.0172,0.754,0.7105,0.044,0.038,0.3565,0.0553,0.094,4081,279,0.042,0.0769,0.047,0.371,1955,2,0.001,0.5366,0.0503,0.057,0.1179,0.0493,0.254,0.1061,0.0446,0.256,0.1696,0.0464,0.166,0.4218,0.0644,0.093,1589,264,0.101,2178,212,0.059,0.3466,0.0703,0.123,971,53,0.033,167400,7084,0.026,0.3335,0.1385,0.252,0.1624,0.0964,0.361,0.1777,0.0568,0.194,0.6264,0.0566,0.055,0.1261,0.0439,0.212,0.0473,0.028,0.36,0.0,0.0033,,0.1105,0.0335,0.184,0.1088,0.0523,0.292
4200312496,2022,649,151,0.141,363,95,0.159,49.7,7.7,0.094,0.1294,0.0438,0.206,0.188,0.0392,0.127,0.7612,0.0337,0.027,0.1834,0.1336,0.443,0.0046,0.0123,1.615,0.0123,0.0214,1.054,57135,10777,0.115,38487,4987,0.079,0.0709,0.0476,0.408,0.0074,0.0095,0.788,0.7071,0.1452,0.125,0.1996,0.0539,0.164,439,101,0.14,0.1731,0.0819,0.288,1955,4,0.001,0.779,0.1253,0.098,0.1708,0.0877,0.312,0.0,0.0354,,0.0342,0.0596,1.061,0.416,0.2073,0.303,151,85,0.342,212,52,0.149,0.2881,0.1284,0.271,733,55,0.046,95800,3633,0.023,0.2384,0.1531,0.39,0.1457,0.1204,0.502,0.1651,0.1127,0.415,0.7457,0.1621,0.132,0.037,0.0352,0.578,0.0,0.0272,,0.0,0.0272,,0.0988,0.0537,0.33,0.0248,0.0268,0.656
4200313392,2022,1638,210,0.078,760,75,0.06,48.4,4.3,0.054,0.1392,0.0312,0.136,0.2808,0.0335,0.073,0.9261,0.1526,0.1,0.0018,0.0024,0.807,0.0,0.0067,,0.0171,0.0219,0.778,70132,10310,0.089,40063,4971,0.075,0.0537,0.0293,0.331,0.0841,0.0469,0.339,0.6438,0.088,0.083,0.3358,0.0526,0.095,869,86,0.06,0.1254,0.0714,0.346,1955,2,0.001,0.8631,0.05,0.035,0.0265,0.0194,0.446,0.0138,0.0242,1.067,0.0,0.0179,,0.2066,0.0722,0.212,157,57,0.221,603,66,0.067,0.1904,0.1006,0.321,1059,167,0.096,153700,9234,0.037,0.3248,0.1413,0.264,0.1401,0.1168,0.507,0.131,0.0628,0.291,0.794,0.0651,0.05,0.0163,0.016,0.596,0.0063,0.01,0.965,0.0,0.0138,,0.1018,0.0474,0.283,0.0355,0.0287,0.491
4200313608,2022,3127,21,0.004,1311,119,0.055,45.9,15.0,0.199,0.2239,0.0698,0.19,0.2821,0.051,0.11,0.7912,0.0596,0.046,0.102,0.0352,0.21,0.016,0.0141,0.535,0.0185,0.0163,0.535,102216,15153,0.09,53203,8664,0.099,0.0329,0.02,0.369,0.0658,0.0386,0.356,0.6727,0.0736,0.067,0.653,0.1041,0.097,1349,121,0.055,0.0282,0.0266,0.573,1961,3,0.001,0.9748,0.0164,0.01,0.0,0.0115,,0.0067,0.0132,1.201,0.0119,0.0126,0.645,0.0328,0.025,0.463,43,33,0.467,1268,122,0.058,0.0349,0.0314,0.547,,,,220300,14971,0.041,0.0,0.5116,,0.0,0.2558,,0.1711,0.0687,0.244,0.545,0.1275,0.142,0.0335,0.0243,0.442,0.0283,0.025,0.537,0.0,0.0071,,0.3436,0.1316,0.233,0.0053,0.0113,1.29
4200313704,2022,6182,29,0.003,2747,241,0.053,41.8,3.5,0.051,0.2087,0.0498,0.145,0.2247,0.0434,0.117,0.5196,0.0781,0.091,0.3973,0.0747,0.114,0.0,0.0026,,0.0592,0.04,0.41,41301,9551,0.141,25125,2622,0.063,0.2305,0.0631,0.166,0.1064,0.0535,0.306,0.5274,0.0658,0.076,0.1965,0.0448,0.139,3699,298,0.049,0.2574,0.0443,0.105,1942,4,0.001,0.6015,0.0377,0.038,0.1035,0.0351,0.206,0.0822,0.0297,0.219,0.0292,0.0365,0.76,0.403,0.0905,0.137,1107,267,0.147,1640,191,0.071,0.4154,0.0903,0.132,925,192,0.126,54900,6250,0.069,0.5863,0.1542,0.16,0.3613,0.1603,0.27,0.2226,0.0673,0.184,0.7003,0.1416,0.123,0.0348,0.0235,0.411,0.0,0.0069,,0.0,0.0069,,0.0989,0.0504,0.31,0.1678,0.0758,0.275
4200315216,2022,8859,44,0.003,3913,233,0.036,49.3,1.3,0.016,0.1982,0.0374,0.115,0.2569,0.0417,0.099,0.8817,0.0457,0.032,0.0393,0.0344,0.533,0.0367,0.019,0.314,0.0047,0.0042,0.536,98021,8009,0.05,63607,6698,0.064,0.0544,0.0251,0.281,0.0378,0.0221,0.355,0.6337,0.0429,0.041,0.4637,0.0531,0.07,4161,240,0.035,0.0596,0.0376,0.383,2001,2,0.001,0.6258,0.0383,0.037,0.0,0.0054,,0.0812,0.0369,0.276,0.0118,0.0149,0.77,0.1449,0.0452,0.19,567,180,0.193,3346,222,0.04,0.113,0.0395,0.212,1699,167,0.06,329400,25522,0.047,0.4621,0.1966,0.259,0.2487,0.1518,0.371,0.2328,0.067,0.175,0.622,0.0709,0.069,0.0316,0.0231,0.445,0.0005,0.0009,1.215,0.0,0.0036,,0.1786,0.0539,0.184,0.0284,0.0236,0.506
4200316144,2022,5510,34,0.004,2516,249,0.06,37.4,3.0,0.049,0.2209,0.0466,0.128,0.2062,0.0361,0.106,0.6902,0.0928,0.082,0.1866,0.0936,0.305,0.0029,0.0034,0.722,0.0392,0.0212,0.329,55714,10450,0.114,29953,3674,0.075,0.1485,0.0414,0.17,0.0497,0.0285,0.349,0.6674,0.0586,0.053,0.3081,0.0666,0.131,2904,263,0.055,0.1336,0.0527,0.24,1942,5,0.002,0.6129,0.0453,0.045,0.1278,0.0447,0.213,0.0851,0.0437,0.312,0.1185,0.0335,0.172,0.4964,0.0574,0.07,1249,190,0.092,1267,224,0.107,0.4618,0.0861,0.113,867,75,0.053,120000,20458,0.104,0.4315,0.1092,0.154,0.1954,0.0761,0.237,0.2494,0.0835,0.204,0.6348,0.0671,0.064,0.0353,0.0203,0.35,0.0455,0.0297,0.398,0.0,0.0058,,0.1255,0.0691,0.335,0.1435,0.0426,0.181
4200316848,2022,6044,19,0.002,3042,172,0.034,44.0,5.9,0.082,0.153,0.0322,0.128,0.1947,0.0393,0.123,0.8896,0.0481,0.033,0.07,0.0442,0.384,0.005,0.0119,1.459,0.0174,0.0129,0.452,72099,7221,0.061,48606,5808,0.073,0.0677,0.024,0.215,0.0611,0.0345,0.344,0.7056,0.0557,0.048,0.3824,0.0657,0.104,3270,197,0.037,0.0697,0.0368,0.321,1938,,,0.4924,0.0552,0.068,0.3021,0.0643,0.129,0.0743,0.0358,0.293,0.0498,0.0229,0.28,0.4017,0.0683,0.103,1222,219,0.109,1820,211,0.07,0.3035,0.0523,0.105,996,71,0.043,175300,13462,0.047,0.4141,0.0911,0.134,0.2054,0.0703,0.208,0.1187,0.0434,0.222,0.7384,0.0902,0.074,0.0498,0.0234,0.286,0.0221,0.0144,0.396,0.0,0.0047,,0.138,0.037,0.163,0.1404,0.0443,0.192
4200317048,2022,2455,256,0.063,1035,125,0.073,50.8,3.5,0.042,0.1853,0.0323,0.106,0.268,0.0423,0.096,0.9234,0.0344,0.023,0.002,0.0028,0.849,0.0253,0.0206,0.496,0.0253,0.0214,0.516,76116,11951,0.095,39767,3878,0.059,0.0692,0.0389,0.341,0.0959,0.061,0.386,0.5989,0.0375,0.038,0.2613,0.0686,0.16,1144,114,0.061,0.0953,0.0445,0.284,1961,4,0.001,0.8855,0.0482,0.033,0.0288,0.0205,0.432,0.0079,0.0124,0.958,0.0,0.0136,,0.1082,0.0495,0.278,112,53,0.288,923,114,0.075,0.0899,0.0465,0.314,1048,89,0.052,165300,12230,0.045,0.4196,0.295,0.427,0.0893,0.0787,0.536,0.2189,0.0804,0.223,0.7607,0.0714,0.057,0.0009,0.0019,1.213,0.0455,0.0572,0.765,0.0,0.0102,,0.154,0.0438,0.173,0.0077,0.0137,1.077
4200319576,2022,8199,21,0.002,4157,203,0.03,37.3,1.1,0.018,0.1609,0.028,0.106,0.1555,0.0261,0.102,0.895,0.0331,0.022,0.0309,0.0235,0.464,0.0068,0.0035,0.315,0.0445,0.0237,0.323,73798,5073,0.042,45008,4159,0.056,0.0851,0.0282,0.201,0.053,0.0297,0.34,0.795,0.0249,0.019,0.4857,0.0504,0.063,4598,231,0.031,0.0959,0.0301,0.191,1938,,,0.57,0.0462,0.049,0.2025,0.0346,0.104,0.1309,0.0461,0.214,0.0148,0.0118,0.487,0.4224,0.0618,0.089,1756,271,0.094,2401,231,0.058,0.3317,0.0516,0.095,1028,56,0.033,186200,10673,0.035,0.4157,0.1386,0.203,0.1879,0.1007,0.326,0.1524,0.0572,0.228,0.5864,0.0461,0.048,0.1092,0.0255,0.142,0.0296,0.0117,0.239,0.0,0.0031,,0.2051,0.0362,0.107,0.1058,0.0325,0.187
4200319856,2022,1614,271,0.102,823,140,0.103,47.9,4.1,0.052,0.083,0.0244,0.179,0.2509,0.055,0.133,0.9318,0.0749,0.049,0.0223,0.0239,0.651,0.0,0.0068,,0.0403,0.0283,0.428,43208,11237,0.158,37504,9853,0.16,0.1351,0.1184,0.533,0.0686,0.0375,0.333,0.573,0.0254,0.027,0.1813,0.0413,0.138,971,125,0.078,0.1524,0.0564,0.225,1947,3,0.001,0.5324,0.0144,0.016,0.137,0.0815,0.362,0.2297,0.0452,0.12,0.0,0.016,,0.4885,0.1498,0.186,402,141,0.213,421,57,0.082,0.4349,0.1429,0.2,565,69,0.074,92700,8687,0.057,0.4204,0.162,0.234,0.2662,0.1757,0.401,0.152,0.0748,0.299,0.7389,0.1835,0.151,0.0951,0.0935,0.598,0.0076,0.0113,0.905,0.0,0.0139,,0.052,0.0316,0.369,0.0996,0.085,0.519
4200320432,2022,5241,24,0.003,2083,214,0.062,36.5,5.4,0.09,0.2702,0.0519,0.117,0.1463,0.034,0.141,0.3801,0.0597,0.095,0.4398,0.0782,0.108,0.0,0.0031,,0.0229,0.0229,0.608,40969,2463,0.037,24342,5314,0.133,0.2583,0.0645,0.152,0.0783,0.03,0.233,0.6225,0.0564,0.055,0.1061,0.032,0.183,2862,223,0.047,0.2722,0.0445,0.099,1944,4,0.001,0.6356,0.0565,0.054,0.1268,0.0483,0.232,0.1122,0.054,0.293,0.0465,0.0311,0.406,0.554,0.0516,0.057,1154,160,0.084,929,167,0.109,0.5706,0.0774,0.082,681,78,0.07,53400,3593,0.041,0.3744,0.1152,0.187,0.2028,0.0893,0.268,0.1776,0.0798,0.273,0.4062,0.0721,0.108,0.2226,0.0644,0.176,0.0922,0.0753,0.497,0.0009,0.0022,1.518,0.1583,0.1292,0.496,0.3437,0.0748,0.132
4200321024,2022,1438,120,0.051,642,73,0.069,42.2,2.8,0.04,0.2364,0.0396,0.102,0.1439,0.039,0.165,0.9318,0.0447,0.029,0.0292,0.0165,0.344,0.0028,0.0035,0.758,0.0083,0.0118,0.86,63000,13929,0.134,33070,4198,0.077,0.1477,0.066,0.272,0.0495,0.028,0.344,0.6919,0.0423,0.037,0.2715,0.0931,0.209,769,77,0.061,0.1651,0.0588,0.217,1951,5,0.002,0.6684,0.0709,0.065,0.143,0.0504,0.214,0.0,0.0202,,0.0676,0.0526,0.473,0.3442,0.0744,0.131,221,54,0.149,421,76,0.11,0.3631,0.0796,0.133,942,98,0.063,105000,12088,0.07,0.3937,0.1488,0.23,0.2353,0.0813,0.21,0.1093,0.0617,0.343,0.8042,0.0426,0.032,0.014,0.011,0.479,0.0084,0.0097,0.704,0.0084,0.0139,1.01,0.0601,0.0397,0.401,0.0654,0.0328,0.305
4200321444,2022,2074,195,0.057,1012,104,0.062,48.1,3.8,0.048,0.1273,0.0368,0.176,0.2473,0.0525,0.129,0.8472,0.0656,0.047,0.0815,0.053,0.395,0.0014,0.0029,1.214,0.0,0.0053,,60988,7692,0.077,35492,4167,0.071,0.0521,0.0338,0.395,0.0678,0.0432,0.387,0.6351,0.057,0.055,0.2172,0.07,0.196,1101,101,0.056,0.0808,0.0476,0.358,1951,3,0.001,0.7212,0.0568,0.048,0.1317,0.0578,0.267,0.0672,0.0345,0.312,0.0218,0.0175,0.489,0.3291,0.0693,0.128,333,78,0.142,679,107,0.096,0.2425,0.0671,0.168,730,47,0.039,80400,7297,0.055,0.4805,0.1473,0.186,0.2042,0.0833,0.248,0.1458,0.0663,0.276,0.698,0.0669,0.058,0.0374,0.0462,0.751,0.0036,0.0064,1.06,0.0,0.01,,0.1432,0.0623,0.264,0.1383,0.0571,0.251
4200321712,2022,1866,517,0.168,809,117,0.088,32.7,6.6,0.123,0.2985,0.0852,0.173,0.1174,0.0284,0.147,0.2722,0.0676,0.151,0.6795,0.1291,0.116,0.0,0.0059,,0.0,0.0059,,35483,6246,0.107,21343,4523,0.129,0.3161,0.1195,0.23,0.0536,0.0604,0.685,0.578,0.1879,0.198,0.2129,0.0501,0.143,1048,83,0.048,0.2281,0.0752,0.2,1951,7,0.002,0.3683,0.0898,0.148,0.2424,0.0765,0.192,0.166,0.0987,0.361,0.0496,0.0258,0.316,0.712,0.0511,0.044,576,93,0.098,233,98,0.256,0.6656,0.2611,0.239,802,209,0.158,64100,8956,0.085,0.2812,0.1328,0.287,0.2153,0.1201,0.339,0.1931,0.1444,0.454,0.5312,0.1891,0.216,0.1451,0.1192,0.499,0.0435,0.0455,0.635,0.0,0.016,,0.1945,0.1311,0.41,0.3412,0.0804,0.143
4200322520,2022,3104,41,0.008,1559,74,0.029,37.6,3.0,0.049,0.1608,0.0354,0.134,0.1356,0.0252,0.113,0.8341,0.0437,0.032,0.0622,0.0248,0.242,0.0377,0.0242,0.39,0.029,0.0203,0.425,92750,9768,0.064,63603,5950,0.057,0.0517,0.026,0.306,0.0387,0.0228,0.358,0.8373,0.0363,0.026,0.7332,0.0617,0.051,1628,88,0.033,0.0424,0.0319,0.457,1938,,,0.6339,0.0618,0.059,0.1136,0.0763,0.408,0.1585,0.0375,0.144,0.0184,0.0173,0.571,0.3759,0.0629,0.102,586,102,0.106,973,106,0.066,0.3064,0.063,0.125,1051,173,0.1,296700,25552,0.052,0.227,0.0812,0.217,0.0512,0.0347,0.412,0.223,0.0644,0.175,0.5541,0.0308,0.034,0.0973,0.0251,0.157,0.0132,0.0089,0.41,0.0156,0.0127,0.496,0.2659,0.0592,0.135,0.0513,0.0251,0.298
4200322576,2022,1520,121,0.048,574,62,0.066,47.2,5.1,0.066,0.2355,0.0344,0.089,0.225,0.0372,0.101,0.9349,0.0197,0.013,0.0086,0.0092,0.653,0.0099,0.0098,0.606,0.0316,0.0236,0.453,208333,55903,0.163,122468,14663,0.073,0.0118,0.0082,0.42,0.0401,0.0269,0.408,0.5844,0.0256,0.027,0.8123,0.0395,0.03,650,63,0.059,0.1169,0.0558,0.29,1943,5,0.002,0.98,0.1335,0.083,0.0154,0.02,0.79,0.0,0.0239,,0.0,0.0239,,0.0871,0.0299,0.209,50,18,0.219,524,59,0.068,0.056,0.0199,0.216,1313,525,0.243,714100,61815,0.053,0.06,0.3888,3.939,0.06,0.077,0.78,0.2099,0.0464,0.134,0.6727,0.054,0.049,0.0061,0.0075,0.757,0.0121,0.0105,0.528,0.0,0.0167,,0.2727,0.0654,0.146,0.0192,0.0139,0.441
4200322992,2022,1433,212,0.09,605,57,0.057,38.3,5.1,0.081,0.1835,0.0381,0.126,0.1745,0.0282,0.098,0.8542,0.1589,0.113,0.023,0.0178,0.47,0.0063,0.0097,0.941,0.06,0.0487,0.494,45324,5898,0.079,27832,3835,0.084,0.1968,0.0457,0.141,0.0458,0.0241,0.32,0.6015,0.124,0.125,0.2215,0.054,0.148,649,66,0.062,0.0678,0.055,0.494,1938,,,0.7026,0.0511,0.044,0.1248,0.0489,0.238,0.0216,0.0185,0.521,0.1002,0.0658,0.399,0.4281,0.0702,0.1,259,49,0.115,346,48,0.084,0.3266,0.0605,0.113,716,52,0.044,103000,12100,0.071,0.3977,0.1343,0.205,0.2355,0.1235,0.319,0.1676,0.071,0.258,0.7686,0.0452,0.036,0.0685,0.0555,0.493,0.0274,0.021,0.465,0.0,0.0167,,0.0381,0.0222,0.355,0.1504,0.0622,0.251
4200323000,2022,12908,24,0.001,5356,312,0.035,48.2,2.5,0.032,0.1852,0.0282,0.093,0.2282,0.0291,0.077,0.9338,0.0288,0.019,0.014,0.0154,0.668,0.0153,0.0171,0.679,0.0126,0.0084,0.403,76201,10006,0.08,42764,3984,0.057,0.0509,0.0178,0.213,0.0223,0.0111,0.303,0.5939,0.0232,0.024,0.3116,0.0412,0.08,5864,334,0.035,0.0866,0.0324,0.227,1960,3,0.001,0.8695,0.0374,0.026,0.0038,0.004,0.642,0.035,0.0222,0.386,0.0085,0.0108,0.772,0.1285,0.0343,0.162,688,188,0.166,4668,328,0.043,0.0983,0.0316,0.195,966,197,0.124,151600,9285,0.037,0.4215,0.1854,0.267,0.0945,0.0894,0.575,0.157,0.0493,0.191,0.8359,0.0414,0.03,0.0048,0.0051,0.648,0.0047,0.0079,1.027,0.0,0.0029,,0.0837,0.0407,0.296,0.0465,0.0336,0.44
4200323616,2022,2524,320,0.077,1103,101,0.056,37.9,3.1,0.05,0.2373,0.0481,0.123,0.1486,0.0327,0.134,0.8031,0.0202,0.015,0.0804,0.0371,0.28,0.0083,0.0098,0.72,0.0662,0.0468,0.43,59611,10687,0.109,33650,3583,0.065,0.1243,0.0545,0.267,0.0558,0.0256,0.278,0.6355,0.0378,0.036,0.4028,0.0753,0.114,1159,93,0.049,0.0483,0.0369,0.464,1951,4,0.001,0.6894,0.0593,0.052,0.0509,0.0306,0.365,0.1389,0.0464,0.203,0.0716,0.0431,0.366,0.3309,0.0599,0.11,365,74,0.123,738,99,0.082,0.2733,0.0748,0.166,943,37,0.024,178000,22051,0.075,0.5863,0.1702,0.176,0.2192,0.1179,0.327,0.1883,0.0771,0.249,0.6929,0.0617,0.054,0.0414,0.0252,0.37,0.0157,0.0131,0.507,0.0,0.0091,,0.173,0.0551,0.194,0.0408,0.0319,0.475
4200324160,2022,3413,18,0.003,1656,132,0.048,41.8,4.5,0.065,0.1729,0.0434,0.152,0.1925,0.0543,0.172,0.8717,0.0467,0.033,0.0375,0.0396,0.641,0.0167,0.0223,0.811,0.0243,0.022,0.549,46892,8190,0.106,30318,3556,0.071,0.1527,0.0643,0.256,0.0888,0.0522,0.357,0.6309,0.0636,0.061,0.2341,0.0554,0.144,1779,156,0.053,0.0691,0.048,0.422,1938,,,0.6745,0.0466,0.042,0.1653,0.0631,0.232,0.0641,0.0541,0.513,0.0332,0.0358,0.656,0.494,0.1039,0.128,818,184,0.137,838,134,0.097,0.4213,0.0839,0.121,839,84,0.061,114900,13293,0.07,0.5281,0.155,0.178,0.3142,0.1491,0.289,0.1647,0.0772,0.285,0.6829,0.09,0.08,0.0791,0.044,0.338,0.0639,0.0366,0.348,0.0,0.007,,0.1114,0.0385,0.21,0.1938,0.086,0.27
4200325400,2022,2289,273,0.073,955,106,0.067,43.9,3.2,0.044,0.2075,0.0476,0.14,0.2023,0.0343,0.103,0.9624,0.1609,0.102,0.0,0.0048,,0.0,0.0048,,0.0048,0.0087,1.103,75125,14943,0.121,43037,9245,0.131,0.0887,0.0467,0.32,0.0732,0.0626,0.52,0.6611,0.0712,0.065,0.2825,0.0696,0.15,999,100,0.061,0.044,0.0358,0.494,1960,4,0.001,0.9069,0.0445,0.03,0.013,0.0228,1.066,0.0,0.0156,,0.0,0.0156,,0.1435,0.0564,0.239,137,56,0.248,818,99,0.074,0.1167,0.0456,0.237,877,168,0.116,185800,14137,0.046,0.2482,0.1889,0.463,0.1752,0.1678,0.582,0.1883,0.0879,0.284,0.8311,0.0706,0.052,0.008,0.0124,0.942,0.0,0.0098,,0.0,0.0098,,0.1058,0.0525,0.301,0.0199,0.0211,0.644
4200325904,2022,6375,16,0.002,2895,210,0.044,37.6,1.7,0.027,0.1975,0.0391,0.12,0.1407,0.0357,0.154,0.9186,0.038,0.025,0.0041,0.0049,0.725,0.0155,0.0116,0.454,0.0207,0.0249,0.732,85991,21073,0.149,43928,3666,0.051,0.0605,0.0299,0.301,0.0429,0.0484,0.687,0.7003,0.069,0.06,0.3773,0.0672,0.108,2952,196,0.04,0.0193,0.0305,0.959,1981,4,0.001,0.6751,0.0786,0.071,0.0491,0.033,0.409,0.0495,0.0305,0.374,0.0091,0.0152,1.011,0.2798,0.0768,0.167,810,230,0.173,2085,247,0.072,0.2543,0.0875,0.209,804,232,0.175,236200,22891,0.059,0.3728,0.1833,0.299,0.0889,0.0788,0.539,0.1621,0.0671,0.252,0.7788,0.0607,0.047,0.0392,0.0309,0.48,0.0346,0.035,0.616,0.0006,0.0017,1.823,0.0865,0.0334,0.235,0.0142,0.0153,0.657
4200326592,2022,6397,41,0.004,3254,215,0.04,44.7,3.1,0.042,0.1316,0.0343,0.158,0.2289,0.0403,0.107,0.7962,0.0488,0.037,0.1269,0.0344,0.165,0.0058,0.0078,0.821,0.0341,0.0214,0.382,82962,8126,0.06,55604,8765,0.096,0.0366,0.0132,0.219,0.0822,0.0378,0.279,0.7176,0.0375,0.032,0.6027,0.0635,0.064,3604,215,0.036,0.0971,0.0345,0.216,1948,4,0.001,0.7211,0.0275,0.023,0.0974,0.0318,0.199,0.0219,0.0192,0.531,0.0774,0.0452,0.355,0.2996,0.0666,0.135,975,226,0.141,2279,154,0.041,0.2375,0.0456,0.117,991,92,0.056,171300,15920,0.056,0.4092,0.1807,0.268,0.0585,0.031,0.323,0.1071,0.0392,0.222,0.6503,0.0334,0.031,0.0784,0.0299,0.232,0.0069,0.0077,0.679,0.0,0.0044,,0.1958,0.0564,0.175,0.0784,0.0253,0.197
4200326896,2022,3066,16,0.003,1377,102,0.045,50.4,4.0,0.048,0.1318,0.0416,0.192,0.2508,0.0558,0.135,0.9116,0.0493,0.033,0.0124,0.0183,0.896,0.0,0.0036,,0.0411,0.0382,0.564,70050,11004,0.095,36843,4907,0.081,0.0359,0.021,0.356,0.0587,0.0429,0.444,0.5033,0.0448,0.054,0.1255,0.0443,0.215,1448,110,0.046,0.049,0.0322,0.4,1954,5,0.002,0.7997,0.077,0.059,0.0366,0.0252,0.418,0.0076,0.014,1.118,0.0,0.0107,,0.1256,0.0625,0.302,173,87,0.306,1204,115,0.058,0.1066,0.0585,0.334,849,67,0.048,159800,12473,0.047,0.1618,0.1651,0.62,0.1098,0.1273,0.704,0.1213,0.0593,0.297,0.8047,0.119,0.09,0.0,0.0087,,0.0,0.0087,,0.0,0.0087,,0.0827,0.0544,0.4,0.0537,0.0424,0.48
4200327120,2022,5299,22,0.003,1779,117,0.04,47.2,3.7,0.048,0.2834,0.048,0.103,0.2,0.0367,0.112,0.8705,0.0393,0.027,0.0,0.003,,0.0691,0.0266,0.234,0.0338,0.0194,0.35,250001,,,126839,17768,0.085,0.0115,0.0142,0.748,0.0323,0.0211,0.396,0.602,0.0444,0.045,0.8574,0.0802,0.057,1963,161,0.05,0.0937,0.054,0.35,1966,4,0.001,0.9628,0.0391,0.025,0.0183,0.0224,0.742,0.0,0.0115,,0.0,0.0115,,0.0748,0.0419,0.34,133,75,0.343,1646,126,0.047,0.0615,0.0419,0.414,,,,856100,65903,0.047,0.0,0.2406,,0.0,0.1203,,0.1889,0.0622,0.2,0.7245,0.0807,0.068,0.0,0.0069,,0.019,0.0146,0.466,0.0155,0.0185,0.724,0.2018,0.0524,0.158,0.0191,0.0237,0.753
4200327552,2022,15305,32,0.001,5358,315,0.036,41.1,1.8,0.027,0.2735,0.0324,0.072,0.1507,0.0211,0.085,0.7774,0.0347,0.027,0.0324,0.0247,0.463,0.1441,0.0292,0.123,0.0189,0.0153,0.491,158052,17508,0.067,72508,5494,0.046,0.0333,0.0196,0.358,0.0426,0.0326,0.466,0.7131,0.0241,0.021,0.7298,0.0554,0.046,5667,364,0.039,0.0545,0.0333,0.372,1985,1,0.0,0.822,0.025,0.018,0.0226,0.0221,0.594,0.0122,0.0107,0.536,0.0074,0.007,0.575,0.081,0.0266,0.2,434,145,0.203,4924,375,0.046,0.0869,0.036,0.252,1940,402,0.126,436300,13645,0.019,0.3664,0.2294,0.381,0.212,0.2047,0.587,0.1665,0.0366,0.134,0.7159,0.0377,0.032,0.0059,0.0062,0.633,0.0011,0.0018,0.945,0.0,0.0023,,0.1901,0.0354,0.113,0.0431,0.0323,0.456
4200327608,2022,1099,150,0.083,461,53,0.07,50.0,6.1,0.074,0.1447,0.0355,0.149,0.2029,0.0429,0.129,0.9945,0.0142,0.009,0.0,0.01,,0.0009,0.0027,1.822,0.0045,0.0045,0.602,83750,17769,0.129,42352,4943,0.071,0.0637,0.0312,0.298,0.0193,0.016,0.502,0.6949,0.0771,0.067,0.2636,0.0455,0.105,517,56,0.066,0.1083,0.0489,0.274,1957,3,0.001,0.8917,0.0711,0.048,0.0232,0.0328,0.86,0.0,0.0301,,0.0039,0.0226,3.557,0.1215,0.0812,0.407,56,38,0.413,405,47,0.071,0.0992,0.0845,0.518,840,137,0.099,175400,25691,0.089,0.0,0.3929,,0.0,0.1964,,0.1383,0.0567,0.249,0.809,0.025,0.019,0.0,0.0171,,0.0047,0.0061,0.802,0.0,0.0171,,0.0575,0.0324,0.343,0.039,0.0319,0.497
4200329432,2022,4439,19,0.003,1797,174,0.059,38.5,3.6,0.057,0.2145,0.0489,0.139,0.1469,0.0352,0.146,0.8579,0.0562,0.04,0.057,0.0399,0.425,0.005,0.0083,1.022,0.0473,0.032,0.411,49345,9994,0.123,25333,2616,0.063,0.124,0.0487,0.239,0.0987,0.0397,0.244,0.7163,0.0493,0.042,0.1349,0.0483,0.218,2098,226,0.065,0.1435,0.0595,0.252,1950,4,0.001,0.7302,0.0619,0.052,0.1349,0.0525,0.236,0.05,0.0372,0.451,0.0262,0.0226,0.524,0.3255,0.0694,0.13,585,137,0.142,1212,169,0.085,0.3193,0.0954,0.182,820,62,0.046,81300,11988,0.09,0.4068,0.1516,0.227,0.2085,0.1185,0.346,0.2112,0.0894,0.257,0.6994,0.1057,0.092,0.0938,0.061,0.396,0.0267,0.0274,0.625,0.0,0.0051,,0.0257,0.0265,0.626,0.0762,0.0387,0.309
4200329592,2022,224,53,0.144,90,22,0.149,40.2,12.0,0.181,0.2054,0.0807,0.239,0.1562,0.0863,0.336,0.9241,0.0635,0.042,0.0,0.0491,,0.0,0.0491,,0.0223,0.0308,0.839,96250,42920,0.271,45683,11258,0.15,0.058,0.0856,0.896,0.089,0.0768,0.524,0.8202,0.1474,0.109,0.351,0.1194,0.207,109,22,0.123,0.1743,0.1235,0.431,1943,8,0.003,0.9083,0.0845,0.057,0.0826,0.1293,0.952,0.0,0.1427,,0.0,0.1427,,0.1222,0.0837,0.416,11,8,0.442,79,20,0.154,0.1116,0.0759,0.413,933,115,0.075,160200,28425,0.108,0.3636,1.0347,1.73,0.0909,0.1694,1.133,0.2025,0.3365,1.01,0.7143,0.3008,0.256,0.0,0.0827,,0.0902,0.1095,0.738,0.0,0.0827,,0.0827,0.0629,0.463,0.0111,0.1267,6.93
4200329732,2022,444,60,0.082,181,26,0.087,49.5,1.7,0.021,0.1824,0.0464,0.155,0.2297,0.0502,0.133,0.8829,0.1672,0.115,0.0293,0.0358,0.744,0.0135,0.0134,0.602,0.036,0.0357,0.602,118750,23660,0.121,75245,13332,0.108,0.0297,0.0295,0.603,0.0293,0.0332,0.689,0.6497,0.0281,0.026,0.7122,0.0681,0.058,193,27,0.085,0.0622,0.0563,0.551,1938,,,0.9585,0.0399,0.025,0.0311,0.0703,1.375,0.0,0.0806,,0.0,0.0806,,0.0552,0.0435,0.478,10,8,0.486,171,24,0.085,0.0352,0.0254,0.439,1750,269,0.093,491700,67704,0.084,0.3,1.9319,3.915,0.3,0.32,0.648,0.2807,0.1476,0.32,0.6483,0.0729,0.068,0.0212,0.0337,0.968,0.0297,0.0207,0.424,0.0127,0.0211,1.009,0.1992,0.0791,0.241,0.0497,0.0717,0.876
4200331256,2022,4870,19,0.002,2334,170,0.044,44.7,4.8,0.065,0.1618,0.0408,0.153,0.2392,0.0551,0.14,0.8998,0.0438,0.03,0.0002,0.0006,1.824,0.062,0.0398,0.39,0.0053,0.0088,1.005,86450,5628,0.04,48814,4605,0.057,0.0819,0.0416,0.308,0.0,0.0038,,0.709,0.0551,0.047,0.4751,0.0675,0.086,2457,204,0.05,0.0501,0.0434,0.526,1960,3,0.001,0.7831,0.0586,0.045,0.0317,0.0336,0.643,0.0163,0.017,0.634,0.1689,0.0829,0.298,0.2652,0.0786,0.18,619,189,0.186,1715,229,0.081,0.2446,0.0674,0.168,1571,384,0.149,229700,10168,0.027,0.3231,0.1919,0.361,0.2262,0.1863,0.501,0.1942,0.0772,0.242,0.6528,0.0909,0.085,0.0721,0.0438,0.369,0.024,0.0229,0.579,0.0,0.0038,,0.2246,0.0716,0.194,0.0321,0.0261,0.493
4200332328,2022,18382,21,0.001,6926,234,0.021,44.0,3.0,0.041,0.2329,0.0335,0.087,0.1895,0.0217,0.07,0.922,0.0232,0.015,0.01,0.0072,0.438,0.0254,0.012,0.287,0.0143,0.0083,0.355,121330,12651,0.063,57544,4503,0.048,0.0396,0.0164,0.251,0.0475,0.0181,0.231,0.6744,0.0255,0.023,0.6067,0.0575,0.058,7378,314,0.026,0.0613,0.0326,0.323,1977,4,0.001,0.7845,0.0234,0.018,0.0156,0.0157,0.614,0.0763,0.0203,0.161,0.0389,0.022,0.345,0.151,0.0373,0.15,1046,261,0.152,5880,247,0.026,0.1065,0.0283,0.162,1287,93,0.044,341400,19366,0.034,0.2992,0.1197,0.243,0.1033,0.0659,0.388,0.1929,0.0529,0.167,0.7758,0.0348,0.027,0.0104,0.0061,0.356,0.0024,0.003,0.773,0.0,0.0019,,0.1524,0.0321,0.128,0.0287,0.0145,0.306
4200332624,2022,3108,32,0.006,1519,127,0.051,56.9,3.8,0.041,0.1216,0.0367,0.184,0.3404,0.0646,0.115,0.9421,0.0221,0.014,0.0257,0.0096,0.228,0.0026,0.0039,0.912,0.0216,0.0177,0.499,70569,9465,0.082,51311,7301,0.086,0.096,0.0494,0.313,0.0278,0.0277,0.605,0.5589,0.0488,0.053,0.4671,0.0774,0.101,1716,133,0.047,0.1148,0.0611,0.324,1964,7,0.002,0.5851,0.0548,0.057,0.0857,0.0374,0.266,0.0606,0.0388,0.389,0.0221,0.0276,0.757,0.262,0.0565,0.131,398,92,0.141,1121,144,0.078,0.2284,0.0693,0.184,973,134,0.084,151100,29144,0.117,0.4095,0.1704,0.253,0.2889,0.16,0.337,0.1008,0.0494,0.298,0.7578,0.0671,0.054,0.0246,0.0272,0.671,0.0246,0.0225,0.555,0.0,0.0073,,0.0918,0.0422,0.279,0.0494,0.03,0.369
4200332832,2022,10106,39,0.002,4483,281,0.038,48.0,4.5,0.057,0.1591,0.0308,0.118,0.2183,0.0326,0.091,0.9045,0.0333,0.022,0.0285,0.0179,0.382,0.0186,0.0111,0.362,0.0098,0.0092,0.571,61879,4943,0.049,38403,3688,0.058,0.1063,0.0296,0.169,0.0328,0.0178,0.331,0.6377,0.0425,0.04,0.2454,0.0396,0.098,5068,274,0.033,0.1154,0.0303,0.16,1955,3,0.001,0.7668,0.0505,0.04,0.0959,0.0335,0.212,0.0401,0.0204,0.31,0.0466,0.0291,0.379,0.2612,0.0389,0.09,1171,189,0.098,3312,328,0.06,0.2305,0.0495,0.131,728,68,0.057,131600,11873,0.055,0.4321,0.1172,0.165,0.146,0.0785,0.327,0.1552,0.0543,0.213,0.7581,0.05,0.04,0.0092,0.0083,0.544,0.0307,0.0151,0.299,0.006,0.0066,0.663,0.0993,0.0313,0.192,0.087,0.0281,0.196
4200333312,2022,124,63,0.309,42,19,0.275,50.4,25.9,0.312,0.2258,0.1548,0.417,0.2742,0.2133,0.473,0.8871,0.2165,0.148,0.0,0.0887,,0.0,0.0887,,0.0887,0.1035,0.709,64167,6799,0.064,44260,13334,0.183,0.0161,0.1007,3.796,0.02,0.0385,1.171,0.5208,0.0504,0.059,0.3895,0.1925,0.3,59,21,0.216,0.2881,0.1557,0.328,1938,,,1.0,0.0,0.0,0.0,0.2637,,0.0,0.2637,,0.0,0.2637,,0.1667,0.1749,0.638,7,8,0.695,35,17,0.295,0.2419,0.2541,0.638,1650,462,0.17,151300,24535,0.099,0.1429,2.7319,11.625,0.0,1.5714,,0.0286,0.8334,17.731,0.6327,0.4381,0.421,0.1224,0.1708,0.848,0.0,0.2245,,0.0,0.2245,,0.2449,0.2748,0.682,0.0,0.3704,
4200333592,2022,1254,164,0.08,658,91,0.084,40.4,7.3,0.11,0.1443,0.0408,0.172,0.1683,0.0325,0.118,0.9386,0.0202,0.013,0.008,0.0127,0.969,0.0072,0.0087,0.739,0.0064,0.0063,0.603,63500,6198,0.059,49401,8655,0.107,0.06,0.0255,0.259,0.0492,0.0373,0.461,0.7452,0.0777,0.063,0.2686,0.0535,0.121,713,84,0.072,0.0771,0.0582,0.459,1950,7,0.002,0.7223,0.0731,0.062,0.1683,0.0951,0.343,0.0603,0.0381,0.384,0.0014,0.0164,7.115,0.2933,0.0678,0.141,193,52,0.164,465,96,0.126,0.2719,0.0669,0.15,957,51,0.032,151000,20417,0.082,0.3057,0.1391,0.277,0.1347,0.1081,0.488,0.1634,0.0711,0.264,0.6986,0.0652,0.057,0.0757,0.0398,0.32,0.0311,0.0196,0.382,0.0,0.0149,,0.0865,0.0449,0.316,0.0942,0.0372,0.24
4200335424,2022,2905,16,0.003,1264,218,0.105,32.2,16.1,0.304,0.2403,0.0826,0.209,0.264,0.0731,0.168,0.2971,0.094,0.192,0.6093,0.1022,0.102,0.0262,0.042,0.976,0.0179,0.0196,0.666,29306,9334,0.194,28380,10925,0.234,0.2682,0.1115,0.253,0.0991,0.0922,0.566,0.5013,0.0737,0.089,0.1456,0.0511,0.214,1667,263,0.096,0.2418,0.1087,0.273,1951,8,0.002,0.4571,0.0796,0.106,0.2292,0.0998,0.265,0.0582,0.0436,0.456,0.1428,0.0499,0.212,0.7247,0.0944,0.079,916,198,0.131,348,113,0.197,0.6473,0.1354,0.127,924,183,0.12,75600,12658,0.102,0.524,0.1541,0.179,0.2052,0.0925,0.274,0.1149,0.1287,0.681,0.4872,0.1224,0.153,0.3075,0.1718,0.34,0.0049,0.0078,0.965,0.0,0.0108,,0.1002,0.0667,0.405,0.371,0.1178,0.193
4200336808,2022,7275,31,0.003,2630,157,0.036,44.6,3.3,0.045,0.2143,0.0299,0.085,0.1893,0.0274,0.088,0.8678,0.0453,0.032,0.018,0.0173,0.585,0.0726,0.0392,0.328,0.014,0.011,0.477,122549,15488,0.077,59825,8104,0.082,0.0558,0.0234,0.256,0.0428,0.0255,0.362,0.6375,0.0317,0.03,0.5362,0.0572,0.065,2797,171,0.037,0.0597,0.0298,0.304,1969,6,0.002,0.8995,0.0313,0.021,0.039,0.0347,0.542,0.0197,0.0209,0.645,0.0,0.0081,,0.1392,0.0549,0.24,366,146,0.242,2264,167,0.045,0.1045,0.0483,0.281,1233,155,0.076,320800,21356,0.04,0.4672,0.2342,0.305,0.1749,0.1544,0.537,0.1533,0.0426,0.169,0.7265,0.0593,0.05,0.0008,0.0011,0.81,0.0135,0.0104,0.467,0.0,0.0045,,0.1567,0.0516,0.2,0.0251,0.0197,0.477
4200337000,2022,3351,32,0.006,1500,172,0.07,38.4,3.4,0.054,0.2059,0.063,0.186,0.1749,0.0461,0.16,0.8299,0.0589,0.043,0.1089,0.0588,0.328,0.0298,0.0313,0.638,0.0155,0.0137,0.538,67879,11044,0.099,37076,4346,0.071,0.1322,0.0677,0.311,0.0282,0.0341,0.736,0.7328,0.0457,0.038,0.2392,0.0519,0.132,1511,176,0.071,0.0073,0.0119,0.992,1938,,,0.6181,0.054,0.053,0.2005,0.0692,0.21,0.0702,0.0459,0.398,0.0774,0.0471,0.37,0.3727,0.0784,0.128,559,134,0.146,941,156,0.101,0.2766,0.0829,0.182,861,109,0.077,143500,11199,0.047,0.3184,0.1227,0.234,0.1843,0.1037,0.342,0.1382,0.0793,0.349,0.7318,0.07,0.058,0.0627,0.035,0.339,0.0078,0.0094,0.727,0.0052,0.0089,1.032,0.0815,0.0458,0.342,0.186,0.0699,0.228
4200337955,2022,12296,29,0.001,4747,203,0.026,44.7,1.9,0.026,0.2022,0.0297,0.089,0.2377,0.0339,0.087,0.9224,0.0293,0.019,0.0199,0.0115,0.352,0.0378,0.0221,0.356,0.0084,0.0059,0.425,108245,13007,0.073,56989,6342,0.068,0.0296,0.0163,0.335,0.0401,0.0227,0.343,0.6711,0.028,0.025,0.4446,0.0594,0.081,5182,220,0.026,0.0839,0.0291,0.211,1981,3,0.001,0.8099,0.0501,0.038,0.0151,0.008,0.323,0.0523,0.0269,0.313,0.0151,0.0085,0.345,0.1359,0.0362,0.162,645,174,0.164,4102,212,0.031,0.0989,0.0301,0.185,1297,100,0.047,275700,23688,0.052,0.3829,0.1631,0.259,0.2279,0.1524,0.407,0.1409,0.0442,0.191,0.7784,0.059,0.046,0.0124,0.0087,0.43,0.0023,0.0027,0.688,0.0011,0.0017,0.955,0.1349,0.0334,0.151,0.0485,0.0313,0.393
4200339312,2022,8599,24,0.002,3744,227,0.037,48.0,4.2,0.053,0.18,0.037,0.125,0.2425,0.0392,0.098,0.9213,0.0461,0.03,0.0505,0.0358,0.431,0.0062,0.0074,0.734,0.0044,0.0057,0.784,78063,11816,0.092,42832,4152,0.059,0.0617,0.0332,0.327,0.0309,0.0199,0.39,0.6207,0.0457,0.045,0.3763,0.0518,0.084,3950,234,0.036,0.0522,0.0356,0.415,1973,3,0.001,0.7068,0.0461,0.04,0.0235,0.0158,0.408,0.0494,0.0188,0.231,0.0567,0.0311,0.334,0.2185,0.0671,0.187,818,256,0.19,2926,249,0.052,0.2183,0.0742,0.207,1458,233,0.097,223400,10185,0.028,0.313,0.1158,0.225,0.1663,0.0956,0.349,0.1511,0.0514,0.207,0.6941,0.0559,0.049,0.0255,0.0182,0.435,0.0,0.0037,,0.0025,0.0032,0.772,0.1878,0.0622,0.201,0.1015,0.0467,0.28
4200339624,2022,784,120,0.093,294,38,0.079,49.4,4.2,0.052,0.1964,0.0394,0.122,0.2538,0.0267,0.064,0.9452,0.2033,0.131,0.0,0.014,,0.0064,0.0063,0.601,0.0,0.014,,107500,17925,0.101,46578,5286,0.069,0.0242,0.0138,0.345,0.0293,0.0189,0.392,0.6331,0.0574,0.055,0.4837,0.0621,0.078,300,39,0.079,0.02,0.0198,0.603,1953,2,0.001,0.99,0.0183,0.011,0.0033,0.0373,6.796,0.0,0.0519,,0.0067,0.0373,3.397,0.034,0.0337,0.603,10,10,0.608,284,36,0.077,0.037,0.0262,0.43,1313,493,0.228,278600,19617,0.043,0.3,1.5906,3.223,0.0,1.1,,0.2359,0.0747,0.192,0.6421,0.0564,0.053,0.0051,0.0101,1.211,0.0,0.0279,,0.0,0.0279,,0.2107,0.0611,0.176,0.0068,0.0388,3.465
4200342368,2022,1655,267,0.098,645,154,0.145,35.8,4.6,0.078,0.2731,0.0537,0.12,0.1438,0.0134,0.056,0.8894,0.0826,0.056,0.0139,0.0075,0.329,0.0205,0.0147,0.436,0.0218,0.0116,0.323,86985,35926,0.251,47129,6627,0.085,0.045,0.0281,0.379,0.034,0.019,0.341,0.6645,0.1158,0.106,0.4221,0.0853,0.123,667,153,0.139,0.033,0.029,0.535,1957,15,0.005,0.7856,0.193,0.149,0.1874,0.2298,0.745,0.0,0.0233,,0.0,0.0233,,0.2698,0.2412,0.543,174,161,0.562,471,47,0.061,0.2169,0.1643,0.46,1121,88,0.048,247600,28569,0.07,0.6494,0.6539,0.612,0.0,0.0632,,0.1401,0.0553,0.24,0.7324,0.0302,0.025,0.0,0.0141,,0.0026,0.0038,0.909,0.0,0.0141,,0.1319,0.0353,0.163,0.0543,0.0419,0.47
4200342392,2022,1125,142,0.077,570,64,0.068,43.2,4.4,0.062,0.2071,0.0497,0.146,0.2293,0.0413,0.109,0.7796,0.0805,0.063,0.0293,0.0201,0.417,0.0462,0.0512,0.674,0.0187,0.0283,0.923,65417,11381,0.106,39877,4429,0.068,0.0507,0.0268,0.322,0.0327,0.0191,0.355,0.6598,0.0431,0.04,0.4091,0.0492,0.073,623,56,0.055,0.0851,0.0427,0.305,1941,3,0.001,0.5329,0.0836,0.095,0.1525,0.0663,0.264,0.0,0.025,,0.1027,0.0463,0.274,0.4772,0.1085,0.138,272,69,0.154,298,52,0.106,0.3929,0.1132,0.175,1068,221,0.126,115800,13757,0.072,0.1985,0.0816,0.25,0.0257,0.0362,0.855,0.1711,0.1077,0.383,0.6922,0.0517,0.045,0.0799,0.0498,0.378,0.0935,0.065,0.422,0.0085,0.0101,0.724,0.1105,0.0468,0.257,0.1596,0.0758,0.289
4200343064,2022,2194,352,0.098,1075,148,0.084,48.4,2.1,0.026,0.1832,0.0442,0.147,0.222,0.0137,0.037,0.9745,0.0339,0.021,0.0132,0.0135,0.621,0.005,0.01,1.212,0.0,0.005,,70750,7499,0.064,40738,6400,0.096,0.0334,0.0194,0.354,0.0967,0.0856,0.538,0.7193,0.0946,0.08,0.2768,0.0708,0.156,1147,137,0.073,0.0628,0.0376,0.364,1954,1,0.0,0.9425,0.0666,0.043,0.0244,0.0256,0.637,0.0279,0.0271,0.591,0.0,0.0136,,0.2167,0.1037,0.291,233,116,0.303,842,103,0.074,0.1685,0.0984,0.355,786,109,0.084,96200,3373,0.021,0.2575,0.1657,0.391,0.0215,0.0326,0.924,0.0986,0.0499,0.307,0.7444,0.0595,0.049,0.0234,0.0197,0.512,0.0,0.0092,,0.0,0.0092,,0.1387,0.0612,0.268,0.0391,0.0278,0.433
4200343408,2022,998,209,0.127,427,86,0.122,49.5,7.2,0.088,0.1333,0.0622,0.284,0.2325,0.0624,0.163,0.9589,0.0519,0.033,0.008,0.0099,0.749,0.0,0.011,,0.0261,0.0224,0.522,73203,11170,0.093,45747,11452,0.152,0.0412,0.0159,0.235,0.0358,0.0194,0.329,0.6009,0.0618,0.063,0.1711,0.0574,0.204,449,87,0.118,0.049,0.0435,0.54,1952,4,0.001,0.9399,0.0517,0.033,0.0067,0.026,2.369,0.0,0.0346,,0.0,0.0346,,0.2061,0.1634,0.482,88,72,0.497,339,53,0.095,0.1494,0.0923,0.375,841,20,0.014,113600,12271,0.066,0.0227,0.2184,5.841,0.0227,0.0286,0.764,0.1062,0.0439,0.251,0.8811,0.0909,0.063,0.002,0.0061,1.818,0.0041,0.0061,0.901,0.0,0.0225,,0.0676,0.0488,0.438,0.0562,0.0376,0.407
4200345900,2022,29438,49,0.001,12140,342,0.017,42.5,2.1,0.03,0.194,0.0176,0.055,0.2104,0.0181,0.052,0.8628,0.0273,0.019,0.0179,0.0117,0.396,0.0617,0.02,0.197,0.0339,0.0131,0.235,99739,8148,0.05,57401,3612,0.038,0.0354,0.0087,0.15,0.0331,0.0104,0.191,0.6422,0.0173,0.016,0.584,0.0358,0.037,12721,355,0.017,0.0457,0.0151,0.201,1973,2,0.001,0.6374,0.0203,0.019,0.0111,0.0057,0.31,0.15,0.03,0.122,0.0847,0.0207,0.149,0.2657,0.0301,0.069,3226,376,0.071,8914,386,0.026,0.1898,0.0246,0.079,1183,52,0.027,302400,11481,0.023,0.4309,0.0717,0.101,0.1872,0.0411,0.133,0.149,0.0286,0.117,0.7103,0.0278,0.024,0.0281,0.0091,0.197,0.0185,0.009,0.296,0.001,0.0016,0.972,0.1576,0.0257,0.099,0.0374,0.0104,0.169
4200346072,2022,569,266,0.284,222,105,0.288,38.5,3.6,0.057,0.1845,0.0703,0.232,0.1898,0.057,0.183,0.9402,0.1249,0.081,0.0,0.0193,,0.0,0.0193,,0.0,0.0193,,,,,27518,4794,0.106,0.0861,0.1008,0.712,0.0,0.0368,,0.6255,0.0782,0.076,0.131,0.1482,0.687,290,124,0.26,0.2345,0.2043,0.53,1938,,,0.9138,0.165,0.11,0.0724,0.0885,0.743,0.0,0.0536,,0.0138,0.0446,1.964,0.0991,0.0873,0.536,22,22,0.608,200,102,0.31,0.0949,0.1034,0.662,,,,106700,62263,0.355,0.4091,0.7524,1.118,0.1818,0.2611,0.873,0.345,0.3704,0.653,0.9164,0.2214,0.147,0.0,0.0368,,0.0167,0.0256,0.929,0.0,0.0368,,0.0167,0.0256,0.929,0.018,0.0581,1.961
4200346256,2022,17749,30,0.001,8266,407,0.03,42.1,3.7,0.053,0.2181,0.0296,0.083,0.2064,0.022,0.065,0.5274,0.0398,0.046,0.3553,0.0356,0.061,0.0091,0.0071,0.473,0.0352,0.0117,0.203,31635,5590,0.107,23388,1661,0.043,0.2888,0.0504,0.106,0.0784,0.0217,0.168,0.5245,0.0322,0.037,0.1327,0.021,0.096,10023,424,0.026,0.1753,0.0229,0.079,1946,3,0.001,0.6976,0.0302,0.026,0.0842,0.0249,0.18,0.0518,0.0132,0.154,0.0923,0.0202,0.133,0.5021,0.0523,0.063,4150,478,0.07,4116,373,0.055,0.4731,0.0489,0.063,752,72,0.058,58500,4900,0.051,0.5525,0.1056,0.116,0.2581,0.0565,0.133,0.2541,0.0506,0.121,0.6642,0.0661,0.061,0.1141,0.0286,0.152,0.049,0.0216,0.268,0.0023,0.0035,0.931,0.0747,0.0231,0.188,0.2842,0.0397,0.085
4200346264,2022,5893,30,0.003,2885,272,0.057,40.9,6.8,0.101,0.224,0.0508,0.138,0.1619,0.0513,0.193,0.487,0.0726,0.091,0.2713,0.0714,0.16,0.0487,0.048,0.599,0.0462,0.0445,0.586,33958,7313,0.131,24556,4901,0.121,0.3257,0.0925,0.173,0.1547,0.0584,0.229,0.5546,0.0911,0.1,0.1838,0.0755,0.25,3377,307,0.055,0.1457,0.0374,0.156,1943,7,0.002,0.5529,0.0544,0.06,0.1057,0.0379,0.218,0.1119,0.0457,0.248,0.0711,0.0355,0.304,0.547,0.0557,0.062,1578,219,0.084,1307,233,0.108,0.5169,0.0826,0.097,899,178,0.12,60000,15948,0.162,0.3973,0.1284,0.196,0.2712,0.113,0.253,0.2869,0.1511,0.32,0.6451,0.1287,0.121,0.0751,0.0442,0.358,0.103,0.0698,0.412,0.0,0.0073,,0.0595,0.0442,0.451,0.339,0.0733,0.131
4200347696,2022,9990,20,0.001,3755,166,0.027,42.9,1.3,0.018,0.2501,0.0391,0.095,0.1408,0.024,0.104,0.811,0.0431,0.032,0.0043,0.0049,0.693,0.1371,0.042,0.186,0.0289,0.0204,0.429,145350,20682,0.086,75105,6484,0.052,0.0355,0.0283,0.484,0.0204,0.0135,0.401,0.7166,0.0432,0.037,0.7527,0.0786,0.063,3834,182,0.029,0.0206,0.0268,0.792,1997,4,0.001,0.7739,0.0497,0.039,0.0102,0.0117,0.7,0.0467,0.03,0.391,0.0261,0.0177,0.413,0.134,0.039,0.177,503,148,0.179,3252,204,0.038,0.1148,0.0372,0.197,1811,497,0.167,466800,25867,0.034,0.2187,0.1385,0.385,0.1372,0.108,0.479,0.1931,0.0908,0.286,0.7346,0.0505,0.042,0.0192,0.0156,0.495,0.0068,0.0066,0.59,0.0,0.003,,0.1898,0.0439,0.141,0.0,0.006,
4200349920,2022,3377,16,0.003,1631,143,0.053,42.7,3.8,0.054,0.1457,0.0476,0.199,0.1519,0.0435,0.174,0.8786,0.0665,0.046,0.0776,0.0663,0.52,0.003,0.0038,0.79,0.0089,0.0118,0.811,59250,19546,0.201,32803,3796,0.07,0.138,0.0576,0.254,0.0525,0.04,0.464,0.7176,0.0591,0.05,0.2418,0.0661,0.166,1975,185,0.057,0.1742,0.0627,0.219,1938,,,0.4203,0.072,0.104,0.1534,0.0491,0.195,0.038,0.0274,0.439,0.1332,0.0727,0.332,0.5782,0.1035,0.109,943,188,0.121,688,114,0.101,0.4861,0.0962,0.12,884,59,0.041,107600,15038,0.085,0.4093,0.1036,0.154,0.2015,0.0735,0.222,0.0974,0.0608,0.379,0.6793,0.0517,0.046,0.0708,0.0449,0.385,0.1067,0.0636,0.362,0.0,0.0055,,0.0688,0.0363,0.321,0.2238,0.0889,0.241
4200350528,2022,28517,55,0.001,12348,411,0.02,44.8,1.9,0.026,0.1798,0.0219,0.074,0.2158,0.0167,0.047,0.7188,0.0325,0.027,0.1319,0.0227,0.105,0.0667,0.0194,0.177,0.0283,0.0113,0.242,80625,6038,0.046,44110,2313,0.032,0.081,0.0245,0.184,0.0483,0.0162,0.203,0.6461,0.0177,0.017,0.455,0.0328,0.044,13525,476,0.021,0.087,0.025,0.175,1968,2,0.001,0.6711,0.0266,0.024,0.0186,0.0095,0.31,0.1031,0.0219,0.129,0.124,0.0207,0.102,0.2898,0.0264,0.055,3579,347,0.059,8769,428,0.03,0.2313,0.0273,0.072,1133,38,0.02,182600,6871,0.023,0.3903,0.067,0.104,0.2227,0.0509,0.139,0.1805,0.0365,0.123,0.6883,0.033,0.029,0.0261,0.0094,0.219,0.012,0.0096,0.484,0.0,0.0015,,0.1865,0.0393,0.128,0.0567,0.0169,0.182
4200350784,2022,26938,29,0.001,10166,567,0.034,39.9,2.6,0.04,0.1923,0.0191,0.06,0.1956,0.0245,0.076,0.8755,0.0278,0.019,0.0273,0.0102,0.226,0.0483,0.0157,0.198,0.013,0.0063,0.298,101047,12360,0.074,51992,3283,0.038,0.0334,0.0087,0.158,0.0432,0.0168,0.237,0.6509,0.0379,0.035,0.545,0.0376,0.042,10896,547,0.031,0.067,0.0193,0.175,1976,2,0.001,0.7018,0.0233,0.02,0.0565,0.0222,0.239,0.1247,0.0237,0.115,0.0456,0.0152,0.203,0.2187,0.0272,0.076,2223,303,0.083,7943,493,0.038,0.1492,0.0204,0.083,1147,38,0.02,259300,16366,0.038,0.3077,0.0773,0.153,0.1489,0.0486,0.198,0.1449,0.0441,0.185,0.7454,0.0375,0.031,0.0096,0.0046,0.29,0.0241,0.0109,0.274,0.0,0.0015,,0.1463,0.0257,0.107,0.0273,0.0104,0.23
4200351696,2022,33754,27,0.0,13639,414,0.018,43.2,1.4,0.02,0.2505,0.0199,0.048,0.2068,0.0165,0.049,0.8877,0.0221,0.015,0.0122,0.005,0.251,0.0339,0.013,0.233,0.0197,0.0064,0.196,117881,8035,0.041,66332,3531,0.032,0.0507,0.0126,0.151,0.019,0.0067,0.215,0.6572,0.0167,0.015,0.6834,0.0318,0.028,14573,405,0.017,0.0641,0.0178,0.168,1953,2,0.001,0.6905,0.0226,0.02,0.0403,0.0116,0.175,0.0833,0.0154,0.112,0.1508,0.0188,0.076,0.245,0.027,0.067,3341,382,0.07,10298,407,0.024,0.175,0.0248,0.086,1071,67,0.038,350800,10111,0.018,0.4101,0.0621,0.092,0.1984,0.0455,0.14,0.1471,0.0241,0.1,0.6276,0.0317,0.031,0.065,0.0104,0.097,0.024,0.0098,0.248,0.0021,0.0023,0.677,0.2064,0.0243,0.071,0.0924,0.0166,0.109
4200351744,2022,3357,38,0.007,1459,235,0.098,36.5,4.7,0.078,0.2693,0.091,0.206,0.1329,0.0453,0.207,0.4864,0.1223,0.153,0.3634,0.1385,0.232,0.0438,0.0694,0.964,0.0703,0.056,0.484,35640,13337,0.227,21794,4948,0.138,0.2521,0.1053,0.254,0.1006,0.0665,0.402,0.5942,0.0867,0.089,0.1694,0.0567,0.204,1842,263,0.087,0.2079,0.0688,0.201,1938,,,0.5858,0.0783,0.081,0.2899,0.0989,0.207,0.0597,0.0574,0.585,0.0157,0.0266,1.029,0.5463,0.0571,0.063,797,153,0.117,662,190,0.174,0.5669,0.1393,0.149,1035,164,0.096,71100,13890,0.119,0.6801,0.1351,0.121,0.4981,0.0942,0.115,0.2432,0.1185,0.296,0.4744,0.0823,0.105,0.2995,0.1176,0.239,0.0202,0.0219,0.66,0.0,0.0079,,0.1174,0.0952,0.493,0.462,0.079,0.104
4200352320,2022,10738,21,0.001,5148,330,0.039,44.9,5.0,0.068,0.1768,0.038,0.131,0.2143,0.0351,0.1,0.8202,0.0394,0.029,0.1488,0.0372,0.152,0.0034,0.0046,0.827,0.0053,0.0044,0.501,47879,4239,0.054,33373,2290,0.042,0.1326,0.0408,0.187,0.0656,0.0357,0.331,0.632,0.0516,0.05,0.2519,0.0439,0.106,5836,349,0.036,0.1179,0.0358,0.185,1949,4,0.001,0.6779,0.0542,0.049,0.1182,0.0388,0.2,0.0764,0.027,0.215,0.0763,0.036,0.287,0.3749,0.0661,0.107,1930,362,0.114,3218,333,0.063,0.3522,0.0658,0.114,743,39,0.032,106400,15524,0.089,0.4446,0.1035,0.142,0.2104,0.0947,0.274,0.1796,0.0557,0.188,0.7356,0.0706,0.058,0.0745,0.0313,0.256,0.0304,0.0139,0.277,0.0,0.0034,,0.0768,0.0321,0.254,0.2145,0.0631,0.179
4200353136,2022,946,170,0.109,524,54,0.063,47.1,7.5,0.097,0.1195,0.0448,0.228,0.2738,0.0294,0.065,0.9154,0.0869,0.058,0.0222,0.0143,0.39,0.0074,0.0084,0.686,0.0285,0.0292,0.621,54286,9279,0.104,35533,4462,0.076,0.13,0.0499,0.233,0.0548,0.031,0.344,0.6151,0.1385,0.137,0.2342,0.0507,0.132,602,38,0.038,0.1296,0.0659,0.309,1949,3,0.001,0.6096,0.0717,0.072,0.2973,0.0703,0.144,0.0332,0.0408,0.747,0.0,0.0258,,0.4676,0.0932,0.121,245,55,0.136,279,42,0.092,0.5032,0.1528,0.185,838,77,0.056,122200,32560,0.162,0.2571,0.081,0.192,0.1592,0.0642,0.245,0.1505,0.0868,0.351,0.7604,0.0635,0.051,0.0667,0.0511,0.466,0.0292,0.0203,0.424,0.0,0.0229,,0.0833,0.0633,0.462,0.0744,0.0325,0.265
4200354816,2022,4320,19,0.003,2158,169,0.048,43.8,4.9,0.068,0.1544,0.0434,0.171,0.2231,0.0512,0.139,0.4241,0.0724,0.104,0.4581,0.0824,0.109,0.0118,0.0141,0.727,0.003,0.0049,0.982,39885,9124,0.139,37338,16798,0.273,0.2454,0.069,0.171,0.1632,0.067,0.25,0.6476,0.0516,0.048,0.1493,0.0518,0.211,2701,179,0.04,0.201,0.0393,0.119,1944,5,0.002,0.6216,0.0749,0.073,0.1362,0.0495,0.221,0.0526,0.0301,0.348,0.0996,0.0452,0.276,0.5005,0.0699,0.085,1080,173,0.097,1078,199,0.112,0.4882,0.0803,0.1,535,66,0.075,52900,5703,0.066,0.4231,0.1165,0.167,0.187,0.1031,0.335,0.1688,0.0754,0.272,0.5934,0.0935,0.096,0.1312,0.075,0.348,0.0462,0.0322,0.424,0.0,0.0058,,0.1558,0.065,0.253,0.3017,0.0685,0.138
4200355016,2022,16051,26,0.001,6571,394,0.036,39.9,3.3,0.05,0.2148,0.0396,0.112,0.1337,0.0198,0.09,0.8583,0.0403,0.029,0.0268,0.018,0.409,0.0328,0.0189,0.351,0.0214,0.0148,0.42,100058,16411,0.1,49414,3414,0.042,0.0396,0.0149,0.229,0.0415,0.0242,0.354,0.7673,0.0251,0.02,0.4924,0.0491,0.061,6995,439,0.038,0.0606,0.0296,0.297,1992,3,0.001,0.6024,0.0497,0.05,0.0084,0.0068,0.487,0.1219,0.0385,0.192,0.0347,0.0135,0.236,0.2371,0.0458,0.117,1558,315,0.123,5013,430,0.052,0.1917,0.043,0.136,1285,119,0.056,242900,14737,0.037,0.2593,0.0853,0.2,0.0359,0.0286,0.484,0.146,0.0367,0.153,0.7459,0.0401,0.033,0.014,0.0108,0.472,0.0069,0.0064,0.56,0.0,0.0019,,0.1643,0.0299,0.111,0.0278,0.0183,0.4
4200355488,2022,10010,30,0.002,4691,347,0.045,49.3,4.4,0.054,0.1644,0.0444,0.164,0.275,0.0478,0.106,0.7667,0.0659,0.052,0.1935,0.0668,0.21,0.0031,0.0029,0.569,0.0105,0.0132,0.764,46139,5321,0.07,36803,11212,0.185,0.1465,0.0635,0.263,0.056,0.0285,0.309,0.5451,0.0491,0.055,0.1854,0.0477,0.156,5158,407,0.048,0.0905,0.0448,0.301,1955,4,0.001,0.6314,0.0602,0.058,0.0783,0.0464,0.36,0.0762,0.0379,0.303,0.114,0.0414,0.221,0.3639,0.0597,0.1,1707,307,0.109,2984,378,0.077,0.3383,0.0753,0.135,882,45,0.031,97500,7520,0.047,0.57,0.1499,0.16,0.164,0.092,0.341,0.1532,0.0475,0.189,0.7462,0.0729,0.059,0.0355,0.0289,0.495,0.025,0.0161,0.392,0.0,0.0042,,0.0761,0.0301,0.241,0.1582,0.0555,0.213
4200355840,2022,1459,149,0.062,659,90,0.083,44.9,1.8,0.024,0.1782,0.0301,0.103,0.1761,0.0245,0.085,0.9068,0.1203,0.081,0.0398,0.0485,0.742,0.0027,0.0034,0.757,0.0,0.0075,,86635,8432,0.059,42556,8279,0.118,0.0812,0.0532,0.398,0.0557,0.0371,0.405,0.6602,0.0675,0.062,0.2592,0.072,0.169,706,87,0.075,0.0666,0.0446,0.407,1951,8,0.002,0.8414,0.0612,0.044,0.0255,0.024,0.572,0.0963,0.0338,0.213,0.0,0.022,,0.2109,0.0585,0.169,139,43,0.188,520,84,0.098,0.1748,0.0648,0.225,1105,284,0.156,170900,11678,0.042,0.3237,0.1578,0.296,0.223,0.1583,0.431,0.1077,0.0743,0.419,0.8008,0.0879,0.067,0.0,0.0145,,0.0303,0.034,0.681,0.0,0.0145,,0.0673,0.0272,0.246,0.0637,0.0399,0.381
4200356088,2022,6734,26,0.002,3392,186,0.033,47.7,3.7,0.047,0.1755,0.0271,0.094,0.2484,0.0334,0.082,0.9462,0.0214,0.014,0.0083,0.0062,0.456,0.0025,0.0024,0.572,0.0131,0.0089,0.414,82012,10287,0.076,62331,4693,0.046,0.0396,0.013,0.2,0.0491,0.0205,0.254,0.6612,0.027,0.025,0.5665,0.0539,0.058,3680,212,0.035,0.0783,0.0364,0.283,1960,8,0.002,0.5068,0.0288,0.035,0.1351,0.0488,0.22,0.1136,0.0307,0.164,0.0842,0.0299,0.216,0.4071,0.0637,0.095,1381,229,0.101,2011,151,0.046,0.3233,0.0487,0.092,995,78,0.048,286600,31345,0.066,0.323,0.0797,0.15,0.1289,0.0476,0.224,0.1939,0.0634,0.199,0.7028,0.0481,0.042,0.0055,0.0063,0.703,0.0195,0.0135,0.419,0.0029,0.0043,0.911,0.2059,0.0342,0.101,0.0643,0.0261,0.247
4200356384,2022,9206,22,0.001,3896,203,0.032,45.9,2.9,0.038,0.2282,0.0284,0.076,0.2623,0.0364,0.084,0.8398,0.0349,0.025,0.0358,0.0241,0.409,0.0696,0.0254,0.222,0.0134,0.0068,0.311,113221,13549,0.073,64409,5178,0.049,0.055,0.0267,0.295,0.0259,0.013,0.307,0.6119,0.036,0.036,0.6838,0.0592,0.053,4175,222,0.032,0.0668,0.0268,0.244,1967,4,0.001,0.7873,0.0304,0.023,0.0103,0.0106,0.625,0.018,0.0193,0.653,0.1305,0.0363,0.169,0.1273,0.0374,0.179,496,148,0.181,3400,186,0.033,0.0959,0.0292,0.185,1815,294,0.098,350700,14029,0.024,0.373,0.1192,0.194,0.3508,0.1119,0.194,0.2224,0.0687,0.188,0.7328,0.0569,0.047,0.0244,0.0158,0.393,0.0033,0.004,0.737,0.0,0.0038,,0.193,0.0361,0.114,0.0693,0.0252,0.221
4200356392,2022,7050,42,0.004,2557,113,0.027,43.1,3.9,0.055,0.2562,0.0449,0.106,0.2152,0.0411,0.116,0.9322,0.0353,0.023,0.0118,0.0081,0.417,0.0272,0.0237,0.529,0.0199,0.0159,0.486,160365,18870,0.072,62723,7627,0.074,0.0448,0.0327,0.444,0.0328,0.0325,0.601,0.6613,0.0375,0.034,0.668,0.0674,0.061,2605,139,0.032,0.0184,0.0269,0.886,2003,3,0.001,0.729,0.044,0.037,0.0184,0.0179,0.591,0.0526,0.0297,0.343,0.0503,0.0276,0.334,0.1373,0.041,0.182,351,106,0.184,2206,139,0.038,0.0803,0.0313,0.236,1422,50,0.021,433700,24121,0.034,0.453,0.2431,0.326,0.0627,0.095,0.921,0.1523,0.0651,0.26,0.6967,0.0729,0.064,0.0105,0.0117,0.674,0.0,0.0047,,0.0,0.0047,,0.2107,0.0682,0.197,0.0063,0.0126,1.225
4200359032,2022,40873,40,0.001,18520,628,0.021,44.2,2.5,0.034,0.1965,0.0221,0.068,0.2279,0.0172,0.046,0.5483,0.0264,0.029,0.37,0.0319,0.052,0.0038,0.0025,0.391,0.0134,0.0089,0.404,59578,2631,0.027,33941,2237,0.04,0.1317,0.0262,0.121,0.0599,0.0129,0.131,0.6507,0.0216,0.02,0.3056,0.0272,0.054,20300,649,0.019,0.0877,0.0173,0.12,1958,1,0.0,0.8041,0.0228,0.017,0.0348,0.0111,0.194,0.0554,0.0173,0.19,0.0581,0.0158,0.166,0.2735,0.0329,0.073,5066,633,0.076,13454,737,0.033,0.2616,0.0364,0.085,1000,65,0.04,115600,3696,0.019,0.4327,0.0918,0.129,0.1834,0.0459,0.152,0.2181,0.0292,0.081,0.7121,0.0203,0.017,0.0777,0.021,0.165,0.0172,0.0082,0.291,0.0,0.0012,,0.0914,0.0171,0.114,0.1138,0.0227,0.121
4200359152,2022,633,72,0.069,459,51,0.068,40.7,7.0,0.105,0.049,0.0554,0.688,0.1706,0.0567,0.202,0.9494,0.0448,0.029,0.0142,0.0189,0.808,0.0047,0.0079,1.011,0.0063,0.0095,0.909,70179,14208,0.123,64484,7462,0.07,0.0995,0.0848,0.518,0.0161,0.016,0.604,0.8239,0.0462,0.034,0.6223,0.0849,0.083,489,52,0.065,0.0613,0.0445,0.441,1974,1,0.0,0.0491,0.0509,0.63,0.0245,0.0203,0.502,0.1391,0.0423,0.185,0.0061,0.0239,2.371,0.3072,0.1217,0.241,141,58,0.25,318,37,0.071,0.3365,0.1221,0.221,1340,58,0.026,141200,4902,0.021,0.4043,0.3543,0.533,0.3262,0.3435,0.64,0.1352,0.0791,0.356,0.7459,0.0778,0.063,0.0307,0.0285,0.563,0.0041,0.0082,1.214,0.0,0.0225,,0.1721,0.0646,0.228,0.0261,0.0183,0.425
4200360272,2022,14728,32,0.001,4967,161,0.02,39.7,3.1,0.047,0.2572,0.0368,0.087,0.1047,0.0234,0.136,0.8922,0.0297,0.02,0.0082,0.0113,0.834,0.0459,0.0191,0.253,0.0224,0.0148,0.402,171804,10511,0.037,74344,6550,0.054,0.0265,0.0242,0.555,0.0178,0.0109,0.375,0.679,0.0429,0.038,0.7367,0.0803,0.066,5172,212,0.025,0.0396,0.0324,0.498,2001,3,0.001,0.7173,0.0408,0.035,0.0524,0.0484,0.562,0.0261,0.0208,0.485,0.0611,0.027,0.268,0.1613,0.0547,0.206,801,273,0.207,4166,289,0.042,0.1284,0.0533,0.253,2026,268,0.08,483700,24805,0.031,0.0649,0.066,0.618,0.0412,0.044,0.649,0.1543,0.0486,0.192,0.6955,0.0533,0.047,0.004,0.006,0.911,0.0221,0.0192,0.529,0.0,0.0024,,0.2197,0.0441,0.122,0.0123,0.0128,0.634
4200360712,2022,3084,28,0.006,1379,117,0.052,38.9,4.0,0.063,0.2396,0.0614,0.156,0.1689,0.0528,0.19,0.6284,0.0682,0.066,0.2471,0.0697,0.171,0.0204,0.0331,0.984,0.0447,0.0425,0.577,35829,5822,0.099,21192,2096,0.06,0.1913,0.0691,0.22,0.1201,0.0731,0.37,0.5432,0.0661,0.074,0.1416,0.0488,0.21,1650,152,0.056,0.1642,0.0736,0.272,1947,8,0.002,0.4012,0.0605,0.092,0.2248,0.0824,0.223,0.1158,0.0659,0.346,0.1327,0.079,0.362,0.6164,0.0929,0.092,850,147,0.105,529,97,0.111,0.5953,0.0806,0.082,744,112,0.092,68000,22553,0.202,0.4553,0.1551,0.207,0.1106,0.0753,0.414,0.2117,0.1173,0.337,0.68,0.0904,0.081,0.0878,0.0646,0.448,0.0124,0.0167,0.818,0.0,0.0098,,0.0612,0.0593,0.589,0.169,0.0776,0.279
4200361328,2022,8456,28,0.002,3550,173,0.03,46.6,2.8,0.037,0.1801,0.0321,0.108,0.2355,0.0372,0.096,0.8581,0.0631,0.045,0.0546,0.0356,0.396,0.0509,0.0498,0.595,0.0121,0.009,0.453,88893,7576,0.052,45422,5292,0.071,0.0419,0.0258,0.374,0.0459,0.0515,0.682,0.6224,0.0609,0.059,0.3749,0.052,0.084,3862,208,0.033,0.0808,0.0396,0.298,1957,2,0.001,0.774,0.0312,0.024,0.052,0.0189,0.221,0.0254,0.0159,0.381,0.1258,0.0424,0.205,0.2169,0.0467,0.131,770,170,0.134,2780,277,0.061,0.1944,0.078,0.244,1218,161,0.08,216800,11136,0.031,0.2948,0.1221,0.252,0.2403,0.1214,0.307,0.1309,0.0405,0.188,0.6401,0.0396,0.038,0.0415,0.0252,0.37,0.0026,0.0047,1.104,0.0,0.0037,,0.1463,0.0483,0.201,0.0617,0.037,0.365
4200361536,2022,27032,23,0.001,10727,304,0.017,43.9,1.4,0.019,0.217,0.0234,0.065,0.2065,0.0192,0.057,0.908,0.0209,0.014,0.0431,0.0174,0.246,0.0108,0.0084,0.476,0.0068,0.0042,0.375,91931,5464,0.036,44464,2351,0.032,0.0319,0.0105,0.201,0.0209,0.0088,0.255,0.6732,0.0236,0.021,0.4001,0.0336,0.051,11411,330,0.018,0.0599,0.021,0.213,1972,2,0.001,0.7952,0.0258,0.02,0.0265,0.0122,0.28,0.0349,0.0132,0.23,0.0473,0.0173,0.222,0.1823,0.031,0.103,1955,337,0.105,8772,357,0.025,0.1312,0.0253,0.117,1078,69,0.039,199100,6335,0.019,0.3637,0.0877,0.147,0.1238,0.0678,0.333,0.1287,0.0268,0.126,0.7392,0.0425,0.035,0.02,0.0114,0.347,0.0043,0.0042,0.597,0.0,0.0015,,0.1818,0.0316,0.106,0.0599,0.0206,0.208
4200362320,2022,3673,20,0.003,1601,118,0.045,40.7,5.8,0.087,0.1919,0.0399,0.126,0.1906,0.0396,0.126,0.7705,0.0848,0.067,0.0572,0.0637,0.677,0.0093,0.0158,1.037,0.0373,0.0275,0.448,61422,7410,0.073,30612,2769,0.055,0.0852,0.0451,0.321,0.0923,0.0378,0.249,0.6497,0.0618,0.058,0.1663,0.0523,0.191,1756,138,0.048,0.0883,0.0559,0.385,1951,3,0.001,0.8992,0.0557,0.038,0.0211,0.0187,0.538,0.0444,0.0301,0.411,0.0,0.0089,,0.243,0.0798,0.2,389,131,0.205,1212,196,0.098,0.29,0.1064,0.223,975,63,0.039,71300,7297,0.062,0.1003,0.0946,0.574,0.0,0.0283,,0.1848,0.1101,0.362,0.8495,0.0818,0.059,0.0291,0.0228,0.476,0.0049,0.0071,0.875,0.0,0.006,,0.0407,0.0293,0.438,0.0369,0.0221,0.364
4200363408,2022,1837,364,0.12,799,130,0.099,33.4,8.3,0.151,0.2629,0.1101,0.255,0.1312,0.0451,0.209,0.2493,0.0933,0.228,0.65,0.147,0.137,0.0,0.006,,0.0506,0.0413,0.495,29107,19376,0.405,23483,5238,0.136,0.3555,0.1629,0.279,0.1824,0.0753,0.251,0.6254,0.1055,0.103,0.2308,0.0847,0.223,954,129,0.082,0.1625,0.06,0.225,1950,5,0.002,0.3606,0.0808,0.136,0.1792,0.0717,0.243,0.2306,0.1353,0.357,0.0472,0.042,0.541,0.6508,0.138,0.129,520,139,0.162,279,81,0.176,0.605,0.1707,0.172,563,196,0.212,81700,30182,0.225,0.3288,0.1037,0.192,0.1558,0.0845,0.33,0.1935,0.166,0.521,0.516,0.1714,0.202,0.2358,0.0579,0.149,0.018,0.0287,0.967,0.0,0.0153,,0.0749,0.0603,0.49,0.3805,0.1687,0.27
4200364240,2022,3228,25,0.005,1490,98,0.04,46.8,7.1,0.092,0.1555,0.0369,0.144,0.211,0.0357,0.103,0.9269,0.0285,0.019,0.022,0.0211,0.582,0.0093,0.0112,0.729,0.0139,0.0108,0.473,76535,8191,0.065,39696,3985,0.061,0.0717,0.0546,0.463,0.0579,0.0423,0.443,0.6684,0.0486,0.044,0.2977,0.0547,0.112,1575,106,0.041,0.054,0.0392,0.442,1957,3,0.001,0.8133,0.0764,0.057,0.0432,0.0232,0.327,0.014,0.0215,0.934,0.0,0.0099,,0.1282,0.0578,0.274,191,87,0.277,1299,106,0.05,0.1205,0.0489,0.247,1031,171,0.101,176200,13770,0.048,0.3246,0.3243,0.607,0.3089,0.3156,0.621,0.1917,0.0909,0.288,0.693,0.0627,0.055,0.0817,0.0344,0.256,0.0102,0.0119,0.707,0.0051,0.0074,0.876,0.1078,0.0489,0.276,0.0477,0.0434,0.554
4200364528,2022,11856,28,0.001,4430,309,0.042,46.0,5.1,0.067,0.2297,0.033,0.087,0.2266,0.0403,0.108,0.9159,0.0364,0.024,0.0019,0.0031,1.022,0.0288,0.0164,0.348,0.0252,0.0228,0.549,125752,11140,0.054,56818,7076,0.076,0.0729,0.0341,0.285,0.0279,0.018,0.391,0.6537,0.0374,0.035,0.5568,0.0476,0.052,4740,312,0.04,0.0654,0.0324,0.301,1981,6,0.002,0.7983,0.0326,0.025,0.0198,0.0149,0.455,0.02,0.0112,0.338,0.057,0.0206,0.22,0.1208,0.0333,0.167,535,152,0.173,3895,293,0.046,0.0831,0.0264,0.193,1367,711,0.316,301100,28795,0.058,0.4991,0.132,0.161,0.2411,0.1093,0.275,0.1743,0.0638,0.222,0.8087,0.0472,0.035,0.0002,0.0003,1.215,0.0019,0.0029,0.939,0.0,0.0031,,0.1367,0.0444,0.198,0.0506,0.0209,0.252
4200365352,2022,15370,37,0.001,6559,255,0.024,41.3,4.0,0.059,0.1828,0.028,0.093,0.1891,0.0244,0.079,0.8854,0.0318,0.022,0.0429,0.02,0.283,0.0269,0.0168,0.38,0.0174,0.0144,0.501,98375,5938,0.037,51220,3360,0.04,0.0581,0.0209,0.218,0.0153,0.0108,0.43,0.6633,0.0303,0.028,0.4996,0.054,0.066,7024,271,0.023,0.0662,0.0292,0.268,1989,4,0.001,0.5374,0.0334,0.038,0.0357,0.0165,0.28,0.131,0.0424,0.197,0.1556,0.0393,0.153,0.3461,0.0416,0.073,2270,287,0.077,4289,273,0.039,0.2831,0.0403,0.086,1598,92,0.035,274800,26485,0.059,0.378,0.1067,0.172,0.093,0.0411,0.269,0.128,0.0442,0.21,0.757,0.0391,0.031,0.0146,0.0086,0.36,0.0116,0.0083,0.436,0.0,0.0022,,0.1272,0.0271,0.129,0.0264,0.0133,0.307
4200366264,2022,33213,46,0.001,14381,357,0.015,41.9,1.7,0.025,0.1951,0.0174,0.054,0.2283,0.0176,0.047,0.8968,0.0184,0.012,0.0315,0.0129,0.25,0.0409,0.0118,0.176,0.0165,0.0066,0.243,86716,4974,0.035,47332,1861,0.024,0.0706,0.0155,0.134,0.0368,0.0105,0.174,0.6452,0.0177,0.017,0.4983,0.0304,0.037,15254,397,0.016,0.0572,0.0149,0.159,1965,2,0.001,0.6564,0.0236,0.022,0.0163,0.0063,0.236,0.0873,0.0203,0.141,0.1241,0.0205,0.1,0.2405,0.0256,0.065,3458,378,0.066,10923,436,0.024,0.1883,0.0269,0.087,1089,45,0.025,238600,7870,0.02,0.3811,0.08,0.128,0.1029,0.0407,0.24,0.1787,0.0286,0.097,0.6838,0.0261,0.023,0.028,0.0096,0.209,0.0048,0.0033,0.417,0.0,0.0015,,0.2136,0.0286,0.081,0.044,0.0122,0.169
4200366320,2022,515,75,0.089,254,71,0.17,54.9,7.3,0.081,0.2039,0.0349,0.104,0.3631,0.1376,0.23,0.8117,0.1567,0.117,0.0019,0.0039,1.213,0.0019,0.0039,1.213,0.0136,0.0075,0.336,100000,54494,0.331,92438,12686,0.083,0.0097,0.0227,1.42,0.0095,0.0142,0.909,0.5036,0.1068,0.129,0.835,0.1228,0.089,254,71,0.17,0.0,0.0433,,1952,2,0.001,1.0,0.0,0.0,0.0,0.0612,,0.0,0.0612,,0.0,0.0612,,0.0276,0.0181,0.4,7,5,0.434,247,71,0.175,0.0388,0.0305,0.478,,,,359700,18333,0.031,0.0,3.1429,,0.0,1.5714,,0.1134,0.0703,0.377,0.6986,0.0522,0.045,0.0239,0.0238,0.604,0.0383,0.0235,0.373,0.0,0.0526,,0.1962,0.0422,0.131,0.0079,0.0448,3.461
4200368388,2022,17489,22,0.001,8123,325,0.024,40.5,2.5,0.038,0.156,0.023,0.09,0.2414,0.0213,0.054,0.7723,0.0385,0.03,0.0129,0.0084,0.397,0.1458,0.0318,0.133,0.0207,0.0204,0.598,85073,8773,0.063,47869,3043,0.039,0.0284,0.0098,0.209,0.015,0.008,0.324,0.6263,0.0319,0.031,0.5104,0.0518,0.062,8602,327,0.023,0.0557,0.0196,0.215,1961,3,0.001,0.5589,0.0348,0.038,0.04,0.0175,0.266,0.128,0.0394,0.187,0.1924,0.0403,0.127,0.3653,0.0497,0.083,2967,421,0.086,5156,362,0.043,0.3075,0.0405,0.08,1263,71,0.034,206100,6320,0.019,0.2012,0.0409,0.123,0.0907,0.0275,0.184,0.1559,0.0298,0.116,0.657,0.0493,0.046,0.0591,0.0226,0.232,0.0097,0.0081,0.504,0.001,0.0017,1.08,0.2023,0.0559,0.168,0.0677,0.02,0.18
4200369376,2022,3873,21,0.003,1663,117,0.043,39.5,5.9,0.091,0.2437,0.0471,0.118,0.182,0.04,0.134,0.818,0.0621,0.046,0.0695,0.039,0.341,0.0046,0.0046,0.608,0.0173,0.016,0.563,77454,20338,0.16,65609,9858,0.091,0.0973,0.0488,0.305,0.0745,0.0443,0.362,0.6727,0.0749,0.068,0.5828,0.0721,0.075,1904,192,0.061,0.1266,0.0756,0.363,1938,,,0.6019,0.0424,0.043,0.1119,0.0552,0.3,0.136,0.0487,0.218,0.1129,0.0456,0.246,0.3476,0.0704,0.123,578,124,0.13,1085,126,0.071,0.2713,0.0786,0.176,968,210,0.132,447600,60605,0.082,0.5381,0.1629,0.184,0.3149,0.1326,0.256,0.2894,0.1064,0.224,0.5669,0.0569,0.061,0.049,0.062,0.769,0.0948,0.0482,0.309,0.0,0.0059,,0.2451,0.0922,0.229,0.1425,0.0546,0.233
4200369400,2022,762,89,0.071,317,39,0.075,50.8,2.1,0.025,0.2336,0.041,0.107,0.2165,0.0346,0.097,0.9475,0.0281,0.018,0.0328,0.0286,0.53,0.0118,0.0131,0.672,0.0,0.0144,,195750,49264,0.153,157017,28699,0.111,0.0227,0.016,0.429,0.0256,0.0253,0.601,0.5705,0.0571,0.061,0.7038,0.0443,0.038,369,41,0.068,0.1409,0.0603,0.26,1958,8,0.002,0.9214,0.1414,0.093,0.0054,0.0309,3.465,0.0,0.0422,,0.0,0.0422,,0.1325,0.0511,0.234,42,17,0.246,275,39,0.086,0.1142,0.044,0.234,1750,668,0.232,1024500,145902,0.087,0.381,0.3239,0.517,0.2381,0.1914,0.489,0.2,0.0574,0.174,0.6239,0.0707,0.069,0.0,0.0321,,0.0175,0.0143,0.498,0.0,0.0321,,0.2945,0.1081,0.223,0.0,0.0491,
4200369416,2022,697,88,0.077,264,55,0.127,49.5,4.2,0.052,0.231,0.0332,0.087,0.2999,0.0685,0.139,0.9125,0.0551,0.037,0.0,0.0158,,0.0273,0.0183,0.409,0.0172,0.0127,0.449,156667,26013,0.101,81576,12439,0.093,0.0143,0.0114,0.484,0.0458,0.027,0.358,0.5164,0.0551,0.065,0.7057,0.0823,0.071,281,58,0.125,0.0605,0.0701,0.704,1981,4,0.001,0.9786,0.0424,0.026,0.0071,0.0405,3.463,0.0,0.0554,,0.0142,0.0415,1.774,0.0227,0.0144,0.385,6,4,0.405,258,55,0.13,0.0086,0.0056,0.398,850,217,0.155,448600,70542,0.096,0.3333,3.2069,5.848,0.3333,0.4479,0.817,0.2636,0.1558,0.359,0.6755,0.143,0.129,0.0,0.0415,,0.0,0.0415,,0.0,0.0415,,0.2717,0.0903,0.202,0.053,0.032,0.367
4200369584,2022,27963,32,0.001,12400,371,0.018,45.8,1.8,0.024,0.1651,0.0193,0.071,0.2427,0.024,0.06,0.9348,0.0179,0.012,0.0059,0.0051,0.534,0.0074,0.0059,0.485,0.0195,0.0098,0.305,85747,5563,0.039,47848,3290,0.042,0.0421,0.0144,0.209,0.0494,0.0156,0.191,0.6732,0.0162,0.015,0.4033,0.0312,0.047,12662,394,0.019,0.0207,0.0093,0.273,1961,2,0.001,0.8559,0.0227,0.016,0.0393,0.017,0.263,0.0141,0.0065,0.282,0.0169,0.0072,0.258,0.1204,0.0249,0.126,1493,312,0.127,10907,501,0.028,0.1026,0.0267,0.158,1097,126,0.07,224200,4729,0.013,0.2438,0.0721,0.18,0.1192,0.0593,0.302,0.1421,0.0282,0.121,0.7811,0.0231,0.018,0.0158,0.0082,0.317,0.0082,0.0098,0.727,0.0,0.0014,,0.1186,0.0215,0.11,0.0326,0.0127,0.237
4200369776,2022,3189,40,0.008,1597,132,0.05,36.3,3.6,0.06,0.2029,0.0746,0.224,0.1587,0.0377,0.144,0.8598,0.0538,0.038,0.0568,0.037,0.396,0.0151,0.0135,0.545,0.0282,0.0238,0.513,44571,7096,0.097,31623,4469,0.086,0.1655,0.0726,0.267,0.1079,0.0509,0.287,0.5664,0.0779,0.084,0.3197,0.0712,0.135,1824,186,0.062,0.1245,0.0612,0.299,1938,,,0.3591,0.0742,0.126,0.1678,0.0647,0.235,0.1036,0.0584,0.343,0.1573,0.0539,0.208,0.5279,0.0881,0.101,843,157,0.113,754,129,0.104,0.4451,0.0969,0.132,910,63,0.042,94900,26727,0.171,0.4021,0.1432,0.216,0.2266,0.1172,0.314,0.2865,0.121,0.257,0.6352,0.0988,0.095,0.0431,0.0404,0.569,0.0416,0.0381,0.557,0.0059,0.0096,0.984,0.1545,0.0597,0.235,0.2517,0.0691,0.167
4200372160,2022,18175,23,0.001,6785,272,0.024,40.8,1.5,0.022,0.2607,0.0293,0.068,0.1715,0.022,0.078,0.8151,0.033,0.025,0.0254,0.0125,0.299,0.121,0.0286,0.143,0.0191,0.0109,0.349,114033,8926,0.048,55614,4870,0.053,0.025,0.01,0.243,0.0244,0.0127,0.316,0.6845,0.0246,0.022,0.5512,0.0457,0.05,7010,270,0.023,0.0321,0.0172,0.326,1991,2,0.001,0.628,0.0276,0.027,0.0308,0.0174,0.343,0.0795,0.0248,0.19,0.0745,0.028,0.229,0.1602,0.0336,0.127,1087,232,0.13,5698,280,0.03,0.0992,0.0225,0.138,1208,104,0.052,285100,17344,0.037,0.4821,0.1663,0.21,0.3293,0.155,0.286,0.1448,0.0362,0.152,0.7618,0.0495,0.04,0.0122,0.007,0.352,0.0025,0.0028,0.687,0.0,0.002,,0.1682,0.0422,0.152,0.0584,0.0285,0.297
4200372400,2022,13702,25,0.001,5676,263,0.028,44.4,4.0,0.055,0.1822,0.0276,0.092,0.1971,0.0263,0.081,0.8969,0.0278,0.019,0.0306,0.0161,0.319,0.0423,0.0271,0.39,0.0089,0.0054,0.369,94125,6964,0.045,44941,2480,0.034,0.0425,0.0166,0.237,0.0406,0.0246,0.369,0.6732,0.0302,0.027,0.393,0.0367,0.057,5867,258,0.027,0.0326,0.0207,0.387,1974,2,0.001,0.7844,0.0325,0.025,0.0179,0.0133,0.45,0.0707,0.0205,0.176,0.0554,0.0214,0.235,0.201,0.0331,0.1,1141,195,0.104,4535,309,0.041,0.1621,0.0347,0.13,1155,112,0.059,209900,11692,0.034,0.5074,0.1708,0.205,0.2244,0.0865,0.234,0.1211,0.0383,0.192,0.7685,0.0752,0.059,0.0549,0.0165,0.183,0.0001,0.0004,1.823,0.0,0.0025,,0.1481,0.0354,0.145,0.0282,0.014,0.301
4200372568,2022,357,119,0.203,156,44,0.171,54.4,10.6,0.118,0.1204,0.0633,0.319,0.2997,0.137,0.278,0.9328,0.4338,0.283,0.0084,0.0137,0.993,0.0,0.0308,,0.0588,0.0759,0.785,68750,17535,0.155,42476,8782,0.126,0.042,0.0373,0.539,0.0805,0.0732,0.553,0.5489,0.1428,0.158,0.162,0.08,0.3,162,44,0.165,0.037,0.0609,1.0,1955,3,0.001,0.9753,0.0168,0.01,0.0,0.096,,0.0,0.096,,0.0,0.096,,0.0449,0.0563,0.763,7,9,0.782,149,42,0.171,0.0448,0.0452,0.613,,,,125600,26811,0.13,0.1429,2.7492,11.699,0.0,1.5714,,0.2752,0.1373,0.303,0.8312,0.1631,0.119,0.0188,0.0238,0.772,0.0562,0.0648,0.701,0.0,0.0688,,0.0875,0.0867,0.603,0.0705,0.0977,0.842
4200372960,2022,3373,17,0.003,1634,98,0.036,51.4,4.5,0.053,0.1788,0.0337,0.115,0.2318,0.0507,0.133,0.9446,0.0293,0.019,0.0015,0.0024,0.973,0.0003,0.0009,1.824,0.0341,0.027,0.481,62273,13172,0.129,38573,4074,0.064,0.0706,0.0271,0.233,0.0725,0.0294,0.246,0.6531,0.0418,0.039,0.3163,0.0642,0.123,1749,106,0.037,0.0658,0.0369,0.342,1953,3,0.001,0.6935,0.0266,0.023,0.1395,0.0418,0.182,0.0629,0.0338,0.326,0.0583,0.0191,0.199,0.3721,0.0674,0.11,608,116,0.116,1026,95,0.056,0.277,0.0567,0.124,838,42,0.03,136600,7524,0.033,0.3306,0.0837,0.154,0.0954,0.0476,0.304,0.1287,0.0505,0.239,0.777,0.0584,0.046,0.0552,0.0293,0.323,0.0041,0.0064,0.954,0.0,0.0064,,0.0587,0.0269,0.279,0.1248,0.042,0.205
4200372968,2022,1475,135,0.056,744,66,0.054,57.0,4.0,0.043,0.1024,0.0263,0.156,0.2671,0.0319,0.073,0.9451,0.0278,0.018,0.0,0.0075,,0.0075,0.0095,0.772,0.0176,0.0114,0.394,58654,9183,0.095,40717,6197,0.093,0.0929,0.0587,0.384,0.0254,0.0264,0.632,0.6119,0.0586,0.058,0.2443,0.0455,0.113,821,67,0.05,0.0938,0.0481,0.312,1962,4,0.001,0.6821,0.0646,0.058,0.0731,0.0444,0.369,0.0061,0.0159,1.584,0.0,0.0189,,0.1331,0.0455,0.208,99,35,0.215,645,68,0.064,0.1146,0.0358,0.19,987,80,0.049,127100,13755,0.066,0.404,0.2236,0.336,0.2222,0.1751,0.479,0.1612,0.0604,0.228,0.8514,0.0409,0.029,0.0068,0.0094,0.845,0.0203,0.0186,0.558,0.0,0.0149,,0.05,0.0229,0.278,0.0484,0.0246,0.309
4200374648,2022,6384,29,0.003,2804,208,0.045,38.4,5.0,0.079,0.2679,0.0667,0.151,0.149,0.0283,0.116,0.6084,0.0911,0.091,0.3465,0.076,0.133,0.0016,0.0028,1.094,0.0,0.0025,,49286,7467,0.092,28158,4200,0.091,0.2353,0.1096,0.283,0.1243,0.0616,0.301,0.5782,0.0714,0.075,0.1565,0.0542,0.211,3259,210,0.039,0.1396,0.0417,0.182,1951,6,0.002,0.6244,0.0848,0.083,0.1359,0.0476,0.213,0.0319,0.0219,0.418,0.0086,0.0091,0.643,0.5025,0.0719,0.087,1409,227,0.098,1395,245,0.107,0.5433,0.0796,0.089,980,99,0.061,85600,10392,0.074,0.3265,0.1105,0.206,0.1824,0.0867,0.289,0.1333,0.0612,0.279,0.728,0.0498,0.042,0.1011,0.0454,0.273,0.0093,0.0133,0.867,0.0,0.0065,,0.0451,0.0262,0.353,0.2215,0.0777,0.213
4200375816,2022,8588,45,0.003,4393,354,0.049,37.1,2.9,0.048,0.1719,0.0389,0.137,0.1683,0.0383,0.139,0.5672,0.0591,0.063,0.3114,0.0585,0.114,0.0325,0.0235,0.44,0.0412,0.0189,0.278,56594,6168,0.066,37266,4021,0.066,0.1604,0.0679,0.257,0.0657,0.0328,0.303,0.7413,0.0369,0.03,0.4068,0.0517,0.077,4929,401,0.049,0.1087,0.0346,0.193,1941,4,0.001,0.4865,0.0413,0.052,0.1948,0.0381,0.119,0.1463,0.0478,0.199,0.0359,0.0156,0.264,0.5172,0.055,0.065,2272,303,0.081,2121,262,0.075,0.4786,0.0567,0.072,1025,65,0.039,140000,6510,0.028,0.4674,0.123,0.16,0.2425,0.0917,0.23,0.1928,0.0591,0.186,0.4945,0.0339,0.042,0.1672,0.043,0.156,0.0421,0.0218,0.315,0.0107,0.009,0.512,0.1824,0.0432,0.144,0.1782,0.0566,0.193
4200376104,2022,4328,19,0.003,2188,244,0.068,48.2,5.2,0.066,0.1848,0.0577,0.19,0.211,0.0664,0.191,0.8893,0.0428,0.029,0.0418,0.0471,0.685,0.0,0.0025,,0.0411,0.0358,0.529,41466,7756,0.114,25311,2483,0.06,0.1952,0.0925,0.288,0.062,0.0363,0.356,0.5538,0.0631,0.069,0.15,0.0538,0.218,2322,266,0.07,0.0577,0.0643,0.677,1938,,,0.553,0.0828,0.091,0.1865,0.0626,0.204,0.0818,0.0601,0.446,0.1072,0.0534,0.302,0.3437,0.0789,0.14,752,192,0.155,1436,261,0.11,0.3471,0.0878,0.154,754,223,0.18,68300,7475,0.067,0.3617,0.1598,0.269,0.0957,0.0773,0.491,0.2834,0.1666,0.357,0.7301,0.0916,0.076,0.0414,0.0502,0.738,0.0989,0.0605,0.372,0.0,0.0059,,0.0253,0.0229,0.55,0.2239,0.1153,0.313
4200376560,2022,454,48,0.064,161,19,0.072,43.7,5.7,0.079,0.2401,0.0376,0.095,0.2225,0.0324,0.089,0.9053,0.0258,0.017,0.0,0.0242,,0.0088,0.0088,0.604,0.0463,0.0282,0.371,214375,21679,0.061,88961,17547,0.12,0.0352,0.0466,0.803,0.0122,0.0243,1.214,0.6852,0.0264,0.023,0.7207,0.0487,0.041,161,19,0.072,0.0,0.0683,,1954,4,0.001,0.9627,0.0319,0.02,0.0248,0.0708,1.731,0.0,0.0966,,0.0,0.0966,,0.0186,0.0122,0.399,3,2,0.405,158,19,0.073,0.011,0.0132,0.727,,,,400000,28657,0.044,0.0,7.3333,,0.0,3.6667,,0.0506,0.1428,1.714,0.6337,0.0693,0.066,0.0329,0.0202,0.374,0.0,0.0453,,0.0,0.0453,,0.3045,0.0659,0.132,0.0,0.0966,
4200377272,2022,31,36,0.706,22,24,0.663,47.7,27.7,0.353,0.0,1.0036,,0.0,1.2292,,1.0,0.0,0.0,0.0,0.3548,,0.0,0.3548,,0.0,0.3548,,,,,57426,5243,0.056,0.0,0.5018,,0.0,0.3548,,1.0,0.0,0.0,0.2903,0.7058,1.478,33,33,0.608,0.3333,0.5421,0.989,1956,27,0.008,0.6667,0.2907,0.265,0.0,0.4714,,0.0,0.4714,,0.0,0.4714,,0.0,0.5,,0,11,,22,24,0.663,0.0,0.3548,,,,,,,,,,,,,,0.0,1.4142,,1.0,0.0,0.0,0.0,0.3548,,0.0,0.3548,,0.0,0.3548,,0.0,0.3548,,0.0,0.7071,
4200377912,2022,5087,27,0.003,2174,200,0.056,43.0,7.8,0.11,0.1956,0.0562,0.175,0.2542,0.0647,0.155,0.6039,0.0874,0.088,0.2597,0.0723,0.169,0.0098,0.0134,0.827,0.0202,0.0218,0.655,42344,6280,0.09,23199,3922,0.103,0.2786,0.1132,0.247,0.1447,0.0766,0.322,0.5607,0.06,0.065,0.1221,0.0504,0.251,2484,229,0.056,0.1248,0.0634,0.309,1942,4,0.001,0.4795,0.0735,0.093,0.2001,0.0801,0.243,0.1248,0.0653,0.318,0.0753,0.0546,0.441,0.632,0.0928,0.089,1374,238,0.105,800,167,0.127,0.5736,0.104,0.11,677,159,0.143,71100,18505,0.158,0.3464,0.1148,0.201,0.2445,0.1061,0.264,0.2138,0.0981,0.279,0.6289,0.1052,0.102,0.1311,0.0904,0.419,0.0591,0.0514,0.529,0.0,0.0079,,0.0303,0.031,0.621,0.1964,0.0892,0.276
4200379274,2022,20961,29,0.001,7628,289,0.023,44.0,1.6,0.022,0.2572,0.0211,0.05,0.1886,0.0193,0.062,0.8855,0.0197,0.014,0.0128,0.0119,0.565,0.0695,0.015,0.131,0.0108,0.0058,0.327,149369,9620,0.039,69266,4102,0.036,0.0286,0.0118,0.25,0.0469,0.014,0.181,0.6505,0.0272,0.025,0.7117,0.0383,0.033,7902,302,0.023,0.0347,0.017,0.299,1971,2,0.001,0.8669,0.0244,0.017,0.0043,0.0071,1.002,0.0195,0.0091,0.284,0.0697,0.0171,0.149,0.1175,0.0201,0.104,896,157,0.107,6732,298,0.027,0.0842,0.0165,0.119,1853,177,0.058,368500,10459,0.017,0.5725,0.1266,0.134,0.3181,0.1094,0.209,0.1529,0.0337,0.134,0.6466,0.0374,0.035,0.0432,0.012,0.168,0.0088,0.0056,0.39,0.0,0.0021,,0.2438,0.0285,0.071,0.0475,0.0134,0.171
4200380032,2022,2629,398,0.092,1208,154,0.077,38.8,4.5,0.071,0.1803,0.0437,0.147,0.1982,0.0364,0.112,0.8231,0.1695,0.125,0.1248,0.0959,0.467,0.0,0.0042,,0.008,0.009,0.689,46610,9357,0.122,34874,6915,0.121,0.094,0.0435,0.281,0.0776,0.0416,0.326,0.6875,0.0644,0.057,0.2025,0.0523,0.157,1305,147,0.068,0.0743,0.0421,0.344,1947,11,0.003,0.4851,0.0805,0.101,0.2322,0.0578,0.151,0.1119,0.0709,0.385,0.1057,0.0595,0.342,0.5977,0.0748,0.076,722,129,0.109,486,92,0.115,0.5011,0.0919,0.111,736,79,0.065,133000,15605,0.071,0.4584,0.1323,0.175,0.1413,0.0733,0.316,0.1584,0.118,0.453,0.6737,0.1162,0.105,0.0583,0.0627,0.654,0.0409,0.0325,0.483,0.0083,0.0128,0.933,0.1204,0.0526,0.266,0.1995,0.0668,0.204
4200380040,2022,1620,211,0.079,809,93,0.07,41.4,4.7,0.069,0.1809,0.0423,0.142,0.2117,0.0227,0.065,0.8765,0.064,0.044,0.058,0.0306,0.32,0.0,0.0068,,0.0043,0.0043,0.603,41382,9709,0.143,28654,2739,0.058,0.2043,0.0486,0.144,0.0577,0.0392,0.413,0.5973,0.0932,0.095,0.0863,0.0279,0.196,865,86,0.06,0.0647,0.0364,0.342,1954,6,0.002,0.585,0.0476,0.049,0.0636,0.0299,0.285,0.2786,0.0874,0.191,0.0532,0.0292,0.334,0.5253,0.0783,0.091,425,80,0.114,384,58,0.092,0.4302,0.0791,0.112,811,58,0.043,77100,21787,0.172,0.5459,0.1575,0.175,0.1976,0.0735,0.226,0.1953,0.0963,0.3,0.7368,0.2184,0.18,0.0218,0.0133,0.372,0.027,0.0224,0.505,0.0,0.0141,,0.0359,0.0245,0.415,0.1496,0.0433,0.176
4200380600,2022,526,180,0.208,243,85,0.213,33.3,2.6,0.047,0.2985,0.1098,0.224,0.0894,0.0279,0.19,0.6958,0.3169,0.277,0.2662,0.2399,0.548,0.0019,0.0037,1.198,0.0,0.0209,,59375,22546,0.231,46007,31067,0.41,0.3365,0.2295,0.415,0.1548,0.1597,0.627,0.6512,0.1572,0.147,0.0988,0.1005,0.619,332,91,0.167,0.2681,0.0797,0.181,1938,,,0.6386,0.2389,0.227,0.0753,0.0513,0.414,0.0602,0.075,0.757,0.0,0.0469,,0.4856,0.2772,0.347,118,79,0.407,125,46,0.224,0.5342,0.2596,0.295,1079,106,0.06,53600,11099,0.126,0.3305,0.1046,0.192,0.2712,0.1393,0.312,0.224,0.1553,0.421,0.5972,0.3262,0.332,0.0,0.0521,,0.0047,0.0141,1.805,0.0,0.0521,,0.2464,0.3495,0.862,0.07,0.0686,0.596
4200382800,2022,12250,18,0.001,5226,245,0.028,50.9,3.1,0.037,0.1573,0.0301,0.117,0.2603,0.0364,0.085,0.9636,0.0166,0.01,0.0047,0.0043,0.565,0.0031,0.0049,0.96,0.0026,0.0032,0.741,83913,10197,0.074,45035,4974,0.067,0.0649,0.0333,0.312,0.0196,0.011,0.341,0.5926,0.043,0.044,0.3582,0.0624,0.106,5429,286,0.032,0.0374,0.0303,0.493,1975,5,0.002,0.7401,0.0464,0.038,0.023,0.0156,0.413,0.0193,0.0228,0.715,0.0265,0.0187,0.429,0.1487,0.0409,0.167,777,217,0.17,4449,330,0.045,0.1388,0.044,0.192,1097,295,0.163,226400,14607,0.039,0.2188,0.123,0.342,0.1133,0.1087,0.584,0.1279,0.0387,0.184,0.7433,0.0637,0.052,0.0049,0.0081,1.005,0.0049,0.0076,0.942,0.0025,0.0042,1.012,0.1861,0.073,0.239,0.0224,0.0121,0.33
4200382848,2022,456,140,0.187,166,41,0.15,48.0,11.9,0.151,0.2083,0.0752,0.22,0.1206,0.0502,0.253,0.9123,0.0186,0.012,0.0,0.0241,,0.011,0.0172,0.955,0.0614,0.0969,0.959,57273,11375,0.121,26883,6069,0.137,0.1577,0.1058,0.408,0.0913,0.0732,0.488,0.6778,0.1108,0.099,0.1314,0.0849,0.393,203,45,0.135,0.1823,0.0952,0.318,1948,9,0.003,0.6946,0.1065,0.093,0.1034,0.0714,0.42,0.0,0.0766,,0.0,0.0766,,0.2229,0.1206,0.329,37,22,0.361,129,40,0.188,0.2456,0.1632,0.404,744,230,0.188,74300,10693,0.087,0.4324,0.3661,0.515,0.1892,0.1168,0.375,0.093,0.2051,1.34,0.6104,0.0,0.0,0.0606,0.0431,0.433,0.0087,0.0171,1.199,0.0,0.0476,,0.0563,0.0531,0.573,0.0482,0.0591,0.745
4200383200,2022,1747,282,0.098,808,113,0.085,42.9,3.2,0.045,0.1528,0.0328,0.131,0.2118,0.0245,0.07,0.7459,0.0574,0.047,0.087,0.0442,0.309,0.0,0.0063,,0.0882,0.0864,0.596,74545,18212,0.149,42954,3934,0.056,0.0824,0.0374,0.276,0.0709,0.0588,0.504,0.6609,0.1502,0.138,0.3631,0.0695,0.116,921,106,0.07,0.1227,0.0569,0.282,1956,1,0.0,0.8404,0.0682,0.049,0.0879,0.0447,0.309,0.0413,0.0469,0.691,0.0,0.0169,,0.2079,0.0908,0.265,168,77,0.279,640,90,0.085,0.1861,0.0998,0.326,1009,340,0.205,135100,9631,0.043,0.3393,0.232,0.416,0.25,0.2222,0.54,0.1266,0.0603,0.289,0.7552,0.0321,0.026,0.0198,0.0173,0.534,0.0263,0.036,0.831,0.0,0.0121,,0.1054,0.0754,0.435,0.0681,0.0329,0.294
4200383512,2022,19506,26,0.001,8300,531,0.039,45.2,2.8,0.038,0.2067,0.0352,0.103,0.1896,0.0191,0.061,0.8398,0.0354,0.026,0.0937,0.0269,0.174,0.0144,0.0134,0.567,0.0174,0.0153,0.535,64314,6485,0.061,33952,2342,0.042,0.1329,0.036,0.165,0.0885,0.0292,0.2,0.6466,0.021,0.02,0.2255,0.032,0.086,9034,548,0.037,0.0812,0.0293,0.219,1955,1,0.0,0.788,0.0281,0.022,0.0081,0.007,0.523,0.04,0.0184,0.279,0.0646,0.0238,0.224,0.2017,0.0359,0.108,1674,317,0.115,6626,414,0.038,0.1891,0.0368,0.118,681,79,0.071,120100,6280,0.032,0.3823,0.0836,0.133,0.1798,0.0644,0.218,0.1754,0.0335,0.116,0.7217,0.0334,0.028,0.0578,0.0181,0.191,0.0123,0.0071,0.353,0.0,0.002,,0.0837,0.0211,0.153,0.0911,0.0237,0.158
4200384144,2022,6660,68,0.006,2806,237,0.051,38.0,4.5,0.072,0.1922,0.0401,0.127,0.1404,0.0305,0.132,0.8947,0.058,0.039,0.0294,0.0258,0.533,0.0041,0.0053,0.788,0.0399,0.0348,0.53,75054,11263,0.091,38565,3713,0.059,0.0665,0.0367,0.335,0.0449,0.0207,0.281,0.779,0.0298,0.023,0.371,0.0595,0.098,2978,270,0.055,0.0578,0.043,0.453,1951,5,0.002,0.6572,0.0237,0.022,0.2374,0.0676,0.173,0.0228,0.0158,0.421,0.0621,0.038,0.372,0.2976,0.078,0.159,835,230,0.167,1971,198,0.061,0.2069,0.0568,0.167,957,47,0.03,191400,13021,0.041,0.5808,0.1785,0.187,0.2228,0.1573,0.429,0.0959,0.0431,0.273,0.782,0.0696,0.054,0.0229,0.0152,0.403,0.0254,0.0356,0.85,0.0,0.0041,,0.0791,0.0327,0.252,0.0855,0.0602,0.428
4200384440,2022,1232,202,0.1,568,92,0.098,38.8,7.9,0.124,0.2062,0.0424,0.125,0.151,0.0227,0.091,0.6485,0.0672,0.063,0.2265,0.0944,0.253,0.0,0.0089,,0.0625,0.0443,0.431,59242,4089,0.042,28738,4343,0.092,0.263,0.1168,0.27,0.1142,0.1053,0.56,0.7083,0.1104,0.095,0.1656,0.0427,0.157,645,99,0.093,0.1194,0.0494,0.252,1951,5,0.002,0.862,0.0894,0.063,0.0202,0.0312,0.942,0.0884,0.0395,0.272,0.0,0.0241,,0.4173,0.1315,0.192,237,84,0.215,331,70,0.129,0.4927,0.138,0.17,1034,298,0.175,84100,4503,0.033,0.2616,0.09,0.209,0.1688,0.0764,0.275,0.0997,0.0786,0.479,0.6576,0.0919,0.085,0.1136,0.0903,0.483,0.0128,0.0174,0.828,0.0,0.0176,,0.1024,0.0644,0.382,0.1461,0.0449,0.187
4200384512,2022,14909,23,0.001,6842,286,0.025,44.8,4.8,0.065,0.171,0.0248,0.088,0.2443,0.0263,0.066,0.7877,0.0588,0.045,0.0423,0.0186,0.267,0.1344,0.0562,0.254,0.01,0.0074,0.449,77752,7391,0.058,47047,3855,0.05,0.0878,0.03,0.208,0.0497,0.0281,0.343,0.6058,0.0398,0.04,0.4001,0.0454,0.069,7138,292,0.025,0.0415,0.0271,0.398,1957,1,0.0,0.6346,0.0388,0.037,0.0461,0.024,0.317,0.0559,0.0315,0.343,0.1537,0.0392,0.155,0.2584,0.0386,0.091,1768,274,0.094,5074,352,0.042,0.2129,0.0534,0.152,879,96,0.066,215000,7708,0.022,0.5209,0.1292,0.151,0.3009,0.1049,0.212,0.1494,0.0382,0.155,0.703,0.0531,0.046,0.0606,0.0263,0.263,0.0126,0.012,0.579,0.0037,0.0059,0.981,0.1173,0.0284,0.147,0.1058,0.0327,0.188
4200384704,2022,7585,23,0.002,3692,258,0.042,54.2,3.6,0.04,0.1624,0.0364,0.136,0.2891,0.0505,0.106,0.9403,0.0256,0.017,0.0211,0.0149,0.429,0.0026,0.004,0.912,0.0065,0.0062,0.583,57054,14892,0.159,39543,6001,0.092,0.0889,0.0417,0.285,0.0694,0.0374,0.327,0.5573,0.0349,0.038,0.2777,0.0574,0.126,3782,261,0.042,0.0238,0.0245,0.627,1956,2,0.001,0.7242,0.0416,0.035,0.0452,0.0301,0.404,0.1346,0.0628,0.284,0.0643,0.0306,0.29,0.3183,0.0759,0.145,1175,292,0.151,2517,241,0.058,0.2477,0.0597,0.146,953,39,0.025,120700,10484,0.053,0.4732,0.1113,0.143,0.16,0.0819,0.311,0.1673,0.0516,0.187,0.7529,0.0759,0.061,0.0122,0.0188,0.941,0.0143,0.0161,0.683,0.0,0.0049,,0.1573,0.0654,0.253,0.0428,0.0267,0.38
4200385184,2022,6303,24,0.002,3151,170,0.033,45.1,3.7,0.05,0.1582,0.0302,0.116,0.2791,0.0443,0.096,0.6457,0.0698,0.066,0.2718,0.066,0.148,0.0,0.0025,,0.0097,0.006,0.379,63781,6548,0.062,41270,2890,0.043,0.0795,0.033,0.253,0.0363,0.0208,0.349,0.6131,0.0436,0.043,0.4045,0.061,0.092,3324,168,0.031,0.052,0.0266,0.311,1959,2,0.001,0.6447,0.041,0.039,0.0271,0.0166,0.373,0.0719,0.0325,0.275,0.2187,0.059,0.164,0.4281,0.0598,0.085,1349,202,0.091,1802,155,0.052,0.3536,0.0471,0.081,1068,41,0.023,155500,11444,0.045,0.4796,0.1283,0.163,0.2572,0.1043,0.247,0.1299,0.0507,0.237,0.6726,0.0562,0.051,0.0395,0.0174,0.268,0.0032,0.0047,0.911,0.0,0.0051,,0.2113,0.0547,0.157,0.0619,0.0371,0.364
4200385188,2022,14340,35,0.001,7907,422,0.032,44.1,3.5,0.048,0.1554,0.0272,0.106,0.221,0.0313,0.086,0.3757,0.0336,0.054,0.4941,0.0422,0.052,0.0171,0.0102,0.362,0.0296,0.0132,0.272,46013,4611,0.061,35482,3685,0.063,0.2297,0.046,0.122,0.0852,0.0263,0.188,0.5994,0.0329,0.033,0.3814,0.0411,0.066,9779,450,0.028,0.1914,0.027,0.086,1945,3,0.001,0.3574,0.0349,0.059,0.215,0.0324,0.092,0.1492,0.0249,0.101,0.1614,0.0294,0.111,0.6998,0.0464,0.04,5533,471,0.052,2374,281,0.072,0.6871,0.0393,0.035,925,69,0.045,127400,18125,0.086,0.4415,0.0614,0.085,0.2416,0.0523,0.132,0.1664,0.0507,0.185,0.4661,0.0506,0.066,0.2052,0.0432,0.128,0.0405,0.0234,0.35,0.0098,0.0069,0.428,0.1515,0.0357,0.143,0.299,0.0443,0.09
4200385496,2022,1834,428,0.142,856,126,0.089,35.1,2.5,0.043,0.2279,0.0457,0.122,0.1407,0.0243,0.105,0.6532,0.1605,0.149,0.2988,0.0744,0.151,0.0,0.006,,0.0131,0.0133,0.617,36161,12107,0.204,23835,3883,0.099,0.2792,0.0769,0.168,0.1322,0.0857,0.394,0.6627,0.0966,0.089,0.164,0.0657,0.244,1159,119,0.062,0.2614,0.0701,0.163,1960,15,0.005,0.3417,0.0683,0.122,0.2701,0.0851,0.192,0.1743,0.0728,0.254,0.1035,0.0501,0.294,0.6028,0.107,0.108,516,119,0.14,340,100,0.179,0.6022,0.1341,0.135,793,54,0.041,62500,12502,0.122,0.436,0.1568,0.219,0.2907,0.1419,0.297,0.2265,0.1457,0.391,0.6619,0.1697,0.156,0.0803,0.0538,0.407,0.0453,0.0573,0.768,0.0,0.0142,,0.1062,0.0885,0.506,0.2827,0.0995,0.214
4200300724,2023,1758,270,0.093,915,133,0.088,76.0,8.1,0.065,0.1052,0.0227,0.131,0.6018,0.0757,0.076,0.959,0.037,0.023,0.0068,0.0108,0.958,0.0165,0.0203,0.749,0.0028,0.004,0.846,80069,16440,0.125,68395,11685,0.104,0.0403,0.0286,0.432,0.0842,0.0989,0.714,0.3034,0.0447,0.09,0.452,0.0974,0.131,1083,127,0.071,0.1551,0.0572,0.224,1996,5,0.002,0.3084,0.0456,0.09,0.0111,0.0131,0.716,0.0277,0.0158,0.347,0.4709,0.1045,0.135,0.5366,0.1041,0.118,491,119,0.147,424,69,0.099,0.4795,0.1221,0.155,3501,,,281900,19520,0.042,0.5418,0.1708,0.192,0.3727,0.1216,0.198,0.3066,0.0977,0.194,0.7114,0.0998,0.085,0.0,0.025,,0.0,0.025,,0.0,0.025,,0.1727,0.0518,0.182,0.2339,0.1207,0.314
4200303320,2023,2866,17,0.004,1189,118,0.06,35.9,2.3,0.039,0.3123,0.0706,0.137,0.1472,0.0357,0.147,0.8618,0.0976,0.069,0.0286,0.0335,0.712,0.1096,0.0914,0.507,0.0,0.0038,,119875,41166,0.209,65763,9977,0.092,0.0164,0.0112,0.412,0.0277,0.0227,0.499,0.7156,0.0436,0.037,0.753,0.1144,0.092,1359,148,0.066,0.1251,0.0648,0.315,1938,,,0.5004,0.0917,0.111,0.234,0.079,0.205,0.1317,0.0596,0.275,0.0052,0.0114,1.349,0.3759,0.0929,0.15,447,119,0.162,742,125,0.102,0.3489,0.1047,0.182,1222,222,0.11,377300,48318,0.078,0.4273,0.1454,0.207,0.2438,0.1376,0.343,0.1914,0.1136,0.361,0.5235,0.101,0.117,0.0697,0.0419,0.366,0.0273,0.0233,0.52,0.0038,0.0068,1.093,0.2644,0.082,0.189,0.1127,0.0656,0.354
4200303608,2023,4689,23,0.003,2625,211,0.049,44.3,7.4,0.102,0.1113,0.042,0.23,0.2655,0.0585,0.134,0.8209,0.0705,0.052,0.1226,0.0601,0.298,0.0264,0.0218,0.5,0.0166,0.0158,0.577,51156,7599,0.09,42245,5457,0.079,0.138,0.0501,0.221,0.0377,0.0198,0.32,0.617,0.0593,0.058,0.3593,0.0532,0.09,2906,236,0.049,0.0967,0.043,0.27,1952,6,0.002,0.3624,0.0529,0.089,0.1789,0.0498,0.169,0.1239,0.0625,0.307,0.3042,0.0768,0.153,0.592,0.0821,0.084,1554,249,0.097,1071,154,0.087,0.4654,0.0775,0.101,917,73,0.048,154200,18288,0.072,0.4003,0.1202,0.183,0.2529,0.1051,0.253,0.2241,0.0783,0.212,0.6064,0.1018,0.102,0.0532,0.0405,0.463,0.0511,0.0482,0.574,0.0,0.0046,,0.1841,0.0579,0.191,0.2404,0.0898,0.227
4200303928,2023,21159,38,0.001,8935,340,0.023,42.1,1.7,0.025,0.2003,0.023,0.07,0.2131,0.0233,0.066,0.8058,0.0366,0.028,0.0405,0.0153,0.23,0.086,0.0258,0.182,0.0243,0.0112,0.28,77882,7752,0.061,40086,2107,0.032,0.1045,0.0319,0.186,0.026,0.0124,0.288,0.6516,0.0279,0.026,0.3277,0.0361,0.067,9594,326,0.021,0.0687,0.0241,0.213,1959,2,0.001,0.7417,0.0303,0.025,0.0328,0.0157,0.291,0.0755,0.0295,0.238,0.0888,0.0264,0.181,0.2299,0.0368,0.097,2054,338,0.1,6881,392,0.035,0.1962,0.041,0.127,1042,72,0.042,191700,5780,0.018,0.4221,0.1005,0.145,0.2137,0.0824,0.234,0.1804,0.0366,0.124,0.7191,0.0366,0.031,0.024,0.0098,0.247,0.0162,0.0111,0.414,0.0,0.0019,,0.1468,0.0331,0.137,0.0819,0.0259,0.192
4200303932,2023,1959,351,0.109,843,102,0.074,41.5,6.5,0.095,0.2261,0.0768,0.206,0.2037,0.0502,0.15,0.9923,0.0259,0.016,0.0,0.0056,,0.0,0.0056,,0.0,0.0056,,83393,15472,0.113,40851,4739,0.071,0.0311,0.0184,0.358,0.0469,0.0284,0.368,0.656,0.1119,0.104,0.365,0.0696,0.116,878,94,0.065,0.0399,0.0362,0.552,1953,2,0.001,0.9544,0.0173,0.011,0.0159,0.0259,0.989,0.0,0.0177,,0.0,0.0177,,0.0439,0.0243,0.337,37,21,0.345,806,98,0.074,0.0255,0.0125,0.297,941,118,0.076,186900,14893,0.048,0.4595,0.4939,0.653,0.2973,0.2448,0.501,0.2395,0.0971,0.247,0.7358,0.0904,0.075,0.0342,0.021,0.373,0.0,0.0118,,0.0,0.0118,,0.1968,0.0517,0.16,0.0356,0.0214,0.365
4200305216,2023,1650,185,0.068,602,64,0.065,43.9,4.6,0.064,0.2273,0.037,0.099,0.203,0.0248,0.074,0.8503,0.0465,0.033,0.0267,0.0283,0.646,0.0194,0.0125,0.393,0.0164,0.0144,0.536,161184,25718,0.097,83256,12205,0.089,0.077,0.0389,0.307,0.0363,0.0281,0.469,0.6926,0.075,0.066,0.601,0.0536,0.054,667,65,0.059,0.0975,0.0759,0.473,1963,5,0.002,0.9445,0.0402,0.026,0.003,0.0171,3.465,0.0075,0.0188,1.522,0.0,0.0233,,0.0764,0.0322,0.256,46,20,0.264,556,68,0.074,0.0703,0.033,0.285,1078,297,0.167,424700,37200,0.053,0.2391,0.5308,1.349,0.2391,0.3319,0.844,0.1565,0.06,0.233,0.6872,0.1522,0.135,0.0012,0.0058,3.038,0.0105,0.0138,0.804,0.0,0.0128,,0.2849,0.091,0.194,0.0299,0.0197,0.402
4200305312,2023,8186,20,0.001,4127,259,0.038,36.5,2.1,0.035,0.1715,0.0338,0.12,0.1614,0.0301,0.114,0.8219,0.0454,0.034,0.1062,0.0318,0.182,0.0056,0.0043,0.463,0.0145,0.0075,0.312,64888,6372,0.06,43780,4533,0.063,0.1041,0.0424,0.247,0.0467,0.017,0.222,0.743,0.046,0.038,0.4709,0.0499,0.064,4648,276,0.036,0.1121,0.0423,0.229,1938,,,0.3924,0.0374,0.058,0.2276,0.0404,0.108,0.1715,0.0518,0.183,0.1334,0.0334,0.152,0.5714,0.0646,0.069,2358,305,0.079,1769,169,0.058,0.4378,0.062,0.086,935,52,0.034,177900,15215,0.052,0.3418,0.0808,0.144,0.1539,0.0537,0.212,0.1775,0.0609,0.209,0.6521,0.0642,0.06,0.0445,0.0227,0.311,0.0296,0.0168,0.346,0.0017,0.0027,0.987,0.1893,0.0363,0.117,0.1338,0.0352,0.16
4200305504,2023,1919,199,0.063,783,93,0.072,38.0,3.4,0.054,0.2381,0.0228,0.058,0.1584,0.0489,0.188,0.8656,0.0579,0.041,0.0401,0.0215,0.326,0.0089,0.0078,0.533,0.0297,0.0185,0.379,100353,11089,0.067,55675,4767,0.052,0.0724,0.0282,0.237,0.0416,0.0215,0.314,0.7447,0.0225,0.018,0.6468,0.1132,0.106,846,108,0.078,0.0745,0.0475,0.388,1938,,,0.7352,0.0738,0.061,0.1998,0.0616,0.188,0.0154,0.0219,0.866,0.0,0.0184,,0.3193,0.0561,0.107,250,53,0.129,533,93,0.106,0.2285,0.042,0.112,1370,100,0.044,342800,22306,0.04,0.408,0.1268,0.189,0.22,0.093,0.257,0.1726,0.051,0.18,0.6485,0.0603,0.057,0.038,0.022,0.353,0.0068,0.0078,0.692,0.0019,0.0039,1.214,0.2619,0.0717,0.166,0.0358,0.0205,0.349
4200305520,2023,343,53,0.094,117,19,0.099,43.1,6.1,0.086,0.2595,0.0465,0.109,0.1283,0.0316,0.15,0.9738,0.0185,0.012,0.0,0.0321,,0.0146,0.0144,0.601,0.0087,0.0116,0.805,240938,22921,0.058,88869,13203,0.09,0.0058,0.0082,0.855,0.0305,0.0352,0.702,0.7323,0.0328,0.027,0.8428,0.0308,0.022,121,21,0.106,0.0331,0.0576,1.059,1938,,,0.9917,0.0223,0.014,0.0,0.1286,,0.0,0.1286,,0.0,0.1286,,0.0,0.094,,0,11,,117,19,0.099,0.0,0.0321,,,,,491700,62480,0.077,,,,,,,0.0855,0.1757,1.249,0.6684,0.0871,0.079,0.0,0.0579,,0.0105,0.0157,0.907,0.0,0.0579,,0.2842,0.0713,0.152,0.0085,0.0974,6.93
4200306064,2023,33070,28,0.001,14877,490,0.02,48.9,1.7,0.021,0.182,0.0172,0.058,0.2437,0.0197,0.049,0.9236,0.019,0.012,0.0136,0.007,0.313,0.0218,0.011,0.306,0.0102,0.0039,0.232,104129,8840,0.052,53264,2465,0.028,0.0431,0.0125,0.176,0.0345,0.0097,0.171,0.6512,0.0185,0.017,0.5165,0.0283,0.033,15723,480,0.019,0.0538,0.0161,0.182,1964,2,0.001,0.7422,0.023,0.019,0.0131,0.0083,0.384,0.0671,0.0185,0.168,0.1176,0.0201,0.104,0.2296,0.0324,0.086,3416,495,0.088,11461,496,0.026,0.1516,0.0229,0.092,1259,76,0.037,258700,8894,0.021,0.4195,0.0632,0.092,0.2178,0.0601,0.168,0.1337,0.0301,0.137,0.6469,0.0333,0.031,0.0486,0.0109,0.137,0.0073,0.0049,0.413,0.0,0.0014,,0.2369,0.0336,0.086,0.0538,0.0139,0.157
4200307000,2023,1469,181,0.075,904,138,0.093,51.8,5.6,0.066,0.1096,0.0356,0.197,0.3084,0.0894,0.176,0.8428,0.1456,0.105,0.0082,0.0095,0.705,0.1055,0.0813,0.469,0.0,0.0075,,50667,18282,0.219,45068,8171,0.11,0.2069,0.087,0.256,0.0409,0.0467,0.693,0.6069,0.0517,0.052,0.4668,0.1037,0.135,985,127,0.078,0.0822,0.0496,0.367,1951,8,0.002,0.2294,0.0624,0.165,0.1635,0.0771,0.287,0.1766,0.0666,0.229,0.2142,0.0912,0.259,0.6095,0.1008,0.101,551,124,0.137,353,69,0.119,0.5534,0.0977,0.107,785,74,0.057,181600,20732,0.069,0.4156,0.1466,0.214,0.1561,0.0837,0.326,0.102,0.0814,0.485,0.6429,0.0873,0.083,0.0815,0.07,0.522,0.0893,0.0605,0.412,0.0,0.0142,,0.1035,0.0464,0.273,0.26,0.1053,0.246
4200307976,2023,3203,27,0.005,1656,167,0.061,50.8,6.3,0.075,0.1218,0.0416,0.207,0.2367,0.0619,0.159,0.8945,0.067,0.046,0.0606,0.0556,0.558,0.0,0.0034,,0.029,0.0275,0.575,49929,8872,0.108,31399,3619,0.07,0.1184,0.0609,0.312,0.0136,0.0164,0.734,0.5947,0.0863,0.088,0.1463,0.075,0.312,1841,196,0.065,0.1005,0.0466,0.282,1938,,,0.6594,0.0913,0.084,0.1554,0.0753,0.295,0.0337,0.0341,0.615,0.0777,0.0443,0.347,0.3376,0.1234,0.222,559,212,0.231,1097,195,0.108,0.2933,0.1231,0.255,712,149,0.127,87700,13926,0.097,0.2182,0.1062,0.296,0.034,0.0391,0.699,0.216,0.1183,0.333,0.7793,0.1662,0.13,0.0341,0.0337,0.6,0.0091,0.0139,0.927,0.0366,0.033,0.549,0.0841,0.0494,0.357,0.1908,0.0826,0.263
4200307992,2023,1979,633,0.194,742,127,0.104,33.7,8.8,0.159,0.2446,0.075,0.186,0.144,0.0647,0.273,0.1834,0.0641,0.213,0.7479,0.2221,0.181,0.0,0.0056,,0.0318,0.0355,0.677,24489,16992,0.422,16242,4595,0.172,0.3604,0.1523,0.257,0.3394,0.2366,0.424,0.5885,0.1707,0.176,0.0738,0.0345,0.285,1064,135,0.077,0.3026,0.0679,0.136,1938,,,0.516,0.1174,0.138,0.2312,0.0895,0.235,0.063,0.0426,0.411,0.0357,0.0215,0.365,0.7183,0.1286,0.109,533,132,0.151,209,62,0.18,0.6944,0.2371,0.208,1055,322,0.186,57300,33534,0.356,0.7317,0.2078,0.173,0.409,0.0922,0.137,0.1914,0.2018,0.641,0.5829,0.2439,0.254,0.2845,0.1116,0.238,0.0175,0.0221,0.77,0.0,0.0192,,0.007,0.0103,0.894,0.4407,0.0864,0.119
4200308008,2023,1567,284,0.11,909,103,0.069,45.8,10.9,0.145,0.1666,0.0756,0.276,0.2553,0.0355,0.084,0.5495,0.0788,0.087,0.3797,0.1404,0.225,0.0153,0.0273,1.084,0.0185,0.0169,0.555,38070,3822,0.061,30230,4237,0.085,0.1793,0.0558,0.189,0.0278,0.0259,0.566,0.5354,0.0806,0.091,0.2355,0.0623,0.161,963,97,0.061,0.0561,0.0443,0.48,1960,6,0.002,0.5877,0.0815,0.084,0.1163,0.057,0.298,0.0353,0.0277,0.478,0.2295,0.0523,0.139,0.4994,0.0931,0.113,454,99,0.133,455,77,0.103,0.4505,0.1372,0.185,461,455,0.6,108900,8638,0.048,0.3062,0.1228,0.244,0.1322,0.1017,0.468,0.2681,0.1176,0.267,0.7165,0.019,0.016,0.0213,0.0241,0.685,0.0107,0.0197,1.123,0.0,0.0168,,0.2378,0.1168,0.299,0.3091,0.0595,0.117
4200308064,2023,1204,216,0.109,478,63,0.08,45.5,8.0,0.107,0.2782,0.05,0.109,0.2209,0.0549,0.151,0.9784,0.0371,0.023,0.0083,0.0099,0.721,0.0008,0.0033,2.429,0.005,0.0074,0.905,161111,21974,0.083,70403,7896,0.068,0.0199,0.0173,0.526,0.011,0.0089,0.49,0.5907,0.0949,0.098,0.7338,0.1434,0.119,491,62,0.077,0.0265,0.0345,0.791,1962,8,0.002,0.8106,0.0871,0.065,0.0183,0.0276,0.915,0.0489,0.0408,0.507,0.0,0.0317,,0.0544,0.0348,0.389,26,17,0.397,452,62,0.083,0.0224,0.0135,0.367,517,35,0.041,500000,43474,0.053,0.4231,0.6439,0.925,0.0,0.4231,,0.1261,0.0472,0.227,0.6728,0.1495,0.135,0.0074,0.0072,0.594,0.0111,0.0146,0.801,0.0,0.0203,,0.2754,0.0521,0.115,0.0565,0.0363,0.391
4200308416,2023,9927,28,0.002,4478,382,0.052,37.2,2.8,0.046,0.2601,0.051,0.119,0.1693,0.0349,0.125,0.8219,0.0694,0.051,0.0768,0.0463,0.367,0.0159,0.0132,0.504,0.0055,0.0053,0.586,60432,13180,0.133,32531,4287,0.08,0.1749,0.0842,0.293,0.0216,0.017,0.479,0.6593,0.0712,0.066,0.3637,0.0628,0.105,4789,395,0.05,0.0649,0.0364,0.34,1951,3,0.001,0.6135,0.0703,0.07,0.1111,0.0391,0.214,0.0576,0.0307,0.323,0.1236,0.0722,0.355,0.3743,0.075,0.122,1676,365,0.132,2802,410,0.089,0.3187,0.0731,0.139,822,154,0.114,143700,10060,0.043,0.5251,0.205,0.237,0.2512,0.1094,0.265,0.1959,0.0693,0.215,0.6039,0.0379,0.038,0.1229,0.0562,0.278,0.0225,0.0177,0.479,0.0,0.0033,,0.1849,0.0582,0.191,0.2077,0.0718,0.21
4200308624,2023,4737,21,0.003,2523,170,0.041,42.9,3.7,0.052,0.16,0.0397,0.151,0.22,0.0423,0.117,0.8957,0.0429,0.029,0.0568,0.0312,0.334,0.0,0.0023,,0.0002,0.0006,1.824,60156,11011,0.111,40096,3746,0.057,0.1035,0.0353,0.208,0.0676,0.0354,0.318,0.6659,0.046,0.042,0.3093,0.0505,0.099,2771,191,0.042,0.0895,0.0447,0.304,1952,3,0.001,0.6655,0.0475,0.043,0.1018,0.0379,0.226,0.0931,0.0323,0.211,0.113,0.0418,0.225,0.4007,0.0534,0.081,1011,151,0.091,1512,201,0.081,0.3683,0.0683,0.113,933,61,0.04,157700,19595,0.076,0.3225,0.1155,0.218,0.1345,0.0786,0.355,0.1548,0.0502,0.197,0.7506,0.0498,0.04,0.0302,0.0229,0.461,0.0115,0.0095,0.5,0.0,0.0044,,0.1581,0.0367,0.141,0.155,0.0722,0.283
4200311336,2023,8015,25,0.002,4266,233,0.033,41.7,4.9,0.071,0.1669,0.0412,0.15,0.211,0.0407,0.117,0.7945,0.0572,0.044,0.0987,0.0445,0.274,0.0304,0.0175,0.349,0.0299,0.022,0.446,62327,7814,0.076,42502,4479,0.064,0.1051,0.0512,0.296,0.0375,0.0215,0.348,0.7399,0.0421,0.035,0.3572,0.0476,0.081,4691,272,0.035,0.0906,0.0274,0.184,1952,3,0.001,0.5236,0.0543,0.063,0.1437,0.0336,0.142,0.0518,0.0203,0.239,0.1552,0.0398,0.156,0.4691,0.0506,0.066,2001,242,0.074,2265,227,0.061,0.4271,0.0534,0.076,880,70,0.048,168800,20046,0.072,0.2919,0.0822,0.171,0.1344,0.067,0.303,0.1938,0.0644,0.202,0.6159,0.0509,0.05,0.0627,0.0249,0.241,0.0192,0.014,0.443,0.0038,0.0049,0.775,0.219,0.0628,0.174,0.1301,0.0399,0.186
4200311680,2023,8237,24,0.002,3755,241,0.039,41.9,2.0,0.029,0.1688,0.0499,0.18,0.1983,0.0355,0.109,0.8537,0.0607,0.043,0.0475,0.0382,0.49,0.0273,0.0296,0.659,0.0328,0.0253,0.468,62426,5398,0.053,38802,3059,0.048,0.0845,0.0391,0.281,0.0038,0.0061,0.978,0.6859,0.0482,0.043,0.3635,0.0594,0.099,4044,283,0.043,0.0715,0.04,0.34,1954,2,0.001,0.5747,0.0446,0.047,0.1313,0.0462,0.214,0.0925,0.0415,0.273,0.1409,0.0478,0.206,0.3912,0.0625,0.097,1469,253,0.105,2286,222,0.059,0.3038,0.0699,0.14,1002,70,0.042,182400,14634,0.049,0.3104,0.1255,0.246,0.1838,0.0841,0.278,0.1745,0.0654,0.228,0.647,0.054,0.051,0.1389,0.041,0.179,0.0236,0.0164,0.423,0.0,0.0034,,0.1089,0.0345,0.193,0.1324,0.0555,0.255
4200312496,2023,750,181,0.147,408,118,0.176,40.6,9.5,0.142,0.1773,0.0543,0.186,0.1533,0.0289,0.114,0.7267,0.0406,0.034,0.1867,0.1155,0.376,0.008,0.0145,1.105,0.0173,0.0304,1.065,58116,6138,0.064,35735,5927,0.101,0.1,0.0618,0.375,0.054,0.0419,0.472,0.6677,0.1036,0.094,0.1744,0.0594,0.207,450,118,0.159,0.0933,0.0548,0.357,1956,3,0.001,0.72,0.1294,0.109,0.2111,0.0794,0.229,0.0,0.0346,,0.0422,0.0723,1.04,0.5245,0.1894,0.219,214,99,0.281,194,54,0.169,0.3733,0.1157,0.188,748,98,0.08,110000,8737,0.048,0.3271,0.1511,0.281,0.1636,0.129,0.479,0.1907,0.1264,0.403,0.7419,0.1611,0.132,0.0199,0.0241,0.739,0.0,0.0273,,0.0,0.0273,,0.0968,0.058,0.364,0.0588,0.0564,0.583
4200313392,2023,1704,206,0.073,782,72,0.056,45.8,4.9,0.065,0.162,0.0359,0.135,0.284,0.0333,0.071,0.9208,0.137,0.09,0.0012,0.0023,1.214,0.0,0.0065,,0.0229,0.0233,0.619,75385,10451,0.084,41614,4768,0.07,0.0646,0.0364,0.343,0.0919,0.045,0.298,0.6473,0.0952,0.089,0.3907,0.0428,0.067,866,86,0.06,0.097,0.0628,0.393,1955,2,0.001,0.8684,0.0362,0.025,0.0346,0.0245,0.429,0.015,0.0273,1.107,0.0,0.018,,0.1957,0.0693,0.215,153,56,0.223,629,62,0.06,0.1936,0.1027,0.322,1125,166,0.09,174000,14823,0.052,0.2614,0.1615,0.376,0.0588,0.0889,0.919,0.1161,0.0567,0.297,0.7444,0.0784,0.064,0.021,0.0193,0.559,0.0,0.0136,,0.0,0.0136,,0.163,0.057,0.213,0.0153,0.0198,0.786
4200313608,2023,3102,17,0.003,1336,129,0.059,45.7,14.0,0.186,0.2218,0.0715,0.196,0.2805,0.0517,0.112,0.765,0.0592,0.047,0.1106,0.0348,0.191,0.0142,0.0139,0.594,0.0248,0.0232,0.568,105924,13794,0.079,58449,9337,0.097,0.0328,0.0195,0.361,0.0374,0.026,0.423,0.6748,0.071,0.064,0.6196,0.1048,0.103,1354,130,0.058,0.0133,0.0147,0.673,1959,4,0.001,0.966,0.0076,0.005,0.0,0.0115,,0.0074,0.0143,1.179,0.014,0.0181,0.785,0.0307,0.0268,0.531,41,36,0.534,1295,131,0.061,0.031,0.0297,0.583,,,,226000,15565,0.042,0.0,0.5366,,0.0,0.2683,,0.173,0.0722,0.254,0.5453,0.1217,0.136,0.0256,0.0225,0.532,0.0088,0.0131,0.911,0.0,0.0069,,0.3821,0.126,0.2,0.0135,0.0184,0.829
4200313704,2023,6105,29,0.003,2635,219,0.051,40.5,4.5,0.068,0.2496,0.0468,0.114,0.2318,0.0428,0.112,0.4693,0.0648,0.084,0.4465,0.0856,0.117,0.0,0.0026,,0.0252,0.0221,0.533,39884,8791,0.134,26457,3416,0.078,0.299,0.0876,0.178,0.0946,0.0429,0.276,0.5408,0.0593,0.067,0.2398,0.0527,0.134,3496,251,0.044,0.2463,0.0353,0.087,1942,4,0.001,0.5775,0.0536,0.056,0.1104,0.0404,0.222,0.0772,0.0299,0.236,0.0306,0.0354,0.703,0.4023,0.0761,0.115,1060,219,0.126,1575,187,0.072,0.4278,0.0896,0.127,932,221,0.144,59100,8105,0.083,0.6547,0.1741,0.162,0.4311,0.1759,0.248,0.2152,0.0652,0.184,0.7108,0.0726,0.062,0.0385,0.0256,0.405,0.0,0.0071,,0.0,0.0071,,0.1337,0.0455,0.207,0.17,0.0715,0.256
4200315216,2023,8909,21,0.001,3997,170,0.026,49.5,2.6,0.032,0.1892,0.0378,0.121,0.273,0.0437,0.097,0.8458,0.0487,0.035,0.0516,0.0365,0.429,0.0425,0.0223,0.319,0.0226,0.018,0.484,102513,10755,0.064,63537,6122,0.059,0.0466,0.0243,0.317,0.0383,0.0181,0.287,0.6436,0.0348,0.033,0.4719,0.0561,0.072,4219,193,0.028,0.0526,0.0317,0.366,2000,3,0.001,0.6321,0.0506,0.049,0.0,0.0054,,0.059,0.0289,0.297,0.0173,0.0131,0.46,0.1769,0.0558,0.192,707,225,0.193,3290,232,0.043,0.1477,0.0501,0.206,1791,204,0.069,334800,29226,0.053,0.5431,0.1455,0.163,0.2631,0.1244,0.287,0.2112,0.0716,0.206,0.6212,0.0707,0.069,0.0092,0.0079,0.52,0.0,0.0035,,0.0,0.0035,,0.2516,0.054,0.13,0.0293,0.0268,0.556
4200316144,2023,5464,26,0.003,2631,246,0.057,39.0,3.4,0.053,0.1953,0.0495,0.154,0.211,0.0365,0.105,0.7324,0.0731,0.061,0.1464,0.0816,0.339,0.0033,0.0044,0.811,0.0377,0.0256,0.413,60174,8070,0.082,33345,3784,0.069,0.1508,0.0501,0.202,0.0373,0.0228,0.372,0.6594,0.0571,0.053,0.3072,0.0619,0.122,2971,270,0.055,0.1144,0.0473,0.251,1938,,,0.6106,0.0459,0.046,0.1175,0.0457,0.236,0.0909,0.037,0.248,0.141,0.0405,0.174,0.4755,0.0545,0.07,1251,185,0.09,1380,208,0.092,0.4183,0.0817,0.119,900,83,0.056,151500,41228,0.165,0.4596,0.1194,0.158,0.2214,0.091,0.25,0.2616,0.0913,0.212,0.6181,0.0519,0.051,0.0373,0.0247,0.403,0.0456,0.0295,0.393,0.0,0.0056,,0.1808,0.0726,0.244,0.1437,0.0402,0.17
4200316848,2023,5995,23,0.002,3090,177,0.035,43.6,4.3,0.06,0.1443,0.0307,0.129,0.198,0.0388,0.119,0.8447,0.0561,0.04,0.0809,0.0444,0.333,0.0153,0.023,0.912,0.0319,0.017,0.325,71458,10614,0.09,47721,5865,0.075,0.0837,0.0302,0.219,0.0666,0.0312,0.284,0.6919,0.0696,0.061,0.3594,0.066,0.112,3323,203,0.037,0.0701,0.0337,0.292,1938,,,0.467,0.0581,0.076,0.2844,0.0689,0.147,0.1195,0.0519,0.264,0.0572,0.0221,0.235,0.4485,0.0695,0.094,1386,229,0.1,1704,179,0.064,0.3324,0.0545,0.1,1006,53,0.032,193600,14115,0.044,0.4935,0.122,0.15,0.2612,0.0905,0.211,0.1309,0.0456,0.212,0.697,0.0861,0.075,0.0722,0.0362,0.305,0.0202,0.0138,0.414,0.0,0.0048,,0.1777,0.0406,0.139,0.1693,0.0506,0.182
4200317048,2023,2310,258,0.068,1026,118,0.07,53.1,4.5,0.052,0.1766,0.0341,0.117,0.258,0.0423,0.1,0.8801,0.064,0.044,0.0,0.0048,,0.0234,0.0171,0.445,0.0472,0.0364,0.469,79514,8769,0.067,43509,4344,0.061,0.0502,0.0293,0.355,0.0623,0.0403,0.393,0.616,0.0505,0.05,0.2903,0.0663,0.139,1135,114,0.061,0.096,0.0403,0.255,1963,4,0.001,0.9137,0.0543,0.036,0.0194,0.0124,0.388,0.0044,0.0115,1.584,0.0,0.0137,,0.1092,0.0511,0.285,112,54,0.293,914,111,0.074,0.1003,0.0491,0.298,1083,93,0.052,181900,13253,0.044,0.3125,0.3223,0.627,0.0357,0.0601,1.023,0.221,0.0855,0.235,0.7135,0.0858,0.073,0.0046,0.0064,0.846,0.0432,0.0566,0.797,0.0,0.0101,,0.1956,0.0596,0.185,0.0127,0.0165,0.793
4200319576,2023,8120,23,0.002,3996,219,0.033,37.4,0.9,0.015,0.1736,0.03,0.105,0.1537,0.0247,0.098,0.8546,0.0444,0.032,0.0589,0.0356,0.368,0.0052,0.0036,0.42,0.041,0.0228,0.338,77226,5648,0.044,45040,3366,0.045,0.0841,0.0358,0.259,0.0555,0.0299,0.328,0.7883,0.0264,0.02,0.4882,0.0534,0.066,4397,237,0.033,0.0912,0.0285,0.19,1938,,,0.574,0.0488,0.052,0.2113,0.0395,0.114,0.121,0.0441,0.222,0.0164,0.0118,0.438,0.4212,0.0592,0.085,1683,254,0.092,2313,214,0.056,0.334,0.0481,0.087,1049,66,0.038,204800,11274,0.033,0.4587,0.1331,0.176,0.2044,0.0924,0.275,0.1254,0.054,0.262,0.5284,0.0491,0.057,0.1101,0.0216,0.119,0.0327,0.0121,0.225,0.0,0.0032,,0.2373,0.0386,0.099,0.0903,0.0308,0.207
4200319856,2023,1600,255,0.097,844,134,0.097,47.7,4.9,0.062,0.0844,0.0319,0.23,0.25,0.0599,0.146,0.9006,0.0568,0.038,0.0538,0.0461,0.521,0.0,0.0069,,0.0406,0.0325,0.486,47016,9831,0.127,33109,5261,0.097,0.1411,0.1168,0.503,0.0657,0.038,0.351,0.6152,0.1447,0.143,0.1907,0.0596,0.19,970,127,0.08,0.1299,0.0519,0.243,1948,2,0.001,0.5608,0.0242,0.026,0.1742,0.1003,0.35,0.1794,0.0461,0.156,0.0052,0.0146,1.726,0.4668,0.1337,0.174,394,129,0.199,450,61,0.082,0.3975,0.1325,0.203,635,137,0.131,98300,7997,0.049,0.4416,0.1728,0.238,0.264,0.1809,0.417,0.1644,0.0907,0.335,0.6994,0.0783,0.068,0.0802,0.0779,0.59,0.0108,0.0155,0.872,0.0,0.0132,,0.0922,0.0678,0.447,0.0912,0.0898,0.599
4200320432,2023,5186,20,0.002,2101,256,0.074,34.3,4.7,0.083,0.2709,0.053,0.119,0.1539,0.0355,0.14,0.3695,0.0586,0.096,0.4391,0.0767,0.106,0.0,0.0031,,0.0318,0.0314,0.601,41208,4144,0.061,21261,2698,0.077,0.2942,0.0677,0.14,0.0819,0.0313,0.232,0.6036,0.0645,0.065,0.1099,0.0394,0.218,2939,263,0.054,0.2851,0.0504,0.107,1944,4,0.001,0.6172,0.052,0.051,0.099,0.0413,0.254,0.1375,0.0495,0.219,0.0667,0.0278,0.254,0.5631,0.0611,0.066,1183,193,0.099,918,181,0.12,0.5887,0.0744,0.077,725,89,0.075,57500,3874,0.041,0.47,0.1431,0.185,0.2866,0.1115,0.236,0.1601,0.0902,0.342,0.3658,0.0813,0.135,0.2325,0.0785,0.205,0.0923,0.0764,0.503,0.0009,0.0023,1.518,0.185,0.1428,0.469,0.3884,0.0818,0.128
4200321024,2023,1399,153,0.066,643,83,0.078,45.1,4.4,0.059,0.2294,0.0347,0.092,0.173,0.0397,0.139,0.9307,0.0506,0.033,0.0279,0.0198,0.431,0.0079,0.0064,0.493,0.0086,0.0128,0.909,65188,9587,0.089,36361,5425,0.091,0.1341,0.0611,0.277,0.0428,0.0261,0.37,0.6803,0.0444,0.04,0.2693,0.097,0.219,758,90,0.072,0.1517,0.073,0.293,1951,5,0.002,0.653,0.081,0.075,0.1464,0.0543,0.225,0.0066,0.0165,1.522,0.0475,0.0455,0.583,0.3126,0.0628,0.122,201,48,0.145,442,84,0.116,0.3146,0.0699,0.135,916,107,0.071,104100,10333,0.06,0.4478,0.1632,0.222,0.2438,0.0868,0.216,0.1222,0.0511,0.254,0.7932,0.0763,0.059,0.0171,0.0126,0.447,0.0114,0.0113,0.601,0.01,0.0128,0.777,0.0685,0.0402,0.356,0.0544,0.0359,0.401
4200321444,2023,2063,228,0.067,980,105,0.065,47.6,3.1,0.04,0.1304,0.0384,0.179,0.2409,0.0465,0.117,0.8478,0.0769,0.055,0.0882,0.0509,0.351,0.0019,0.0029,0.909,0.0,0.0053,,64103,7899,0.075,36510,4129,0.069,0.0611,0.0345,0.344,0.0748,0.0462,0.375,0.6114,0.0635,0.063,0.205,0.0707,0.21,1112,95,0.052,0.1187,0.0502,0.257,1952,3,0.001,0.6736,0.0619,0.056,0.1286,0.0601,0.284,0.0935,0.042,0.273,0.0315,0.0295,0.569,0.3163,0.0798,0.153,310,85,0.167,670,111,0.101,0.2317,0.0681,0.179,741,45,0.037,80000,7939,0.06,0.4323,0.1409,0.198,0.1968,0.088,0.272,0.1358,0.0651,0.291,0.6886,0.0642,0.057,0.0583,0.0458,0.478,0.0,0.0105,,0.0,0.0105,,0.1643,0.0644,0.238,0.1459,0.0608,0.253
4200321712,2023,1822,488,0.163,780,130,0.101,33.9,8.9,0.16,0.2799,0.0907,0.197,0.1109,0.0297,0.163,0.3595,0.1356,0.229,0.5977,0.1895,0.193,0.0,0.006,,0.0,0.006,,40227,17714,0.268,23561,5107,0.132,0.2962,0.1524,0.313,0.0496,0.0564,0.691,0.5556,0.0608,0.066,0.2326,0.0661,0.173,1031,98,0.058,0.2435,0.0801,0.2,1945,8,0.003,0.3744,0.086,0.14,0.257,0.103,0.244,0.1416,0.0957,0.411,0.0582,0.0353,0.369,0.6449,0.0745,0.07,503,102,0.123,277,87,0.191,0.6235,0.0654,0.064,768,146,0.116,72300,33702,0.283,0.2863,0.1703,0.362,0.2048,0.1515,0.45,0.1986,0.1423,0.436,0.6045,0.2017,0.203,0.0433,0.0387,0.543,0.0552,0.0471,0.518,0.0,0.0164,,0.1403,0.0849,0.368,0.3333,0.1336,0.244
4200322520,2023,3089,21,0.004,1517,93,0.037,37.5,3.4,0.055,0.1609,0.0351,0.133,0.1379,0.0281,0.124,0.8449,0.0472,0.034,0.0618,0.0317,0.312,0.0275,0.0204,0.451,0.0376,0.0275,0.445,102361,11090,0.066,65722,7521,0.07,0.0364,0.0245,0.41,0.0375,0.0223,0.361,0.8236,0.0292,0.022,0.7432,0.066,0.054,1622,105,0.039,0.0647,0.0374,0.351,1938,,,0.6708,0.0644,0.058,0.1307,0.0738,0.343,0.1289,0.0381,0.18,0.0136,0.014,0.629,0.3434,0.0708,0.125,521,112,0.131,996,119,0.073,0.269,0.068,0.154,1140,128,0.068,319200,17823,0.034,0.3013,0.1066,0.215,0.1075,0.061,0.345,0.2249,0.0632,0.171,0.5502,0.0437,0.048,0.1023,0.0317,0.188,0.0077,0.0063,0.492,0.0063,0.0072,0.7,0.2949,0.0431,0.089,0.0369,0.0239,0.393
4200322576,2023,1582,132,0.051,599,64,0.065,43.7,1.9,0.026,0.256,0.0353,0.084,0.2073,0.0355,0.104,0.9235,0.0303,0.02,0.0057,0.0076,0.809,0.0145,0.0113,0.473,0.0405,0.0282,0.424,202917,50968,0.153,116777,14988,0.078,0.0284,0.0137,0.293,0.0406,0.0276,0.414,0.587,0.0437,0.045,0.7994,0.0553,0.042,659,57,0.053,0.091,0.0495,0.33,1943,4,0.001,0.9575,0.0378,0.024,0.0152,0.0197,0.791,0.0,0.0236,,0.0152,0.0258,1.034,0.1102,0.0418,0.231,66,26,0.239,533,66,0.075,0.0773,0.0284,0.223,1175,231,0.12,743900,70139,0.057,0.0606,0.2975,2.984,0.0606,0.0719,0.721,0.1932,0.0502,0.158,0.6582,0.0627,0.058,0.0104,0.0088,0.516,0.0119,0.0133,0.68,0.0,0.0163,,0.2779,0.0527,0.115,0.0167,0.0133,0.486
4200322992,2023,1378,222,0.098,584,64,0.067,38.1,5.7,0.091,0.1851,0.0348,0.114,0.1618,0.0274,0.103,0.8403,0.1719,0.124,0.0174,0.0142,0.497,0.008,0.0086,0.656,0.0776,0.0597,0.467,45278,8128,0.109,28719,4402,0.093,0.1894,0.0442,0.142,0.0281,0.0206,0.446,0.6227,0.1397,0.136,0.2211,0.0622,0.171,646,67,0.063,0.096,0.0642,0.407,1938,,,0.6486,0.0727,0.068,0.1254,0.0485,0.235,0.0681,0.0409,0.365,0.1084,0.0705,0.395,0.4401,0.1003,0.139,257,65,0.154,327,47,0.087,0.32,0.0675,0.128,780,67,0.052,109800,13532,0.075,0.3113,0.1047,0.205,0.2568,0.097,0.23,0.208,0.0731,0.214,0.7492,0.0465,0.038,0.0498,0.0432,0.526,0.0257,0.0193,0.456,0.0,0.0166,,0.0438,0.0232,0.323,0.1267,0.0625,0.3
4200323000,2023,12790,27,0.001,5171,274,0.032,47.0,3.0,0.039,0.2004,0.0301,0.091,0.2298,0.0288,0.076,0.9058,0.0394,0.026,0.0345,0.0321,0.565,0.0258,0.0229,0.54,0.0126,0.0106,0.514,79455,6705,0.051,42923,3129,0.044,0.053,0.0216,0.248,0.0282,0.0143,0.308,0.6064,0.024,0.024,0.3041,0.0397,0.079,5769,316,0.033,0.1037,0.0372,0.218,1961,3,0.001,0.8709,0.029,0.02,0.0055,0.0049,0.542,0.0518,0.0245,0.288,0.0047,0.0079,1.028,0.1234,0.0326,0.161,638,172,0.164,4533,285,0.038,0.1052,0.0381,0.22,1091,72,0.04,163900,6130,0.023,0.5329,0.2374,0.271,0.1019,0.103,0.614,0.1522,0.0489,0.195,0.7905,0.0391,0.03,0.003,0.0045,0.911,0.0093,0.0116,0.759,0.0,0.003,,0.1199,0.0397,0.201,0.0512,0.0361,0.428
4200323616,2023,2458,328,0.081,1108,101,0.055,38.6,3.1,0.049,0.2319,0.0514,0.135,0.166,0.0312,0.114,0.808,0.0404,0.03,0.074,0.0395,0.324,0.002,0.0028,0.847,0.0757,0.0602,0.483,65435,9373,0.087,36233,3885,0.065,0.1296,0.0561,0.263,0.0329,0.0164,0.303,0.6268,0.0292,0.028,0.4248,0.0684,0.098,1167,88,0.046,0.0506,0.0392,0.472,1953,4,0.001,0.6624,0.0632,0.058,0.0566,0.0411,0.442,0.1611,0.0527,0.199,0.0686,0.038,0.337,0.3294,0.0504,0.093,365,65,0.108,743,92,0.075,0.2658,0.0718,0.164,993,73,0.045,177300,17783,0.061,0.6685,0.203,0.185,0.2849,0.1302,0.278,0.1898,0.0716,0.229,0.7268,0.0782,0.065,0.0346,0.0249,0.438,0.0,0.0093,,0.0,0.0093,,0.1998,0.0636,0.193,0.0569,0.0352,0.377
4200324160,2023,3383,17,0.003,1690,155,0.056,43.0,6.9,0.098,0.1646,0.0492,0.181,0.2096,0.056,0.162,0.8693,0.0462,0.032,0.0296,0.0337,0.693,0.0047,0.0074,0.95,0.0405,0.0334,0.501,48955,10301,0.128,32549,4557,0.085,0.1584,0.0652,0.25,0.0913,0.0516,0.343,0.6279,0.0569,0.055,0.2362,0.0569,0.147,1812,166,0.056,0.0673,0.0487,0.44,1938,,,0.6369,0.0498,0.048,0.1783,0.0691,0.236,0.0745,0.0592,0.483,0.0315,0.0334,0.645,0.5041,0.1083,0.131,852,199,0.142,838,144,0.104,0.4542,0.0998,0.134,937,78,0.051,115400,18295,0.096,0.4707,0.1372,0.177,0.2711,0.1349,0.303,0.1372,0.0712,0.315,0.6722,0.0664,0.06,0.0676,0.0365,0.328,0.0502,0.0375,0.454,0.0,0.0071,,0.1597,0.0514,0.196,0.1692,0.072,0.259
4200325400,2023,2194,286,0.079,917,110,0.073,45.1,3.4,0.046,0.2015,0.0511,0.154,0.2183,0.0292,0.081,0.9613,0.1763,0.111,0.0,0.005,,0.0018,0.0032,1.061,0.0,0.005,,76181,18571,0.148,45243,9354,0.126,0.1057,0.0569,0.327,0.0775,0.0668,0.523,0.6334,0.0726,0.07,0.2954,0.0807,0.166,983,103,0.064,0.0671,0.039,0.354,1959,4,0.001,0.9166,0.1355,0.09,0.0132,0.0232,1.065,0.0,0.0158,,0.0,0.0158,,0.1341,0.0566,0.257,123,54,0.267,794,107,0.082,0.1022,0.047,0.279,948,203,0.13,210100,16581,0.048,0.2033,0.2347,0.702,0.1707,0.1976,0.704,0.199,0.0921,0.281,0.7689,0.0697,0.055,0.0,0.0106,,0.0058,0.0096,1.01,0.0,0.0106,,0.1576,0.0685,0.264,0.0305,0.0227,0.452
4200325904,2023,6442,31,0.003,2766,302,0.066,39.3,4.9,0.076,0.1827,0.04,0.133,0.1616,0.043,0.162,0.8337,0.1226,0.089,0.0023,0.0034,0.892,0.1105,0.1292,0.71,0.0259,0.0296,0.695,99624,16261,0.099,48756,5308,0.066,0.0208,0.0142,0.416,0.0312,0.0452,0.878,0.7031,0.0612,0.053,0.3784,0.0585,0.094,2817,302,0.065,0.0181,0.0258,0.868,1980,4,0.001,0.7235,0.0934,0.078,0.0348,0.0193,0.338,0.0359,0.0301,0.511,0.0,0.008,,0.2231,0.0696,0.19,617,204,0.201,2149,347,0.098,0.1852,0.08,0.263,880,186,0.128,237500,19098,0.049,0.3193,0.1932,0.368,0.094,0.087,0.563,0.1443,0.0596,0.251,0.7192,0.0838,0.071,0.0334,0.0282,0.514,0.0161,0.0242,0.91,0.0006,0.0014,1.519,0.0955,0.0452,0.288,0.0058,0.011,1.158
4200326592,2023,6332,23,0.002,3174,204,0.039,44.7,3.4,0.046,0.1529,0.0362,0.144,0.2344,0.0398,0.103,0.8076,0.0584,0.044,0.0965,0.0385,0.243,0.0062,0.0085,0.842,0.0488,0.0302,0.376,86802,9820,0.069,58113,9786,0.102,0.0445,0.0204,0.279,0.0856,0.0388,0.276,0.7074,0.0378,0.033,0.6026,0.0726,0.073,3469,231,0.04,0.085,0.0368,0.263,1950,4,0.001,0.7345,0.0347,0.029,0.0899,0.0339,0.229,0.0222,0.0181,0.497,0.0767,0.0435,0.345,0.2634,0.074,0.171,836,241,0.175,2338,178,0.046,0.1892,0.048,0.154,970,66,0.041,182200,13624,0.045,0.4091,0.2052,0.305,0.0658,0.0504,0.465,0.1266,0.0463,0.222,0.604,0.0432,0.043,0.0708,0.0268,0.23,0.0072,0.0083,0.704,0.0,0.0046,,0.2374,0.0636,0.163,0.0788,0.0277,0.214
4200326896,2023,3022,17,0.003,1338,108,0.049,51.7,2.7,0.032,0.1161,0.0415,0.217,0.2624,0.0588,0.136,0.8891,0.0766,0.052,0.0007,0.0013,1.216,0.0,0.0036,,0.0622,0.0629,0.614,72802,11027,0.092,39497,7645,0.118,0.051,0.0318,0.38,0.0364,0.0348,0.58,0.4998,0.0391,0.048,0.1358,0.0517,0.232,1386,106,0.046,0.0346,0.0338,0.593,1952,6,0.002,0.798,0.0778,0.059,0.0216,0.0163,0.457,0.0072,0.014,1.179,0.0,0.0112,,0.1166,0.0423,0.221,156,58,0.226,1182,112,0.058,0.1317,0.058,0.268,1050,129,0.075,163200,15290,0.057,0.1923,0.1934,0.611,0.0321,0.0499,0.946,0.1244,0.0748,0.365,0.8396,0.1156,0.084,0.0,0.0085,,0.0,0.0085,,0.0,0.0085,,0.0501,0.0382,0.464,0.0486,0.0395,0.495
4200327120,2023,5264,38,0.004,1770,134,0.046,45.6,3.6,0.048,0.268,0.0479,0.109,0.1979,0.0347,0.106,0.8714,0.0396,0.028,0.0,0.003,,0.0549,0.0213,0.236,0.0448,0.0266,0.361,250001,,,133282,18216,0.083,0.0129,0.0133,0.627,0.0537,0.0215,0.243,0.6006,0.0431,0.044,0.8678,0.0837,0.059,1834,149,0.049,0.0349,0.0299,0.52,1966,4,0.001,0.9318,0.0422,0.028,0.0474,0.0465,0.595,0.0,0.0123,,0.0,0.0123,,0.0893,0.051,0.347,158,91,0.35,1612,151,0.057,0.0863,0.0582,0.41,,,,880100,66840,0.046,0.0,0.2025,,0.0,0.1013,,0.2078,0.0617,0.18,0.7339,0.0836,0.069,0.0,0.007,,0.0258,0.0164,0.387,0.0183,0.0205,0.678,0.1944,0.0565,0.177,0.0232,0.0232,0.61
4200327552,2023,15273,27,0.001,5320,270,0.031,41.1,1.4,0.021,0.2771,0.0318,0.07,0.147,0.0201,0.083,0.7785,0.0349,0.027,0.0268,0.0217,0.492,0.1383,0.0277,0.122,0.0196,0.0111,0.344,172200,19311,0.068,76851,6139,0.049,0.0092,0.0046,0.305,0.0408,0.0331,0.493,0.7234,0.0235,0.02,0.7522,0.0558,0.045,5591,272,0.03,0.0485,0.0262,0.328,1986,2,0.001,0.8167,0.0299,0.022,0.0225,0.0201,0.542,0.0131,0.0101,0.473,0.0038,0.0041,0.659,0.0769,0.0218,0.173,409,118,0.175,4911,302,0.037,0.0809,0.0318,0.239,2063,375,0.111,467700,18003,0.023,0.3252,0.2125,0.397,0.2127,0.1754,0.501,0.1332,0.0345,0.157,0.7076,0.0425,0.036,0.0068,0.0066,0.585,0.0024,0.0026,0.671,0.0,0.0022,,0.1997,0.0361,0.11,0.0329,0.0323,0.597
4200327608,2023,1097,148,0.082,462,53,0.07,50.4,6.3,0.076,0.1495,0.0359,0.146,0.2252,0.0419,0.113,0.9836,0.0186,0.012,0.0,0.01,,0.0036,0.0036,0.602,0.0018,0.0036,1.213,85833,14726,0.104,42735,5745,0.082,0.0811,0.0304,0.228,0.0232,0.0181,0.475,0.6722,0.0655,0.059,0.2274,0.0462,0.123,505,53,0.064,0.0851,0.0406,0.29,1956,2,0.001,0.903,0.0495,0.033,0.0198,0.0337,1.033,0.0,0.0308,,0.0059,0.0232,2.371,0.1515,0.0804,0.323,70,38,0.33,392,44,0.068,0.1185,0.0842,0.432,928,383,0.251,196200,24417,0.076,0.0,0.3143,,0.0,0.1571,,0.1786,0.0665,0.226,0.7631,0.074,0.059,0.0079,0.0094,0.722,0.0048,0.0063,0.804,0.0,0.0175,,0.0986,0.0378,0.233,0.0693,0.0426,0.373
4200329432,2023,4400,20,0.003,1869,200,0.065,38.7,4.7,0.074,0.1984,0.0528,0.162,0.1805,0.0401,0.135,0.8761,0.0656,0.045,0.0355,0.0295,0.507,0.0052,0.0086,1.004,0.0557,0.0393,0.429,45354,7715,0.103,24995,2715,0.066,0.1263,0.0494,0.238,0.1292,0.0549,0.258,0.6834,0.0525,0.047,0.1208,0.0477,0.24,2121,258,0.074,0.1188,0.0478,0.245,1948,4,0.001,0.7544,0.0725,0.058,0.1141,0.053,0.283,0.0415,0.0332,0.487,0.0302,0.0214,0.432,0.3606,0.071,0.12,674,151,0.136,1195,173,0.088,0.3469,0.0824,0.144,844,115,0.083,82400,8342,0.062,0.3056,0.1135,0.226,0.1573,0.093,0.359,0.2335,0.0883,0.23,0.6448,0.114,0.107,0.0991,0.0804,0.493,0.0449,0.0369,0.499,0.0,0.0053,,0.0401,0.0267,0.404,0.0947,0.0476,0.306
4200329592,2023,214,49,0.139,91,22,0.147,39.5,8.9,0.137,0.1916,0.0861,0.273,0.1729,0.0869,0.306,0.8972,0.0449,0.03,0.0,0.0514,,0.0,0.0514,,0.0234,0.0417,1.085,101875,36889,0.22,49021,11938,0.148,0.014,0.0546,2.368,0.0896,0.0848,0.576,0.7746,0.1249,0.098,0.3542,0.1247,0.214,103,22,0.13,0.1165,0.1138,0.594,1945,8,0.003,0.8641,0.1075,0.076,0.0485,0.1262,1.58,0.0,0.151,,0.0,0.151,,0.1978,0.1346,0.414,18,13,0.439,73,20,0.167,0.1869,0.1087,0.354,1100,312,0.172,165600,27674,0.102,0.5,0.7551,0.918,0.1111,0.2072,1.134,0.137,0.3544,1.573,0.6885,0.1067,0.094,0.0,0.0902,,0.0082,0.0245,1.815,0.0,0.0902,,0.1475,0.0973,0.401,0.0,0.1709,
4200329732,2023,497,107,0.131,186,34,0.111,49.1,4.5,0.056,0.2153,0.05,0.141,0.1952,0.0211,0.066,0.8169,0.2279,0.17,0.1247,0.1628,0.793,0.0121,0.0118,0.594,0.0101,0.0139,0.841,128333,27567,0.131,78463,12754,0.099,0.0205,0.0227,0.674,0.0558,0.0617,0.673,0.6875,0.1072,0.095,0.7528,0.0552,0.045,199,35,0.107,0.0653,0.0694,0.646,1938,,,0.9598,0.0494,0.031,0.0201,0.0629,1.901,0.0101,0.0573,3.464,0.0,0.0782,,0.043,0.0423,0.598,8,8,0.608,178,36,0.123,0.0273,0.0244,0.543,1667,1012,0.369,484200,64065,0.08,0.375,2.4044,3.898,0.375,0.3307,0.536,0.2865,0.13,0.276,0.5038,0.1488,0.18,0.0346,0.0378,0.663,0.05,0.0528,0.642,0.0154,0.019,0.749,0.3346,0.1279,0.232,0.0484,0.0695,0.874
4200331256,2023,4856,24,0.003,2459,180,0.044,45.3,3.9,0.052,0.1474,0.0368,0.152,0.2471,0.0599,0.147,0.9102,0.0395,0.026,0.0004,0.0004,0.608,0.0525,0.0358,0.415,0.0068,0.0101,0.903,87828,23235,0.161,49859,4887,0.06,0.094,0.0438,0.283,0.0034,0.0055,0.971,0.708,0.057,0.049,0.4765,0.0755,0.096,2575,227,0.054,0.045,0.0402,0.542,1962,4,0.001,0.8124,0.0717,0.054,0.0229,0.0282,0.749,0.021,0.019,0.55,0.1437,0.0789,0.334,0.2375,0.0795,0.203,584,200,0.208,1875,273,0.089,0.2334,0.0841,0.219,1685,256,0.092,240800,14234,0.036,0.3767,0.1576,0.254,0.2158,0.1583,0.446,0.2075,0.085,0.249,0.6819,0.0951,0.085,0.0451,0.0373,0.503,0.0123,0.0109,0.537,0.0,0.0038,,0.2328,0.0665,0.174,0.0634,0.0461,0.441
4200332328,2023,18273,28,0.001,6958,316,0.028,42.9,3.5,0.05,0.2348,0.0338,0.087,0.201,0.0244,0.074,0.9211,0.0272,0.018,0.0032,0.0028,0.545,0.0206,0.0132,0.39,0.0247,0.0162,0.399,131753,8570,0.04,63877,5549,0.053,0.0437,0.0212,0.295,0.0338,0.0132,0.238,0.6883,0.028,0.025,0.6265,0.0593,0.058,7463,354,0.029,0.0677,0.0333,0.3,1978,4,0.001,0.7915,0.021,0.016,0.0088,0.0126,0.863,0.0748,0.02,0.163,0.0378,0.022,0.354,0.1302,0.0312,0.146,906,221,0.148,6052,268,0.027,0.0921,0.0242,0.159,1374,166,0.073,361200,18330,0.031,0.34,0.1271,0.227,0.0971,0.0665,0.417,0.1717,0.0495,0.175,0.731,0.0412,0.034,0.0029,0.0033,0.697,0.0002,0.0015,4.255,0.0,0.0019,,0.2104,0.0379,0.109,0.0309,0.0171,0.336
4200332624,2023,3093,27,0.005,1557,121,0.047,58.3,3.6,0.038,0.1167,0.0363,0.189,0.3492,0.0703,0.122,0.9589,0.0171,0.011,0.0278,0.0149,0.325,0.0023,0.0036,0.955,0.0003,0.001,1.824,66898,11161,0.101,53784,7314,0.083,0.1138,0.0547,0.292,0.0309,0.0217,0.427,0.5236,0.0541,0.063,0.4892,0.092,0.114,1690,129,0.046,0.0787,0.0481,0.372,1966,5,0.002,0.5917,0.0525,0.054,0.0562,0.0264,0.286,0.0609,0.0405,0.404,0.0195,0.0248,0.773,0.2672,0.0621,0.141,416,102,0.149,1141,145,0.077,0.2418,0.0781,0.196,1017,217,0.13,189600,29269,0.094,0.4279,0.149,0.212,0.3173,0.1438,0.275,0.1665,0.0698,0.255,0.7564,0.0766,0.062,0.015,0.0235,0.953,0.0279,0.0262,0.572,0.0,0.0079,,0.1,0.061,0.371,0.0546,0.0314,0.35
4200332832,2023,10022,19,0.001,4598,281,0.037,49.6,2.6,0.032,0.1522,0.0307,0.122,0.2376,0.0372,0.095,0.9318,0.02,0.013,0.0203,0.0065,0.195,0.0138,0.0092,0.405,0.0071,0.0111,0.95,66829,6245,0.057,41152,4121,0.061,0.0935,0.0268,0.175,0.0401,0.0214,0.325,0.6223,0.0397,0.039,0.2647,0.0411,0.094,5280,267,0.031,0.1292,0.0367,0.173,1955,2,0.001,0.7875,0.0342,0.026,0.082,0.0301,0.223,0.0489,0.0241,0.3,0.0402,0.0242,0.366,0.2366,0.0429,0.11,1088,208,0.116,3510,253,0.044,0.2003,0.0364,0.11,767,82,0.065,141300,11280,0.049,0.4642,0.1347,0.176,0.1857,0.1005,0.329,0.1336,0.0497,0.226,0.7765,0.039,0.031,0.0061,0.0067,0.665,0.0272,0.0158,0.352,0.0039,0.0059,0.911,0.1064,0.0383,0.218,0.082,0.0239,0.177
4200333312,2023,123,53,0.262,49,17,0.211,52.3,24.6,0.286,0.2033,0.1676,0.501,0.3496,0.1695,0.295,0.8943,0.1531,0.104,0.0,0.0894,,0.0,0.0894,,0.0976,0.1145,0.713,66094,4908,0.045,47498,16132,0.206,0.0325,0.0972,1.818,0.0213,0.0415,1.185,0.4796,0.0405,0.051,0.3673,0.166,0.275,61,19,0.189,0.1967,0.1696,0.524,1938,,,1.0,0.0,0.0,0.0,0.255,,0.0,0.255,,0.0,0.255,,0.1224,0.1364,0.677,6,7,0.709,43,15,0.212,0.2195,0.2336,0.647,,,,154200,30053,0.118,0.1667,3.1869,11.624,0.0,1.8333,,0.0698,0.6827,5.949,0.587,0.203,0.21,0.1087,0.1674,0.936,0.0,0.2391,,0.0,0.2391,,0.3043,0.2497,0.499,0.0408,0.2323,3.459
4200333592,2023,1185,127,0.065,672,92,0.083,47.4,10.1,0.13,0.1367,0.0292,0.13,0.1975,0.0347,0.107,0.9148,0.0529,0.035,0.016,0.0168,0.637,0.0076,0.0084,0.672,0.0101,0.0118,0.706,64804,5957,0.056,51490,9276,0.11,0.07,0.0315,0.274,0.0448,0.036,0.488,0.71,0.0672,0.058,0.2567,0.0534,0.126,731,85,0.071,0.0807,0.0456,0.343,1950,6,0.002,0.6949,0.0632,0.055,0.1614,0.0958,0.361,0.0999,0.0487,0.297,0.0082,0.0171,1.268,0.314,0.0607,0.118,211,50,0.144,461,98,0.129,0.2844,0.0612,0.131,939,46,0.03,157900,15116,0.058,0.2891,0.1018,0.214,0.1611,0.0919,0.347,0.1692,0.0687,0.247,0.6493,0.0917,0.086,0.0788,0.0429,0.331,0.0208,0.0175,0.513,0.0,0.0163,,0.1337,0.051,0.232,0.1235,0.0429,0.211
4200335424,2023,2885,15,0.003,1437,251,0.106,49.3,11.2,0.138,0.1861,0.0816,0.267,0.2683,0.0742,0.168,0.3445,0.0925,0.163,0.5702,0.1119,0.119,0.0,0.0038,,0.017,0.0205,0.732,38661,6636,0.104,29922,5281,0.107,0.1629,0.0734,0.274,0.0563,0.0539,0.581,0.5556,0.0854,0.093,0.2153,0.0674,0.19,1818,302,0.101,0.2096,0.0784,0.227,1946,8,0.002,0.3971,0.0811,0.124,0.2266,0.0989,0.265,0.0545,0.0428,0.478,0.1502,0.0585,0.237,0.6298,0.1055,0.102,905,219,0.147,532,164,0.187,0.5696,0.1573,0.168,874,347,0.241,81400,31549,0.236,0.4873,0.1758,0.219,0.1326,0.058,0.266,0.0808,0.0839,0.631,0.5708,0.0963,0.103,0.1542,0.0877,0.346,0.0063,0.0086,0.826,0.0,0.0087,,0.1391,0.0728,0.318,0.2498,0.1008,0.245
4200336808,2023,7270,36,0.003,2665,165,0.038,44.0,2.8,0.039,0.2118,0.0282,0.081,0.1933,0.0278,0.087,0.8686,0.0468,0.033,0.0198,0.0177,0.545,0.0554,0.0366,0.401,0.0172,0.011,0.389,123083,16990,0.084,61820,7499,0.074,0.0485,0.0194,0.244,0.0278,0.0222,0.484,0.6271,0.0307,0.03,0.5613,0.06,0.065,2854,165,0.035,0.0662,0.0324,0.297,1969,7,0.002,0.8893,0.0334,0.023,0.0484,0.0366,0.461,0.0046,0.0072,0.963,0.0151,0.0147,0.595,0.1587,0.0478,0.183,423,130,0.187,2242,174,0.047,0.1158,0.0426,0.223,1242,182,0.089,341500,19113,0.034,0.3475,0.209,0.366,0.1537,0.1338,0.529,0.1601,0.0443,0.168,0.6947,0.0544,0.048,0.0,0.0045,,0.0124,0.0096,0.469,0.0,0.0045,,0.1872,0.0622,0.202,0.0353,0.0205,0.353
4200337000,2023,3334,15,0.003,1608,219,0.083,40.4,3.8,0.057,0.2073,0.0672,0.197,0.1962,0.05,0.155,0.8323,0.0854,0.062,0.0999,0.078,0.475,0.018,0.0222,0.75,0.0159,0.0162,0.619,66375,17335,0.159,38988,5255,0.082,0.1578,0.0845,0.325,0.0374,0.0368,0.598,0.7519,0.0384,0.031,0.2597,0.0667,0.156,1608,219,0.083,0.0,0.0068,,1938,,,0.6213,0.01,0.01,0.1468,0.0617,0.256,0.0945,0.0599,0.386,0.1095,0.076,0.422,0.426,0.1135,0.162,685,205,0.182,923,157,0.103,0.3008,0.0999,0.202,866,69,0.048,152200,13447,0.054,0.4511,0.168,0.226,0.3109,0.157,0.307,0.1051,0.0757,0.438,0.728,0.0845,0.071,0.0493,0.0369,0.456,0.0131,0.0167,0.776,0.0,0.0058,,0.1059,0.0488,0.28,0.1785,0.0892,0.304
4200337955,2023,12313,24,0.001,4705,175,0.023,44.1,1.6,0.022,0.2077,0.0304,0.089,0.2354,0.034,0.088,0.9068,0.0282,0.019,0.027,0.0139,0.312,0.0337,0.0222,0.4,0.0167,0.011,0.401,117518,7103,0.037,60070,5810,0.059,0.0202,0.0086,0.26,0.038,0.0219,0.35,0.673,0.0335,0.03,0.4559,0.0538,0.072,5077,213,0.026,0.0733,0.0304,0.252,1982,3,0.001,0.807,0.0527,0.04,0.0215,0.0109,0.308,0.0516,0.0273,0.322,0.0152,0.0091,0.363,0.146,0.0344,0.143,687,164,0.145,4018,209,0.032,0.1015,0.027,0.162,1276,88,0.042,309600,26713,0.052,0.4119,0.1125,0.166,0.2475,0.102,0.251,0.177,0.0524,0.18,0.7568,0.0568,0.046,0.0019,0.0017,0.556,0.002,0.0023,0.701,0.0017,0.0026,0.939,0.185,0.0329,0.108,0.0421,0.0283,0.408
4200339312,2023,8577,25,0.002,3691,245,0.04,49.5,4.3,0.053,0.1715,0.0334,0.118,0.2412,0.0398,0.1,0.8993,0.0513,0.035,0.0697,0.0511,0.445,0.003,0.0043,0.865,0.0101,0.0072,0.433,86506,8023,0.056,48675,5306,0.066,0.0815,0.0392,0.292,0.0074,0.0065,0.531,0.6247,0.0506,0.049,0.417,0.0599,0.087,3872,245,0.038,0.0467,0.0327,0.425,1973,4,0.001,0.7237,0.0319,0.027,0.0315,0.0231,0.446,0.0434,0.0187,0.261,0.0524,0.0291,0.337,0.2165,0.0609,0.171,799,231,0.176,2892,250,0.053,0.1886,0.0631,0.203,1511,179,0.072,247000,13513,0.033,0.2115,0.1037,0.298,0.1427,0.0994,0.424,0.1757,0.0547,0.189,0.7097,0.0304,0.026,0.0167,0.0158,0.573,0.0,0.0036,,0.0052,0.0056,0.659,0.2114,0.0596,0.171,0.0805,0.0416,0.314
4200339624,2023,689,119,0.105,264,32,0.074,48.4,8.0,0.1,0.2134,0.046,0.131,0.254,0.0174,0.042,0.9536,0.0414,0.026,0.0,0.016,,0.0058,0.0087,0.906,0.0,0.016,,119063,10524,0.054,53182,8205,0.094,0.0174,0.0106,0.371,0.0203,0.0141,0.423,0.6139,0.0517,0.051,0.4742,0.0813,0.104,270,33,0.074,0.0222,0.0221,0.603,1954,2,0.001,0.9889,0.0182,0.011,0.0037,0.0414,6.796,0.0,0.0576,,0.0074,0.0422,3.465,0.0341,0.0262,0.467,9,7,0.473,255,32,0.076,0.0319,0.0226,0.429,1438,269,0.114,337000,27266,0.049,0.1111,2.1268,11.636,0.0,1.2222,,0.2157,0.0754,0.212,0.6437,0.0446,0.042,0.006,0.0089,0.906,0.0,0.0329,,0.0,0.0329,,0.2515,0.0827,0.2,0.0,0.0589,
4200342368,2023,1570,271,0.105,638,156,0.149,36.6,4.8,0.08,0.2675,0.0565,0.128,0.1459,0.0131,0.055,0.8924,0.0736,0.05,0.0159,0.0105,0.4,0.0127,0.0093,0.444,0.0242,0.01,0.251,83333,30132,0.22,48056,7578,0.096,0.046,0.0205,0.271,0.0364,0.0197,0.329,0.6222,0.1201,0.117,0.4204,0.0941,0.136,674,153,0.138,0.0534,0.0397,0.452,1957,14,0.004,0.8012,0.1932,0.147,0.1869,0.2289,0.744,0.0,0.0231,,0.0,0.0231,,0.2492,0.2384,0.582,159,157,0.6,479,51,0.065,0.1955,0.1628,0.506,1113,75,0.041,251300,32517,0.079,0.673,0.718,0.649,0.0,0.0692,,0.1608,0.0586,0.222,0.719,0.0547,0.046,0.0,0.0157,,0.0029,0.0043,0.909,0.0,0.0157,,0.1555,0.0428,0.167,0.0392,0.0432,0.67
4200342392,2023,1090,134,0.075,579,64,0.067,44.7,2.9,0.039,0.1908,0.0564,0.18,0.2404,0.035,0.089,0.7615,0.0945,0.075,0.0404,0.0271,0.408,0.056,0.0565,0.613,0.0404,0.0456,0.687,65368,14545,0.135,41907,3825,0.055,0.0404,0.0215,0.324,0.0132,0.0148,0.679,0.6562,0.0484,0.045,0.4005,0.0602,0.091,616,60,0.059,0.0601,0.0418,0.423,1940,2,0.001,0.5211,0.0888,0.104,0.1916,0.0714,0.227,0.0,0.0253,,0.1055,0.0463,0.267,0.468,0.0957,0.124,271,63,0.141,308,43,0.085,0.3661,0.1095,0.182,963,246,0.155,132700,12284,0.056,0.2694,0.1125,0.254,0.0517,0.0502,0.591,0.1688,0.1092,0.393,0.7121,0.0884,0.075,0.0623,0.0429,0.419,0.0572,0.0669,0.71,0.0,0.0185,,0.133,0.0471,0.215,0.1675,0.0843,0.306
4200343064,2023,2302,333,0.088,1063,137,0.078,48.1,4.7,0.059,0.2159,0.0589,0.166,0.2103,0.0234,0.068,0.934,0.0217,0.014,0.0096,0.0121,0.769,0.0,0.0048,,0.0161,0.022,0.833,76607,10241,0.081,40215,5997,0.091,0.1258,0.0912,0.441,0.0982,0.0891,0.551,0.6803,0.087,0.078,0.2582,0.0779,0.183,1150,130,0.069,0.0757,0.0346,0.278,1954,2,0.001,0.9183,0.0716,0.047,0.0539,0.0357,0.402,0.013,0.0139,0.65,0.0,0.0135,,0.1985,0.1186,0.363,211,129,0.372,852,90,0.064,0.1522,0.1035,0.413,785,118,0.091,106800,9503,0.054,0.2133,0.1228,0.35,0.0948,0.1141,0.732,0.0728,0.0386,0.323,0.7706,0.0559,0.044,0.0215,0.0194,0.55,0.0,0.0099,,0.0,0.0099,,0.164,0.0635,0.236,0.0235,0.0242,0.626
4200343408,2023,962,212,0.134,420,79,0.114,49.8,8.4,0.103,0.1372,0.0629,0.279,0.2349,0.0671,0.174,0.9428,0.1051,0.068,0.0073,0.0103,0.858,0.0,0.0114,,0.0353,0.0334,0.575,76330,4350,0.035,46887,13989,0.181,0.05,0.0192,0.233,0.0221,0.0175,0.481,0.5903,0.044,0.045,0.1806,0.0666,0.224,441,82,0.113,0.0476,0.0491,0.627,1952,4,0.001,0.9478,0.0321,0.021,0.0068,0.0265,2.369,0.0,0.0353,,0.0,0.0353,,0.1476,0.1619,0.667,62,69,0.677,358,40,0.068,0.0768,0.0717,0.567,934,196,0.128,131100,19847,0.092,0.0806,0.2478,1.868,0.0323,0.0324,0.611,0.1201,0.0476,0.241,0.832,0.1236,0.09,0.0,0.0228,,0.0041,0.0083,1.209,0.0,0.0228,,0.0643,0.0436,0.412,0.0881,0.0437,0.302
4200345900,2023,29258,28,0.001,12265,316,0.016,42.7,1.7,0.024,0.1914,0.0167,0.053,0.2146,0.0178,0.05,0.8505,0.0204,0.015,0.0166,0.0105,0.384,0.0647,0.0192,0.181,0.038,0.0146,0.233,107182,8739,0.05,62486,4439,0.043,0.0363,0.0098,0.164,0.0289,0.01,0.21,0.6506,0.0234,0.022,0.5888,0.0374,0.039,12847,320,0.015,0.0453,0.0129,0.173,1973,2,0.001,0.641,0.025,0.024,0.0164,0.0074,0.272,0.1428,0.0273,0.116,0.0852,0.0208,0.149,0.2787,0.0282,0.062,3418,357,0.063,8847,370,0.025,0.1978,0.0229,0.07,1266,77,0.037,327500,10582,0.02,0.4105,0.0752,0.111,0.1723,0.0532,0.188,0.1406,0.0264,0.114,0.6812,0.0309,0.028,0.0275,0.0087,0.192,0.017,0.0094,0.335,0.0026,0.0037,0.888,0.2012,0.0274,0.083,0.0435,0.0129,0.181
4200346072,2023,530,234,0.268,226,85,0.229,38.6,6.9,0.109,0.1358,0.0725,0.325,0.217,0.0546,0.153,0.9434,0.1406,0.091,0.0,0.0208,,0.0,0.0208,,0.0,0.0208,,,,,31502,4672,0.09,0.1075,0.1113,0.629,0.0,0.0375,,0.6221,0.0581,0.057,0.1576,0.1367,0.527,287,113,0.239,0.2125,0.2365,0.676,1938,,,0.9094,0.1158,0.077,0.0767,0.0987,0.783,0.0,0.0542,,0.0139,0.0471,2.053,0.0354,0.0422,0.725,8,10,0.76,218,85,0.237,0.0208,0.0228,0.666,,,,110000,47568,0.263,1.0,1.9445,1.182,0.5,0.7806,0.949,0.367,0.3331,0.552,0.9386,0.1695,0.11,0.0,0.0375,,0.0171,0.0298,1.062,0.0,0.0375,,0.0205,0.0365,1.082,0.0177,0.0598,2.054
4200346256,2023,17520,64,0.002,7908,439,0.034,40.5,2.9,0.044,0.2291,0.0298,0.079,0.202,0.021,0.063,0.4696,0.0403,0.052,0.3808,0.0386,0.062,0.0109,0.0083,0.461,0.0433,0.018,0.253,31854,2772,0.053,22766,1571,0.042,0.3294,0.0521,0.096,0.1011,0.0289,0.174,0.5322,0.0346,0.04,0.1231,0.0202,0.1,9638,429,0.027,0.1795,0.0223,0.075,1947,3,0.001,0.6751,0.0373,0.034,0.0883,0.026,0.179,0.0615,0.0177,0.175,0.0987,0.0216,0.133,0.5111,0.0561,0.067,4042,497,0.075,3866,388,0.061,0.4805,0.0478,0.06,786,47,0.036,69800,9485,0.083,0.549,0.1049,0.116,0.2622,0.0635,0.147,0.2447,0.0471,0.117,0.673,0.0603,0.054,0.095,0.0294,0.188,0.0376,0.0187,0.303,0.0021,0.004,1.168,0.0953,0.0292,0.186,0.2998,0.0444,0.09
4200346264,2023,5827,18,0.002,2973,285,0.058,43.5,6.4,0.089,0.1987,0.0513,0.157,0.1934,0.0554,0.174,0.5718,0.0858,0.091,0.2562,0.0762,0.181,0.011,0.0081,0.446,0.029,0.047,0.986,33510,8504,0.154,24198,3576,0.09,0.3314,0.0986,0.181,0.146,0.081,0.337,0.5183,0.083,0.097,0.1076,0.058,0.328,3483,302,0.053,0.1464,0.0504,0.209,1946,7,0.002,0.5538,0.0853,0.094,0.124,0.0459,0.225,0.0746,0.0346,0.282,0.0698,0.0325,0.283,0.5362,0.0801,0.091,1594,283,0.108,1379,254,0.112,0.4608,0.0845,0.111,933,154,0.1,70400,15500,0.134,0.4417,0.1522,0.21,0.325,0.1391,0.26,0.2676,0.1539,0.35,0.6624,0.1441,0.132,0.1098,0.0502,0.278,0.0889,0.0786,0.538,0.0,0.0076,,0.0737,0.037,0.305,0.3091,0.0736,0.145
4200347696,2023,10117,33,0.002,3851,186,0.029,43.1,1.9,0.027,0.2477,0.0399,0.098,0.157,0.0262,0.101,0.7981,0.0467,0.036,0.001,0.0021,1.277,0.1451,0.0409,0.171,0.0297,0.0231,0.474,158472,20168,0.077,80197,6669,0.051,0.0344,0.0332,0.587,0.0226,0.0119,0.319,0.6663,0.0428,0.039,0.767,0.0794,0.063,4026,195,0.029,0.0435,0.035,0.489,1998,4,0.001,0.7325,0.0563,0.047,0.0084,0.0102,0.735,0.0556,0.0313,0.342,0.0209,0.0166,0.485,0.1348,0.0381,0.172,519,149,0.175,3332,213,0.039,0.1129,0.0373,0.201,2045,351,0.104,480900,25116,0.032,0.2254,0.1485,0.4,0.1792,0.1247,0.423,0.1978,0.0911,0.28,0.7086,0.0677,0.058,0.01,0.0111,0.678,0.007,0.0068,0.589,0.0,0.0035,,0.2154,0.0435,0.123,0.0047,0.0086,1.124
4200349920,2023,3333,18,0.003,1666,176,0.064,40.1,7.9,0.12,0.1131,0.0432,0.232,0.1413,0.0468,0.201,0.8614,0.0676,0.048,0.0849,0.0582,0.417,0.0189,0.0228,0.733,0.006,0.0075,0.76,69936,7570,0.066,36855,4494,0.074,0.1653,0.0666,0.245,0.0504,0.0364,0.439,0.7515,0.0629,0.051,0.2821,0.0717,0.154,2079,212,0.062,0.1987,0.0727,0.223,1938,,,0.3444,0.0696,0.123,0.1972,0.0627,0.193,0.064,0.045,0.428,0.1294,0.0717,0.337,0.5792,0.1088,0.114,965,208,0.131,701,123,0.107,0.4767,0.0982,0.125,910,131,0.088,109400,9109,0.051,0.3927,0.1203,0.186,0.1927,0.08,0.252,0.1141,0.0643,0.343,0.5901,0.079,0.081,0.0714,0.0398,0.339,0.0808,0.0591,0.445,0.0,0.0052,,0.1347,0.072,0.325,0.2173,0.1009,0.282
4200350528,2023,28383,37,0.001,12290,468,0.023,43.8,1.8,0.025,0.1902,0.023,0.073,0.2225,0.018,0.049,0.6965,0.0397,0.035,0.1515,0.0333,0.133,0.056,0.0205,0.222,0.0418,0.0217,0.315,78191,4949,0.038,45249,3004,0.04,0.0981,0.0344,0.213,0.0526,0.0155,0.179,0.628,0.0244,0.024,0.4571,0.0332,0.044,13482,523,0.024,0.0884,0.0245,0.168,1969,3,0.001,0.648,0.0282,0.026,0.0188,0.0138,0.445,0.1032,0.0253,0.149,0.1483,0.0234,0.096,0.3157,0.0299,0.058,3880,396,0.062,8410,490,0.035,0.2615,0.0334,0.078,1162,35,0.018,197400,8081,0.025,0.4095,0.0813,0.121,0.2108,0.0656,0.189,0.1874,0.039,0.126,0.6687,0.0312,0.028,0.0196,0.0086,0.266,0.0105,0.0088,0.513,0.0,0.0015,,0.2131,0.0425,0.121,0.0633,0.0215,0.207
4200350784,2023,26917,40,0.001,10089,549,0.033,39.9,2.7,0.041,0.1935,0.0215,0.068,0.1909,0.024,0.077,0.8581,0.0333,0.024,0.0242,0.008,0.201,0.0485,0.0217,0.272,0.0177,0.0077,0.266,111379,12042,0.066,56347,3504,0.038,0.0306,0.0114,0.227,0.0396,0.0178,0.272,0.6467,0.0349,0.033,0.5372,0.0426,0.048,10609,595,0.034,0.049,0.0207,0.257,1976,3,0.001,0.7108,0.0235,0.02,0.0587,0.0225,0.233,0.1232,0.0263,0.13,0.0438,0.0148,0.206,0.2084,0.0225,0.066,2103,254,0.073,7986,503,0.038,0.158,0.0271,0.104,1188,49,0.025,278900,14170,0.031,0.301,0.0818,0.165,0.1374,0.0521,0.23,0.1513,0.0495,0.199,0.7281,0.0491,0.041,0.0072,0.0055,0.464,0.0212,0.0092,0.265,0.0,0.0015,,0.1689,0.0331,0.119,0.0202,0.01,0.301
4200351696,2023,33555,36,0.001,13666,373,0.017,43.6,1.4,0.02,0.2495,0.0212,0.052,0.2128,0.0169,0.048,0.8748,0.0194,0.013,0.0112,0.0049,0.264,0.039,0.0122,0.191,0.0221,0.0081,0.223,120980,10378,0.052,69157,4600,0.04,0.035,0.0093,0.161,0.0195,0.0059,0.183,0.6716,0.0217,0.02,0.6811,0.0313,0.028,14663,444,0.018,0.068,0.0198,0.177,1953,1,0.0,0.6874,0.0216,0.019,0.0386,0.0118,0.186,0.0835,0.0165,0.12,0.1476,0.0223,0.092,0.2566,0.0239,0.057,3507,341,0.059,10159,419,0.025,0.1803,0.0213,0.072,1122,76,0.041,364100,10612,0.018,0.3978,0.0622,0.095,0.1893,0.0442,0.142,0.1368,0.0251,0.111,0.5988,0.0398,0.04,0.0572,0.0113,0.12,0.0228,0.0082,0.219,0.0015,0.0026,1.028,0.252,0.0281,0.068,0.0921,0.0187,0.124
4200351744,2023,3347,35,0.006,1304,195,0.091,37.2,1.9,0.031,0.3045,0.0897,0.179,0.1222,0.0437,0.217,0.4795,0.1161,0.147,0.3549,0.1135,0.194,0.0075,0.0125,1.021,0.0535,0.0466,0.53,50379,12354,0.149,23414,4356,0.113,0.1925,0.1044,0.33,0.0721,0.0518,0.437,0.6395,0.0807,0.077,0.2016,0.0701,0.211,1694,239,0.086,0.2302,0.0843,0.223,1938,,,0.6482,0.0963,0.09,0.2243,0.0883,0.239,0.0519,0.0506,0.593,0.0201,0.0324,0.982,0.5713,0.0912,0.097,745,163,0.133,559,143,0.156,0.6696,0.0992,0.09,1102,147,0.081,84700,18984,0.136,0.5517,0.1737,0.191,0.2537,0.1683,0.403,0.2558,0.1487,0.353,0.4375,0.0862,0.12,0.2665,0.1247,0.284,0.0187,0.0258,0.84,0.0,0.0073,,0.0815,0.0836,0.623,0.3781,0.0988,0.159
4200352320,2023,10633,22,0.001,4992,331,0.04,42.6,4.1,0.059,0.1741,0.0361,0.126,0.2049,0.0342,0.101,0.8262,0.0606,0.045,0.1448,0.058,0.244,0.0036,0.0055,0.928,0.0059,0.0051,0.521,52037,5057,0.059,37339,3726,0.061,0.1374,0.058,0.257,0.0648,0.0327,0.307,0.6443,0.0534,0.05,0.2783,0.0442,0.097,5574,355,0.039,0.1044,0.0404,0.235,1945,5,0.002,0.6543,0.054,0.05,0.1577,0.0477,0.184,0.0687,0.0257,0.228,0.0707,0.0329,0.283,0.3664,0.0567,0.094,1829,308,0.102,3163,344,0.066,0.3438,0.0671,0.119,774,72,0.057,118900,15307,0.078,0.3751,0.1272,0.206,0.1985,0.119,0.364,0.1916,0.0614,0.195,0.7119,0.0623,0.053,0.0755,0.0519,0.418,0.0349,0.0199,0.346,0.0,0.0034,,0.1014,0.0311,0.187,0.1967,0.0661,0.204
4200353136,2023,1031,152,0.09,559,58,0.063,44.8,7.4,0.1,0.1358,0.0435,0.195,0.2396,0.0302,0.077,0.8836,0.0896,0.062,0.0349,0.0207,0.361,0.0078,0.0067,0.524,0.0436,0.0343,0.478,59620,9586,0.098,40666,4246,0.063,0.1183,0.0421,0.216,0.0668,0.0358,0.326,0.6575,0.1199,0.111,0.2745,0.0643,0.142,607,46,0.046,0.0791,0.0491,0.377,1949,4,0.001,0.6293,0.0672,0.065,0.2718,0.0732,0.164,0.0412,0.0389,0.575,0.0,0.0256,,0.4723,0.0853,0.11,264,55,0.127,295,57,0.117,0.453,0.1476,0.198,913,74,0.049,165800,18041,0.066,0.2841,0.0989,0.212,0.1326,0.0623,0.286,0.1356,0.0934,0.419,0.7486,0.079,0.064,0.03,0.0182,0.369,0.0413,0.0294,0.433,0.0,0.0206,,0.1332,0.0763,0.348,0.0358,0.0271,0.461
4200354816,2023,4255,23,0.003,2258,179,0.048,49.1,6.8,0.084,0.1373,0.0454,0.201,0.2508,0.0555,0.135,0.4172,0.0634,0.092,0.49,0.0747,0.093,0.0082,0.0082,0.608,0.0059,0.0073,0.754,36563,8059,0.134,40359,16319,0.246,0.2928,0.0959,0.199,0.1365,0.068,0.303,0.5951,0.07,0.072,0.158,0.0543,0.209,2689,181,0.041,0.1603,0.0352,0.134,1943,6,0.002,0.601,0.0783,0.079,0.1439,0.0494,0.208,0.0747,0.0408,0.332,0.0878,0.0455,0.315,0.4699,0.0813,0.105,1061,202,0.116,1197,217,0.11,0.471,0.0803,0.104,567,87,0.093,53400,6053,0.069,0.4901,0.1432,0.178,0.2205,0.1171,0.323,0.1855,0.0828,0.271,0.5773,0.0729,0.077,0.1316,0.0703,0.325,0.0197,0.0304,0.941,0.0,0.006,,0.1649,0.0715,0.264,0.3525,0.0798,0.138
4200355016,2023,16099,29,0.001,6717,384,0.035,40.7,3.3,0.049,0.2127,0.0379,0.108,0.1414,0.0204,0.088,0.8306,0.0439,0.032,0.0273,0.0215,0.478,0.0385,0.019,0.3,0.0292,0.017,0.354,99041,9728,0.06,51984,4453,0.052,0.0417,0.0177,0.258,0.0422,0.0217,0.313,0.7465,0.0303,0.025,0.5261,0.0533,0.062,7135,414,0.035,0.0586,0.0306,0.318,1993,2,0.001,0.6266,0.0412,0.04,0.0087,0.0076,0.534,0.12,0.0346,0.176,0.0342,0.0135,0.241,0.2509,0.0465,0.113,1685,327,0.118,5032,426,0.051,0.2114,0.0407,0.117,1374,127,0.056,251200,24882,0.06,0.3199,0.0888,0.169,0.0807,0.0554,0.417,0.1628,0.0411,0.153,0.7323,0.0476,0.04,0.0183,0.0123,0.407,0.0071,0.0075,0.644,0.0,0.002,,0.1967,0.0392,0.121,0.0365,0.0194,0.323
4200355488,2023,9920,33,0.002,4691,311,0.04,51.5,5.1,0.06,0.1444,0.0405,0.171,0.3085,0.0535,0.105,0.7872,0.0647,0.05,0.187,0.065,0.211,0.002,0.0031,0.942,0.0041,0.0065,0.949,51495,6909,0.082,42491,13357,0.191,0.1459,0.0658,0.274,0.0344,0.0251,0.444,0.5342,0.0595,0.068,0.2147,0.0436,0.123,5258,403,0.047,0.1078,0.0518,0.292,1957,3,0.001,0.6445,0.0606,0.057,0.0696,0.0399,0.348,0.0519,0.0291,0.34,0.1274,0.0458,0.219,0.3021,0.058,0.117,1417,288,0.124,3274,388,0.072,0.2974,0.0749,0.153,868,49,0.034,111600,9145,0.05,0.5399,0.1686,0.19,0.1757,0.1093,0.378,0.1261,0.0437,0.211,0.7484,0.1341,0.109,0.0208,0.0199,0.582,0.0305,0.0234,0.468,0.0,0.0037,,0.0752,0.0304,0.245,0.1462,0.0554,0.23
4200355840,2023,1465,136,0.056,656,92,0.085,44.6,2.3,0.031,0.1693,0.0275,0.099,0.2014,0.0254,0.077,0.9051,0.1096,0.074,0.0348,0.0463,0.809,0.002,0.0041,1.214,0.0,0.0075,,94107,7850,0.051,46332,8498,0.111,0.0838,0.0548,0.398,0.0302,0.0197,0.396,0.6538,0.0712,0.066,0.2856,0.0715,0.152,690,90,0.079,0.0493,0.0357,0.44,1947,12,0.004,0.8623,0.0466,0.033,0.0391,0.0262,0.406,0.0681,0.0313,0.28,0.0,0.0225,,0.186,0.0634,0.207,122,45,0.224,534,90,0.102,0.1713,0.0657,0.233,1076,304,0.172,175500,15982,0.055,0.2541,0.1291,0.309,0.1393,0.1295,0.565,0.0768,0.0655,0.519,0.7878,0.0723,0.056,0.0,0.014,,0.0267,0.0341,0.776,0.0,0.014,,0.0775,0.0281,0.22,0.0366,0.0296,0.492
4200356088,2023,6712,23,0.002,3303,167,0.031,45.1,2.7,0.036,0.2001,0.0298,0.091,0.2448,0.034,0.084,0.937,0.0274,0.018,0.0074,0.0063,0.511,0.0027,0.0025,0.574,0.0221,0.0128,0.353,89055,17061,0.116,62358,4367,0.043,0.0392,0.0129,0.2,0.0367,0.0196,0.325,0.669,0.0331,0.03,0.5699,0.0535,0.057,3606,186,0.031,0.084,0.0372,0.269,1963,11,0.003,0.5031,0.039,0.047,0.1464,0.0489,0.203,0.1162,0.0374,0.196,0.0824,0.0281,0.208,0.4187,0.0622,0.09,1383,217,0.095,1920,168,0.053,0.3231,0.0533,0.1,1125,78,0.042,317700,23153,0.044,0.3709,0.0779,0.128,0.1591,0.0514,0.196,0.1703,0.0607,0.217,0.673,0.0541,0.049,0.0058,0.0066,0.698,0.0207,0.017,0.497,0.0029,0.0043,0.911,0.2288,0.048,0.128,0.0602,0.0251,0.254
4200356384,2023,9146,23,0.002,3872,229,0.036,46.7,2.8,0.036,0.2191,0.027,0.075,0.2539,0.0376,0.09,0.845,0.0319,0.023,0.0241,0.0213,0.539,0.0747,0.0211,0.172,0.0134,0.0085,0.385,117256,16946,0.088,67553,5610,0.05,0.0376,0.022,0.356,0.0293,0.0162,0.335,0.6051,0.0305,0.031,0.7077,0.061,0.052,4121,252,0.037,0.0604,0.0274,0.276,1967,4,0.001,0.8134,0.04,0.03,0.0109,0.0112,0.624,0.0165,0.0172,0.632,0.1077,0.0358,0.202,0.1085,0.0358,0.201,420,141,0.204,3452,212,0.037,0.0734,0.0275,0.228,2153,280,0.079,365800,19655,0.033,0.3452,0.1241,0.218,0.2905,0.1108,0.232,0.2155,0.0715,0.202,0.7427,0.0561,0.046,0.0075,0.0084,0.685,0.0019,0.0029,0.911,0.0,0.0039,,0.2083,0.0438,0.128,0.0594,0.031,0.317
4200356392,2023,7144,19,0.002,2611,132,0.031,41.4,4.4,0.065,0.2527,0.0436,0.105,0.2226,0.0449,0.123,0.9253,0.0346,0.023,0.0115,0.008,0.423,0.0293,0.0277,0.576,0.0172,0.0161,0.568,146120,12529,0.052,60265,5769,0.058,0.0358,0.0273,0.463,0.0463,0.0497,0.652,0.6705,0.0475,0.043,0.6085,0.0678,0.068,2712,160,0.036,0.0372,0.0379,0.619,2001,3,0.001,0.7257,0.0395,0.033,0.0074,0.0129,1.06,0.0852,0.0454,0.324,0.0465,0.0288,0.377,0.0996,0.0364,0.222,260,96,0.224,2351,129,0.033,0.0525,0.0187,0.216,1555,175,0.068,446300,37245,0.051,0.1846,0.1707,0.562,0.0,0.0615,,0.1769,0.0699,0.24,0.6702,0.0776,0.07,0.0086,0.0094,0.667,0.0043,0.0071,1.012,0.0,0.0046,,0.2397,0.068,0.172,0.0069,0.0127,1.118
4200359032,2023,40528,26,0.0,18439,576,0.019,44.6,2.5,0.034,0.1927,0.0232,0.073,0.2255,0.0176,0.048,0.5317,0.0283,0.032,0.3636,0.0333,0.056,0.005,0.0025,0.302,0.0281,0.0149,0.323,62567,3749,0.036,34849,1474,0.026,0.1329,0.0221,0.101,0.0506,0.0127,0.153,0.6633,0.012,0.011,0.3094,0.0256,0.05,20335,605,0.018,0.0932,0.0173,0.113,1958,1,0.0,0.8124,0.024,0.018,0.032,0.0098,0.185,0.0456,0.015,0.2,0.0636,0.0168,0.161,0.2673,0.0283,0.064,4928,544,0.067,13511,670,0.03,0.2465,0.0315,0.078,1044,53,0.031,124100,4512,0.022,0.4483,0.0947,0.128,0.2072,0.0627,0.184,0.2177,0.0294,0.082,0.7243,0.0206,0.017,0.0501,0.0163,0.198,0.0115,0.0058,0.308,0.0,0.0012,,0.0992,0.0181,0.111,0.095,0.0204,0.13
4200359152,2023,672,84,0.076,476,60,0.077,39.8,6.8,0.104,0.061,0.0467,0.465,0.2039,0.0482,0.144,0.9449,0.0149,0.01,0.0119,0.0103,0.526,0.003,0.0059,1.213,0.0149,0.0133,0.542,69444,9780,0.086,64596,6697,0.063,0.0967,0.0745,0.468,0.0119,0.0118,0.602,0.7987,0.0585,0.045,0.5803,0.0754,0.079,504,62,0.075,0.0556,0.0391,0.428,1974,1,0.0,0.0476,0.0513,0.654,0.0179,0.0281,0.957,0.125,0.0397,0.193,0.0,0.0309,,0.3151,0.113,0.218,150,57,0.231,326,48,0.09,0.3646,0.097,0.162,1538,185,0.073,153300,4076,0.016,0.3867,0.3131,0.492,0.3467,0.2989,0.524,0.1718,0.0846,0.299,0.7369,0.0794,0.066,0.0301,0.0278,0.561,0.004,0.008,1.213,0.0,0.0221,,0.1888,0.0694,0.224,0.0105,0.0253,1.467
4200360272,2023,14983,21,0.001,5011,239,0.029,38.4,3.3,0.052,0.2813,0.0418,0.09,0.1019,0.0215,0.128,0.8488,0.049,0.035,0.0412,0.0452,0.666,0.0529,0.017,0.195,0.0214,0.0155,0.439,176243,11752,0.041,80135,8038,0.061,0.0334,0.0251,0.457,0.0164,0.009,0.335,0.6627,0.0485,0.045,0.7392,0.075,0.062,5167,281,0.033,0.0302,0.0334,0.673,2003,2,0.001,0.7345,0.0386,0.032,0.0517,0.0478,0.563,0.0172,0.0147,0.52,0.055,0.0256,0.283,0.1285,0.0475,0.225,644,240,0.227,4367,307,0.043,0.1087,0.0469,0.262,2107,205,0.059,547500,51779,0.057,0.1304,0.0916,0.427,0.0745,0.0708,0.578,0.1452,0.0453,0.19,0.6523,0.0469,0.044,0.0,0.0025,,0.0209,0.0189,0.55,0.0,0.0025,,0.2584,0.0501,0.118,0.014,0.0129,0.56
4200360712,2023,3065,22,0.004,1376,143,0.063,39.1,5.0,0.078,0.2333,0.0622,0.162,0.1716,0.0544,0.193,0.5951,0.0854,0.087,0.3135,0.0789,0.153,0.0,0.0036,,0.0365,0.0515,0.858,34400,7858,0.139,23017,3826,0.101,0.2186,0.0865,0.24,0.1094,0.0679,0.377,0.5389,0.0835,0.094,0.1643,0.0519,0.192,1696,182,0.065,0.1887,0.0752,0.242,1952,9,0.003,0.4027,0.0507,0.077,0.1616,0.0821,0.309,0.1751,0.0805,0.279,0.1397,0.0764,0.332,0.641,0.0988,0.094,882,164,0.113,494,95,0.117,0.5984,0.0841,0.085,765,105,0.083,68600,16481,0.146,0.4921,0.1715,0.212,0.22,0.107,0.296,0.1964,0.1198,0.371,0.6463,0.1182,0.111,0.0665,0.0725,0.663,0.0106,0.0167,0.955,0.0,0.0098,,0.0851,0.058,0.415,0.1323,0.0755,0.347
4200361328,2023,8418,17,0.001,3462,165,0.029,45.7,2.6,0.035,0.1947,0.0428,0.134,0.2224,0.0347,0.095,0.8536,0.0502,0.036,0.059,0.0347,0.357,0.0304,0.0255,0.511,0.011,0.0093,0.51,97177,8548,0.053,48532,6945,0.087,0.0302,0.0148,0.297,0.0511,0.05,0.594,0.6292,0.0543,0.052,0.4022,0.0559,0.085,3776,195,0.031,0.0832,0.0414,0.302,1957,1,0.0,0.7969,0.0261,0.02,0.0516,0.022,0.259,0.0191,0.0144,0.459,0.1104,0.0362,0.2,0.1964,0.0456,0.141,680,161,0.144,2782,256,0.056,0.1618,0.0707,0.266,1224,336,0.167,235500,13052,0.034,0.3456,0.1187,0.209,0.2809,0.1161,0.251,0.0945,0.0342,0.22,0.6309,0.0682,0.066,0.0242,0.0136,0.343,0.0054,0.0069,0.765,0.0,0.0038,,0.1938,0.0491,0.154,0.0609,0.0297,0.296
4200361536,2023,26873,28,0.001,10692,385,0.022,43.5,1.5,0.021,0.219,0.0244,0.068,0.2049,0.0193,0.057,0.9209,0.0215,0.014,0.0327,0.0143,0.266,0.0102,0.0084,0.502,0.009,0.0048,0.323,98475,5255,0.032,45954,1952,0.026,0.0305,0.0099,0.198,0.0292,0.0138,0.286,0.6852,0.0268,0.024,0.4327,0.034,0.048,11476,293,0.016,0.0683,0.0208,0.185,1971,3,0.001,0.7847,0.027,0.021,0.0281,0.0123,0.265,0.0366,0.0127,0.211,0.0492,0.0183,0.226,0.1919,0.0305,0.096,2052,334,0.099,8640,388,0.027,0.1377,0.0225,0.099,1156,63,0.033,218600,5824,0.016,0.3514,0.0782,0.135,0.1243,0.0616,0.301,0.1171,0.0244,0.126,0.71,0.0471,0.04,0.019,0.0106,0.34,0.0064,0.0059,0.567,0.0,0.0015,,0.2117,0.0293,0.084,0.0524,0.0177,0.205
4200362320,2023,3641,17,0.003,1667,130,0.047,42.9,5.7,0.081,0.175,0.0473,0.164,0.2183,0.0476,0.133,0.7847,0.1057,0.082,0.0632,0.0728,0.7,0.0,0.003,,0.0357,0.0321,0.547,62204,9402,0.092,30760,2921,0.058,0.1068,0.0555,0.316,0.1139,0.0733,0.391,0.6329,0.082,0.079,0.1469,0.0366,0.152,1846,141,0.046,0.097,0.052,0.326,1951,2,0.001,0.8971,0.0522,0.035,0.0087,0.0109,0.768,0.0699,0.0471,0.41,0.0,0.0084,,0.2376,0.0733,0.188,396,126,0.193,1271,206,0.099,0.2823,0.0868,0.187,1004,99,0.06,76100,7148,0.057,0.2904,0.1985,0.415,0.1515,0.1569,0.63,0.2227,0.1216,0.332,0.8424,0.0351,0.025,0.0069,0.0102,0.904,0.0051,0.0079,0.938,0.0,0.0063,,0.0634,0.0333,0.319,0.0366,0.0227,0.377
4200363408,2023,1729,412,0.145,765,142,0.113,35.9,12.2,0.207,0.229,0.1185,0.315,0.1365,0.0511,0.228,0.1943,0.0919,0.288,0.6437,0.1542,0.146,0.0,0.0064,,0.1001,0.0918,0.558,29783,19137,0.391,23759,7128,0.182,0.3256,0.1781,0.333,0.1451,0.0725,0.304,0.5927,0.0925,0.095,0.1461,0.0598,0.249,899,130,0.088,0.1491,0.0725,0.296,1950,6,0.002,0.3437,0.0843,0.149,0.1624,0.0726,0.272,0.2659,0.1398,0.32,0.0378,0.0426,0.685,0.6562,0.1383,0.128,502,141,0.171,263,93,0.215,0.5983,0.1659,0.169,548,241,0.267,84400,41548,0.299,0.3367,0.1121,0.202,0.2211,0.0951,0.261,0.0684,0.1237,1.099,0.4053,0.1689,0.253,0.3254,0.1353,0.253,0.0126,0.0222,1.07,0.0,0.0154,,0.0589,0.0599,0.618,0.4863,0.1726,0.216
4200364240,2023,3200,29,0.006,1545,103,0.041,45.8,6.7,0.089,0.1588,0.0359,0.138,0.2347,0.0389,0.101,0.8972,0.0331,0.022,0.0297,0.0253,0.518,0.0181,0.0181,0.608,0.0241,0.0144,0.363,79432,9210,0.07,46793,6262,0.081,0.059,0.0573,0.591,0.0574,0.0447,0.473,0.6656,0.0389,0.035,0.3113,0.0498,0.097,1618,112,0.042,0.0451,0.0307,0.414,1956,3,0.001,0.8294,0.0553,0.041,0.0797,0.0406,0.31,0.0093,0.0157,1.032,0.0,0.0096,,0.1249,0.059,0.287,193,92,0.29,1352,111,0.05,0.1072,0.0459,0.26,967,88,0.055,197100,14263,0.044,0.228,0.3337,0.89,0.2073,0.322,0.944,0.2064,0.0967,0.285,0.6756,0.0729,0.066,0.0707,0.0368,0.316,0.0082,0.0099,0.736,0.0035,0.0058,1.012,0.1555,0.0542,0.212,0.0485,0.0447,0.56
4200364528,2023,11836,17,0.001,4612,297,0.039,48.3,5.1,0.064,0.2138,0.0334,0.095,0.2574,0.043,0.102,0.9238,0.0298,0.02,0.0024,0.0029,0.738,0.0291,0.0159,0.331,0.0092,0.0092,0.608,126622,26188,0.126,61328,7067,0.07,0.0615,0.0326,0.322,0.0217,0.0139,0.39,0.6244,0.0544,0.053,0.5419,0.0482,0.054,4934,276,0.034,0.0653,0.0328,0.306,1983,5,0.002,0.7884,0.0367,0.028,0.0209,0.0147,0.428,0.0231,0.0136,0.358,0.0539,0.022,0.248,0.1158,0.0265,0.139,534,127,0.145,4078,292,0.044,0.0786,0.0244,0.189,1537,650,0.257,333000,40379,0.074,0.4213,0.1602,0.231,0.2509,0.1188,0.288,0.1439,0.0614,0.259,0.7968,0.0579,0.044,0.0,0.0031,,0.0063,0.0073,0.707,0.0,0.0031,,0.1565,0.0481,0.187,0.044,0.0222,0.306
4200365352,2023,15453,22,0.001,6755,280,0.025,41.1,4.6,0.068,0.1877,0.0278,0.09,0.2058,0.026,0.077,0.8644,0.0404,0.028,0.0475,0.0239,0.306,0.0331,0.0199,0.365,0.0298,0.0219,0.447,97973,7382,0.046,53883,3648,0.041,0.0593,0.0211,0.216,0.0171,0.0122,0.436,0.675,0.0379,0.034,0.491,0.0458,0.057,7144,328,0.028,0.0545,0.0276,0.308,1988,4,0.001,0.5423,0.042,0.047,0.0461,0.0215,0.284,0.1153,0.0351,0.185,0.1597,0.0435,0.165,0.3617,0.0452,0.076,2443,322,0.08,4312,309,0.044,0.298,0.0457,0.093,1656,67,0.025,285800,20894,0.044,0.3852,0.1315,0.207,0.1117,0.06,0.327,0.1477,0.0494,0.203,0.7442,0.0424,0.035,0.0117,0.0081,0.422,0.0047,0.0049,0.637,0.0,0.0021,,0.1545,0.0341,0.134,0.0317,0.0175,0.336
4200366264,2023,33090,50,0.001,14439,373,0.016,42.2,1.5,0.022,0.1953,0.0172,0.053,0.2283,0.018,0.048,0.8861,0.0197,0.014,0.0265,0.0104,0.239,0.0423,0.0133,0.191,0.0301,0.01,0.202,89861,2894,0.02,49501,2348,0.029,0.069,0.0143,0.126,0.0366,0.0106,0.176,0.639,0.0173,0.016,0.4975,0.031,0.038,15250,389,0.016,0.0532,0.0163,0.186,1965,2,0.001,0.6433,0.0206,0.019,0.0191,0.0067,0.214,0.0957,0.0232,0.147,0.1228,0.0195,0.096,0.2652,0.0267,0.061,3829,398,0.063,10610,437,0.025,0.2098,0.0283,0.082,1227,82,0.041,253400,9717,0.023,0.4074,0.078,0.116,0.1355,0.0427,0.191,0.1549,0.0251,0.098,0.6581,0.0278,0.026,0.0223,0.0086,0.234,0.0084,0.0062,0.447,0.0,0.0015,,0.2405,0.0342,0.087,0.0386,0.0116,0.183
4200366320,2023,517,102,0.12,263,75,0.173,55.5,5.7,0.062,0.1721,0.0472,0.167,0.3714,0.1235,0.202,0.7988,0.2155,0.164,0.0232,0.0365,0.955,0.0019,0.0019,0.596,0.0135,0.0073,0.326,84956,50568,0.362,101668,11223,0.067,0.0077,0.0226,1.775,0.0526,0.0519,0.599,0.5205,0.141,0.165,0.7847,0.092,0.071,263,75,0.173,0.0,0.0418,,1952,2,0.001,1.0,0.0,0.0,0.0,0.0591,,0.0,0.0591,,0.0,0.0591,,0.019,0.0182,0.583,5,5,0.608,258,75,0.177,0.0309,0.0284,0.557,,,,369000,21776,0.036,0.0,4.4,,0.0,2.2,,0.1357,0.0506,0.227,0.6806,0.1125,0.101,0.0231,0.0228,0.599,0.0185,0.0182,0.599,0.0,0.0509,,0.2269,0.0329,0.088,0.0,0.0591,
4200368388,2023,17370,33,0.001,7996,363,0.028,42.4,2.0,0.029,0.1602,0.0228,0.087,0.2366,0.0216,0.056,0.7489,0.0408,0.033,0.0381,0.0172,0.275,0.1484,0.0334,0.137,0.0195,0.0221,0.689,87228,6497,0.045,48030,2669,0.034,0.0543,0.0223,0.249,0.0338,0.015,0.27,0.6274,0.0275,0.027,0.511,0.0522,0.062,8467,395,0.028,0.0556,0.0199,0.218,1962,3,0.001,0.5498,0.0332,0.037,0.0407,0.0159,0.237,0.1389,0.042,0.184,0.1868,0.0405,0.132,0.3687,0.0437,0.072,2948,374,0.077,5048,361,0.043,0.3305,0.0392,0.072,1241,75,0.037,216500,8382,0.024,0.2415,0.0541,0.136,0.1401,0.0455,0.197,0.1708,0.0354,0.126,0.6278,0.0391,0.038,0.0403,0.0148,0.223,0.01,0.0075,0.457,0.0011,0.0017,0.911,0.2575,0.0538,0.127,0.0733,0.0245,0.203
4200369376,2023,3850,17,0.003,1633,116,0.043,38.9,5.4,0.084,0.2387,0.0431,0.11,0.1844,0.0383,0.126,0.8691,0.0453,0.032,0.0247,0.0138,0.339,0.0039,0.0044,0.689,0.0164,0.0169,0.627,94828,14076,0.09,64820,8930,0.084,0.0699,0.0302,0.263,0.0708,0.0432,0.371,0.6909,0.0597,0.053,0.601,0.0703,0.071,1865,179,0.058,0.1244,0.0752,0.367,1938,,,0.6054,0.0467,0.047,0.0895,0.0546,0.37,0.1668,0.0585,0.213,0.0954,0.0388,0.247,0.3056,0.0702,0.14,499,120,0.146,1134,117,0.063,0.2308,0.0684,0.18,961,87,0.055,449700,43191,0.058,0.479,0.1852,0.235,0.2665,0.1578,0.36,0.2963,0.1054,0.216,0.5234,0.066,0.077,0.0087,0.0097,0.676,0.1368,0.0526,0.234,0.0051,0.0077,0.91,0.2967,0.0855,0.175,0.1219,0.0561,0.28
4200369400,2023,746,89,0.073,324,41,0.077,50.9,2.2,0.026,0.2198,0.0382,0.106,0.2252,0.0375,0.101,0.9558,0.0351,0.022,0.0335,0.0306,0.555,0.0,0.0147,,0.0027,0.004,0.909,203000,32732,0.098,158026,29091,0.112,0.0123,0.0116,0.573,0.0241,0.0299,0.754,0.5452,0.0594,0.066,0.7298,0.0721,0.06,368,44,0.073,0.1196,0.0608,0.309,1957,12,0.004,0.9185,0.1435,0.095,0.0054,0.031,3.465,0.0,0.0423,,0.0,0.0423,,0.1142,0.0568,0.303,37,19,0.312,287,40,0.085,0.0992,0.0454,0.278,1469,460,0.19,1002800,129272,0.078,0.2703,0.4005,0.901,0.1351,0.2612,1.175,0.216,0.0688,0.193,0.646,0.0679,0.064,0.0,0.0342,,0.0217,0.0152,0.424,0.0,0.0342,,0.2764,0.1032,0.227,0.0062,0.0352,3.465
4200369416,2023,681,88,0.079,263,50,0.116,49.5,5.2,0.064,0.2335,0.0298,0.078,0.3069,0.0676,0.134,0.9163,0.0518,0.034,0.0,0.0162,,0.0147,0.0131,0.541,0.0191,0.016,0.508,162361,20391,0.076,85416,11659,0.083,0.0103,0.0098,0.577,0.0486,0.0304,0.381,0.5363,0.0189,0.021,0.7014,0.0864,0.075,286,55,0.117,0.0804,0.0754,0.57,1981,4,0.001,0.993,0.2685,0.164,0.007,0.0398,3.464,0.0,0.0544,,0.0,0.0544,,0.019,0.0187,0.597,5,5,0.608,258,49,0.115,0.0073,0.0073,0.603,,,,480000,40079,0.051,0.0,4.4,,0.0,2.2,,0.2403,0.1569,0.397,0.6742,0.0807,0.073,0.0,0.0412,,0.0,0.0412,,0.0,0.0412,,0.2846,0.0797,0.17,0.0342,0.0513,0.911
4200369584,2023,27734,30,0.001,12284,360,0.018,45.8,2.0,0.027,0.1678,0.0193,0.07,0.2467,0.0256,0.063,0.9281,0.0195,0.013,0.0062,0.0051,0.499,0.0069,0.0053,0.465,0.0229,0.0107,0.284,90908,6717,0.045,48908,2877,0.036,0.0457,0.0162,0.216,0.0457,0.0153,0.203,0.679,0.0186,0.017,0.4269,0.0313,0.045,12596,359,0.017,0.0248,0.0119,0.292,1963,2,0.001,0.8608,0.0203,0.014,0.0333,0.0143,0.261,0.0126,0.0059,0.283,0.015,0.0075,0.305,0.1244,0.024,0.117,1528,298,0.119,10756,442,0.025,0.1064,0.0249,0.143,1153,86,0.045,236900,4989,0.013,0.2402,0.083,0.21,0.1368,0.0739,0.328,0.1491,0.0312,0.127,0.7579,0.0261,0.021,0.0132,0.008,0.368,0.009,0.0098,0.661,0.0,0.0014,,0.1451,0.021,0.088,0.0265,0.0118,0.27
4200369776,2023,3146,32,0.006,1626,155,0.058,38.0,4.9,0.078,0.1939,0.0696,0.218,0.1583,0.0397,0.152,0.8134,0.0688,0.051,0.0912,0.055,0.366,0.0025,0.0038,0.912,0.0416,0.0381,0.557,50833,10908,0.13,37918,6145,0.099,0.1785,0.0802,0.273,0.0699,0.046,0.4,0.6253,0.0645,0.063,0.349,0.0748,0.13,1790,191,0.065,0.0916,0.0601,0.399,1938,,,0.3363,0.0657,0.119,0.1788,0.0677,0.23,0.0849,0.0516,0.37,0.1637,0.0729,0.271,0.5547,0.1035,0.113,902,189,0.127,724,122,0.102,0.4574,0.1004,0.133,953,174,0.111,118800,80375,0.411,0.4091,0.1492,0.222,0.1863,0.099,0.323,0.2928,0.1355,0.281,0.6391,0.1206,0.115,0.0827,0.0556,0.409,0.0507,0.0347,0.416,0.008,0.0133,1.01,0.1708,0.0782,0.278,0.2761,0.0966,0.213
4200372160,2023,18328,35,0.001,6898,287,0.025,41.4,1.8,0.026,0.2643,0.0306,0.07,0.1779,0.0254,0.087,0.8041,0.0345,0.026,0.0296,0.0129,0.264,0.1207,0.0297,0.149,0.0236,0.0137,0.355,121737,11165,0.056,58883,4151,0.043,0.0326,0.0149,0.278,0.025,0.0132,0.32,0.673,0.0302,0.027,0.568,0.0439,0.047,7147,292,0.025,0.0348,0.0208,0.363,1991,3,0.001,0.6065,0.0314,0.031,0.0242,0.0153,0.385,0.0805,0.0292,0.221,0.0894,0.0272,0.185,0.1866,0.032,0.104,1287,227,0.107,5611,317,0.034,0.1191,0.0279,0.143,1203,94,0.048,322700,25857,0.049,0.4631,0.1381,0.181,0.296,0.1188,0.244,0.1379,0.0353,0.156,0.7332,0.0505,0.042,0.0139,0.0075,0.329,0.0037,0.0028,0.464,0.0,0.002,,0.1994,0.0467,0.142,0.0603,0.0266,0.268
4200372400,2023,13686,32,0.001,5637,246,0.027,42.3,2.6,0.037,0.2063,0.0297,0.087,0.2057,0.026,0.077,0.8888,0.0356,0.024,0.0197,0.008,0.245,0.0551,0.0278,0.306,0.0085,0.008,0.572,95685,7386,0.047,46806,2840,0.037,0.0335,0.0125,0.227,0.032,0.0157,0.298,0.657,0.0224,0.021,0.4051,0.0377,0.057,5924,292,0.03,0.0484,0.0271,0.34,1975,1,0.0,0.7811,0.0393,0.031,0.0196,0.0144,0.447,0.0722,0.0214,0.18,0.053,0.0215,0.247,0.1893,0.0314,0.101,1067,183,0.104,4570,279,0.037,0.1597,0.0281,0.107,1331,83,0.038,232400,13405,0.035,0.3955,0.1302,0.2,0.2465,0.0991,0.245,0.112,0.0355,0.192,0.719,0.0533,0.045,0.0425,0.016,0.229,0.0,0.0026,,0.0,0.0026,,0.1935,0.0414,0.13,0.0179,0.0085,0.287
4200372568,2023,396,132,0.203,172,52,0.184,55.1,7.5,0.083,0.0859,0.0613,0.434,0.3157,0.1458,0.281,0.9217,0.092,0.061,0.0101,0.0148,0.889,0.0,0.0278,,0.0682,0.0775,0.691,65000,24367,0.228,42070,9926,0.143,0.1162,0.0903,0.473,0.0597,0.0692,0.705,0.5492,0.1801,0.199,0.1498,0.0732,0.297,180,52,0.176,0.0444,0.0597,0.817,1954,4,0.001,0.9722,0.1054,0.066,0.0,0.0864,,0.0,0.0864,,0.0,0.0864,,0.0698,0.0542,0.472,12,10,0.507,160,49,0.186,0.0783,0.0547,0.425,1100,309,0.171,112000,20630,0.112,0.0833,1.6058,11.714,0.0,0.9167,,0.275,0.1688,0.373,0.8254,0.1571,0.116,0.0,0.0582,,0.0529,0.0525,0.603,0.0,0.0582,,0.1111,0.0727,0.398,0.0407,0.0896,1.338
4200372960,2023,3355,28,0.005,1632,112,0.042,52.7,4.4,0.051,0.1788,0.0332,0.113,0.2539,0.0509,0.122,0.9365,0.0389,0.025,0.0036,0.0042,0.709,0.0003,0.0009,1.824,0.0438,0.0384,0.533,57963,3231,0.034,39759,4789,0.073,0.0558,0.0245,0.267,0.0569,0.0296,0.316,0.6262,0.0402,0.039,0.2779,0.0635,0.139,1790,122,0.041,0.0883,0.0415,0.286,1953,3,0.001,0.7223,0.0696,0.059,0.0872,0.0327,0.228,0.0844,0.0397,0.286,0.0559,0.0191,0.208,0.3395,0.0704,0.126,554,121,0.133,1078,116,0.065,0.2487,0.063,0.154,903,80,0.054,138300,8943,0.039,0.3845,0.1022,0.162,0.1011,0.0649,0.391,0.1039,0.0419,0.245,0.7693,0.033,0.026,0.0368,0.0258,0.426,0.0048,0.0066,0.835,0.0,0.0066,,0.0815,0.0326,0.243,0.1342,0.0489,0.221
4200372968,2023,1515,133,0.053,733,74,0.061,54.2,3.8,0.043,0.1182,0.0245,0.126,0.2686,0.0291,0.066,0.9333,0.0427,0.028,0.0,0.0073,,0.0073,0.0086,0.716,0.0191,0.0144,0.458,66477,11309,0.103,40826,5101,0.076,0.097,0.0529,0.331,0.0132,0.0155,0.714,0.6076,0.0559,0.056,0.268,0.0487,0.11,804,69,0.052,0.0883,0.0378,0.26,1961,4,0.001,0.7052,0.0626,0.054,0.0585,0.0314,0.326,0.0,0.0193,,0.0,0.0193,,0.1201,0.0362,0.183,88,28,0.193,645,77,0.073,0.1261,0.0462,0.223,1065,135,0.077,135100,16787,0.076,0.25,0.2376,0.578,0.1364,0.1293,0.576,0.1628,0.0587,0.219,0.8193,0.0336,0.025,0.0066,0.0092,0.848,0.0158,0.017,0.655,0.0,0.0145,,0.0805,0.0274,0.207,0.0409,0.02,0.298
4200374648,2023,6325,29,0.003,2885,236,0.05,33.9,9.6,0.172,0.2656,0.0641,0.147,0.1481,0.0308,0.126,0.5943,0.0841,0.086,0.3491,0.086,0.15,0.0021,0.0043,1.263,0.0115,0.0089,0.466,49772,7579,0.093,28985,3649,0.077,0.2612,0.0822,0.191,0.144,0.0785,0.331,0.6127,0.0686,0.068,0.1817,0.0515,0.172,3297,252,0.046,0.125,0.0479,0.233,1951,6,0.002,0.6002,0.094,0.095,0.1544,0.0538,0.212,0.044,0.0348,0.481,0.0076,0.0103,0.825,0.5411,0.0757,0.085,1561,253,0.099,1324,266,0.122,0.5766,0.0841,0.089,1061,152,0.087,98800,30535,0.188,0.3248,0.0826,0.155,0.1954,0.0637,0.198,0.1866,0.072,0.235,0.721,0.0568,0.048,0.0769,0.0341,0.27,0.027,0.0307,0.689,0.0,0.0062,,0.056,0.0282,0.306,0.2253,0.0814,0.22
4200375816,2023,8499,33,0.002,4469,236,0.032,38.9,2.5,0.039,0.1566,0.0346,0.134,0.1812,0.0393,0.132,0.5837,0.0681,0.071,0.274,0.0634,0.141,0.0341,0.0276,0.493,0.0422,0.0214,0.308,60114,4151,0.042,44467,7623,0.104,0.1309,0.0449,0.208,0.0757,0.0358,0.288,0.7527,0.0354,0.029,0.41,0.0585,0.087,4879,274,0.034,0.084,0.0329,0.238,1941,5,0.002,0.4673,0.0545,0.071,0.1916,0.0405,0.128,0.1472,0.0546,0.226,0.0361,0.0146,0.247,0.5314,0.0558,0.064,2375,279,0.071,2094,247,0.072,0.4969,0.062,0.076,1097,53,0.029,141300,5820,0.025,0.4303,0.131,0.185,0.1924,0.0972,0.307,0.1772,0.05,0.172,0.4995,0.043,0.052,0.1434,0.0426,0.181,0.057,0.0266,0.284,0.0078,0.0061,0.478,0.2025,0.051,0.153,0.1683,0.0559,0.202
4200376104,2023,4286,15,0.002,2098,276,0.08,45.6,9.6,0.128,0.1941,0.0699,0.219,0.196,0.0653,0.202,0.8829,0.0372,0.026,0.0651,0.0383,0.357,0.0,0.0026,,0.0236,0.0194,0.5,42453,7282,0.104,28019,3192,0.069,0.1969,0.0923,0.285,0.0731,0.0459,0.382,0.5852,0.0644,0.067,0.2378,0.0862,0.22,2278,317,0.085,0.079,0.0622,0.479,1938,,,0.6392,0.0836,0.079,0.14,0.05,0.217,0.0777,0.0514,0.402,0.0742,0.0488,0.4,0.3146,0.0885,0.171,660,205,0.189,1438,245,0.104,0.2785,0.0837,0.183,732,112,0.093,76200,7885,0.063,0.3364,0.1416,0.256,0.1242,0.0873,0.427,0.2851,0.1593,0.34,0.7512,0.0815,0.066,0.0315,0.0375,0.724,0.0787,0.0641,0.495,0.0105,0.0178,1.03,0.0289,0.0286,0.601,0.2598,0.1134,0.265
4200376560,2023,444,58,0.079,151,20,0.081,42.9,2.6,0.037,0.2613,0.0296,0.069,0.2432,0.032,0.08,0.8559,0.1509,0.107,0.0068,0.009,0.807,0.0068,0.0067,0.603,0.0541,0.0376,0.423,220625,26812,0.074,96988,10147,0.064,0.0068,0.0095,0.856,0.0086,0.0085,0.602,0.6884,0.14,0.124,0.7524,0.053,0.043,151,20,0.081,0.0,0.0728,,1953,3,0.001,0.9669,0.0338,0.021,0.0199,0.0775,2.37,0.0,0.103,,0.0,0.103,,0.0265,0.0263,0.603,4,4,0.608,147,21,0.087,0.0158,0.0111,0.427,,,,426400,35256,0.05,0.0,5.5,,0.0,2.75,,0.0476,0.1338,1.708,0.6026,0.0363,0.037,0.0306,0.0169,0.337,0.0,0.048,,0.0,0.048,,0.3493,0.0776,0.135,0.0066,0.074,6.796
4200377272,2023,54,43,0.484,40,31,0.471,47.9,46.9,0.595,0.0,0.5762,,0.2593,0.7819,1.833,1.0,0.0,0.0,0.0,0.2037,,0.0,0.2037,,0.0,0.2037,,,,,49039,23584,0.292,0.0,0.2881,,0.0,0.275,,0.7407,0.6146,0.504,0.2593,0.4828,1.132,103,77,0.454,0.6117,0.7332,0.729,1938,,,0.2524,0.1957,0.471,0.5728,0.6222,0.66,0.0,0.151,,0.0,0.151,,0.35,0.5352,0.93,14,24,1.042,26,28,0.655,0.2593,0.3936,0.923,,,,,,,1.0,1.3609,0.827,1.0,0.0,0.0,0.0,1.1966,,1.0,0.0,0.0,0.0,0.275,,0.0,0.275,,0.0,0.275,,0.0,0.275,,0.0,0.3889,
4200377912,2023,5046,16,0.002,2211,301,0.083,46.3,7.7,0.101,0.1579,0.0576,0.222,0.2767,0.0677,0.149,0.6034,0.0931,0.094,0.2477,0.0927,0.228,0.026,0.0268,0.626,0.0093,0.0137,0.892,44449,7904,0.108,24464,3868,0.096,0.2355,0.1075,0.278,0.1347,0.0586,0.264,0.5469,0.0681,0.076,0.1114,0.0506,0.276,2465,333,0.082,0.103,0.0609,0.359,1943,5,0.002,0.456,0.0483,0.064,0.2162,0.0773,0.217,0.1213,0.0556,0.278,0.112,0.0727,0.395,0.6536,0.132,0.123,1445,352,0.148,766,186,0.148,0.577,0.1259,0.133,718,166,0.141,85900,23046,0.163,0.3412,0.1211,0.216,0.2457,0.1132,0.28,0.1789,0.0985,0.335,0.599,0.0847,0.086,0.1519,0.0904,0.362,0.0645,0.0591,0.557,0.0,0.0079,,0.0367,0.0261,0.432,0.2537,0.0905,0.217
4200379274,2023,20893,47,0.001,7618,249,0.02,43.9,1.2,0.017,0.2581,0.0229,0.054,0.1913,0.0181,0.057,0.8688,0.0262,0.018,0.0155,0.0124,0.487,0.0728,0.018,0.151,0.0127,0.0073,0.35,151563,10153,0.041,71413,4456,0.038,0.0287,0.0119,0.251,0.0423,0.0143,0.205,0.6548,0.0263,0.024,0.7196,0.0385,0.033,7922,237,0.018,0.0384,0.0184,0.291,1972,2,0.001,0.8593,0.0231,0.016,0.0043,0.0068,0.969,0.0174,0.0093,0.325,0.0858,0.0202,0.143,0.1276,0.0209,0.099,972,162,0.101,6646,275,0.025,0.0839,0.0171,0.124,1790,178,0.06,395700,15967,0.025,0.5226,0.1292,0.15,0.2613,0.1,0.233,0.1452,0.0324,0.136,0.6399,0.0371,0.035,0.034,0.0106,0.189,0.009,0.0059,0.398,0.0,0.0021,,0.2672,0.0336,0.077,0.0415,0.0139,0.203
4200380032,2023,2660,388,0.089,1214,147,0.074,38.5,5.7,0.09,0.1929,0.0427,0.135,0.2124,0.0397,0.114,0.7989,0.1588,0.121,0.1286,0.0932,0.441,0.0,0.0041,,0.0248,0.0192,0.471,49703,17098,0.209,35150,6598,0.114,0.1037,0.0505,0.296,0.0801,0.0361,0.274,0.6634,0.0527,0.048,0.2508,0.0576,0.14,1300,143,0.067,0.0662,0.044,0.404,1940,15,0.005,0.5369,0.0937,0.106,0.1654,0.056,0.206,0.1215,0.0729,0.365,0.1054,0.057,0.329,0.575,0.1109,0.117,698,159,0.138,516,115,0.135,0.4996,0.108,0.131,798,113,0.086,149700,15553,0.063,0.4026,0.1256,0.19,0.1805,0.0851,0.287,0.1512,0.1131,0.455,0.6672,0.1012,0.092,0.0631,0.0598,0.576,0.0398,0.0384,0.587,0.0117,0.017,0.885,0.1302,0.0497,0.232,0.2043,0.0936,0.278
4200380040,2023,1569,219,0.085,813,91,0.068,41.7,4.4,0.064,0.1695,0.0421,0.151,0.2186,0.0259,0.072,0.8617,0.0793,0.056,0.058,0.0255,0.267,0.0,0.007,,0.0198,0.0176,0.542,42679,18198,0.259,29785,2670,0.054,0.2135,0.0529,0.151,0.0659,0.0403,0.372,0.5929,0.0794,0.081,0.1074,0.028,0.158,864,85,0.06,0.059,0.0389,0.401,1955,6,0.002,0.6076,0.0613,0.061,0.0544,0.028,0.312,0.2639,0.0862,0.199,0.0498,0.0222,0.271,0.5092,0.092,0.11,414,88,0.129,399,71,0.108,0.434,0.0898,0.126,838,57,0.041,89000,17304,0.118,0.5217,0.1595,0.186,0.2053,0.0835,0.247,0.203,0.0918,0.275,0.6523,0.0421,0.039,0.0242,0.0167,0.421,0.0295,0.0234,0.482,0.004,0.0053,0.801,0.0577,0.0226,0.238,0.155,0.0496,0.195
4200380600,2023,480,158,0.2,243,61,0.153,35.7,7.8,0.133,0.2229,0.094,0.256,0.1229,0.0469,0.232,0.8917,0.1132,0.077,0.0396,0.0329,0.506,0.0021,0.0083,2.423,0.0062,0.0123,1.199,61875,22460,0.221,49932,30934,0.377,0.2083,0.1369,0.399,0.0378,0.0486,0.781,0.5935,0.1086,0.111,0.1131,0.1065,0.573,325,66,0.123,0.2523,0.0912,0.22,1938,,,0.7415,0.0772,0.063,0.0954,0.0601,0.383,0.0308,0.0453,0.895,0.0,0.0479,,0.3992,0.1408,0.214,97,42,0.263,146,51,0.212,0.3875,0.1513,0.237,1118,208,0.113,53800,13154,0.149,0.3814,0.1534,0.244,0.2268,0.1452,0.389,0.2055,0.1607,0.475,0.7336,0.1626,0.135,0.0,0.048,,0.0087,0.0172,1.195,0.0,0.048,,0.1397,0.076,0.331,0.0617,0.0624,0.614
4200382800,2023,12230,29,0.001,5245,217,0.025,50.7,3.3,0.04,0.1658,0.0306,0.112,0.2664,0.0374,0.085,0.9548,0.0234,0.015,0.0016,0.0015,0.547,0.0,0.0015,,0.0038,0.0046,0.724,91327,9147,0.061,49078,5008,0.062,0.079,0.0397,0.306,0.0184,0.0133,0.44,0.5962,0.0442,0.045,0.387,0.0679,0.107,5446,292,0.033,0.0369,0.031,0.51,1975,5,0.002,0.7036,0.0455,0.039,0.0384,0.026,0.411,0.0196,0.0231,0.714,0.0349,0.0194,0.339,0.1312,0.0424,0.196,688,224,0.198,4557,292,0.039,0.1099,0.0416,0.23,950,359,0.23,240100,15660,0.04,0.202,0.1281,0.385,0.1294,0.1192,0.56,0.1501,0.0416,0.168,0.717,0.0689,0.058,0.0052,0.0081,0.94,0.0079,0.0092,0.71,0.0027,0.0044,0.987,0.2039,0.0785,0.234,0.0236,0.0127,0.327
4200382848,2023,400,139,0.211,164,48,0.178,48.0,23.1,0.293,0.23,0.0841,0.222,0.125,0.0369,0.18,0.8925,0.435,0.296,0.0025,0.0049,1.197,0.0175,0.0345,1.197,0.07,0.1098,0.954,62778,10653,0.103,28732,5738,0.121,0.072,0.0657,0.555,0.0636,0.0591,0.564,0.6832,0.1583,0.141,0.1232,0.093,0.459,194,53,0.166,0.1546,0.0768,0.302,1951,8,0.002,0.6546,0.122,0.113,0.0928,0.0466,0.305,0.0,0.0802,,0.0,0.0802,,0.2195,0.0964,0.267,36,19,0.321,128,41,0.195,0.2375,0.1458,0.373,806,162,0.122,76600,13247,0.105,0.3056,0.3657,0.728,0.1111,0.1259,0.689,0.0703,0.1886,1.63,0.7337,0.391,0.324,0.0402,0.0372,0.563,0.0,0.0553,,0.0,0.0553,,0.0704,0.0865,0.747,0.0671,0.0527,0.477
4200383200,2023,1870,289,0.094,845,108,0.078,41.4,3.2,0.047,0.1503,0.0353,0.143,0.2027,0.0287,0.086,0.7364,0.0374,0.031,0.1134,0.0695,0.373,0.0,0.0059,,0.1,0.0977,0.594,81477,19638,0.147,44618,4902,0.067,0.0754,0.0345,0.278,0.0455,0.0574,0.766,0.647,0.031,0.029,0.3552,0.0645,0.11,953,99,0.063,0.1133,0.0544,0.292,1957,2,0.001,0.7943,0.0837,0.064,0.1049,0.0518,0.3,0.0504,0.0576,0.695,0.0252,0.0394,0.951,0.2296,0.1098,0.291,194,96,0.301,651,104,0.097,0.2066,0.1217,0.358,1041,283,0.165,159000,12227,0.047,0.5103,0.2321,0.276,0.3299,0.2318,0.427,0.0722,0.0496,0.417,0.6717,0.1405,0.127,0.0618,0.0764,0.752,0.0284,0.0372,0.798,0.0,0.0111,,0.1662,0.0707,0.258,0.1089,0.0639,0.357
4200383512,2023,19338,19,0.001,8499,498,0.036,44.7,2.6,0.035,0.2097,0.0388,0.112,0.1973,0.0206,0.063,0.8155,0.0433,0.032,0.0863,0.0261,0.184,0.0098,0.0099,0.614,0.023,0.0196,0.519,70335,10669,0.092,36493,2515,0.042,0.1185,0.034,0.174,0.0833,0.0317,0.231,0.6464,0.0282,0.027,0.242,0.0288,0.072,9131,528,0.035,0.0692,0.0231,0.203,1956,2,0.001,0.7867,0.027,0.021,0.0114,0.0093,0.494,0.0426,0.0215,0.307,0.0631,0.0239,0.231,0.2183,0.0343,0.095,1855,311,0.102,6644,425,0.039,0.2066,0.041,0.121,748,86,0.07,131400,7020,0.032,0.3466,0.1114,0.195,0.1418,0.0671,0.288,0.1729,0.0388,0.136,0.7168,0.0504,0.043,0.055,0.0196,0.217,0.0074,0.0061,0.499,0.0,0.002,,0.1213,0.0304,0.152,0.1081,0.0303,0.171
4200384144,2023,6582,22,0.002,2898,224,0.047,40.2,3.3,0.05,0.1765,0.0418,0.144,0.1609,0.0339,0.128,0.8707,0.059,0.041,0.0356,0.028,0.478,0.0041,0.0052,0.766,0.0532,0.0369,0.422,70954,11870,0.102,40271,4529,0.068,0.068,0.0426,0.381,0.0367,0.0188,0.311,0.7207,0.044,0.037,0.3804,0.0694,0.111,2972,243,0.05,0.0249,0.0265,0.647,1950,6,0.002,0.6814,0.03,0.027,0.2143,0.0709,0.201,0.0246,0.0159,0.393,0.0683,0.0381,0.34,0.3071,0.0677,0.134,890,208,0.142,2008,196,0.059,0.2183,0.0529,0.147,963,68,0.043,209800,14276,0.041,0.5101,0.218,0.26,0.209,0.1753,0.51,0.1365,0.0563,0.251,0.7842,0.0685,0.053,0.0179,0.0178,0.605,0.0222,0.0368,1.009,0.0,0.0043,,0.1075,0.0348,0.197,0.0966,0.0628,0.395
4200384440,2023,1168,219,0.114,536,105,0.119,42.0,11.4,0.165,0.1687,0.0354,0.128,0.167,0.0174,0.064,0.6892,0.1792,0.158,0.1678,0.0824,0.298,0.0,0.0094,,0.0925,0.0627,0.412,62339,3122,0.03,32197,4128,0.078,0.2568,0.121,0.286,0.1235,0.1094,0.538,0.6957,0.1051,0.092,0.1288,0.0393,0.185,623,98,0.096,0.1396,0.0552,0.24,1952,3,0.001,0.87,0.0899,0.063,0.0161,0.0311,1.176,0.0787,0.0414,0.32,0.0,0.025,,0.4179,0.127,0.185,224,81,0.22,312,68,0.132,0.4675,0.1431,0.186,1028,304,0.18,87800,8254,0.057,0.2545,0.0886,0.212,0.2009,0.0726,0.22,0.1186,0.09,0.461,0.6701,0.0977,0.089,0.0981,0.0805,0.499,0.0,0.0186,,0.0,0.0186,,0.1218,0.072,0.359,0.1399,0.0396,0.172
4200384512,2023,14863,24,0.001,6730,299,0.027,43.7,3.2,0.045,0.1805,0.025,0.084,0.2368,0.0267,0.069,0.8056,0.0435,0.033,0.0416,0.0187,0.273,0.1222,0.0433,0.216,0.0115,0.0079,0.416,85000,10299,0.074,49591,4044,0.05,0.0821,0.0292,0.216,0.0573,0.0283,0.3,0.6104,0.0351,0.035,0.415,0.0493,0.072,7079,266,0.023,0.0493,0.0272,0.335,1958,2,0.001,0.6351,0.0345,0.033,0.048,0.0259,0.328,0.0576,0.0294,0.31,0.1574,0.0367,0.142,0.2593,0.0424,0.1,1745,296,0.103,4985,306,0.037,0.195,0.0456,0.142,909,91,0.061,229200,6656,0.018,0.4779,0.1185,0.151,0.2504,0.0787,0.191,0.1468,0.0403,0.167,0.6923,0.0492,0.043,0.0593,0.0251,0.257,0.0044,0.0039,0.528,0.0,0.0026,,0.1355,0.0297,0.133,0.1052,0.0373,0.216
4200384704,2023,7520,23,0.002,3715,254,0.042,54.3,2.8,0.031,0.1727,0.0408,0.144,0.288,0.0478,0.101,0.927,0.037,0.024,0.0302,0.0254,0.511,0.0021,0.004,1.14,0.0092,0.0089,0.59,64838,12803,0.12,42085,5242,0.076,0.0633,0.034,0.327,0.054,0.0397,0.446,0.5791,0.0275,0.029,0.31,0.0624,0.122,3867,243,0.038,0.0393,0.0294,0.454,1956,3,0.001,0.714,0.0469,0.04,0.0463,0.0325,0.426,0.128,0.0616,0.293,0.0556,0.0227,0.248,0.3179,0.0814,0.156,1181,313,0.161,2534,236,0.057,0.2517,0.0683,0.165,999,70,0.043,145000,28756,0.121,0.4056,0.0873,0.131,0.1482,0.0845,0.346,0.133,0.046,0.21,0.7312,0.0769,0.064,0.0101,0.0159,0.954,0.0157,0.0191,0.741,0.0,0.0046,,0.1803,0.0594,0.2,0.0441,0.0273,0.376
4200385184,2023,6254,29,0.003,3217,167,0.032,45.6,3.0,0.04,0.1682,0.0365,0.132,0.2838,0.0462,0.099,0.6698,0.0474,0.043,0.2469,0.0534,0.131,0.001,0.0016,1.013,0.0152,0.0102,0.41,64404,8738,0.082,41247,3779,0.056,0.095,0.041,0.262,0.049,0.025,0.311,0.5954,0.0385,0.039,0.4152,0.0536,0.079,3332,166,0.03,0.0345,0.0236,0.417,1959,3,0.001,0.6639,0.0416,0.038,0.0162,0.0118,0.442,0.0711,0.0321,0.274,0.2158,0.0605,0.17,0.3976,0.0688,0.105,1279,231,0.11,1938,185,0.058,0.3174,0.0537,0.103,1093,36,0.02,164700,12370,0.046,0.4879,0.1386,0.173,0.2518,0.1182,0.285,0.1367,0.0498,0.221,0.6718,0.0566,0.051,0.0331,0.0175,0.322,0.004,0.006,0.911,0.0,0.0053,,0.2336,0.0658,0.171,0.0609,0.0354,0.353
4200385188,2023,14165,36,0.002,7969,371,0.028,41.7,2.7,0.039,0.1391,0.0258,0.113,0.2121,0.0294,0.084,0.3723,0.0386,0.063,0.4802,0.0396,0.05,0.0186,0.012,0.393,0.0565,0.0206,0.222,48565,5219,0.065,38903,3706,0.058,0.2034,0.0363,0.108,0.0942,0.0269,0.174,0.6344,0.0373,0.036,0.3684,0.0419,0.069,9876,489,0.03,0.1931,0.0292,0.092,1947,4,0.001,0.3368,0.0338,0.061,0.2209,0.0365,0.101,0.1646,0.0282,0.104,0.1595,0.0301,0.115,0.6798,0.0383,0.034,5417,396,0.044,2552,320,0.076,0.6684,0.0422,0.038,978,71,0.044,140300,20655,0.089,0.4482,0.0601,0.082,0.226,0.046,0.124,0.1458,0.0443,0.185,0.4729,0.0565,0.073,0.2081,0.0436,0.127,0.0272,0.0189,0.422,0.0048,0.0044,0.553,0.1979,0.0375,0.115,0.2913,0.0535,0.112
4200385496,2023,1781,422,0.144,859,144,0.102,36.9,3.9,0.064,0.1915,0.0542,0.172,0.1432,0.0189,0.08,0.6648,0.1807,0.165,0.3066,0.1102,0.218,0.0,0.0062,,0.0202,0.0242,0.729,37764,12777,0.206,23692,3980,0.102,0.2908,0.1026,0.215,0.17,0.0945,0.338,0.5827,0.0825,0.086,0.151,0.0628,0.253,1161,132,0.069,0.2601,0.067,0.157,1941,10,0.003,0.3325,0.0726,0.133,0.2369,0.0755,0.194,0.1481,0.07,0.287,0.0956,0.053,0.337,0.5949,0.1289,0.132,511,140,0.167,348,97,0.169,0.5913,0.1429,0.147,773,86,0.068,65000,15110,0.141,0.3973,0.1435,0.22,0.2759,0.1281,0.282,0.1523,0.1395,0.557,0.609,0.1936,0.193,0.1589,0.0974,0.373,0.053,0.0687,0.789,0.0,0.0171,,0.1293,0.0938,0.441,0.291,0.0989,0.207
4200300724,2024,1747,264,0.092,904,130,0.087,74.8,9.4,0.076,0.1105,0.0245,0.135,0.5924,0.0693,0.071,0.9513,0.0427,0.027,0.0132,0.0194,0.894,0.0137,0.0182,0.805,0.0023,0.004,1.06,78750,23854,0.184,69215,15410,0.135,0.0544,0.031,0.346,0.1104,0.1059,0.583,0.3064,0.0421,0.083,0.4808,0.1084,0.137,1075,129,0.073,0.1591,0.0534,0.204,1995,5,0.002,0.3005,0.0485,0.098,0.0065,0.0134,1.25,0.0298,0.0154,0.315,0.4716,0.0993,0.128,0.5221,0.1013,0.118,472,114,0.147,432,71,0.1,0.458,0.1283,0.17,3501,,,291100,27741,0.058,0.4513,0.1442,0.194,0.3263,0.1082,0.202,0.3218,0.098,0.185,0.7071,0.0844,0.073,0.0,0.0286,,0.0,0.0286,,0.0,0.0286,,0.2167,0.0616,0.173,0.2323,0.1096,0.287
4200303320,2024,2843,31,0.007,1192,115,0.059,35.8,2.6,0.044,0.3025,0.0709,0.142,0.1273,0.0332,0.158,0.8597,0.0991,0.07,0.0106,0.0134,0.77,0.1231,0.0992,0.49,0.0021,0.0039,1.114,107000,32054,0.182,64125,9892,0.094,0.0328,0.0201,0.373,0.0266,0.0197,0.452,0.7372,0.0577,0.048,0.7559,0.1079,0.087,1374,140,0.062,0.1325,0.0745,0.342,1949,20,0.006,0.46,0.0754,0.1,0.262,0.0846,0.196,0.1492,0.0624,0.254,0.0036,0.0114,1.898,0.3784,0.0929,0.149,451,119,0.16,741,127,0.104,0.3408,0.109,0.194,1330,247,0.113,378800,57626,0.092,0.4412,0.1334,0.184,0.2572,0.1271,0.301,0.2254,0.129,0.348,0.4989,0.1023,0.125,0.0699,0.036,0.313,0.05,0.0304,0.37,0.0029,0.0066,1.366,0.2774,0.0624,0.137,0.125,0.0718,0.349
4200303608,2024,4674,23,0.003,2710,225,0.05,45.7,6.8,0.09,0.114,0.0396,0.211,0.246,0.0586,0.145,0.7848,0.0696,0.054,0.156,0.0687,0.268,0.027,0.0193,0.434,0.0195,0.0158,0.494,51250,8623,0.102,46775,7994,0.104,0.146,0.0555,0.231,0.0322,0.0195,0.368,0.6222,0.0629,0.061,0.3544,0.0602,0.103,2949,223,0.046,0.081,0.0416,0.312,1951,6,0.002,0.375,0.0502,0.081,0.1617,0.0485,0.182,0.12,0.0618,0.313,0.3164,0.0859,0.165,0.5856,0.0957,0.099,1587,291,0.111,1123,172,0.093,0.4735,0.0898,0.115,909,94,0.063,170500,27323,0.097,0.431,0.1239,0.175,0.2867,0.1138,0.241,0.2707,0.0935,0.21,0.5996,0.0714,0.072,0.0646,0.0535,0.504,0.0386,0.0497,0.783,0.0,0.005,,0.2126,0.0495,0.141,0.2306,0.0788,0.208
4200303928,2024,21057,33,0.001,8855,356,0.024,41.8,2.1,0.031,0.1845,0.0256,0.084,0.226,0.0234,0.063,0.8049,0.0415,0.031,0.0337,0.0154,0.278,0.0842,0.026,0.188,0.0227,0.0132,0.353,80983,7079,0.053,41565,2282,0.033,0.0952,0.028,0.179,0.0193,0.011,0.346,0.6483,0.0287,0.027,0.3326,0.043,0.079,9570,390,0.025,0.0747,0.0241,0.196,1959,2,0.001,0.7492,0.029,0.024,0.0223,0.0119,0.326,0.0783,0.0251,0.195,0.096,0.0293,0.186,0.2216,0.0307,0.084,1962,283,0.088,6893,390,0.034,0.1839,0.0314,0.104,1066,79,0.045,208400,8320,0.024,0.396,0.107,0.164,0.2125,0.0794,0.227,0.1754,0.0363,0.126,0.7002,0.0353,0.031,0.0173,0.0087,0.307,0.0108,0.0074,0.419,0.0,0.002,,0.1595,0.0334,0.127,0.056,0.023,0.25
4200303932,2024,1987,355,0.109,849,98,0.07,39.8,6.4,0.098,0.226,0.0764,0.206,0.2033,0.0508,0.152,0.9884,0.0302,0.019,0.0,0.006,,0.0,0.006,,0.0,0.006,,89931,16740,0.113,42854,4946,0.07,0.0201,0.015,0.452,0.0313,0.0212,0.411,0.6558,0.0158,0.015,0.4118,0.0692,0.102,878,97,0.067,0.033,0.0282,0.52,1953,2,0.001,0.9533,0.0463,0.03,0.0159,0.0285,1.086,0.0,0.0193,,0.0,0.0193,,0.0448,0.0326,0.442,38,28,0.448,811,101,0.076,0.0242,0.016,0.404,950,694,0.444,199500,15619,0.048,0.3684,0.3575,0.59,0.1316,0.1566,0.724,0.2306,0.0985,0.26,0.6769,0.0888,0.08,0.0245,0.0191,0.475,0.0,0.0122,,0.0173,0.0151,0.531,0.2324,0.0639,0.167,0.0165,0.0143,0.525
4200305216,2024,1468,169,0.07,581,53,0.055,48.9,4.4,0.055,0.1873,0.0346,0.112,0.2459,0.0194,0.048,0.8583,0.1392,0.099,0.0204,0.0299,0.889,0.0177,0.0128,0.439,0.0129,0.0101,0.475,165987,21701,0.079,88417,9844,0.068,0.0497,0.0332,0.406,0.0185,0.0132,0.436,0.6588,0.0729,0.067,0.6503,0.0339,0.032,627,62,0.06,0.0734,0.0714,0.592,1962,4,0.001,0.9904,0.1369,0.084,0.0032,0.0197,3.759,0.0064,0.0207,1.975,0.0,0.0271,,0.0551,0.0323,0.357,32,19,0.361,549,57,0.063,0.0538,0.0349,0.394,1098,106,0.059,437500,66797,0.093,0.3125,0.7984,1.553,0.3125,0.4643,0.903,0.1694,0.0533,0.191,0.624,0.0214,0.021,0.0051,0.0063,0.753,0.0115,0.0139,0.736,0.0,0.0153,,0.312,0.0903,0.176,0.0361,0.0205,0.344
4200305312,2024,8128,21,0.002,4053,260,0.039,37.2,1.9,0.031,0.1762,0.0334,0.115,0.1665,0.0325,0.119,0.8287,0.0418,0.031,0.0913,0.029,0.193,0.0086,0.0046,0.321,0.0173,0.0108,0.379,68827,5645,0.05,45846,4993,0.066,0.0944,0.0403,0.26,0.0469,0.0205,0.266,0.735,0.0491,0.041,0.4867,0.0514,0.064,4512,313,0.042,0.1017,0.0381,0.228,1938,,,0.3803,0.0383,0.061,0.236,0.0383,0.099,0.1795,0.0497,0.168,0.1314,0.038,0.176,0.5482,0.0595,0.066,2222,280,0.077,1831,192,0.064,0.4144,0.0579,0.085,973,47,0.029,213300,16117,0.046,0.3726,0.0768,0.125,0.1512,0.0476,0.191,0.2305,0.0787,0.208,0.6473,0.0618,0.058,0.0254,0.0166,0.396,0.0235,0.0131,0.338,0.0,0.0037,,0.2229,0.0397,0.108,0.1165,0.0337,0.176
4200305504,2024,1919,194,0.061,797,102,0.078,39.1,4.1,0.064,0.2402,0.0272,0.069,0.1688,0.0498,0.179,0.8395,0.0587,0.042,0.0625,0.0359,0.349,0.0083,0.0078,0.567,0.0412,0.0215,0.317,102869,12290,0.073,55561,4317,0.047,0.0724,0.0228,0.191,0.0385,0.0228,0.36,0.7438,0.1295,0.106,0.6409,0.1172,0.111,856,116,0.082,0.0689,0.0482,0.425,1938,,,0.7371,0.0808,0.067,0.1998,0.0617,0.188,0.0152,0.0214,0.858,0.0,0.0198,,0.3099,0.0502,0.098,247,51,0.126,550,89,0.098,0.2049,0.0364,0.108,1393,166,0.072,344700,16514,0.029,0.3765,0.1319,0.213,0.2227,0.0947,0.259,0.1782,0.0578,0.197,0.6035,0.0671,0.068,0.0471,0.026,0.335,0.0029,0.0049,1.011,0.002,0.0039,1.214,0.3091,0.0639,0.126,0.0477,0.0257,0.327
4200305520,2024,304,51,0.102,107,17,0.097,43.2,6.9,0.097,0.2533,0.0462,0.111,0.1283,0.0364,0.172,0.9671,0.0427,0.027,0.0,0.0395,,0.0197,0.0161,0.496,0.0066,0.0098,0.906,234375,31606,0.082,89569,13668,0.093,0.0066,0.0092,0.854,0.0341,0.0393,0.7,0.7243,0.0353,0.03,0.8641,0.0214,0.015,111,18,0.099,0.036,0.0537,0.907,1938,,,0.991,0.0217,0.013,0.0,0.1529,,0.0,0.1529,,0.0,0.1529,,0.0,0.1121,,0,12,,107,17,0.097,0.0,0.0395,,,,,542500,70150,0.079,,,,,,,0.0561,0.2314,2.509,0.631,0.102,0.098,0.0,0.0714,,0.0,0.0714,,0.0,0.0714,,0.3333,0.0877,0.16,0.0093,0.1156,7.519
4200306064,2024,32881,21,0.0,14829,571,0.023,48.8,1.6,0.02,0.1788,0.0172,0.058,0.2548,0.0212,0.05,0.9197,0.0219,0.014,0.0123,0.0082,0.404,0.0308,0.0138,0.273,0.0083,0.0044,0.319,107090,6511,0.037,55817,3171,0.035,0.0397,0.0114,0.175,0.0276,0.0089,0.196,0.6514,0.0185,0.017,0.5348,0.0336,0.038,15672,558,0.022,0.0538,0.0159,0.18,1965,2,0.001,0.7307,0.0276,0.023,0.0165,0.0092,0.339,0.0725,0.0205,0.171,0.1228,0.0211,0.104,0.236,0.0282,0.073,3499,439,0.076,11330,560,0.03,0.1561,0.0205,0.08,1311,71,0.033,273400,11111,0.025,0.4104,0.0607,0.09,0.1983,0.0515,0.158,0.1346,0.0301,0.136,0.6447,0.0299,0.028,0.0442,0.0103,0.141,0.0092,0.0048,0.32,0.0,0.0014,,0.2394,0.0351,0.089,0.0527,0.0139,0.16
4200307000,2024,1439,191,0.081,910,144,0.096,53.8,6.5,0.073,0.1098,0.0481,0.266,0.3377,0.0958,0.173,0.8471,0.0445,0.032,0.0028,0.0042,0.908,0.1091,0.0779,0.434,0.0,0.0083,,60333,15555,0.157,47211,6690,0.086,0.1668,0.0805,0.293,0.025,0.0348,0.846,0.6116,0.0325,0.032,0.5086,0.1153,0.138,985,134,0.083,0.0761,0.0487,0.388,1953,8,0.002,0.2883,0.0653,0.138,0.135,0.0731,0.329,0.1716,0.0679,0.241,0.1949,0.0913,0.285,0.589,0.1279,0.132,536,144,0.163,374,74,0.12,0.517,0.1079,0.127,807,98,0.074,173000,23775,0.084,0.334,0.1479,0.269,0.1604,0.0827,0.313,0.0882,0.0795,0.548,0.691,0.0824,0.072,0.059,0.0673,0.694,0.0346,0.029,0.509,0.0,0.0154,,0.1449,0.0488,0.205,0.1989,0.1083,0.331
4200307976,2024,3167,30,0.006,1533,166,0.066,46.7,3.4,0.044,0.1648,0.0511,0.188,0.1819,0.0442,0.148,0.8623,0.0728,0.051,0.0906,0.0622,0.417,0.0,0.0038,,0.0231,0.0246,0.65,50197,14075,0.17,31366,3418,0.066,0.1513,0.0735,0.295,0.0186,0.022,0.718,0.6372,0.0747,0.071,0.1456,0.0654,0.273,1701,198,0.071,0.0988,0.06,0.37,1938,,,0.7343,0.0963,0.08,0.1493,0.0762,0.31,0.0347,0.041,0.718,0.0617,0.0408,0.401,0.3307,0.0918,0.169,507,151,0.181,1026,183,0.108,0.3019,0.1023,0.206,778,216,0.169,94800,23714,0.152,0.215,0.1456,0.412,0.0927,0.1191,0.781,0.2222,0.1087,0.297,0.7728,0.1343,0.106,0.0272,0.0294,0.658,0.0093,0.0154,1.01,0.0383,0.0348,0.552,0.0784,0.0386,0.299,0.122,0.0672,0.335
4200307992,2024,2039,661,0.197,710,146,0.125,31.5,10.9,0.21,0.3031,0.0545,0.109,0.1393,0.0634,0.277,0.0765,0.0383,0.304,0.7224,0.2156,0.181,0.0,0.0059,,0.0201,0.0297,0.898,37813,16598,0.267,15500,4555,0.179,0.2746,0.1203,0.266,0.3362,0.2331,0.422,0.6267,0.1704,0.165,0.0652,0.037,0.345,1017,127,0.076,0.3019,0.0855,0.172,1938,,,0.5624,0.1275,0.138,0.1711,0.0608,0.216,0.0737,0.0516,0.426,0.0442,0.0259,0.356,0.6507,0.176,0.164,462,157,0.207,248,66,0.162,0.5862,0.2765,0.287,689,242,0.214,50000,32274,0.392,0.632,0.2219,0.213,0.3074,0.1037,0.205,0.0605,0.1305,1.312,0.7054,0.1779,0.153,0.2201,0.0953,0.263,0.0191,0.0236,0.752,0.0,0.0208,,0.0087,0.0171,1.202,0.2873,0.0771,0.163
4200308008,2024,1629,306,0.114,923,107,0.07,43.8,14.4,0.2,0.1639,0.0773,0.287,0.2437,0.0418,0.104,0.5887,0.0964,0.1,0.3272,0.1453,0.27,0.0153,0.0281,1.113,0.0061,0.0079,0.782,39981,10405,0.158,31633,4965,0.095,0.1418,0.0521,0.223,0.0125,0.0186,0.9,0.566,0.1158,0.124,0.2336,0.0598,0.156,999,92,0.056,0.0761,0.0465,0.372,1959,4,0.001,0.5846,0.0903,0.094,0.1471,0.0724,0.299,0.035,0.0277,0.481,0.2012,0.0551,0.166,0.4789,0.0854,0.108,442,94,0.129,481,79,0.1,0.4386,0.1244,0.172,477,337,0.429,129800,18226,0.085,0.3122,0.1432,0.279,0.138,0.1186,0.522,0.2599,0.1152,0.269,0.7234,0.0628,0.053,0.0318,0.035,0.669,0.0069,0.0095,0.837,0.0,0.0166,,0.2241,0.1181,0.32,0.2676,0.082,0.186
4200308064,2024,1194,221,0.113,483,68,0.086,48.3,8.1,0.102,0.2563,0.0488,0.116,0.2546,0.066,0.158,0.9045,0.0789,0.053,0.0092,0.0091,0.597,0.0017,0.0025,0.905,0.0268,0.0229,0.52,153125,26284,0.104,74640,9585,0.078,0.0193,0.0146,0.459,0.0143,0.0084,0.356,0.6002,0.1019,0.103,0.7282,0.1433,0.12,498,64,0.078,0.0301,0.0359,0.725,1964,9,0.003,0.8012,0.0927,0.07,0.0221,0.0312,0.86,0.0382,0.0323,0.515,0.0,0.0341,,0.0435,0.0262,0.366,21,13,0.376,462,67,0.088,0.0193,0.0112,0.353,556,140,0.153,508300,49479,0.059,0.4286,1.0454,1.483,0.0,0.5714,,0.1212,0.0449,0.225,0.6375,0.1445,0.138,0.0091,0.0107,0.716,0.0219,0.0175,0.488,0.0,0.0219,,0.3115,0.0488,0.095,0.0497,0.025,0.306
4200308416,2024,9866,19,0.001,4562,402,0.054,39.1,4.0,0.062,0.2399,0.0531,0.134,0.17,0.0379,0.135,0.7885,0.0795,0.061,0.1186,0.0536,0.275,0.0207,0.0182,0.536,0.001,0.0022,1.337,68904,13461,0.119,34285,3792,0.067,0.1911,0.0782,0.249,0.0496,0.0368,0.45,0.662,0.0591,0.054,0.3717,0.0676,0.111,4828,376,0.047,0.0551,0.0352,0.388,1950,4,0.001,0.565,0.0719,0.077,0.163,0.0506,0.189,0.063,0.0362,0.35,0.0934,0.0769,0.501,0.4204,0.0763,0.11,1918,387,0.123,2644,430,0.099,0.3878,0.0834,0.131,860,186,0.131,148400,13427,0.055,0.4677,0.1883,0.245,0.231,0.1111,0.292,0.222,0.0755,0.207,0.6353,0.0387,0.037,0.091,0.0429,0.287,0.0181,0.0165,0.553,0.0,0.0036,,0.1926,0.0601,0.19,0.1833,0.0837,0.278
4200308624,2024,4686,39,0.005,2503,135,0.033,43.1,3.0,0.042,0.1684,0.0389,0.14,0.229,0.0451,0.12,0.8726,0.0494,0.034,0.0457,0.0262,0.349,0.0,0.0026,,0.0092,0.0092,0.608,59981,12857,0.13,41218,4056,0.06,0.1162,0.0375,0.196,0.0751,0.0425,0.344,0.6394,0.0482,0.046,0.3271,0.0515,0.096,2782,164,0.036,0.1003,0.0464,0.281,1953,3,0.001,0.6697,0.0643,0.058,0.1082,0.0425,0.239,0.0971,0.0328,0.205,0.092,0.045,0.297,0.4003,0.0661,0.1,1002,174,0.106,1501,175,0.071,0.3543,0.0639,0.11,901,62,0.042,166400,17093,0.062,0.3623,0.1179,0.198,0.1447,0.0747,0.314,0.1526,0.0562,0.224,0.7168,0.0682,0.058,0.0148,0.0113,0.465,0.0258,0.021,0.495,0.0,0.0051,,0.1736,0.0359,0.126,0.1674,0.0708,0.257
4200311336,2024,7978,61,0.005,4217,217,0.031,40.4,3.2,0.048,0.1655,0.0377,0.138,0.2141,0.0402,0.114,0.7966,0.0639,0.049,0.1019,0.0531,0.317,0.0273,0.0162,0.36,0.0218,0.0183,0.51,67656,11221,0.101,44498,4497,0.061,0.1166,0.0476,0.248,0.0355,0.0162,0.277,0.7382,0.0366,0.03,0.3663,0.0439,0.073,4527,259,0.035,0.0685,0.0278,0.247,1952,3,0.001,0.5264,0.0545,0.063,0.1297,0.0316,0.148,0.0433,0.022,0.309,0.1776,0.0417,0.143,0.465,0.0553,0.072,1961,254,0.079,2256,223,0.06,0.4273,0.0585,0.083,890,87,0.059,171500,14747,0.052,0.2932,0.0926,0.192,0.129,0.0626,0.295,0.215,0.0665,0.188,0.6484,0.0658,0.062,0.0466,0.0186,0.243,0.0208,0.0114,0.332,0.0032,0.0049,0.931,0.2148,0.0564,0.16,0.1117,0.0422,0.23
4200311680,2024,8209,35,0.003,3788,257,0.041,40.0,3.0,0.046,0.1398,0.0317,0.138,0.1785,0.0343,0.117,0.8642,0.0328,0.023,0.0296,0.021,0.43,0.0298,0.0262,0.533,0.042,0.0277,0.4,64071,8312,0.079,40735,2961,0.044,0.1049,0.045,0.261,0.0036,0.0058,0.979,0.6953,0.0387,0.034,0.3705,0.0594,0.097,4087,278,0.041,0.0732,0.0359,0.298,1955,2,0.001,0.5647,0.0398,0.043,0.1275,0.044,0.21,0.1003,0.0442,0.268,0.136,0.0467,0.209,0.4089,0.0642,0.095,1549,265,0.104,2239,165,0.045,0.3148,0.0553,0.107,1126,117,0.063,190300,12532,0.04,0.3577,0.1274,0.217,0.1846,0.0826,0.272,0.142,0.0585,0.25,0.6529,0.0706,0.066,0.1307,0.0454,0.211,0.0197,0.018,0.556,0.0,0.0034,,0.1232,0.0329,0.162,0.1365,0.0601,0.268
4200312496,2024,768,186,0.147,394,110,0.17,39.5,6.2,0.095,0.2135,0.0638,0.182,0.1667,0.0229,0.083,0.6875,0.089,0.079,0.2161,0.1221,0.343,0.0221,0.0255,0.7,0.0052,0.0103,1.207,59120,3921,0.04,34939,5169,0.09,0.0703,0.0501,0.433,0.0557,0.0508,0.554,0.683,0.1218,0.108,0.1823,0.0613,0.204,461,112,0.148,0.1453,0.0933,0.39,1956,3,0.001,0.7657,0.1276,0.101,0.2234,0.0652,0.177,0.0,0.0368,,0.0,0.0368,,0.4924,0.2012,0.248,194,96,0.301,200,61,0.185,0.3646,0.1273,0.212,799,128,0.097,120000,14817,0.075,0.4072,0.1192,0.178,0.1856,0.1432,0.469,0.18,0.1245,0.421,0.7518,0.1464,0.118,0.0442,0.0343,0.472,0.0098,0.0144,0.893,0.0,0.0295,,0.0958,0.0569,0.361,0.0533,0.0517,0.59
4200313392,2024,1661,220,0.081,780,83,0.065,46.9,4.8,0.062,0.1541,0.0354,0.14,0.2938,0.0363,0.075,0.9127,0.1572,0.105,0.0018,0.0024,0.807,0.0,0.0072,,0.0259,0.0257,0.603,75000,10482,0.085,40721,4626,0.069,0.068,0.0327,0.292,0.0891,0.0491,0.335,0.6411,0.0913,0.087,0.4227,0.0488,0.07,879,85,0.059,0.1126,0.0685,0.37,1955,2,0.001,0.8726,0.0235,0.016,0.0319,0.0217,0.413,0.0148,0.0265,1.089,0.0,0.0193,,0.2,0.0726,0.221,156,59,0.23,624,62,0.06,0.2024,0.1054,0.316,1148,161,0.085,196200,19354,0.06,0.2564,0.1707,0.405,0.1026,0.1018,0.604,0.117,0.061,0.317,0.7301,0.0353,0.029,0.0177,0.0212,0.728,0.0,0.0151,,0.0,0.0151,,0.1828,0.0592,0.197,0.0231,0.0188,0.494
4200313608,2024,3087,16,0.003,1357,148,0.066,46.4,15.0,0.197,0.2057,0.0692,0.204,0.2834,0.0541,0.116,0.7217,0.0754,0.063,0.126,0.0321,0.155,0.0298,0.0282,0.575,0.0528,0.035,0.403,106964,15200,0.086,62479,10076,0.098,0.0188,0.0132,0.428,0.0155,0.0143,0.559,0.67,0.0797,0.072,0.6109,0.1016,0.101,1376,149,0.066,0.0138,0.0159,0.701,1959,4,0.001,0.9746,0.035,0.022,0.0073,0.0139,1.166,0.0058,0.0128,1.343,0.0058,0.0134,1.4,0.0133,0.0154,0.706,18,21,0.709,1339,150,0.068,0.0172,0.0214,0.757,,,,234800,13845,0.036,0.0,1.3333,,0.0,0.6667,,0.1643,0.0722,0.267,0.5009,0.1326,0.161,0.0185,0.0178,0.586,0.0,0.0074,,0.0,0.0074,,0.4597,0.1052,0.139,0.0111,0.0159,0.874
4200313704,2024,6044,22,0.002,2715,253,0.057,41.5,6.9,0.101,0.247,0.0516,0.127,0.2442,0.0471,0.117,0.4533,0.0665,0.089,0.4393,0.0842,0.117,0.0,0.0028,,0.0395,0.0218,0.336,36538,6080,0.101,26112,4025,0.094,0.3304,0.097,0.179,0.0822,0.0294,0.217,0.5242,0.0608,0.071,0.2124,0.0547,0.157,3592,305,0.052,0.2442,0.0407,0.101,1943,4,0.001,0.5941,0.0627,0.064,0.1183,0.0422,0.217,0.0573,0.0263,0.279,0.0468,0.0388,0.504,0.3893,0.0774,0.121,1057,232,0.133,1658,240,0.088,0.4247,0.0926,0.132,1009,248,0.149,66500,5784,0.053,0.6774,0.1972,0.177,0.4428,0.2042,0.28,0.2201,0.0709,0.196,0.6923,0.0526,0.046,0.0567,0.032,0.343,0.0018,0.0031,1.06,0.0,0.0076,,0.163,0.0693,0.258,0.1989,0.0835,0.255
4200315216,2024,8972,38,0.003,3928,215,0.033,49.7,3.4,0.042,0.176,0.0323,0.112,0.2731,0.0402,0.089,0.8825,0.0363,0.025,0.0343,0.025,0.442,0.0321,0.0172,0.325,0.0145,0.012,0.505,101824,13887,0.083,64696,6589,0.062,0.0309,0.0146,0.287,0.0214,0.0126,0.358,0.6364,0.0354,0.034,0.4886,0.0517,0.064,4115,246,0.036,0.0454,0.032,0.428,1998,6,0.002,0.6277,0.0582,0.056,0.0034,0.0073,1.312,0.0564,0.0243,0.262,0.0165,0.0113,0.416,0.181,0.0492,0.165,711,197,0.168,3217,242,0.046,0.1508,0.0417,0.168,1854,292,0.096,342900,22036,0.039,0.5007,0.1314,0.16,0.1941,0.0891,0.279,0.2313,0.0653,0.172,0.6748,0.0695,0.063,0.01,0.0089,0.542,0.0,0.0036,,0.0,0.0036,,0.2479,0.05,0.123,0.0262,0.0248,0.574
4200316144,2024,5417,45,0.005,2589,250,0.059,43.3,3.3,0.046,0.1493,0.045,0.183,0.2559,0.0453,0.108,0.7122,0.0799,0.068,0.1621,0.0779,0.292,0.0048,0.0054,0.678,0.0515,0.0268,0.316,63828,4381,0.042,38197,4015,0.064,0.1148,0.0499,0.264,0.0454,0.0286,0.383,0.6286,0.0628,0.061,0.321,0.0702,0.133,2930,255,0.053,0.1164,0.0523,0.273,1938,,,0.6345,0.0499,0.048,0.1143,0.045,0.239,0.0536,0.0307,0.348,0.156,0.0499,0.195,0.445,0.0619,0.085,1152,195,0.103,1437,219,0.093,0.3713,0.0931,0.152,902,75,0.051,169700,23064,0.083,0.3976,0.0935,0.143,0.2344,0.0693,0.18,0.2443,0.0921,0.229,0.6319,0.0381,0.037,0.0208,0.0139,0.405,0.0317,0.0287,0.549,0.0,0.006,,0.1827,0.0717,0.239,0.1418,0.0518,0.222
4200316848,2024,5961,22,0.002,3019,170,0.034,43.3,4.5,0.063,0.1746,0.0401,0.139,0.1993,0.0411,0.125,0.7906,0.0578,0.044,0.1017,0.0555,0.332,0.0292,0.031,0.646,0.0468,0.0248,0.322,64006,17005,0.162,46399,6261,0.082,0.0962,0.0348,0.22,0.0744,0.0341,0.278,0.6964,0.0627,0.055,0.3753,0.0698,0.113,3308,211,0.039,0.0874,0.0383,0.266,1938,,,0.4689,0.0543,0.07,0.2645,0.0577,0.133,0.1103,0.0446,0.246,0.0777,0.0346,0.271,0.4439,0.0674,0.092,1340,217,0.098,1679,199,0.072,0.3433,0.054,0.096,1019,78,0.047,201000,14897,0.045,0.5672,0.0994,0.107,0.3142,0.0782,0.151,0.1191,0.046,0.235,0.6896,0.1076,0.095,0.0594,0.037,0.378,0.0097,0.0109,0.683,0.0,0.0053,,0.2031,0.0479,0.143,0.1471,0.0446,0.184
4200317048,2024,2141,295,0.084,975,128,0.08,53.7,6.1,0.069,0.1719,0.0387,0.137,0.2485,0.0404,0.099,0.8655,0.0477,0.034,0.0,0.0056,,0.028,0.0192,0.417,0.0514,0.0353,0.417,81992,8340,0.062,45843,5122,0.068,0.0481,0.0335,0.423,0.0663,0.0435,0.399,0.6351,0.0593,0.057,0.3109,0.071,0.139,1144,119,0.063,0.1477,0.0492,0.203,1963,4,0.001,0.9073,0.0515,0.035,0.0271,0.016,0.359,0.0044,0.0126,1.752,0.0,0.0148,,0.1241,0.0678,0.332,121,68,0.342,854,117,0.083,0.1133,0.0704,0.378,1215,204,0.102,195600,19272,0.06,0.4545,0.3384,0.453,0.2397,0.2082,0.528,0.2201,0.0902,0.249,0.688,0.062,0.055,0.0048,0.0076,0.968,0.0496,0.0587,0.719,0.0,0.0115,,0.2061,0.0554,0.163,0.0349,0.03,0.522
4200319576,2024,8063,29,0.002,4113,230,0.034,38.6,2.4,0.038,0.1558,0.0299,0.117,0.156,0.0269,0.105,0.8647,0.0342,0.024,0.0562,0.0268,0.29,0.003,0.0026,0.532,0.0402,0.0231,0.349,80526,3351,0.025,47888,3149,0.04,0.0795,0.033,0.252,0.0601,0.0306,0.309,0.7901,0.0283,0.022,0.5093,0.0505,0.06,4451,256,0.035,0.0759,0.0284,0.228,1938,,,0.5819,0.037,0.039,0.1964,0.0356,0.11,0.1218,0.0399,0.199,0.0148,0.011,0.45,0.3851,0.0511,0.081,1584,228,0.088,2529,184,0.044,0.2936,0.0396,0.082,1106,61,0.034,221800,11681,0.032,0.4754,0.1315,0.168,0.214,0.0975,0.277,0.17,0.0594,0.212,0.5236,0.0498,0.058,0.1029,0.0302,0.178,0.0397,0.0138,0.212,0.0,0.0033,,0.263,0.0374,0.087,0.1002,0.0313,0.19
4200319856,2024,1643,244,0.09,871,133,0.093,47.0,4.5,0.058,0.0949,0.0344,0.22,0.2532,0.0636,0.153,0.927,0.1933,0.127,0.0621,0.0583,0.571,0.0,0.0073,,0.0067,0.0103,0.935,51715,9374,0.11,35228,5154,0.089,0.1234,0.1044,0.515,0.0443,0.0271,0.372,0.6204,0.0316,0.031,0.1603,0.0556,0.211,983,124,0.077,0.1139,0.0614,0.328,1948,3,0.001,0.589,0.1008,0.104,0.1333,0.0908,0.414,0.1658,0.0479,0.176,0.0071,0.0165,1.412,0.4501,0.1415,0.191,392,137,0.212,479,59,0.075,0.3914,0.1274,0.198,634,95,0.091,93500,6187,0.04,0.3163,0.1832,0.352,0.2168,0.1895,0.531,0.1795,0.0915,0.31,0.5803,0.0149,0.016,0.1179,0.0843,0.434,0.0289,0.0331,0.697,0.0,0.0139,,0.1572,0.0932,0.36,0.1332,0.0893,0.408
4200320432,2024,5149,21,0.002,2221,265,0.073,38.6,4.6,0.072,0.2226,0.0548,0.15,0.1699,0.0377,0.135,0.3933,0.0858,0.133,0.4519,0.0845,0.114,0.0,0.0033,,0.0295,0.0359,0.74,44180,5758,0.079,25741,4164,0.098,0.2288,0.0676,0.18,0.0911,0.0341,0.227,0.5966,0.0484,0.049,0.1123,0.0393,0.213,3067,265,0.053,0.2758,0.0471,0.104,1946,4,0.001,0.625,0.0589,0.057,0.0701,0.0348,0.302,0.1523,0.0613,0.245,0.047,0.0277,0.359,0.5308,0.0388,0.044,1179,165,0.085,1042,209,0.122,0.5606,0.0795,0.086,739,92,0.076,63800,4840,0.046,0.419,0.1396,0.203,0.2426,0.104,0.261,0.0873,0.0703,0.489,0.3685,0.0868,0.143,0.2154,0.0855,0.241,0.0723,0.0777,0.653,0.0,0.0076,,0.2087,0.1508,0.439,0.4102,0.0743,0.11
4200321024,2024,1389,148,0.065,639,83,0.079,47.1,2.6,0.034,0.2088,0.0318,0.092,0.1836,0.0423,0.14,0.923,0.041,0.027,0.0266,0.0214,0.489,0.0079,0.0064,0.493,0.0166,0.015,0.551,65625,12750,0.118,42176,8452,0.122,0.1284,0.0561,0.266,0.0476,0.0257,0.328,0.6687,0.0437,0.04,0.2708,0.1053,0.236,776,81,0.063,0.1765,0.0617,0.213,1954,4,0.001,0.6456,0.0693,0.065,0.1624,0.059,0.221,0.0064,0.0173,1.63,0.0322,0.0403,0.761,0.2817,0.0656,0.142,180,48,0.162,459,83,0.11,0.288,0.0661,0.14,840,149,0.108,106900,6801,0.039,0.4389,0.182,0.252,0.2722,0.0983,0.22,0.1242,0.0482,0.236,0.7795,0.0678,0.053,0.0309,0.022,0.433,0.0126,0.0125,0.602,0.007,0.0098,0.847,0.0787,0.0406,0.314,0.0454,0.0252,0.338
4200321444,2024,2002,236,0.072,1033,100,0.059,47.7,2.8,0.036,0.1049,0.0356,0.207,0.2582,0.0525,0.124,0.7767,0.0997,0.078,0.1583,0.0705,0.271,0.002,0.003,0.909,0.0055,0.0085,0.937,65907,9917,0.091,41119,6638,0.098,0.0949,0.0392,0.251,0.0795,0.0524,0.4,0.6179,0.0671,0.066,0.2193,0.0664,0.184,1137,91,0.049,0.0915,0.0416,0.276,1955,3,0.001,0.6236,0.0659,0.064,0.0985,0.0573,0.354,0.1117,0.0488,0.266,0.0387,0.0299,0.47,0.3417,0.0668,0.119,353,77,0.133,680,105,0.094,0.2662,0.0551,0.126,780,26,0.02,101100,13759,0.083,0.3513,0.1223,0.212,0.2295,0.0985,0.261,0.1338,0.0678,0.308,0.6089,0.0857,0.086,0.0559,0.0493,0.536,0.0,0.0116,,0.0,0.0116,,0.2351,0.0669,0.173,0.1239,0.0603,0.296
4200321712,2024,2121,443,0.127,806,116,0.087,32.3,7.6,0.143,0.3781,0.0983,0.158,0.0957,0.029,0.184,0.2254,0.0806,0.217,0.7303,0.1052,0.088,0.0,0.0057,,0.0,0.0057,,38561,13344,0.21,18670,3598,0.117,0.4537,0.1413,0.189,0.0285,0.0303,0.646,0.4662,0.1086,0.142,0.1978,0.0866,0.266,1005,100,0.06,0.198,0.0709,0.218,1944,5,0.002,0.4328,0.1114,0.156,0.2428,0.101,0.253,0.1015,0.0571,0.342,0.0597,0.0362,0.369,0.5868,0.1588,0.165,473,145,0.186,333,138,0.252,0.5021,0.1857,0.225,821,246,0.182,59600,30537,0.311,0.3573,0.1905,0.324,0.2622,0.1771,0.411,0.4745,0.2044,0.262,0.6286,0.2081,0.201,0.0746,0.0596,0.486,0.0365,0.0427,0.71,0.0,0.0183,,0.1689,0.084,0.302,0.3561,0.1136,0.194
4200322520,2024,3077,24,0.005,1504,91,0.037,36.9,3.5,0.058,0.1683,0.0376,0.136,0.1534,0.0272,0.108,0.8274,0.0506,0.037,0.0767,0.0406,0.322,0.0292,0.0208,0.432,0.0257,0.0162,0.385,103203,9488,0.056,64373,6517,0.062,0.0533,0.0278,0.317,0.0443,0.0191,0.262,0.8137,0.0341,0.025,0.7511,0.064,0.052,1618,101,0.038,0.0705,0.0424,0.366,1938,,,0.6372,0.0655,0.062,0.1378,0.075,0.331,0.1564,0.0438,0.17,0.0136,0.0141,0.63,0.3757,0.0793,0.128,565,124,0.133,939,113,0.073,0.2922,0.0763,0.159,1150,105,0.056,327400,17466,0.032,0.3257,0.0864,0.161,0.115,0.0604,0.319,0.1704,0.0658,0.235,0.5377,0.047,0.053,0.0903,0.0296,0.199,0.0139,0.0124,0.541,0.0035,0.005,0.867,0.3284,0.0504,0.093,0.0545,0.023,0.256
4200322576,2024,1587,132,0.051,597,62,0.063,44.0,1.7,0.023,0.2659,0.0324,0.074,0.2136,0.0355,0.101,0.92,0.0357,0.024,0.0057,0.0069,0.741,0.0076,0.0082,0.657,0.0403,0.0256,0.386,202813,62253,0.187,122182,14527,0.072,0.0296,0.0151,0.309,0.0392,0.024,0.373,0.6151,0.0264,0.026,0.8119,0.0441,0.033,653,63,0.059,0.0858,0.0483,0.342,1943,5,0.002,0.9541,0.0337,0.021,0.0184,0.0229,0.758,0.0,0.026,,0.0138,0.0239,1.053,0.1039,0.0456,0.267,62,28,0.275,535,62,0.07,0.0683,0.0285,0.254,1438,650,0.275,820100,63621,0.047,0.0806,0.3519,2.652,0.0806,0.1069,0.806,0.1907,0.061,0.195,0.6243,0.0524,0.051,0.0057,0.0071,0.757,0.02,0.0127,0.385,0.0214,0.0242,0.686,0.3043,0.0589,0.118,0.0168,0.0134,0.486
4200322992,2024,1371,242,0.107,577,58,0.061,38.5,4.4,0.069,0.1911,0.0404,0.128,0.1648,0.0279,0.103,0.8249,0.1808,0.133,0.0467,0.0295,0.384,0.0022,0.0029,0.803,0.0759,0.065,0.521,51174,6192,0.074,31991,5054,0.096,0.1298,0.0358,0.168,0.0395,0.0227,0.349,0.6696,0.1665,0.151,0.2481,0.0658,0.161,652,60,0.056,0.115,0.0682,0.36,1938,,,0.6488,0.0639,0.06,0.1442,0.0575,0.243,0.0675,0.0349,0.314,0.0844,0.0621,0.448,0.3969,0.0808,0.124,229,52,0.138,348,45,0.079,0.2465,0.0452,0.111,758,44,0.035,108300,11707,0.066,0.179,0.0837,0.284,0.1397,0.0573,0.249,0.2184,0.0694,0.193,0.708,0.076,0.065,0.0741,0.0499,0.41,0.0228,0.0167,0.446,0.0,0.0171,,0.0855,0.036,0.256,0.1525,0.0665,0.265
4200323000,2024,12690,53,0.003,5253,289,0.033,48.2,4.4,0.055,0.1892,0.0324,0.104,0.2295,0.0312,0.083,0.9186,0.0407,0.027,0.0262,0.0272,0.63,0.0284,0.0271,0.581,0.0054,0.0069,0.787,80589,12884,0.097,43327,4116,0.058,0.0565,0.0227,0.245,0.0309,0.0162,0.319,0.5798,0.0325,0.034,0.3038,0.0395,0.079,5769,328,0.035,0.0894,0.0299,0.203,1961,3,0.001,0.8797,0.0404,0.028,0.0085,0.0066,0.473,0.0418,0.0236,0.343,0.0026,0.0052,1.209,0.1144,0.0323,0.172,601,173,0.175,4652,314,0.041,0.1007,0.0384,0.232,1070,58,0.033,167000,6986,0.025,0.4842,0.2324,0.292,0.1165,0.1185,0.618,0.1763,0.0532,0.184,0.8065,0.0497,0.037,0.0,0.0033,,0.0124,0.0164,0.804,0.0,0.0033,,0.1227,0.0375,0.186,0.0432,0.0332,0.467
4200323616,2024,2465,324,0.08,1112,106,0.058,41.5,5.3,0.078,0.2105,0.049,0.142,0.1688,0.0336,0.121,0.7858,0.078,0.06,0.0531,0.0342,0.391,0.002,0.004,1.213,0.1108,0.0695,0.381,64816,6692,0.063,35620,3588,0.061,0.1143,0.0584,0.31,0.032,0.0176,0.335,0.6034,0.0284,0.029,0.4164,0.0689,0.101,1176,94,0.049,0.0544,0.0389,0.434,1950,7,0.002,0.6429,0.0645,0.061,0.0748,0.0483,0.392,0.1675,0.0507,0.184,0.0782,0.0435,0.338,0.3579,0.0507,0.086,398,68,0.104,714,98,0.083,0.3265,0.071,0.132,1101,75,0.041,184200,24802,0.082,0.6131,0.1955,0.194,0.2161,0.1227,0.345,0.2255,0.0875,0.236,0.7466,0.0508,0.041,0.0111,0.0118,0.65,0.0043,0.0059,0.848,0.0,0.0102,,0.199,0.0644,0.197,0.0665,0.0356,0.325
4200324160,2024,3364,20,0.004,1628,168,0.063,42.6,4.3,0.061,0.1587,0.0498,0.191,0.1998,0.0576,0.175,0.8918,0.047,0.032,0.0181,0.03,1.007,0.0048,0.0077,0.988,0.0342,0.0226,0.402,53654,15089,0.171,33091,4722,0.087,0.1784,0.082,0.28,0.0853,0.0526,0.375,0.6287,0.0575,0.056,0.2624,0.0657,0.152,1754,185,0.064,0.0718,0.0536,0.454,1942,7,0.002,0.6477,0.0495,0.046,0.1904,0.0727,0.232,0.0804,0.0597,0.451,0.0365,0.036,0.6,0.5227,0.0887,0.103,851,169,0.121,777,147,0.115,0.4628,0.0851,0.112,931,69,0.045,135800,34615,0.155,0.4959,0.1759,0.216,0.2597,0.1525,0.357,0.1441,0.0767,0.324,0.6867,0.0797,0.071,0.0532,0.0317,0.363,0.05,0.0427,0.519,0.0,0.0076,,0.1418,0.0513,0.22,0.1818,0.0753,0.252
4200325400,2024,2197,309,0.085,928,113,0.074,45.0,3.1,0.042,0.2089,0.0506,0.147,0.2412,0.029,0.073,0.9404,0.0301,0.019,0.0,0.0055,,0.0168,0.0208,0.751,0.0,0.0055,,87674,16672,0.116,49123,9818,0.121,0.1088,0.0662,0.37,0.0695,0.0634,0.554,0.6429,0.0743,0.07,0.3325,0.0833,0.152,1017,104,0.062,0.0875,0.0453,0.315,1963,7,0.002,0.8987,0.0321,0.022,0.0138,0.0237,1.048,0.0,0.0167,,0.0,0.0167,,0.0981,0.0514,0.319,91,49,0.327,837,102,0.074,0.0815,0.0455,0.339,982,515,0.319,221200,17928,0.049,0.2747,0.3631,0.803,0.2747,0.2823,0.625,0.1804,0.0913,0.308,0.7535,0.0839,0.068,0.0,0.0112,,0.0065,0.0084,0.777,0.0,0.0112,,0.1709,0.0786,0.279,0.0248,0.0231,0.567
4200325904,2024,6698,24,0.002,2850,290,0.062,41.6,4.8,0.07,0.1948,0.0457,0.142,0.1627,0.0394,0.147,0.8606,0.0955,0.067,0.0133,0.0167,0.765,0.0782,0.1017,0.79,0.0205,0.0206,0.612,110625,18022,0.099,51449,4866,0.057,0.0211,0.0135,0.389,0.0382,0.0437,0.697,0.6792,0.058,0.052,0.375,0.0761,0.123,2950,289,0.06,0.0339,0.0361,0.648,1984,6,0.002,0.7641,0.0752,0.06,0.0556,0.0331,0.362,0.0173,0.0178,0.627,0.0,0.0081,,0.2014,0.0722,0.218,574,214,0.227,2276,332,0.089,0.1701,0.0771,0.276,1007,421,0.254,257800,41915,0.099,0.4233,0.215,0.309,0.216,0.1222,0.344,0.1059,0.0482,0.277,0.7609,0.0951,0.076,0.0168,0.0188,0.679,0.0,0.0049,,0.0006,0.0017,1.823,0.1106,0.048,0.264,0.0053,0.0103,1.19
4200326592,2024,6286,25,0.002,3112,179,0.035,43.8,4.6,0.064,0.1529,0.0361,0.144,0.2326,0.0397,0.104,0.7695,0.0507,0.04,0.1236,0.0256,0.126,0.0065,0.0083,0.771,0.0482,0.0262,0.331,89688,6272,0.043,58488,9379,0.097,0.0432,0.0189,0.266,0.0752,0.0404,0.327,0.7159,0.037,0.031,0.5735,0.0655,0.069,3436,176,0.031,0.0943,0.0334,0.215,1949,4,0.001,0.7512,0.0338,0.027,0.0815,0.0337,0.252,0.0146,0.014,0.586,0.0681,0.0496,0.443,0.2474,0.0633,0.156,770,202,0.159,2342,134,0.035,0.1734,0.0429,0.151,1068,89,0.051,200700,15776,0.048,0.3909,0.2297,0.357,0.0818,0.0654,0.486,0.1503,0.0488,0.197,0.5606,0.0398,0.043,0.0638,0.029,0.276,0.0074,0.0091,0.746,0.0,0.0049,,0.2812,0.0578,0.125,0.0701,0.0309,0.268
4200326896,2024,3009,37,0.007,1368,109,0.048,51.9,3.7,0.043,0.1087,0.038,0.213,0.2722,0.0622,0.139,0.8857,0.0608,0.042,0.0007,0.0013,1.216,0.0,0.004,,0.0648,0.0532,0.499,67171,16918,0.153,40100,8964,0.136,0.0871,0.0513,0.358,0.0303,0.0295,0.591,0.4994,0.0369,0.045,0.144,0.0555,0.234,1440,108,0.046,0.05,0.0464,0.564,1949,7,0.002,0.8458,0.069,0.05,0.0194,0.0161,0.505,0.0,0.0118,,0.0,0.0118,,0.152,0.0676,0.27,208,94,0.275,1160,130,0.068,0.1719,0.0813,0.287,1120,57,0.031,166000,15513,0.057,0.1587,0.1498,0.574,0.024,0.0369,0.933,0.1741,0.0929,0.324,0.7931,0.1125,0.086,0.0,0.0092,,0.0,0.0092,,0.0,0.0092,,0.0674,0.0418,0.377,0.0387,0.034,0.533
4200327120,2024,5246,24,0.003,1725,130,0.046,43.5,3.0,0.042,0.2848,0.0452,0.096,0.1843,0.0344,0.113,0.8709,0.0375,0.026,0.0044,0.0067,0.925,0.0499,0.0213,0.26,0.036,0.0231,0.389,243625,39371,0.098,127023,15783,0.076,0.0322,0.0237,0.447,0.0562,0.0242,0.261,0.6029,0.0365,0.037,0.8589,0.0767,0.054,1804,149,0.05,0.0438,0.0409,0.567,1969,4,0.001,0.9174,0.0329,0.022,0.0493,0.0462,0.57,0.0127,0.0215,1.027,0.0,0.0133,,0.0893,0.0476,0.324,154,83,0.328,1571,143,0.055,0.0807,0.0511,0.385,,,,900600,79391,0.054,0.0,0.2208,,0.0,0.1104,,0.24,0.0615,0.156,0.7105,0.0737,0.063,0.0,0.0075,,0.0191,0.015,0.478,0.0173,0.0199,0.7,0.2154,0.0544,0.154,0.0325,0.0267,0.5
4200327552,2024,15235,29,0.001,5399,263,0.03,41.3,1.3,0.019,0.2681,0.0287,0.065,0.1502,0.0208,0.084,0.7905,0.0355,0.027,0.0165,0.0211,0.78,0.1359,0.0303,0.135,0.0272,0.015,0.334,176875,20955,0.072,81684,6955,0.052,0.0066,0.0032,0.291,0.0448,0.0337,0.457,0.7306,0.0232,0.019,0.7713,0.0544,0.043,5661,267,0.029,0.0463,0.0289,0.379,1986,2,0.001,0.8161,0.0288,0.021,0.009,0.0113,0.76,0.0129,0.0086,0.406,0.0034,0.004,0.725,0.0852,0.029,0.207,460,158,0.209,4939,319,0.039,0.0765,0.0284,0.226,2330,474,0.124,485600,22439,0.028,0.4261,0.2728,0.389,0.1978,0.1624,0.499,0.0968,0.0292,0.183,0.6837,0.0398,0.035,0.0064,0.0066,0.631,0.0022,0.0026,0.709,0.0,0.0023,,0.2289,0.0355,0.094,0.0261,0.03,0.698
4200327608,2024,1040,149,0.087,475,65,0.083,54.0,4.5,0.051,0.1462,0.0312,0.13,0.2538,0.0382,0.092,0.9673,0.0433,0.027,0.0,0.0115,,0.0087,0.0066,0.465,0.0067,0.0115,1.038,77625,19501,0.153,44089,7696,0.106,0.0808,0.0342,0.257,0.0209,0.0151,0.439,0.6291,0.0827,0.08,0.2338,0.0329,0.086,523,60,0.07,0.0918,0.0525,0.348,1955,2,0.001,0.8738,0.0702,0.049,0.0306,0.0381,0.757,0.0,0.0324,,0.0,0.0324,,0.1389,0.095,0.415,66,46,0.424,409,57,0.085,0.125,0.1003,0.488,918,394,0.261,186300,27200,0.089,0.0,0.3636,,0.0,0.1818,,0.2176,0.0612,0.171,0.7148,0.0508,0.043,0.0107,0.0141,0.801,0.0071,0.0088,0.75,0.0,0.0214,,0.148,0.0645,0.265,0.0653,0.0442,0.411
4200329432,2024,4368,21,0.003,1829,233,0.077,38.4,3.2,0.051,0.2228,0.0514,0.14,0.1786,0.0361,0.123,0.8727,0.0481,0.034,0.0387,0.0291,0.457,0.005,0.008,0.967,0.0462,0.0334,0.439,47803,8729,0.111,25134,3220,0.078,0.1594,0.0674,0.257,0.1499,0.0662,0.268,0.6508,0.0417,0.039,0.1111,0.0459,0.251,2067,248,0.073,0.1151,0.0584,0.308,1947,5,0.002,0.7896,0.0629,0.048,0.0856,0.0398,0.282,0.0295,0.0236,0.485,0.0305,0.0171,0.341,0.3636,0.0899,0.15,665,185,0.169,1164,164,0.086,0.3277,0.0793,0.147,849,113,0.081,82700,10294,0.076,0.3278,0.1566,0.29,0.1639,0.1512,0.561,0.2285,0.0941,0.25,0.6665,0.1422,0.13,0.0408,0.0442,0.658,0.0403,0.0368,0.555,0.0,0.0063,,0.067,0.0361,0.328,0.0842,0.0472,0.34
4200329592,2024,199,46,0.141,86,23,0.163,39.6,10.2,0.157,0.1809,0.0811,0.273,0.196,0.1008,0.313,0.8995,0.0752,0.051,0.0,0.0603,,0.0,0.0603,,0.0302,0.0548,1.106,98750,35435,0.218,52200,12319,0.143,0.0251,0.0244,0.591,0.1154,0.084,0.443,0.7927,0.1659,0.127,0.3507,0.1686,0.292,100,25,0.152,0.14,0.1356,0.589,1945,11,0.003,0.87,0.0748,0.052,0.05,0.1384,1.682,0.0,0.1697,,0.0,0.1697,,0.1628,0.1448,0.541,14,13,0.564,72,21,0.177,0.1457,0.1262,0.527,1188,336,0.172,165400,19560,0.072,0.4286,1.5987,2.268,0.0,0.8571,,0.1667,0.3036,1.107,0.6522,0.1159,0.108,0.0,0.1043,,0.0087,0.0259,1.814,0.0,0.1043,,0.1478,0.0935,0.385,0.0,0.1973,
4200329732,2024,585,109,0.113,196,31,0.096,41.1,6.9,0.102,0.2821,0.05,0.108,0.1761,0.0224,0.077,0.8444,0.2225,0.16,0.0957,0.1166,0.74,0.0103,0.0101,0.597,0.0068,0.0102,0.905,136000,51500,0.23,77886,11786,0.092,0.0243,0.0242,0.604,0.0504,0.0493,0.595,0.659,0.092,0.085,0.7302,0.0799,0.067,208,32,0.094,0.0577,0.0667,0.703,1941,9,0.003,0.9615,0.2066,0.131,0.0192,0.0644,2.037,0.0096,0.0594,3.759,0.0,0.0816,,0.0408,0.0351,0.523,8,7,0.532,188,32,0.103,0.0248,0.0208,0.509,,,,581700,76676,0.08,0.0,3.0,,0.0,1.5,,0.2181,0.1203,0.335,0.4498,0.0794,0.107,0.0074,0.0111,0.904,0.0595,0.0392,0.4,0.0149,0.0184,0.75,0.4089,0.1069,0.159,0.0816,0.0972,0.723
4200331256,2024,4833,17,0.002,2432,169,0.042,42.8,5.6,0.08,0.1504,0.0369,0.149,0.2464,0.0602,0.149,0.8545,0.0564,0.04,0.0269,0.0211,0.477,0.0695,0.0397,0.347,0.0,0.0025,,92422,16920,0.111,52880,5015,0.058,0.0637,0.0352,0.336,0.0032,0.0053,1.012,0.684,0.0568,0.05,0.514,0.0772,0.091,2545,210,0.05,0.0444,0.0383,0.525,1962,4,0.001,0.8141,0.0754,0.056,0.0067,0.0123,1.121,0.042,0.0362,0.523,0.1371,0.0776,0.344,0.2488,0.0762,0.186,605,190,0.191,1827,275,0.092,0.227,0.0855,0.229,1729,273,0.096,251900,15312,0.037,0.2793,0.1525,0.332,0.1223,0.1334,0.663,0.191,0.0786,0.25,0.6767,0.0978,0.088,0.0343,0.0356,0.631,0.0039,0.0074,1.159,0.0,0.0042,,0.2592,0.0705,0.165,0.0761,0.0502,0.401
4200332328,2024,18185,31,0.001,6809,304,0.027,41.6,2.9,0.042,0.245,0.0326,0.081,0.2008,0.0239,0.072,0.9209,0.0254,0.017,0.0026,0.003,0.698,0.0243,0.0138,0.346,0.0225,0.0143,0.386,134156,11258,0.051,66141,5976,0.055,0.0393,0.0187,0.289,0.0259,0.012,0.282,0.692,0.033,0.029,0.6534,0.0599,0.056,7290,329,0.027,0.066,0.0303,0.279,1978,4,0.001,0.7742,0.022,0.017,0.0075,0.0118,0.951,0.0776,0.0258,0.202,0.0427,0.0253,0.361,0.1166,0.0265,0.138,794,184,0.141,6015,284,0.029,0.0808,0.0239,0.18,1379,107,0.047,371100,18497,0.03,0.4861,0.1627,0.203,0.2103,0.1351,0.39,0.1646,0.0506,0.187,0.7264,0.0354,0.03,0.0064,0.0049,0.465,0.0001,0.0005,3.039,0.0,0.002,,0.2124,0.0376,0.108,0.0335,0.0191,0.346
4200332624,2024,3075,25,0.005,1597,115,0.044,59.8,2.7,0.027,0.1233,0.0379,0.187,0.3665,0.0643,0.107,0.9545,0.0231,0.015,0.0241,0.0166,0.419,0.0091,0.0114,0.76,0.0007,0.0013,1.216,65075,9937,0.093,50910,7873,0.094,0.1482,0.065,0.267,0.0265,0.0221,0.507,0.5276,0.0528,0.061,0.4611,0.0851,0.112,1663,126,0.046,0.0397,0.0341,0.523,1965,4,0.001,0.6266,0.0567,0.055,0.0409,0.0213,0.317,0.092,0.0476,0.315,0.0,0.0102,,0.2455,0.0529,0.131,392,89,0.138,1205,128,0.065,0.2058,0.0667,0.197,935,141,0.092,206200,30880,0.091,0.4286,0.1618,0.23,0.3342,0.1532,0.279,0.1942,0.0765,0.24,0.8118,0.0722,0.054,0.0159,0.0252,0.965,0.0303,0.0264,0.531,0.0,0.0087,,0.0995,0.0536,0.327,0.057,0.031,0.331
4200332832,2024,9949,20,0.001,4594,303,0.04,49.9,4.1,0.05,0.1569,0.0333,0.129,0.2358,0.0368,0.095,0.9247,0.03,0.02,0.0328,0.0255,0.474,0.0198,0.0132,0.404,0.0092,0.0126,0.826,66316,7451,0.068,40249,4135,0.062,0.0994,0.0318,0.195,0.0269,0.016,0.363,0.618,0.0492,0.048,0.2804,0.046,0.1,5316,293,0.034,0.1358,0.0396,0.177,1954,3,0.001,0.7831,0.0414,0.032,0.0798,0.0311,0.237,0.0453,0.0239,0.321,0.0288,0.0189,0.399,0.2238,0.0419,0.114,1028,204,0.121,3566,305,0.052,0.1897,0.0468,0.15,873,107,0.075,154400,12228,0.048,0.4358,0.1194,0.167,0.214,0.0897,0.255,0.1377,0.0458,0.202,0.7942,0.0571,0.044,0.003,0.0043,0.89,0.0262,0.0152,0.352,0.0037,0.0067,1.086,0.1245,0.0345,0.169,0.0721,0.0241,0.204
4200333312,2024,99,51,0.313,42,18,0.261,60.8,11.6,0.116,0.0808,0.2491,1.874,0.404,0.2317,0.349,0.8788,0.1736,0.12,0.0,0.1212,,0.0,0.1212,,0.1111,0.1403,0.768,67778,22401,0.201,41404,17274,0.254,0.0101,0.1228,7.389,0.0263,0.0511,1.181,0.4176,0.2995,0.436,0.2584,0.1252,0.294,59,21,0.216,0.2881,0.214,0.451,1938,,,1.0,0.0,0.0,0.0,0.2876,,0.0,0.2876,,0.0,0.2876,,0.0238,0.0465,1.188,1,2,1.216,41,19,0.282,0.0202,0.0285,0.856,,,,163800,51805,0.192,1.0,20.7846,12.635,0.0,12.0,,0.0488,0.7775,9.689,0.5135,0.2068,0.245,0.0,0.3243,,0.0,0.3243,,0.0,0.3243,,0.4865,0.2597,0.324,0.0476,0.2938,3.751
4200333592,2024,1234,130,0.064,675,97,0.087,48.4,5.3,0.067,0.1272,0.026,0.124,0.2196,0.0365,0.101,0.9182,0.0475,0.031,0.0235,0.0193,0.499,0.0065,0.0064,0.605,0.0032,0.0032,0.605,67829,6303,0.056,50688,9127,0.109,0.081,0.036,0.27,0.0656,0.0412,0.382,0.6817,0.0624,0.056,0.2453,0.0547,0.135,761,81,0.065,0.113,0.0444,0.239,1948,7,0.002,0.6991,0.0563,0.049,0.1537,0.0832,0.329,0.0867,0.0444,0.311,0.0158,0.0112,0.431,0.3111,0.0514,0.1,210,46,0.133,465,94,0.123,0.2796,0.0587,0.128,954,54,0.034,150200,19985,0.081,0.219,0.1296,0.36,0.0905,0.0883,0.593,0.1333,0.0601,0.274,0.6594,0.0731,0.067,0.0673,0.0441,0.398,0.019,0.0158,0.505,0.0,0.0175,,0.1374,0.0574,0.254,0.0978,0.0336,0.209
4200335424,2024,2874,17,0.004,1416,257,0.11,49.2,13.7,0.169,0.1942,0.0764,0.239,0.2502,0.0691,0.168,0.3177,0.0852,0.163,0.5463,0.0967,0.108,0.0063,0.0087,0.844,0.0191,0.0261,0.829,39052,7332,0.114,29649,5439,0.112,0.1862,0.0706,0.23,0.0554,0.0537,0.59,0.5667,0.0876,0.094,0.1955,0.0632,0.197,1736,277,0.097,0.1843,0.0763,0.252,1952,12,0.004,0.4124,0.067,0.099,0.2022,0.0796,0.239,0.0714,0.0437,0.372,0.1745,0.0596,0.208,0.6589,0.0828,0.076,933,206,0.134,483,132,0.166,0.5568,0.1241,0.135,929,103,0.067,83900,17344,0.126,0.4587,0.128,0.17,0.1447,0.0738,0.31,0.0952,0.0778,0.497,0.5472,0.0938,0.104,0.1557,0.0678,0.265,0.0149,0.0202,0.823,0.0228,0.0271,0.723,0.1643,0.0652,0.241,0.2373,0.0869,0.223
4200336808,2024,7309,22,0.002,2712,175,0.039,44.6,2.8,0.038,0.2085,0.0305,0.089,0.2047,0.0301,0.089,0.8555,0.0488,0.035,0.0241,0.0245,0.618,0.0564,0.0353,0.381,0.0183,0.0104,0.345,115375,23582,0.124,66865,8759,0.08,0.0469,0.0169,0.218,0.0235,0.0204,0.528,0.6081,0.0372,0.037,0.5725,0.0682,0.072,2915,166,0.035,0.0696,0.032,0.279,1974,10,0.003,0.8683,0.034,0.024,0.0477,0.0371,0.473,0.0041,0.0085,1.254,0.0172,0.0194,0.687,0.1678,0.049,0.177,455,136,0.182,2257,203,0.055,0.1364,0.0493,0.22,1316,105,0.049,379200,26426,0.042,0.3275,0.203,0.377,0.1385,0.1252,0.55,0.1936,0.0525,0.165,0.6864,0.0589,0.052,0.0031,0.0039,0.773,0.0144,0.0115,0.487,0.0,0.0048,,0.1975,0.0608,0.187,0.0365,0.0237,0.395
4200337000,2024,3299,44,0.008,1534,177,0.07,40.2,3.8,0.057,0.2261,0.0707,0.19,0.1704,0.0444,0.159,0.8036,0.0854,0.065,0.1055,0.0682,0.393,0.0136,0.0252,1.121,0.0124,0.0139,0.682,71154,22202,0.19,38349,5406,0.086,0.1345,0.0897,0.406,0.0369,0.0363,0.597,0.76,0.047,0.038,0.2589,0.0778,0.183,1534,177,0.07,0.0,0.0078,,1938,,,0.6721,0.0585,0.053,0.1134,0.0637,0.341,0.0776,0.0528,0.414,0.1037,0.0738,0.433,0.3957,0.1137,0.175,607,188,0.188,927,161,0.106,0.3065,0.1142,0.227,909,152,0.102,156800,14309,0.055,0.4415,0.1936,0.267,0.3114,0.1763,0.344,0.1607,0.0867,0.328,0.7093,0.0882,0.076,0.0396,0.0352,0.54,0.0122,0.0174,0.87,0.0,0.0063,,0.1453,0.0541,0.226,0.1499,0.0667,0.271
4200337955,2024,12317,44,0.002,4576,187,0.025,42.9,1.6,0.023,0.2226,0.0308,0.084,0.2229,0.0334,0.091,0.891,0.0237,0.016,0.0211,0.0118,0.339,0.0415,0.01,0.146,0.0182,0.0093,0.312,116064,13668,0.072,59405,6344,0.065,0.0277,0.01,0.22,0.0567,0.0266,0.285,0.6748,0.0324,0.029,0.4529,0.0568,0.076,4989,241,0.029,0.0828,0.0298,0.219,1980,4,0.001,0.8132,0.0562,0.042,0.0176,0.01,0.344,0.0477,0.0248,0.316,0.0142,0.0096,0.41,0.1569,0.0341,0.132,718,159,0.135,3858,234,0.037,0.1208,0.0366,0.184,1355,93,0.042,315900,27506,0.053,0.4053,0.1261,0.189,0.1894,0.088,0.282,0.1817,0.0552,0.185,0.7275,0.0548,0.046,0.0019,0.0019,0.607,0.0019,0.0022,0.709,0.0,0.003,,0.2025,0.0428,0.128,0.0483,0.029,0.365
4200339312,2024,8549,26,0.002,3722,223,0.036,49.0,4.5,0.056,0.1727,0.0341,0.12,0.2546,0.0378,0.09,0.8922,0.048,0.033,0.0564,0.0453,0.488,0.0092,0.009,0.593,0.0171,0.0132,0.47,87384,7165,0.05,48578,4765,0.06,0.0873,0.041,0.286,0.0212,0.017,0.486,0.6139,0.0584,0.058,0.4355,0.0557,0.078,3867,235,0.037,0.0375,0.0291,0.472,1969,5,0.002,0.7471,0.0384,0.031,0.0243,0.0203,0.509,0.0465,0.0187,0.244,0.0577,0.0298,0.314,0.1913,0.0678,0.216,712,256,0.219,3010,240,0.048,0.1618,0.0632,0.237,1613,250,0.094,247800,13875,0.034,0.3539,0.1163,0.2,0.2275,0.1227,0.328,0.1721,0.058,0.205,0.6615,0.0526,0.048,0.0114,0.0137,0.729,0.0,0.004,,0.0035,0.0061,1.052,0.2818,0.0707,0.153,0.0801,0.0376,0.285
4200339624,2024,704,134,0.116,271,40,0.09,46.6,8.6,0.112,0.2031,0.0447,0.134,0.2472,0.0127,0.031,0.9446,0.058,0.037,0.0,0.017,,0.0057,0.0085,0.904,0.0057,0.0085,0.904,123875,13631,0.067,54464,7877,0.088,0.0227,0.0128,0.341,0.0347,0.0282,0.494,0.5966,0.053,0.054,0.4807,0.0172,0.022,279,40,0.087,0.0287,0.0211,0.448,1953,3,0.001,0.9892,0.021,0.013,0.0036,0.0436,7.395,0.0,0.0608,,0.0072,0.0443,3.759,0.0738,0.0353,0.29,20,10,0.304,251,42,0.102,0.0511,0.0252,0.299,1714,244,0.087,348400,27221,0.047,0.2,0.8718,2.65,0.0,0.6,,0.2629,0.0946,0.219,0.6979,0.0472,0.041,0.006,0.009,0.905,0.0,0.0363,,0.0,0.0363,,0.2356,0.0686,0.177,0.0369,0.0574,0.945
4200342368,2024,1530,266,0.106,651,155,0.145,42.3,8.2,0.118,0.2157,0.0634,0.179,0.1954,0.0109,0.034,0.8797,0.084,0.058,0.0157,0.0094,0.365,0.0118,0.0089,0.461,0.0327,0.016,0.298,93083,41026,0.268,51187,8704,0.103,0.0629,0.023,0.223,0.0382,0.0185,0.294,0.5514,0.1006,0.111,0.3978,0.0796,0.122,672,154,0.139,0.0312,0.0304,0.592,1956,14,0.004,0.8155,0.1961,0.146,0.1696,0.2341,0.839,0.0,0.0253,,0.0,0.0253,,0.232,0.2411,0.632,151,161,0.648,500,46,0.056,0.1784,0.1711,0.583,1106,91,0.05,254700,39946,0.095,0.6954,0.7383,0.645,0.0,0.0795,,0.218,0.0649,0.181,0.7152,0.0615,0.052,0.0,0.0188,,0.0047,0.0062,0.807,0.0,0.0188,,0.2081,0.0426,0.124,0.0445,0.0413,0.563
4200342392,2024,1096,143,0.079,558,67,0.073,44.3,1.7,0.023,0.1989,0.0505,0.154,0.26,0.0438,0.102,0.8066,0.0945,0.071,0.0484,0.0248,0.311,0.0082,0.0063,0.466,0.0374,0.0408,0.662,66346,17925,0.164,41941,5319,0.077,0.0575,0.0218,0.23,0.0478,0.0491,0.625,0.6236,0.0432,0.042,0.3717,0.0576,0.094,629,61,0.059,0.1129,0.0513,0.276,1938,,,0.5548,0.0788,0.086,0.1669,0.0687,0.25,0.0,0.027,,0.1049,0.0466,0.27,0.4301,0.0984,0.139,240,62,0.157,318,50,0.096,0.333,0.1094,0.2,959,216,0.137,156000,23061,0.09,0.2833,0.1036,0.222,0.0542,0.0392,0.44,0.1887,0.1233,0.397,0.7042,0.0825,0.071,0.0573,0.0469,0.498,0.0,0.0229,,0.0,0.0229,,0.1908,0.0664,0.212,0.1326,0.0611,0.28
4200343064,2024,2320,329,0.086,1060,140,0.08,47.6,4.7,0.06,0.2052,0.0576,0.171,0.2172,0.0222,0.062,0.9078,0.0342,0.023,0.0082,0.0111,0.827,0.0,0.0052,,0.0138,0.0197,0.87,73786,12877,0.106,39152,6499,0.101,0.1331,0.0805,0.368,0.0885,0.0884,0.607,0.6526,0.0965,0.09,0.2373,0.0831,0.213,1156,133,0.07,0.083,0.0404,0.296,1954,1,0.0,0.9256,0.0539,0.035,0.051,0.0322,0.383,0.0087,0.0166,1.166,0.0,0.0147,,0.2,0.1236,0.376,212,134,0.384,848,98,0.07,0.1561,0.1064,0.414,813,75,0.056,115600,10175,0.054,0.2123,0.1328,0.38,0.1651,0.1155,0.425,0.0743,0.0441,0.361,0.7801,0.0789,0.062,0.0182,0.018,0.6,0.0,0.0109,,0.0,0.0109,,0.1478,0.0644,0.265,0.0085,0.0093,0.664
4200343408,2024,922,217,0.143,443,82,0.113,54.5,7.8,0.087,0.1258,0.064,0.309,0.2538,0.0779,0.187,0.9371,0.0911,0.059,0.0087,0.0107,0.746,0.0,0.013,,0.0347,0.0304,0.532,73750,14793,0.122,45183,14071,0.189,0.0564,0.0216,0.232,0.0265,0.0188,0.431,0.5545,0.0779,0.085,0.1784,0.0571,0.194,455,84,0.112,0.0264,0.037,0.854,1952,4,0.001,0.9429,0.0248,0.016,0.0066,0.0278,2.561,0.0,0.0373,,0.0,0.0373,,0.158,0.1576,0.606,70,71,0.617,373,38,0.062,0.0965,0.0778,0.49,941,34,0.022,135200,42103,0.189,0.0429,0.2992,4.244,0.0,0.1714,,0.1314,0.0626,0.29,0.8311,0.1257,0.092,0.0183,0.027,0.899,0.0068,0.009,0.796,0.0,0.0274,,0.0502,0.0244,0.295,0.0722,0.0487,0.41
4200345900,2024,29100,25,0.001,12186,388,0.019,42.7,1.9,0.027,0.2021,0.0194,0.058,0.2223,0.0181,0.05,0.8487,0.0224,0.016,0.01,0.0055,0.334,0.0613,0.0181,0.18,0.0453,0.0149,0.2,110858,7973,0.044,62568,4541,0.044,0.0394,0.0103,0.159,0.0307,0.0106,0.21,0.6505,0.0202,0.019,0.62,0.0361,0.035,12874,390,0.018,0.0534,0.0188,0.214,1973,2,0.001,0.6554,0.0245,0.023,0.013,0.0055,0.256,0.1435,0.031,0.131,0.0883,0.0224,0.154,0.2825,0.0341,0.073,3442,430,0.076,8744,376,0.026,0.1995,0.0262,0.08,1326,84,0.039,350100,10785,0.019,0.4335,0.0721,0.101,0.1816,0.0522,0.175,0.1346,0.027,0.122,0.6359,0.0332,0.032,0.0227,0.0102,0.273,0.0134,0.0086,0.391,0.002,0.0027,0.81,0.2599,0.0284,0.066,0.0469,0.0139,0.18
4200346072,2024,437,253,0.352,211,101,0.291,38.9,8.9,0.139,0.0755,0.1021,0.822,0.2265,0.0651,0.175,1.0,0.0,0.0,0.0,0.0275,,0.0,0.0275,,0.0,0.0275,,61607,50435,0.498,46236,19004,0.25,0.135,0.1256,0.566,0.0,0.0469,,0.6337,0.4924,0.472,0.1887,0.1634,0.526,288,110,0.232,0.2674,0.2282,0.519,1938,,,0.8229,0.2463,0.182,0.0625,0.0845,0.822,0.0,0.0589,,0.0382,0.0827,1.316,0.109,0.1064,0.593,23,25,0.661,188,100,0.323,0.0984,0.0858,0.53,1697,340,0.122,98700,57732,0.356,0.6522,0.9983,0.931,0.4783,0.7506,0.954,0.3351,0.339,0.615,0.9336,0.1848,0.12,0.0,0.0469,,0.0195,0.0294,0.914,0.0,0.0469,,0.0195,0.0294,0.914,0.0521,0.1119,1.305
4200346256,2024,17380,31,0.001,7668,399,0.032,41.0,3.1,0.046,0.232,0.0307,0.081,0.2087,0.0224,0.065,0.4932,0.0412,0.051,0.3566,0.0392,0.067,0.0066,0.0059,0.544,0.0451,0.0204,0.276,34219,7337,0.13,23197,1677,0.044,0.3199,0.0561,0.107,0.1151,0.0295,0.156,0.5272,0.0335,0.039,0.1102,0.0209,0.115,9510,441,0.028,0.1937,0.0239,0.075,1947,3,0.001,0.6753,0.0434,0.039,0.0837,0.0281,0.204,0.0619,0.0165,0.162,0.0937,0.0208,0.135,0.491,0.0557,0.069,3765,470,0.076,3903,402,0.063,0.4676,0.0546,0.071,848,106,0.076,72700,4670,0.039,0.5522,0.1068,0.118,0.3078,0.0593,0.117,0.2308,0.0502,0.132,0.6842,0.0699,0.062,0.0667,0.023,0.21,0.0305,0.0198,0.394,0.0018,0.0036,1.215,0.1123,0.0276,0.149,0.2831,0.0403,0.087
4200346264,2024,5786,19,0.002,2713,263,0.059,40.9,7.0,0.104,0.192,0.0476,0.151,0.191,0.055,0.175,0.5429,0.0916,0.103,0.2207,0.07,0.193,0.0076,0.0081,0.649,0.0525,0.0738,0.854,41131,13480,0.199,23538,3358,0.087,0.3208,0.1083,0.205,0.1019,0.0598,0.357,0.549,0.0917,0.102,0.0911,0.0589,0.393,3328,288,0.053,0.1848,0.052,0.171,1949,10,0.003,0.549,0.0723,0.08,0.1256,0.0591,0.286,0.0409,0.0321,0.478,0.0748,0.0421,0.342,0.5864,0.1075,0.111,1591,330,0.126,1122,261,0.141,0.5444,0.1045,0.117,1081,79,0.044,75600,14219,0.114,0.4519,0.1302,0.175,0.2728,0.1009,0.225,0.2745,0.1743,0.386,0.5271,0.1011,0.117,0.0538,0.029,0.328,0.0674,0.0637,0.574,0.0,0.0073,,0.099,0.0504,0.309,0.2565,0.0887,0.21
4200347696,2024,10226,26,0.002,3817,178,0.028,43.1,1.8,0.025,0.2539,0.0371,0.089,0.145,0.0235,0.099,0.7448,0.0406,0.033,0.001,0.002,1.216,0.2036,0.0383,0.114,0.025,0.0184,0.446,165099,18475,0.068,87227,8204,0.057,0.0346,0.0288,0.506,0.027,0.0132,0.297,0.6736,0.0388,0.035,0.7931,0.0665,0.051,3986,188,0.029,0.0424,0.0326,0.467,1998,4,0.001,0.725,0.0541,0.045,0.008,0.0087,0.658,0.0667,0.0344,0.314,0.0238,0.0167,0.426,0.1394,0.0342,0.149,532,133,0.152,3285,182,0.034,0.1094,0.0328,0.183,2253,448,0.121,509900,53297,0.064,0.2086,0.1326,0.386,0.1071,0.096,0.544,0.165,0.0864,0.318,0.6744,0.0569,0.051,0.0167,0.0154,0.558,0.0092,0.0084,0.556,0.0,0.0037,,0.2619,0.0502,0.116,0.0047,0.0089,1.142
4200349920,2024,3299,22,0.004,1646,145,0.054,40.5,5.2,0.078,0.1022,0.0456,0.271,0.1452,0.049,0.205,0.8657,0.0667,0.047,0.0849,0.0594,0.426,0.0164,0.0258,0.957,0.0185,0.0221,0.727,72778,8161,0.068,51393,18165,0.215,0.1719,0.0782,0.277,0.0553,0.037,0.407,0.7616,0.0581,0.046,0.2742,0.0765,0.17,2146,200,0.057,0.233,0.0625,0.163,1938,,,0.3448,0.0719,0.127,0.1659,0.0588,0.216,0.068,0.0464,0.415,0.1216,0.0765,0.382,0.582,0.1128,0.118,958,204,0.129,688,130,0.115,0.4941,0.1054,0.13,1029,93,0.055,124100,14548,0.071,0.3601,0.1212,0.205,0.1827,0.0774,0.258,0.1468,0.0927,0.384,0.5435,0.0898,0.1,0.0589,0.0427,0.441,0.0589,0.0545,0.562,0.0239,0.0327,0.833,0.1567,0.0741,0.287,0.2254,0.0971,0.262
4200350528,2024,28295,66,0.001,12634,529,0.025,44.0,1.7,0.023,0.1842,0.0235,0.077,0.2317,0.0182,0.048,0.692,0.0431,0.038,0.1534,0.0332,0.131,0.0525,0.0224,0.26,0.0472,0.0232,0.299,79218,3899,0.03,46348,3472,0.046,0.1068,0.0385,0.219,0.0478,0.0167,0.212,0.6221,0.0234,0.023,0.4643,0.0368,0.048,13875,593,0.026,0.0894,0.023,0.156,1968,2,0.001,0.6486,0.0268,0.025,0.0121,0.0072,0.363,0.0876,0.023,0.16,0.1638,0.0219,0.081,0.3127,0.0302,0.059,3951,416,0.064,8683,505,0.035,0.26,0.0385,0.09,1175,33,0.017,209800,8176,0.024,0.4525,0.0922,0.124,0.2222,0.0661,0.181,0.1812,0.0385,0.129,0.6519,0.0367,0.034,0.0163,0.0082,0.305,0.0058,0.0048,0.499,0.0,0.0016,,0.2486,0.0417,0.102,0.0669,0.0216,0.196
4200350784,2024,26902,60,0.001,10165,567,0.034,40.7,2.3,0.034,0.1868,0.022,0.071,0.1981,0.0247,0.076,0.8426,0.0344,0.025,0.0333,0.0132,0.24,0.0451,0.0169,0.228,0.0236,0.0105,0.27,113170,12585,0.068,59324,6061,0.062,0.0327,0.011,0.204,0.0359,0.0168,0.284,0.6527,0.0344,0.032,0.5377,0.043,0.049,10616,553,0.032,0.0425,0.018,0.258,1976,2,0.001,0.6939,0.0284,0.025,0.0578,0.0224,0.235,0.1196,0.0271,0.138,0.0635,0.0209,0.2,0.219,0.0305,0.085,2226,334,0.091,7939,512,0.039,0.1642,0.0324,0.12,1215,65,0.033,293000,11892,0.025,0.3666,0.0919,0.152,0.1887,0.0685,0.221,0.1475,0.047,0.194,0.7025,0.0475,0.041,0.008,0.0048,0.363,0.0167,0.0076,0.277,0.0,0.0016,,0.2109,0.0286,0.083,0.021,0.013,0.376
4200351696,2024,33370,58,0.001,13646,403,0.018,43.2,1.4,0.02,0.2505,0.0205,0.05,0.216,0.018,0.051,0.8663,0.0201,0.014,0.0121,0.005,0.251,0.0388,0.0123,0.193,0.0232,0.0089,0.233,123771,10195,0.05,69154,3512,0.031,0.0481,0.0138,0.174,0.0192,0.007,0.223,0.6705,0.0159,0.014,0.6794,0.0311,0.028,14640,439,0.018,0.0679,0.02,0.179,1953,2,0.001,0.6807,0.0217,0.019,0.0479,0.016,0.203,0.0789,0.0144,0.111,0.1419,0.0204,0.087,0.2769,0.0305,0.067,3779,431,0.069,9867,439,0.027,0.19,0.0261,0.084,1194,73,0.037,378300,12620,0.02,0.4043,0.0594,0.089,0.2196,0.0523,0.145,0.1427,0.0247,0.105,0.5766,0.0413,0.044,0.0377,0.0107,0.173,0.0259,0.0077,0.182,0.0024,0.0028,0.729,0.2906,0.0265,0.055,0.0911,0.0163,0.109
4200351744,2024,3319,24,0.004,1199,204,0.103,36.1,5.5,0.093,0.3245,0.1005,0.188,0.0838,0.0328,0.238,0.4809,0.1238,0.156,0.3884,0.122,0.191,0.0069,0.0108,0.951,0.0383,0.0392,0.622,52297,11850,0.138,24721,4868,0.12,0.1507,0.0846,0.341,0.0545,0.0496,0.554,0.6807,0.1391,0.124,0.1754,0.0542,0.188,1489,262,0.107,0.1948,0.0976,0.305,1938,,,0.6595,0.0859,0.079,0.176,0.0947,0.327,0.047,0.0504,0.652,0.0,0.0114,,0.5947,0.0791,0.081,713,154,0.131,486,181,0.226,0.6951,0.1201,0.105,1302,372,0.174,96900,19677,0.123,0.5708,0.1922,0.205,0.2104,0.146,0.422,0.1399,0.1316,0.572,0.4426,0.1222,0.168,0.1714,0.125,0.443,0.0059,0.0097,1.009,0.0,0.0078,,0.0554,0.0725,0.795,0.3503,0.0954,0.166
4200352320,2024,10548,27,0.002,5154,284,0.033,42.3,3.5,0.05,0.1816,0.0388,0.13,0.2114,0.0376,0.108,0.8259,0.0346,0.025,0.1341,0.0313,0.142,0.0031,0.0047,0.921,0.0057,0.0051,0.547,52517,5135,0.059,37437,4374,0.071,0.1388,0.0546,0.239,0.079,0.0358,0.276,0.6353,0.0528,0.05,0.3088,0.0593,0.117,5778,343,0.036,0.108,0.0391,0.22,1946,4,0.001,0.6812,0.0479,0.043,0.14,0.0474,0.206,0.0545,0.0199,0.222,0.0569,0.0315,0.336,0.3326,0.0575,0.105,1714,311,0.11,3440,300,0.053,0.2924,0.0522,0.108,780,73,0.057,132100,12842,0.059,0.3938,0.1399,0.216,0.2491,0.1356,0.331,0.1663,0.0549,0.201,0.7579,0.0664,0.053,0.0193,0.0148,0.469,0.0403,0.0248,0.374,0.0,0.0037,,0.1083,0.0266,0.149,0.1568,0.0644,0.25
4200353136,2024,1085,160,0.09,594,47,0.048,43.4,5.1,0.071,0.1327,0.043,0.197,0.2276,0.0186,0.05,0.8968,0.0857,0.058,0.0276,0.0208,0.457,0.0,0.0111,,0.0424,0.0345,0.494,61094,9017,0.09,42042,4526,0.065,0.1336,0.043,0.196,0.0427,0.0305,0.434,0.7058,0.1259,0.108,0.3054,0.057,0.113,614,42,0.042,0.0326,0.0325,0.606,1949,5,0.002,0.6368,0.0764,0.073,0.3062,0.0736,0.146,0.0228,0.0312,0.833,0.0,0.0276,,0.4714,0.0847,0.109,280,55,0.119,314,49,0.095,0.435,0.1429,0.2,941,75,0.048,170900,16132,0.057,0.2857,0.0992,0.211,0.1214,0.048,0.24,0.1624,0.0907,0.339,0.7653,0.0681,0.054,0.0129,0.0111,0.526,0.0241,0.0239,0.602,0.0,0.0193,,0.1334,0.0634,0.289,0.0438,0.0224,0.311
4200354816,2024,4219,18,0.003,2142,213,0.06,42.4,6.3,0.09,0.1425,0.0447,0.191,0.219,0.0577,0.16,0.3982,0.0663,0.101,0.4762,0.0789,0.101,0.0043,0.0055,0.777,0.0069,0.0069,0.608,34564,12549,0.221,32224,6845,0.129,0.288,0.0886,0.187,0.1634,0.0766,0.285,0.6535,0.0734,0.068,0.1413,0.0473,0.204,2652,193,0.044,0.1923,0.043,0.136,1944,6,0.002,0.5965,0.0598,0.061,0.1508,0.0508,0.205,0.0705,0.035,0.302,0.0622,0.044,0.429,0.5271,0.0872,0.101,1129,218,0.117,1013,203,0.122,0.5139,0.0832,0.098,695,123,0.108,66100,9751,0.09,0.4836,0.1217,0.153,0.2737,0.1112,0.247,0.2113,0.0964,0.277,0.5636,0.1288,0.139,0.151,0.0818,0.329,0.0,0.0062,,0.0,0.0062,,0.166,0.0642,0.235,0.3898,0.0897,0.14
4200355016,2024,16107,36,0.001,6594,450,0.041,40.1,3.2,0.049,0.2154,0.0384,0.108,0.1422,0.022,0.094,0.8227,0.0449,0.033,0.0227,0.0166,0.445,0.043,0.0208,0.294,0.0317,0.0173,0.332,102318,10063,0.06,53686,4469,0.051,0.0403,0.0164,0.247,0.0428,0.0239,0.34,0.7464,0.0299,0.024,0.5657,0.0532,0.057,7143,516,0.044,0.0769,0.0355,0.281,1994,2,0.001,0.607,0.054,0.054,0.0133,0.0098,0.448,0.105,0.0318,0.184,0.0662,0.0261,0.24,0.2514,0.0485,0.117,1658,339,0.124,4936,489,0.06,0.2128,0.0422,0.121,1420,100,0.043,278600,45432,0.099,0.3951,0.1061,0.163,0.1315,0.0672,0.311,0.1515,0.0406,0.163,0.7237,0.0471,0.04,0.0137,0.0101,0.445,0.0091,0.0083,0.555,0.0,0.0021,,0.2168,0.0351,0.099,0.0306,0.0161,0.32
4200355488,2024,9845,36,0.002,4588,323,0.043,46.0,4.1,0.054,0.1763,0.0461,0.159,0.2544,0.0469,0.112,0.7411,0.0551,0.045,0.2305,0.0553,0.146,0.0031,0.0028,0.549,0.0056,0.0085,0.928,53353,7507,0.086,35755,7413,0.126,0.1814,0.0758,0.254,0.0226,0.0205,0.552,0.5644,0.0509,0.055,0.2362,0.0485,0.125,5020,375,0.045,0.0861,0.0421,0.298,1959,4,0.001,0.5996,0.062,0.063,0.0512,0.0371,0.441,0.0576,0.0306,0.323,0.1639,0.0638,0.237,0.3267,0.0645,0.12,1499,314,0.127,3089,301,0.059,0.3087,0.0725,0.143,928,80,0.052,111300,8154,0.045,0.5904,0.1768,0.182,0.2622,0.139,0.322,0.1878,0.0582,0.188,0.7459,0.0262,0.021,0.0153,0.0177,0.704,0.0144,0.0122,0.516,0.0,0.0039,,0.1125,0.0452,0.244,0.1757,0.0601,0.208
4200355840,2024,1489,142,0.058,689,88,0.078,44.6,2.5,0.034,0.1551,0.0243,0.095,0.2048,0.0232,0.069,0.8852,0.1117,0.077,0.0343,0.0462,0.82,0.0034,0.004,0.727,0.0047,0.008,1.041,93036,14297,0.093,48318,8591,0.108,0.0804,0.0516,0.39,0.0303,0.0193,0.389,0.6856,0.0624,0.055,0.2806,0.0629,0.136,705,88,0.076,0.0227,0.0254,0.68,1951,9,0.003,0.8142,0.0885,0.066,0.0312,0.0241,0.469,0.0851,0.0413,0.295,0.0,0.0241,,0.2061,0.0629,0.186,142,47,0.201,547,90,0.1,0.1847,0.0634,0.209,1096,276,0.153,190700,25052,0.08,0.2535,0.1522,0.365,0.1479,0.147,0.604,0.0859,0.0666,0.471,0.7597,0.0922,0.074,0.0071,0.007,0.602,0.033,0.0315,0.58,0.0,0.0141,,0.1143,0.0234,0.124,0.0479,0.0302,0.383
4200356088,2024,6702,27,0.002,3219,197,0.037,44.0,2.9,0.04,0.2025,0.0318,0.095,0.2444,0.0337,0.084,0.9327,0.0275,0.018,0.0082,0.007,0.519,0.0016,0.0021,0.774,0.0234,0.0121,0.314,92782,16341,0.107,63876,5855,0.056,0.0541,0.0246,0.276,0.056,0.0296,0.321,0.665,0.0364,0.033,0.5864,0.056,0.058,3487,217,0.038,0.0769,0.0364,0.288,1963,11,0.003,0.4976,0.0362,0.044,0.1474,0.0547,0.225,0.1199,0.0391,0.198,0.0829,0.0281,0.206,0.4418,0.0583,0.08,1422,207,0.088,1797,155,0.052,0.3489,0.053,0.092,1190,95,0.049,334500,27844,0.051,0.391,0.0902,0.14,0.1744,0.061,0.213,0.1753,0.0703,0.244,0.6543,0.0575,0.053,0.0044,0.0071,0.972,0.0206,0.0167,0.494,0.0027,0.0041,0.945,0.245,0.0421,0.104,0.0612,0.0256,0.254
4200356384,2024,9109,23,0.002,3767,216,0.035,45.6,2.5,0.033,0.2331,0.0315,0.082,0.2568,0.0393,0.093,0.8536,0.0376,0.027,0.0209,0.0207,0.605,0.0663,0.024,0.22,0.0149,0.0098,0.398,117276,13906,0.072,66479,6460,0.059,0.0538,0.0272,0.308,0.0392,0.0192,0.298,0.5922,0.0302,0.031,0.7214,0.0676,0.057,4048,215,0.032,0.0694,0.0329,0.288,1966,3,0.001,0.7708,0.039,0.031,0.019,0.014,0.447,0.0247,0.0243,0.597,0.1267,0.0454,0.218,0.1272,0.0488,0.233,479,186,0.236,3288,255,0.047,0.09,0.0401,0.271,2175,101,0.028,401300,25112,0.038,0.4572,0.1805,0.24,0.4134,0.1813,0.267,0.2086,0.0768,0.224,0.714,0.0642,0.055,0.0129,0.0136,0.642,0.0126,0.0111,0.534,0.0,0.0043,,0.222,0.0501,0.137,0.0547,0.0249,0.276
4200356392,2024,7228,20,0.002,2622,159,0.037,40.6,3.5,0.052,0.241,0.044,0.111,0.2125,0.0411,0.118,0.9062,0.0359,0.024,0.0084,0.0068,0.488,0.0349,0.0249,0.434,0.0198,0.0155,0.476,153333,21047,0.083,63602,6563,0.063,0.036,0.0235,0.397,0.0434,0.0508,0.712,0.6812,0.0529,0.047,0.6495,0.073,0.068,2737,174,0.039,0.042,0.0405,0.585,2002,3,0.001,0.6814,0.0376,0.034,0.0106,0.0126,0.725,0.1202,0.0433,0.219,0.0307,0.0212,0.419,0.1232,0.0308,0.152,323,83,0.156,2299,154,0.041,0.0802,0.0316,0.239,1706,55,0.02,474600,26889,0.034,0.3189,0.199,0.379,0.1022,0.1368,0.814,0.1762,0.0652,0.225,0.6331,0.0865,0.083,0.0,0.0047,,0.0028,0.0044,0.972,0.0,0.0047,,0.2921,0.0649,0.135,0.0,0.0092,
4200359032,2024,40242,46,0.001,17964,551,0.019,45.2,3.4,0.046,0.1862,0.0216,0.071,0.2434,0.0195,0.049,0.5375,0.0282,0.032,0.3556,0.0302,0.052,0.0054,0.0025,0.282,0.0284,0.0141,0.301,65479,4987,0.046,38245,3469,0.055,0.1327,0.0262,0.12,0.0645,0.0155,0.146,0.6537,0.016,0.015,0.3023,0.0275,0.055,20261,523,0.016,0.1134,0.0194,0.104,1958,1,0.0,0.8277,0.0252,0.018,0.0281,0.0092,0.2,0.0356,0.0153,0.261,0.0642,0.0178,0.168,0.2535,0.0361,0.087,4554,664,0.089,13410,669,0.03,0.2377,0.0343,0.088,1103,73,0.04,134700,8569,0.039,0.4754,0.0926,0.118,0.2391,0.0702,0.178,0.2377,0.0326,0.083,0.7015,0.0262,0.023,0.0387,0.0149,0.234,0.0112,0.0052,0.284,0.0008,0.0012,0.95,0.1344,0.0179,0.081,0.0998,0.0201,0.123
4200359152,2024,655,87,0.081,474,61,0.078,45.0,8.4,0.113,0.0321,0.0524,0.993,0.2702,0.0646,0.145,0.9221,0.0171,0.011,0.0198,0.0166,0.508,0.0183,0.0212,0.705,0.0183,0.0166,0.551,69167,8488,0.075,60878,8084,0.081,0.1252,0.0925,0.449,0.0293,0.0268,0.557,0.7539,0.0688,0.055,0.6032,0.1,0.101,500,54,0.066,0.052,0.0416,0.487,1974,2,0.001,0.054,0.0557,0.627,0.016,0.0288,1.094,0.172,0.0524,0.185,0.0,0.0339,,0.289,0.1298,0.273,137,64,0.284,337,29,0.052,0.287,0.116,0.246,1496,256,0.104,157100,4910,0.019,0.4891,0.3726,0.463,0.438,0.3623,0.503,0.181,0.0931,0.313,0.6767,0.0751,0.067,0.0345,0.034,0.6,0.0086,0.0107,0.754,0.0,0.0259,,0.2414,0.0771,0.194,0.0253,0.0179,0.429
4200360272,2024,15224,39,0.002,5104,222,0.026,38.3,3.6,0.057,0.2911,0.0413,0.086,0.1097,0.0203,0.112,0.8344,0.051,0.037,0.0366,0.0475,0.789,0.0756,0.028,0.226,0.0139,0.0095,0.415,184591,13137,0.043,78373,5835,0.045,0.0441,0.0287,0.396,0.0173,0.0104,0.367,0.6815,0.0441,0.039,0.7641,0.082,0.065,5303,283,0.032,0.0375,0.0352,0.57,2002,3,0.001,0.7347,0.0207,0.017,0.069,0.0511,0.45,0.0128,0.0125,0.591,0.0505,0.0251,0.302,0.1291,0.0471,0.222,659,242,0.223,4445,286,0.039,0.1038,0.0465,0.272,2134,237,0.068,579700,37209,0.039,0.2231,0.1117,0.304,0.1381,0.0968,0.426,0.1512,0.0474,0.191,0.6354,0.0461,0.044,0.0,0.0025,,0.0082,0.0115,0.852,0.0,0.0025,,0.2873,0.0491,0.104,0.0082,0.0096,0.707
4200360712,2024,3032,17,0.003,1412,149,0.064,41.2,4.6,0.068,0.2084,0.0554,0.162,0.1761,0.0575,0.198,0.5983,0.0811,0.082,0.3097,0.0732,0.144,0.0,0.004,,0.0402,0.0561,0.847,36419,7006,0.117,24790,3847,0.094,0.1539,0.0656,0.259,0.1136,0.0627,0.335,0.5724,0.0754,0.08,0.1705,0.0522,0.186,1734,182,0.064,0.1857,0.0884,0.289,1957,18,0.006,0.4533,0.0579,0.078,0.1655,0.0876,0.322,0.1413,0.077,0.331,0.1303,0.0863,0.402,0.6084,0.1142,0.114,859,185,0.131,553,104,0.114,0.5389,0.0963,0.109,772,98,0.077,59300,24629,0.252,0.4761,0.1932,0.247,0.2282,0.1419,0.378,0.2405,0.1382,0.349,0.577,0.156,0.164,0.0588,0.0648,0.67,0.0,0.0099,,0.0,0.0099,,0.1399,0.0809,0.351,0.1268,0.0722,0.346
4200361328,2024,8399,22,0.002,3445,198,0.035,43.8,4.1,0.057,0.2011,0.0429,0.13,0.2153,0.0356,0.1,0.8796,0.0413,0.029,0.061,0.0324,0.323,0.0277,0.0213,0.467,0.0025,0.0025,0.608,102167,25090,0.149,47674,3729,0.048,0.0482,0.0215,0.271,0.0511,0.0497,0.592,0.6495,0.0598,0.056,0.4648,0.0648,0.085,3778,206,0.033,0.0881,0.0343,0.237,1958,3,0.001,0.7978,0.0399,0.03,0.0479,0.0212,0.269,0.0172,0.015,0.531,0.1096,0.037,0.205,0.1806,0.0444,0.149,622,157,0.153,2823,286,0.062,0.1477,0.0746,0.307,1151,191,0.101,244800,13914,0.035,0.3376,0.097,0.175,0.2605,0.0874,0.204,0.1367,0.0456,0.203,0.6271,0.0593,0.057,0.035,0.0197,0.341,0.0119,0.0114,0.582,0.0,0.004,,0.2278,0.0579,0.155,0.0488,0.035,0.436
4200361536,2024,26723,44,0.001,10885,316,0.018,44.4,1.6,0.022,0.2115,0.0238,0.068,0.2277,0.0201,0.054,0.909,0.0225,0.015,0.0387,0.0187,0.294,0.0134,0.0085,0.384,0.0106,0.0054,0.309,98705,4362,0.027,48609,2236,0.028,0.0357,0.0102,0.174,0.0278,0.0141,0.309,0.6752,0.0264,0.024,0.4496,0.0344,0.047,11533,334,0.018,0.0562,0.0166,0.179,1972,2,0.001,0.7833,0.0247,0.019,0.0319,0.0127,0.242,0.0465,0.017,0.222,0.0306,0.0132,0.262,0.1928,0.0276,0.087,2099,307,0.089,8786,330,0.023,0.1432,0.0212,0.09,1177,55,0.028,227600,6548,0.017,0.3711,0.086,0.141,0.1096,0.0413,0.229,0.1338,0.0299,0.136,0.6897,0.045,0.04,0.0167,0.0105,0.382,0.0043,0.0059,0.84,0.0,0.0016,,0.237,0.0281,0.072,0.0311,0.0136,0.266
4200362320,2024,3620,19,0.003,1664,134,0.049,39.6,5.0,0.077,0.1517,0.0405,0.162,0.1997,0.0487,0.148,0.7729,0.0786,0.062,0.0641,0.0605,0.574,0.0,0.0033,,0.0337,0.0293,0.528,58194,14889,0.156,30747,3217,0.064,0.1011,0.0624,0.375,0.1113,0.0584,0.319,0.6608,0.0747,0.069,0.1393,0.0483,0.211,1817,157,0.053,0.0842,0.0579,0.418,1951,3,0.001,0.913,0.045,0.03,0.0154,0.0143,0.564,0.0517,0.0344,0.404,0.0,0.0093,,0.2212,0.068,0.187,368,117,0.193,1296,182,0.085,0.2591,0.0958,0.225,963,144,0.091,82500,9950,0.073,0.2418,0.1832,0.46,0.1603,0.172,0.652,0.2415,0.1278,0.322,0.802,0.1159,0.088,0.0042,0.0063,0.907,0.0,0.0064,,0.0,0.0064,,0.087,0.0409,0.285,0.0325,0.0206,0.386
4200363408,2024,1793,250,0.085,770,128,0.101,35.4,14.5,0.249,0.28,0.1036,0.225,0.169,0.0639,0.23,0.2281,0.111,0.296,0.5867,0.1421,0.147,0.0,0.0067,,0.1299,0.0708,0.331,48145,16598,0.21,27047,6027,0.135,0.2487,0.1482,0.362,0.1041,0.07,0.408,0.6697,0.081,0.073,0.1721,0.1,0.353,923,132,0.087,0.1658,0.0629,0.23,1949,5,0.002,0.4085,0.0989,0.147,0.104,0.0653,0.381,0.2308,0.1442,0.38,0.039,0.0428,0.667,0.5922,0.1419,0.146,456,133,0.177,314,92,0.178,0.5759,0.157,0.166,599,244,0.248,95000,42022,0.269,0.1952,0.0971,0.302,0.1404,0.0849,0.368,0.0414,0.1041,1.528,0.4161,0.2133,0.312,0.2683,0.0944,0.214,0.0213,0.0326,0.933,0.0,0.0142,,0.0804,0.0554,0.419,0.4286,0.1748,0.248
4200364240,2024,3180,36,0.007,1534,95,0.038,45.3,4.9,0.066,0.1588,0.0402,0.154,0.2192,0.0381,0.106,0.8881,0.0435,0.03,0.0528,0.0368,0.423,0.0132,0.0123,0.564,0.017,0.0126,0.45,81724,11392,0.085,48402,5783,0.073,0.0484,0.0546,0.686,0.0526,0.0432,0.499,0.6756,0.0462,0.042,0.3413,0.0583,0.104,1591,98,0.037,0.0358,0.0288,0.489,1958,3,0.001,0.8278,0.0564,0.041,0.0798,0.0337,0.257,0.0082,0.0147,1.09,0.0,0.0107,,0.1213,0.0595,0.298,186,92,0.301,1348,111,0.05,0.1107,0.0516,0.283,1059,117,0.067,209700,10264,0.03,0.2688,0.331,0.748,0.2097,0.3224,0.935,0.2151,0.0933,0.264,0.6751,0.0617,0.056,0.0508,0.039,0.466,0.0098,0.0098,0.605,0.0,0.0069,,0.1818,0.0509,0.17,0.0424,0.0439,0.629
4200364528,2024,11844,38,0.002,4738,249,0.032,48.0,4.3,0.054,0.2189,0.0311,0.086,0.2568,0.0437,0.103,0.9171,0.0304,0.02,0.0026,0.0034,0.784,0.0269,0.0167,0.377,0.0116,0.0097,0.51,118333,28549,0.147,59151,5550,0.057,0.0462,0.0215,0.283,0.0269,0.0176,0.398,0.6356,0.0524,0.05,0.5438,0.0496,0.055,5111,244,0.029,0.073,0.0329,0.274,1983,5,0.002,0.7793,0.0423,0.033,0.0117,0.0095,0.494,0.0233,0.0152,0.397,0.0518,0.0218,0.255,0.1102,0.0318,0.175,522,153,0.178,4216,282,0.041,0.0846,0.0277,0.199,1828,371,0.123,361700,27584,0.046,0.3851,0.1404,0.222,0.2529,0.1231,0.296,0.1698,0.0671,0.24,0.79,0.0618,0.048,0.0,0.0033,,0.0096,0.0091,0.574,0.0,0.0033,,0.1574,0.0373,0.144,0.0365,0.0203,0.338
4200365352,2024,15534,22,0.001,6740,306,0.028,40.5,4.1,0.062,0.184,0.0291,0.096,0.2148,0.0281,0.08,0.8613,0.0357,0.025,0.0332,0.0169,0.31,0.0381,0.0181,0.289,0.0312,0.022,0.429,103048,11308,0.067,55376,4279,0.047,0.0551,0.0208,0.229,0.0158,0.012,0.463,0.6715,0.0372,0.034,0.4639,0.0469,0.061,7055,340,0.029,0.0446,0.027,0.367,1986,3,0.001,0.5819,0.0346,0.036,0.0438,0.0224,0.31,0.1121,0.0376,0.204,0.1457,0.0369,0.154,0.3393,0.0471,0.084,2287,334,0.089,4453,344,0.047,0.2767,0.0442,0.097,1688,62,0.022,293200,29815,0.062,0.4018,0.1015,0.154,0.1342,0.0571,0.258,0.1314,0.0556,0.257,0.7144,0.0444,0.038,0.0064,0.0049,0.463,0.0127,0.0196,0.936,0.0,0.0022,,0.1741,0.0386,0.135,0.0337,0.0183,0.331
4200366264,2024,32939,45,0.001,14563,381,0.016,42.6,1.5,0.021,0.1941,0.0174,0.055,0.2313,0.0197,0.052,0.876,0.0202,0.014,0.0243,0.0094,0.235,0.048,0.0127,0.161,0.0314,0.0106,0.205,92642,3317,0.022,50716,2465,0.03,0.0675,0.0134,0.121,0.0318,0.0106,0.203,0.6505,0.0189,0.018,0.5127,0.0323,0.038,15398,404,0.016,0.0542,0.0173,0.194,1966,2,0.001,0.6333,0.0195,0.019,0.0205,0.0079,0.233,0.0931,0.0215,0.14,0.1367,0.0236,0.105,0.2793,0.0259,0.056,4067,392,0.059,10496,417,0.024,0.2155,0.0234,0.066,1278,58,0.028,268900,8590,0.019,0.4057,0.0782,0.117,0.1239,0.0431,0.212,0.1576,0.0261,0.101,0.65,0.0325,0.03,0.0175,0.0079,0.275,0.0075,0.0049,0.393,0.0,0.0015,,0.2541,0.0357,0.085,0.039,0.012,0.187
4200366320,2024,534,87,0.099,270,76,0.171,54.9,4.6,0.051,0.1685,0.0156,0.056,0.382,0.1274,0.203,0.7903,0.1549,0.119,0.0206,0.0317,0.934,0.0019,0.0037,1.212,0.0112,0.0073,0.393,93750,63699,0.413,104073,11294,0.066,0.0056,0.0231,2.504,0.0545,0.0496,0.553,0.4911,0.1061,0.131,0.7747,0.1155,0.091,270,76,0.171,0.0,0.0444,,1952,4,0.001,0.9963,0.0242,0.015,0.0,0.0629,,0.0,0.0629,,0.0037,0.045,7.393,0.0222,0.0134,0.367,6,4,0.405,264,76,0.175,0.0375,0.0255,0.414,,,,446200,10451,0.014,0.0,4.0,,0.0,2.0,,0.1515,0.0534,0.214,0.7019,0.0603,0.052,0.0048,0.0096,1.214,0.0,0.0577,,0.0,0.0577,,0.2644,0.0653,0.15,0.0,0.0629,
4200368388,2024,17270,23,0.001,7970,376,0.029,42.4,2.2,0.032,0.1627,0.0256,0.096,0.2391,0.0225,0.057,0.7768,0.0517,0.04,0.0262,0.0175,0.406,0.1255,0.039,0.189,0.0228,0.0191,0.508,89404,6024,0.041,48411,3941,0.049,0.0745,0.0375,0.306,0.0364,0.0133,0.223,0.6244,0.0272,0.026,0.5098,0.0532,0.063,8651,393,0.028,0.0787,0.0248,0.192,1962,3,0.001,0.5518,0.0221,0.024,0.0425,0.0148,0.212,0.1558,0.0423,0.165,0.1644,0.0353,0.13,0.3541,0.0472,0.081,2822,399,0.086,5148,352,0.042,0.3255,0.0495,0.092,1244,70,0.034,226500,9656,0.026,0.2009,0.0472,0.143,0.1262,0.0402,0.194,0.1671,0.0346,0.126,0.6254,0.0437,0.042,0.0234,0.0135,0.351,0.0088,0.0086,0.591,0.0022,0.0028,0.799,0.2734,0.0674,0.15,0.0705,0.0214,0.184
4200369376,2024,3823,21,0.003,1642,121,0.045,38.7,4.7,0.074,0.2218,0.0395,0.108,0.1821,0.0405,0.135,0.8543,0.0492,0.035,0.0254,0.0141,0.338,0.0,0.0031,,0.0275,0.0251,0.556,101053,7209,0.043,66366,10060,0.092,0.0808,0.0354,0.266,0.0697,0.0414,0.361,0.7038,0.0598,0.052,0.6447,0.088,0.083,1913,145,0.046,0.1417,0.0645,0.277,1938,,,0.6147,0.0571,0.056,0.0889,0.0547,0.374,0.149,0.048,0.196,0.1072,0.0473,0.268,0.3197,0.0724,0.138,525,125,0.145,1117,121,0.066,0.2484,0.0694,0.17,955,38,0.024,464300,83483,0.109,0.5048,0.1898,0.229,0.2895,0.1673,0.351,0.2659,0.1007,0.23,0.4985,0.0934,0.114,0.004,0.0059,0.91,0.1296,0.051,0.239,0.0045,0.0074,1.012,0.3358,0.0938,0.17,0.1127,0.057,0.307
4200369400,2024,690,87,0.077,316,44,0.085,52.1,1.8,0.021,0.1957,0.0425,0.132,0.2696,0.0388,0.087,0.9391,0.034,0.022,0.029,0.0258,0.542,0.0,0.0174,,0.0043,0.0043,0.603,203214,44260,0.132,155972,24951,0.097,0.0118,0.0118,0.608,0.0372,0.0366,0.598,0.5103,0.0675,0.08,0.7132,0.0262,0.022,370,44,0.072,0.1459,0.0597,0.249,1958,8,0.002,0.9162,0.1461,0.097,0.0054,0.0334,3.759,0.0,0.0459,,0.0,0.0459,,0.1139,0.0514,0.274,36,17,0.287,280,44,0.096,0.0942,0.0448,0.289,1563,603,0.235,1062500,275424,0.158,0.3056,0.4321,0.86,0.1667,0.2664,0.972,0.2393,0.0739,0.188,0.6078,0.0673,0.067,0.0,0.0424,,0.0141,0.0139,0.596,0.0,0.0424,,0.3074,0.1197,0.237,0.0158,0.0411,1.578
4200369416,2024,672,102,0.092,264,52,0.12,46.8,7.7,0.1,0.2307,0.0297,0.078,0.2917,0.0676,0.141,0.8973,0.067,0.045,0.0,0.0179,,0.0208,0.0161,0.469,0.0238,0.019,0.485,175000,39507,0.137,89877,12315,0.083,0.0179,0.0171,0.584,0.0445,0.0231,0.315,0.552,0.1152,0.127,0.7042,0.0951,0.082,288,51,0.108,0.0833,0.0749,0.547,1982,4,0.001,1.0,0.0,0.0,0.0,0.0589,,0.0,0.0589,,0.0,0.0589,,0.0076,0.0113,0.904,2,3,0.912,262,52,0.121,0.003,0.0044,0.907,,,,486400,42000,0.052,0.0,12.0,,0.0,6.0,,0.229,0.1529,0.406,0.663,0.0618,0.057,0.0,0.044,,0.0,0.044,,0.0,0.044,,0.2857,0.085,0.181,0.0379,0.0563,0.904
4200369584,2024,27538,25,0.001,12314,323,0.016,46.0,2.6,0.034,0.1698,0.0199,0.071,0.2464,0.0246,0.061,0.9272,0.0212,0.014,0.0166,0.0109,0.397,0.0064,0.005,0.483,0.0161,0.0074,0.278,95654,6118,0.039,50470,2949,0.036,0.0638,0.0212,0.202,0.0434,0.0142,0.199,0.6821,0.0231,0.021,0.4167,0.0304,0.044,12729,320,0.015,0.0326,0.0151,0.282,1961,3,0.001,0.8597,0.0219,0.016,0.0308,0.0144,0.285,0.0145,0.0072,0.299,0.0142,0.0061,0.261,0.1303,0.028,0.131,1604,347,0.132,10710,439,0.025,0.1122,0.028,0.152,1226,114,0.057,245500,6058,0.015,0.3566,0.0999,0.17,0.1945,0.0842,0.263,0.1496,0.0303,0.123,0.714,0.0075,0.006,0.0084,0.0057,0.411,0.0103,0.0101,0.599,0.0,0.0015,,0.176,0.0258,0.089,0.0258,0.0104,0.245
4200369776,2024,3119,20,0.004,1612,162,0.061,40.4,8.5,0.128,0.1757,0.0729,0.252,0.1988,0.0545,0.167,0.8163,0.0662,0.049,0.0802,0.06,0.455,0.0,0.0038,,0.0433,0.0349,0.491,59228,14835,0.152,42844,7105,0.101,0.1736,0.0743,0.26,0.0627,0.031,0.3,0.6257,0.0711,0.069,0.3352,0.0777,0.141,1803,197,0.066,0.1059,0.0684,0.392,1942,9,0.003,0.3134,0.0709,0.138,0.2146,0.0802,0.227,0.0571,0.0416,0.442,0.1342,0.0525,0.238,0.5242,0.1116,0.129,845,199,0.143,767,153,0.121,0.4737,0.1048,0.135,991,120,0.074,141400,54385,0.234,0.3799,0.1099,0.176,0.2296,0.0792,0.21,0.2777,0.1423,0.312,0.6303,0.0917,0.088,0.0928,0.0692,0.453,0.0625,0.0385,0.374,0.0,0.0079,,0.1579,0.0654,0.252,0.2184,0.083,0.231
4200372160,2024,18460,32,0.001,6883,257,0.023,41.3,1.4,0.021,0.2585,0.031,0.073,0.1709,0.0228,0.081,0.7805,0.0416,0.032,0.0304,0.013,0.26,0.1128,0.0274,0.148,0.0323,0.0202,0.379,124112,8322,0.041,58336,3880,0.04,0.0363,0.0159,0.266,0.0116,0.0065,0.34,0.6865,0.0234,0.021,0.5791,0.0448,0.047,7229,266,0.022,0.0479,0.0228,0.289,1991,3,0.001,0.5921,0.0371,0.038,0.0227,0.014,0.376,0.0755,0.0291,0.235,0.0768,0.0248,0.196,0.1828,0.0355,0.118,1258,249,0.12,5625,275,0.03,0.123,0.0258,0.128,1203,66,0.033,340700,22192,0.04,0.4118,0.1243,0.184,0.2448,0.1089,0.271,0.1339,0.0339,0.154,0.7056,0.0443,0.038,0.0122,0.007,0.349,0.0031,0.0036,0.709,0.0,0.002,,0.2418,0.0392,0.099,0.0474,0.023,0.296
4200372400,2024,13706,25,0.001,5705,254,0.027,42.9,3.3,0.047,0.2015,0.0305,0.092,0.2089,0.0255,0.074,0.8869,0.0299,0.02,0.0104,0.0071,0.412,0.0671,0.0266,0.241,0.0084,0.0056,0.407,101102,7515,0.045,49766,3309,0.04,0.0377,0.0135,0.218,0.0322,0.0145,0.273,0.6536,0.0215,0.02,0.4095,0.0382,0.057,6015,275,0.028,0.0515,0.0268,0.316,1975,1,0.0,0.786,0.0401,0.031,0.0411,0.0188,0.278,0.0663,0.0247,0.227,0.0464,0.0196,0.257,0.1958,0.037,0.115,1117,217,0.118,4588,266,0.035,0.1528,0.0334,0.133,1438,118,0.05,248000,13872,0.034,0.4181,0.1129,0.164,0.248,0.0879,0.216,0.1166,0.0379,0.198,0.7059,0.047,0.04,0.0392,0.0166,0.258,0.0,0.0027,,0.0,0.0027,,0.2095,0.0334,0.097,0.0195,0.0116,0.363
4200372568,2024,312,96,0.187,156,45,0.175,59.7,8.1,0.082,0.0641,0.0596,0.565,0.4006,0.0586,0.089,0.9679,0.4191,0.263,0.0,0.0385,,0.0,0.0385,,0.0321,0.0405,0.768,49167,24414,0.302,40430,11109,0.167,0.1795,0.1528,0.518,0.0643,0.0815,0.77,0.4778,0.1346,0.171,0.1558,0.0868,0.339,162,45,0.169,0.037,0.0483,0.793,1953,6,0.002,0.963,0.0749,0.047,0.0,0.1048,,0.0,0.1048,,0.0,0.1048,,0.0833,0.0663,0.484,13,11,0.514,143,44,0.187,0.0609,0.0443,0.442,950,176,0.113,116000,18780,0.098,0.4615,1.6979,2.236,0.0,0.9231,,0.2727,0.2339,0.521,0.7634,0.1828,0.146,0.0,0.0916,,0.0687,0.0787,0.696,0.0,0.0916,,0.145,0.087,0.365,0.0449,0.0993,1.345
4200372960,2024,3319,27,0.005,1655,93,0.034,52.3,5.1,0.059,0.1654,0.0317,0.117,0.2775,0.0536,0.117,0.9666,0.0209,0.013,0.0036,0.0042,0.709,0.0003,0.0009,1.824,0.0157,0.0178,0.69,65893,10185,0.094,43665,4487,0.062,0.0389,0.0178,0.279,0.0523,0.0301,0.35,0.6264,0.0423,0.041,0.2907,0.0604,0.126,1803,105,0.035,0.0821,0.0402,0.298,1952,3,0.001,0.7482,0.0466,0.038,0.0704,0.0313,0.27,0.0627,0.0314,0.304,0.0577,0.0218,0.23,0.3076,0.0579,0.114,509,100,0.119,1146,98,0.052,0.204,0.0443,0.132,895,82,0.056,153900,13223,0.052,0.3831,0.1097,0.174,0.0963,0.0641,0.405,0.0785,0.0335,0.259,0.7781,0.0569,0.044,0.0379,0.0281,0.451,0.006,0.0066,0.667,0.0,0.0072,,0.0992,0.0315,0.193,0.1263,0.0445,0.214
4200372968,2024,1436,158,0.067,724,74,0.062,57.1,1.7,0.018,0.11,0.0212,0.117,0.2946,0.0217,0.045,0.929,0.0494,0.032,0.0,0.0084,,0.0132,0.0117,0.54,0.0167,0.018,0.655,62024,13452,0.132,41697,5420,0.079,0.1212,0.0599,0.301,0.0175,0.0186,0.649,0.5736,0.0491,0.052,0.2689,0.0435,0.098,805,66,0.05,0.1006,0.0414,0.25,1960,5,0.002,0.7106,0.0646,0.055,0.0534,0.037,0.421,0.005,0.0167,2.038,0.0,0.0211,,0.1395,0.0418,0.182,101,32,0.193,623,67,0.065,0.1428,0.0578,0.246,961,70,0.044,150800,17103,0.069,0.2871,0.1215,0.257,0.1683,0.1171,0.423,0.1862,0.0623,0.203,0.7988,0.0284,0.022,0.0103,0.0117,0.69,0.0117,0.0175,0.908,0.0,0.0176,,0.0954,0.0312,0.199,0.058,0.0227,0.238
4200374648,2024,6294,25,0.002,2847,271,0.058,38.3,8.0,0.127,0.245,0.0619,0.154,0.1555,0.0321,0.126,0.6277,0.0899,0.087,0.3055,0.0933,0.186,0.0027,0.0048,1.073,0.0127,0.0083,0.395,52971,7290,0.084,29206,3596,0.075,0.2313,0.0845,0.222,0.1401,0.0652,0.283,0.6156,0.0625,0.062,0.1996,0.0573,0.175,3245,304,0.057,0.1227,0.0505,0.25,1952,7,0.002,0.6096,0.0827,0.082,0.1587,0.0499,0.191,0.0552,0.0349,0.385,0.004,0.0088,1.336,0.4823,0.0648,0.082,1373,226,0.1,1474,253,0.104,0.5157,0.0813,0.096,1142,117,0.062,110100,13769,0.076,0.335,0.1008,0.183,0.1835,0.0781,0.259,0.1784,0.07,0.238,0.6832,0.0564,0.05,0.0734,0.0321,0.266,0.0332,0.0358,0.656,0.0,0.0063,,0.0809,0.0353,0.265,0.1858,0.0808,0.264
4200375816,2024,8418,31,0.002,4352,278,0.039,38.1,3.1,0.049,0.1644,0.0342,0.126,0.1844,0.041,0.135,0.5663,0.0619,0.066,0.2868,0.057,0.121,0.0344,0.0301,0.53,0.0467,0.0273,0.356,60341,4644,0.047,43926,6697,0.093,0.1704,0.046,0.164,0.08,0.0412,0.313,0.7249,0.0381,0.032,0.4142,0.0497,0.073,4891,321,0.04,0.1102,0.0344,0.19,1941,5,0.002,0.4668,0.0449,0.059,0.1748,0.0366,0.127,0.138,0.0521,0.229,0.046,0.0192,0.254,0.5113,0.0418,0.05,2225,231,0.063,2127,241,0.069,0.4839,0.0438,0.055,1136,68,0.036,147000,10549,0.044,0.4813,0.1199,0.151,0.2189,0.0734,0.204,0.1848,0.0573,0.188,0.4825,0.0582,0.073,0.0892,0.0254,0.173,0.0666,0.0309,0.282,0.0028,0.0039,0.84,0.259,0.0595,0.14,0.1751,0.0642,0.223
4200376104,2024,4249,20,0.003,2020,244,0.073,42.3,9.0,0.129,0.1993,0.0664,0.202,0.1803,0.0643,0.217,0.8739,0.0329,0.023,0.0826,0.0308,0.227,0.0021,0.0042,1.216,0.0195,0.0179,0.557,45167,9824,0.132,29022,2706,0.057,0.1476,0.0633,0.261,0.0661,0.0407,0.374,0.6124,0.0629,0.062,0.2674,0.0936,0.213,2261,316,0.085,0.1066,0.08,0.456,1938,,,0.6661,0.0697,0.064,0.1477,0.0662,0.272,0.0548,0.0404,0.448,0.0703,0.0559,0.483,0.2812,0.0946,0.204,568,203,0.217,1452,248,0.104,0.2449,0.0888,0.22,803,167,0.126,84300,5654,0.041,0.382,0.1557,0.248,0.118,0.1121,0.577,0.2459,0.1521,0.376,0.8023,0.0812,0.062,0.0371,0.0413,0.677,0.0772,0.063,0.496,0.0127,0.0202,0.969,0.0523,0.0332,0.386,0.2208,0.1311,0.361
4200376560,2024,464,66,0.086,160,22,0.084,43.0,2.3,0.033,0.2802,0.0325,0.071,0.2177,0.0209,0.058,0.8707,0.0372,0.026,0.0086,0.0085,0.602,0.0065,0.0064,0.602,0.0474,0.036,0.462,231250,37721,0.099,99270,13333,0.082,0.0022,0.0262,7.395,0.012,0.0119,0.601,0.7246,0.0489,0.041,0.784,0.0525,0.041,160,22,0.084,0.0,0.075,,1956,5,0.002,0.9625,0.1864,0.118,0.025,0.079,1.921,0.0,0.1061,,0.0,0.1061,,0.0438,0.0243,0.337,7,4,0.347,153,22,0.087,0.0302,0.0167,0.336,,,,469100,31439,0.041,0.0,3.4286,,0.0,1.7143,,0.0327,0.1603,2.982,0.5894,0.0777,0.08,0.0081,0.0203,1.517,0.0,0.0488,,0.0,0.0488,,0.3537,0.0615,0.106,0.0125,0.076,3.697
4200377272,2024,29,31,0.65,29,31,0.65,,,,0.0,1.1704,,1.0,1.3373,0.813,1.0,0.0,0.0,0.0,0.4138,,0.0,0.4138,,0.0,0.4138,,,,,,,,0.0,0.5852,,,,,0.0,0.4138,,0.0,0.8276,,115,96,0.507,0.7478,0.6301,0.512,1938,,,0.113,0.1461,0.786,0.6522,0.6473,0.603,0.0,0.1476,,0.0,0.1476,,0.5517,0.6288,0.693,16,25,0.95,13,20,0.935,0.5517,0.6288,0.693,,,,,,,1.0,1.299,0.79,1.0,0.0,0.0,0.0,2.6109,,,,,,,,,,,,,,,,,0.0,0.5852,
4200377912,2024,5007,13,0.002,2429,218,0.055,47.4,5.1,0.065,0.1426,0.0554,0.236,0.299,0.0776,0.158,0.5842,0.0959,0.1,0.3303,0.0939,0.173,0.0152,0.0172,0.688,0.012,0.0182,0.922,45997,9871,0.13,26912,4296,0.097,0.1765,0.0804,0.277,0.1607,0.0634,0.24,0.5547,0.081,0.089,0.109,0.0457,0.255,2745,240,0.053,0.1151,0.0585,0.309,1944,3,0.001,0.404,0.0695,0.105,0.2419,0.0872,0.219,0.0823,0.0505,0.373,0.1027,0.0639,0.378,0.7205,0.0858,0.072,1750,261,0.091,679,171,0.153,0.6956,0.0859,0.075,682,61,0.054,84900,19576,0.14,0.3023,0.1182,0.238,0.1806,0.1064,0.358,0.2077,0.1252,0.367,0.5715,0.0609,0.065,0.2385,0.1482,0.378,0.0514,0.0512,0.605,0.0,0.0083,,0.0666,0.0385,0.351,0.2598,0.0916,0.214
4200379274,2024,20863,55,0.002,7550,256,0.021,43.7,0.9,0.013,0.2534,0.0217,0.052,0.1974,0.0187,0.057,0.8562,0.0277,0.02,0.0127,0.0113,0.541,0.0812,0.0191,0.143,0.0173,0.0082,0.288,163409,12009,0.045,74315,4865,0.04,0.0252,0.0107,0.259,0.0347,0.0134,0.234,0.6454,0.0231,0.022,0.7524,0.0405,0.033,7836,247,0.019,0.0365,0.0142,0.237,1972,3,0.001,0.8631,0.0149,0.01,0.0036,0.0051,0.861,0.014,0.0085,0.368,0.0897,0.0226,0.153,0.1211,0.0203,0.102,914,156,0.104,6636,220,0.02,0.0765,0.0148,0.118,2038,159,0.047,431800,15472,0.022,0.5438,0.1279,0.143,0.3326,0.1098,0.201,0.1507,0.0318,0.128,0.6045,0.0367,0.037,0.0311,0.0119,0.232,0.005,0.0044,0.534,0.0,0.0022,,0.3111,0.0317,0.062,0.038,0.0135,0.215
4200380032,2024,2524,416,0.1,1127,157,0.085,42.1,6.6,0.095,0.1965,0.0472,0.146,0.2068,0.0356,0.105,0.813,0.1831,0.137,0.1284,0.0947,0.449,0.0063,0.0095,0.906,0.0309,0.0216,0.425,48733,17421,0.217,33168,6799,0.125,0.1384,0.0695,0.305,0.082,0.0486,0.36,0.6857,0.0505,0.045,0.2156,0.0445,0.125,1306,154,0.072,0.1371,0.0535,0.237,1938,,,0.5758,0.0759,0.08,0.1738,0.0538,0.188,0.0865,0.0687,0.483,0.0697,0.0482,0.421,0.5439,0.1029,0.115,613,144,0.143,514,110,0.13,0.4832,0.115,0.145,919,229,0.151,145200,16432,0.069,0.4551,0.1383,0.185,0.217,0.0985,0.276,0.1848,0.1135,0.373,0.5796,0.0651,0.068,0.0549,0.0646,0.715,0.082,0.0751,0.557,0.0119,0.0174,0.885,0.1529,0.0445,0.177,0.1801,0.0793,0.268
4200380040,2024,1533,233,0.092,808,97,0.073,43.5,5.5,0.077,0.1429,0.0438,0.186,0.2335,0.0241,0.063,0.893,0.0698,0.048,0.0502,0.025,0.302,0.0,0.0078,,0.013,0.0142,0.662,42500,13295,0.19,30138,3237,0.065,0.2014,0.0508,0.153,0.0831,0.0396,0.289,0.5851,0.0765,0.079,0.1162,0.0307,0.161,865,94,0.066,0.0659,0.0363,0.335,1953,5,0.002,0.615,0.0496,0.049,0.0486,0.0285,0.357,0.2751,0.0867,0.192,0.0474,0.0236,0.302,0.4876,0.0889,0.111,394,86,0.133,414,71,0.104,0.407,0.0959,0.143,822,50,0.037,97100,20187,0.126,0.5609,0.1523,0.165,0.203,0.0942,0.282,0.2343,0.0924,0.24,0.6518,0.0639,0.06,0.0265,0.0201,0.463,0.0237,0.0217,0.558,0.0084,0.011,0.801,0.0961,0.0334,0.211,0.1621,0.0517,0.194
4200380600,2024,563,210,0.227,287,83,0.176,34.7,5.0,0.088,0.254,0.0736,0.176,0.1208,0.0369,0.186,0.8419,0.1543,0.111,0.0426,0.0396,0.564,0.0018,0.0053,1.81,0.0107,0.0155,0.883,54063,25720,0.289,51526,32489,0.383,0.2718,0.1446,0.323,0.0369,0.0405,0.668,0.5982,0.1823,0.185,0.1294,0.1072,0.504,352,89,0.154,0.1847,0.0846,0.278,1938,,,0.7869,0.1156,0.089,0.0994,0.0744,0.455,0.0142,0.0408,1.747,0.0,0.0482,,0.3972,0.1446,0.221,114,53,0.283,173,56,0.197,0.3979,0.153,0.234,1160,178,0.093,53000,23996,0.275,0.4035,0.1394,0.21,0.2193,0.1534,0.425,0.2254,0.1455,0.392,0.7462,0.5037,0.41,0.0,0.0462,,0.0038,0.0114,1.798,0.0,0.0462,,0.1308,0.135,0.628,0.0557,0.0476,0.519
4200382800,2024,12228,36,0.002,5331,214,0.024,51.3,4.5,0.053,0.1706,0.0307,0.109,0.2843,0.0387,0.083,0.9566,0.0183,0.012,0.0009,0.0012,0.829,0.0008,0.0012,0.912,0.0029,0.0034,0.729,94820,8828,0.057,50290,5686,0.069,0.082,0.04,0.296,0.0269,0.0152,0.343,0.587,0.0485,0.05,0.3676,0.0647,0.107,5540,249,0.027,0.0377,0.0299,0.482,1973,4,0.001,0.73,0.0471,0.039,0.0458,0.0311,0.412,0.0274,0.0251,0.556,0.0197,0.0124,0.384,0.1289,0.0375,0.177,687,202,0.179,4644,293,0.038,0.1116,0.0353,0.192,1016,373,0.223,244100,13901,0.035,0.2227,0.1313,0.358,0.1499,0.1156,0.469,0.1342,0.0441,0.2,0.7132,0.0691,0.059,0.0103,0.0101,0.595,0.0069,0.0089,0.788,0.0028,0.0048,1.062,0.2025,0.0763,0.229,0.0208,0.0138,0.402
4200382848,2024,344,126,0.223,154,49,0.193,49.5,28.2,0.346,0.1831,0.0977,0.324,0.1686,0.0437,0.157,0.9448,0.063,0.041,0.0029,0.0057,1.195,0.0174,0.0313,1.092,0.0087,0.0142,0.988,55000,15085,0.167,28328,7345,0.158,0.0663,0.0386,0.354,0.0811,0.0567,0.425,0.656,0.1461,0.135,0.1355,0.1004,0.45,186,54,0.176,0.172,0.0829,0.293,1956,6,0.002,0.5968,0.1083,0.11,0.1022,0.0658,0.391,0.0108,0.0664,3.756,0.0,0.0912,,0.2662,0.1069,0.244,41,21,0.311,113,42,0.226,0.3081,0.1899,0.375,935,155,0.101,82100,18081,0.134,0.3415,0.3506,0.624,0.1463,0.1534,0.637,0.0708,0.248,2.129,0.7152,0.1171,0.1,0.0242,0.0287,0.72,0.0061,0.0241,2.419,0.0,0.0727,,0.097,0.0955,0.598,0.0844,0.069,0.497
4200383200,2024,1905,294,0.094,838,118,0.086,38.9,2.2,0.034,0.1669,0.0351,0.128,0.2089,0.0307,0.089,0.7181,0.0466,0.039,0.1139,0.0681,0.363,0.0,0.0063,,0.0961,0.0992,0.628,77250,30388,0.239,44052,5896,0.081,0.0693,0.0402,0.353,0.084,0.0759,0.549,0.6459,0.0473,0.044,0.3464,0.071,0.125,959,98,0.062,0.1262,0.0623,0.3,1957,2,0.001,0.8227,0.0734,0.054,0.0709,0.0456,0.391,0.0615,0.0492,0.486,0.0219,0.0336,0.933,0.2458,0.0991,0.245,206,88,0.26,632,95,0.091,0.2018,0.113,0.34,1247,315,0.154,167400,14199,0.052,0.6456,0.2828,0.266,0.2476,0.2452,0.602,0.0823,0.0597,0.441,0.6416,0.0636,0.06,0.0603,0.0704,0.71,0.0258,0.0428,1.008,0.0,0.0129,,0.2142,0.0857,0.243,0.0847,0.0528,0.379
4200383512,2024,19190,43,0.001,8286,536,0.039,43.4,2.7,0.038,0.212,0.0382,0.109,0.199,0.0192,0.059,0.8381,0.041,0.03,0.0732,0.0228,0.189,0.0092,0.0084,0.556,0.0314,0.025,0.484,76563,9410,0.075,37627,2376,0.038,0.1117,0.0313,0.17,0.0819,0.0304,0.226,0.6579,0.025,0.023,0.2455,0.0293,0.073,8972,542,0.037,0.0765,0.0275,0.218,1956,1,0.0,0.8247,0.0296,0.022,0.0128,0.0091,0.43,0.0374,0.0215,0.349,0.0533,0.0225,0.257,0.2011,0.0326,0.099,1666,291,0.106,6620,471,0.043,0.206,0.0414,0.122,780,147,0.115,151600,6893,0.028,0.3896,0.123,0.192,0.1555,0.0783,0.306,0.1518,0.0329,0.132,0.6936,0.041,0.036,0.0366,0.0162,0.27,0.0063,0.0047,0.46,0.0,0.0021,,0.1533,0.0271,0.107,0.1027,0.0273,0.161
4200384144,2024,6533,16,0.001,2794,225,0.049,39.1,3.8,0.059,0.178,0.0365,0.125,0.1419,0.0312,0.134,0.8408,0.0742,0.054,0.0341,0.028,0.499,0.0044,0.006,0.818,0.0531,0.0395,0.452,84063,18049,0.131,41677,4627,0.067,0.0885,0.0421,0.29,0.0513,0.023,0.273,0.725,0.0434,0.036,0.4428,0.0831,0.114,2816,230,0.05,0.0078,0.0113,0.883,1951,5,0.002,0.6552,0.0201,0.019,0.2006,0.0807,0.245,0.021,0.0136,0.395,0.0927,0.0507,0.332,0.3225,0.0713,0.134,901,212,0.143,1893,187,0.06,0.237,0.0489,0.125,1080,92,0.052,227100,12038,0.032,0.4528,0.2008,0.27,0.2075,0.1522,0.446,0.1194,0.057,0.29,0.7851,0.0681,0.053,0.0033,0.0046,0.86,0.0258,0.0369,0.869,0.0,0.0046,,0.1317,0.0384,0.177,0.0773,0.0588,0.462
4200384440,2024,1140,214,0.114,549,103,0.114,41.8,6.7,0.097,0.1561,0.0464,0.181,0.1763,0.0187,0.065,0.6544,0.0254,0.024,0.1974,0.0929,0.286,0.0,0.0105,,0.093,0.0743,0.486,63194,4816,0.046,32867,4684,0.087,0.2586,0.1285,0.302,0.149,0.1125,0.459,0.6656,0.138,0.126,0.1407,0.0467,0.202,638,102,0.097,0.1395,0.0636,0.277,1952,2,0.001,0.8699,0.088,0.061,0.0376,0.0374,0.605,0.0502,0.0269,0.326,0.0,0.0266,,0.4299,0.1279,0.181,236,83,0.214,313,58,0.113,0.4991,0.1473,0.179,1075,199,0.113,98500,9850,0.061,0.3051,0.0971,0.193,0.2373,0.1014,0.26,0.1278,0.0742,0.353,0.697,0.0337,0.029,0.0279,0.029,0.633,0.0,0.0223,,0.0,0.0223,,0.1152,0.0773,0.408,0.1403,0.0441,0.191
4200384512,2024,14811,35,0.001,6727,315,0.028,43.2,3.5,0.049,0.1772,0.0298,0.102,0.2546,0.0286,0.068,0.7769,0.0578,0.045,0.0435,0.0192,0.268,0.1438,0.0593,0.251,0.0177,0.0108,0.371,89404,11120,0.076,51601,4515,0.053,0.0672,0.0286,0.259,0.0629,0.033,0.319,0.638,0.0351,0.033,0.4309,0.0521,0.074,7130,336,0.029,0.0565,0.0288,0.309,1957,2,0.001,0.6487,0.0377,0.035,0.0585,0.036,0.374,0.0474,0.0313,0.401,0.1555,0.0396,0.155,0.2486,0.046,0.112,1672,319,0.116,5055,347,0.042,0.1837,0.047,0.156,915,122,0.081,236200,8557,0.022,0.5849,0.1611,0.167,0.2835,0.1114,0.239,0.1589,0.0411,0.157,0.6864,0.0405,0.036,0.0427,0.0236,0.335,0.0155,0.0099,0.387,0.0,0.0027,,0.1646,0.035,0.129,0.0992,0.032,0.196
4200384704,2024,7468,25,0.002,3848,297,0.047,55.0,3.8,0.042,0.1668,0.0396,0.144,0.3382,0.0519,0.093,0.8654,0.0547,0.038,0.0848,0.0486,0.349,0.0011,0.0029,1.672,0.0091,0.0094,0.626,59452,9840,0.101,39800,3653,0.056,0.098,0.0401,0.249,0.0697,0.0432,0.377,0.5308,0.0473,0.054,0.2881,0.0649,0.137,3991,297,0.045,0.0358,0.0289,0.491,1955,2,0.001,0.6931,0.0472,0.041,0.0589,0.041,0.423,0.1363,0.0694,0.309,0.0529,0.0259,0.298,0.3378,0.0822,0.148,1300,332,0.155,2548,258,0.062,0.2646,0.0662,0.152,1000,129,0.078,162200,12743,0.048,0.4877,0.1297,0.162,0.23,0.1254,0.331,0.1527,0.051,0.203,0.6709,0.1155,0.105,0.0092,0.0143,0.94,0.0057,0.0102,1.078,0.0,0.0054,,0.2236,0.089,0.242,0.0442,0.0275,0.378
4200385184,2024,6212,26,0.003,3149,203,0.039,44.9,4.4,0.06,0.1706,0.0394,0.141,0.2849,0.047,0.1,0.6629,0.0589,0.054,0.2629,0.0621,0.144,0.0023,0.0024,0.651,0.0135,0.0079,0.355,65625,9566,0.089,43989,4852,0.067,0.1067,0.0423,0.241,0.0518,0.0252,0.295,0.5981,0.036,0.037,0.4395,0.0602,0.083,3257,204,0.038,0.0332,0.0251,0.46,1961,3,0.001,0.6761,0.0415,0.037,0.0135,0.0119,0.537,0.0599,0.0314,0.318,0.233,0.061,0.159,0.3741,0.0689,0.112,1178,230,0.119,1971,150,0.046,0.2659,0.0518,0.118,1097,41,0.023,174700,11899,0.041,0.4949,0.1355,0.166,0.2445,0.119,0.296,0.1461,0.0486,0.202,0.6096,0.0747,0.074,0.023,0.0144,0.382,0.0037,0.0061,0.994,0.0,0.0058,,0.2862,0.0674,0.143,0.0616,0.0364,0.36
4200385188,2024,14027,34,0.001,7685,444,0.035,40.0,2.2,0.033,0.1519,0.0294,0.118,0.2073,0.0289,0.085,0.3661,0.0376,0.062,0.4616,0.0415,0.055,0.023,0.0123,0.327,0.0527,0.0227,0.262,46416,3814,0.05,37575,3844,0.062,0.2037,0.0464,0.138,0.1115,0.0336,0.183,0.6306,0.0398,0.038,0.3666,0.0425,0.07,9563,516,0.033,0.1964,0.0305,0.094,1947,4,0.001,0.3305,0.04,0.074,0.2103,0.0377,0.109,0.172,0.0307,0.108,0.1532,0.0345,0.137,0.6992,0.0435,0.038,5373,456,0.052,2312,354,0.093,0.6982,0.0459,0.04,1025,73,0.043,155500,23204,0.091,0.5023,0.0645,0.078,0.2663,0.0533,0.122,0.1985,0.0742,0.227,0.4433,0.0635,0.087,0.2138,0.0518,0.147,0.0336,0.0193,0.35,0.0034,0.0036,0.633,0.2406,0.0482,0.122,0.2921,0.0521,0.108
4200385496,2024,1761,492,0.17,909,150,0.1,38.4,7.6,0.12,0.1687,0.0545,0.196,0.1414,0.0047,0.02,0.7172,0.1219,0.103,0.2521,0.1153,0.278,0.0,0.0068,,0.0216,0.0237,0.667,36467,6173,0.103,24955,4274,0.104,0.2976,0.1098,0.224,0.1271,0.0875,0.419,0.6032,0.1125,0.113,0.1641,0.0637,0.236,1147,128,0.068,0.2075,0.0704,0.206,1961,19,0.006,0.2842,0.0689,0.147,0.2302,0.0835,0.22,0.1761,0.0791,0.273,0.0976,0.0489,0.304,0.6601,0.1026,0.094,600,136,0.138,309,83,0.163,0.633,0.161,0.155,778,59,0.046,61200,11099,0.11,0.4283,0.1377,0.195,0.2533,0.1185,0.284,0.1197,0.1569,0.797,0.5492,0.1618,0.179,0.1831,0.0857,0.285,0.0541,0.0705,0.792,0.0,0.0166,,0.1054,0.091,0.525,0.3014,0.0862,0.174
