GEOID,name,neighborhood,residential,displacement_score,displacement_conf,qct,dda,oz,cdbg,renter_hh,renter_hh_moe,le30_hh,le30_moe,le30_burden30,le30_burden30_moe,le30_burden50,le30_burden50_moe,b30_50_hh,b30_50_moe,b30_50_burden30,b30_50_burden30_moe,b30_50_burden50,b30_50_burden50_moe,b50_80_hh,b50_80_moe,b50_80_burden30,b50_80_burden30_moe,b50_80_burden50,b50_80_burden50_moe,b80_100_hh,b80_100_moe,b80_100_burden30,b80_100_burden30_moe,b80_100_burden50,b80_100_burden50_moe,gt100_hh,gt100_moe,gt100_burden30,gt100_burden30_moe,gt100_burden50,gt100_burden50_moe,types_le30_elderly_alone,types_le30_elderly_alone_moe,types_le30_elderly_family,types_le30_elderly_family_moe,types_le30_small_family,types_le30_small_family_moe,types_le30_large_family,types_le30_large_family_moe,types_le30_other,types_le30_other_moe,types_b30_50_elderly_alone,types_b30_50_elderly_alone_moe,types_b30_50_elderly_family,types_b30_50_elderly_family_moe,types_b30_50_small_family,types_b30_50_small_family_moe,types_b30_50_large_family,types_b30_50_large_family_moe,types_b30_50_other,types_b30_50_other_moe,types_b50_80_elderly_alone,types_b50_80_elderly_alone_moe,types_b50_80_elderly_family,types_b50_80_elderly_family_moe,types_b50_80_small_family,types_b50_80_small_family_moe,types_b50_80_large_family,types_b50_80_large_family_moe,types_b50_80_other,types_b50_80_other_moe,types_gt80_elderly_alone,types_gt80_elderly_alone_moe,types_gt80_elderly_family,types_gt80_elderly_family_moe,types_gt80_small_family,types_gt80_small_family_moe,types_gt80_large_family,types_gt80_large_family_moe,types_gt80_other,types_gt80_other_moe,asking_2br,asking_n,asking_conf,acs_rent,acs_rent_moe,zip,safmr_2br,value_acs,value_acs_moe,value_nbr_acs,sfd_share,units_2_4_share,units_5_19_share,units_20plus_share,vacancy_share,freq_dist_mi,any_dist_mi,freq_share_qmi,block_pop,departures_qmi,departures_tract_qmi,freq_stops_qmi,jobs_1mi,school_mi,elem_mi,grocery_mi,services_halfmi,hand_pct,zoning_R1D,zoning_R1A,zoning_R2,zoning_R3,zoning_RM,zoning_H,zoning_LNC,zoning_NDO,zoning_UNC,zoning_HC,zoning_UI,zoning_NDI,zoning_GI,zoning_RIV,zoning_GT,zoning_P,zoning_PLANNED,zoning_unmapped,zoning_covered,zoning_bytype_adu,zoning_bytype_duplex_triplex,zoning_bytype_townhome,zoning_bytype_small_apartment,zoning_bytype_senior,zoning_ok,fema_sfha_pct,fema_zone,parcels_2_4,vacant_parcels,sale_median,sale_n,sale_nbr_median,sale_nbr_n,departures_pct,jobs_1mi_pct
42003010301,Tract 103.01,Bluff,False,,,False,False,False,,0,11,0,11,0,15.556349186104045,0,11,0,11,0,15.556349186104045,0,11,0,11,0,15.556349186104045,0,11,0,11,0,15.556349186104045,0,11,0,11,0,15.556349186104045,0,11,0,11.0,0,11.0,0,11.0,0,11.0,0,11.0,0,11.0,0,11.0,0,11.0,0,11.0,0,11.0,0,11.0,0,11.0,0,11.0,0,11.0,0,11.0,0,15.556349186104045,0,15.556349186104045,0,15.556349186104045,0,15.556349186104045,0,15.556349186104045,,0,low,,,15219,1380,,,233100.0,,,,,,0.04620843179452425,0.04620843179452425,1.0,1807,1049.0,9639,42,108366.0,0.662243195578918,0.6896910001693921,0.596648444995164,3.0,58.4416,0.0,0.0,0.0,0.0,0.0,0.2096139013468153,0.0,0.0,0.0,0.0,0.0,0.0,0.27800845607530555,0.5070349146200934,0.00337579854869132,0.0,0.0019668193806421067,0.0,0.9999998899715477,unknown,conditional,yes,yes,yes,True,51.86556485320067,AE,0,0,,0,295000.0,441,,
42003010302,Tract 103.02,Bluff,True,0.7898612476783567,medium,True,False,True,True,220,92,90,51,85,50.99019513592785,60,34,20,20,8,10.295630140987,4,5,20,18,15,18.601075237738275,0,11,50,69,45,69.87131027825369,0,11,40,23,0,15.556349186104045,0,11,10,14.0,0,11.0,25,38.0,0,11.0,60,34.0,0,11.0,0,11.0,10,20.0,0,11.0,10,13.0,0,11.0,0,11.0,4,8.0,0,11.0,15,15.0,0,15.556349186104045,0,15.556349186104045,0,15.556349186104045,0,15.556349186104045,90,72.73238618387272,1850.0,151,high,2042.0,419.0,15219,1380,173300.0,44961.0,224850.0,0.3185,0.1062,0.0892,0.2781,0.3015,0.07776019345173991,0.06405190568576688,1.0,4075,2497.0,11834,54,103165.0,0.6008098337626394,0.6187964560135665,0.5532695945499616,5.895950920245399,33.7646,0.0,0.0,0.0,0.0,0.0,0.03829730805688452,0.0,0.0,0.0,0.0,0.0,0.0,0.0,0.0,0.0,0.0,0.961702692147431,0.0,1.0000000002043155,unknown,unknown,unknown,unknown,unknown,True,0.0,,39,128,295000.0,4,265000.0,257,0.956140350877193,0.9824561403508771
42003020100,Tract 201,Central Business District,True,0.5172241485391618,medium,False,True,False,False,1795,271,315,149,205,115.52488909321661,205,115,150,79,145,80.62257748298549,90,70,80,39,40,33.24154027718932,25,23,210,112,50,36.68787265568828,0,11,1045,239,25,29.154759474226502,0,11,70,87.0,0,11.0,4,15.0,0,11.0,235,122.0,45,55.0,0,11.0,0,11.0,0,11.0,105,61.0,15,19.0,0,11.0,30,23.0,0,11.0,30,23.0,95,85.09406559801923,30,31.953090617340916,170,99.60923651951158,0,15.556349186104045,950,241.59884105682295,2604.0,585,high,1678.0,120.0,15222,1950,605100.0,227652.0,232300.0,0.0127,0.0116,0.0262,0.9439,0.2995,0.045251464663038886,0.04223087014654886,1.0,4729,6377.0,22072,93,119980.0,0.17089336534881308,0.3319755557811598,0.6604943590262582,7.117572425459928,52.0842,0.0,0.0,0.0,0.0,0.0,0.003620274196265404,0.0,0.0,0.0,0.0,0.0015150682806313487,0.0,0.0,0.017141855771194727,0.7999554042845121,0.17339909487888308,0.004368367378900423,0.0,1.000000064790387,no,no,conditional,yes,yes,True,37.21990289970137,AE,0,30,340000.0,119,320000.0,291,1.0,0.9912280701754386
42003020300,Tract 203,Strip District,True,0.1492974693370594,low,False,True,False,False,980,171,85,117,10,18.601075237738275,10,15,30,26,29,24.73863375370596,25,24,65,40,55,37.8021163428716,40,30,70,45,70,54.037024344425184,20,34,730,127,50,31.304951684997057,10,14,0,11.0,4,13.0,4,8.0,0,11.0,80,118.0,0,11.0,0,11.0,0,11.0,0,11.0,30,26.0,10,17.0,4,14.0,0,11.0,0,11.0,45,36.0,4,18.601075237738275,15,21.095023109728988,90,43.41658669218482,0,15.556349186104045,690,142.30249470757707,3200.0,445,high,2312.0,93.0,15222,1950,,,278400.0,0.0592,0.0286,0.0208,0.8494,0.2281,0.1818843116066649,0.1807129189514172,1.0,1845,635.0,9881,47,18848.0,0.448461457531644,0.448569449936319,0.17569108307722733,11.391327913279133,62.9532,0.0,0.0,0.0,0.0,0.0,0.08926881889692909,0.0,0.0,0.0,0.0,0.19985414483240338,0.0,0.0,0.46382218538667974,0.11332911432930615,0.013272333310480793,0.12043990331396687,0.0,0.9999865000697661,unknown,conditional,yes,yes,yes,True,30.64137077093959,AE,3,72,617500.0,54,285000.0,347,0.43859649122807015,0.6140350877192983
42003030500,Tract 305,Crawford-Roberts,True,0.7121363717389179,medium,True,False,True,True,1225,190,545,131,365,133.96268137059664,245,111,200,89,145,86.45229898620394,75,57,160,95,55,47.16990566028302,15,25,100,71,0,15.556349186104045,0,11,220,104,20,20.248456731316587,0,11,200,80.0,10,15.0,55,39.0,35,51.0,255,110.0,15,19.0,0,11.0,60,51.0,0,11.0,120,77.0,10,13.0,15,26.0,90,78.0,0,11.0,50,42.0,30,26.92582403567252,10,23.706539182259394,105,58.05170109479997,0,15.556349186104045,170,109.0,1830.0,170,high,1230.0,268.0,15219,1380,232300.0,36194.0,147800.0,0.0634,0.1131,0.1542,0.5629,0.1973,0.09461894379530826,0.05837041089469949,1.0,3041,2339.0,16407,75,94205.0,0.4002798724334157,0.4028795401739364,0.2590120196190885,12.121670503123973,6.2943,0.03353288001508855,0.0,0.0,0.0,0.29907804260850945,0.0019121477591987769,0.033244874094398365,0.0,0.0,0.0,0.0,0.0,0.0,0.0,0.118037103736654,0.03865067908414688,0.47554657369557596,0.0,1.000002300993572,conditional,yes,yes,yes,yes,True,0.0,,51,330,182750.0,56,367500.0,205,0.9298245614035088,0.9649122807017544
42003040200,Tract 402,West Oakland,True,0.6149002052821335,medium,True,False,False,True,290,63,205,56,179,54.91812087098393,175,54,35,36,20,27.313000567495326,20,25,30,22,25,22.825424421026653,0,11,0,11,0,15.556349186104045,0,11,25,19,0,15.556349186104045,0,11,0,11.0,10,14.0,55,21.0,0,11.0,140,52.0,15,26.0,0,11.0,0,11.0,0,11.0,20,27.0,0,11.0,0,11.0,4,9.0,0,11.0,25,22.0,4,16.278820596099706,0,15.556349186104045,10,17.804493814764857,0,15.556349186104045,4,20.248456731316587,2150.0,32,medium,1564.0,161.0,15213,1680,122300.0,51757.0,216600.0,0.2041,0.156,0.0569,0.2332,0.3426,0.12061337584222938,0.06018903381183328,0.9187056037884768,2534,4276.0,16800,31,54824.0,0.35657923872946223,0.521016119961366,0.8571557657521677,9.46527229676401,1.7178,0.0,0.19090744060339268,0.0,0.0,0.0,0.23360006682892603,0.006724431424576344,0.0,0.0,0.0,0.0,0.0,0.0,0.0,0.016662905847894597,0.005098050304636161,0.5470062882230831,0.0,0.9999991832325088,conditional,conditional,yes,unknown,conditional,True,0.0,,18,166,283000.0,21,225000.0,128,0.9912280701754386,0.868421052631579
42003040400,Tract 404,North Oakland,True,0.5357960720385033,medium,False,False,False,True,285,83,140,50,95,44.384682042344295,95,43,20,22,25,24.698178070456937,15,21,55,44,35,38.600518131237564,0,11,40,44,0,15.556349186104045,0,11,30,29,0,15.556349186104045,0,11,0,11.0,0,11.0,0,11.0,0,11.0,140,50.0,0,11.0,0,11.0,0,11.0,0,11.0,20,22.0,10,20.0,0,11.0,0,11.0,0,11.0,45,39.0,0,15.556349186104045,10,20.248456731316587,0,15.556349186104045,0,15.556349186104045,60,50.11985634456667,2200.0,27,medium,1238.0,108.0,15213,1680,270200.0,94678.0,609250.0,0.0175,0.0375,0.0518,0.8932,0.2382,0.05416249617776255,0.05416249617776255,1.0,2220,3640.0,8899,30,64471.0,0.22333785285475274,0.22333785285475274,0.5381442729235044,9.45945945945946,21.5613,0.0,0.0,0.0,0.0,2.2265061997751893e-08,0.0,0.0,0.0,0.0,0.0,0.0,0.0,0.0,0.0,0.7609937936411578,0.0,0.23900196448060734,0.0,0.9999957803868271,unknown,unknown,conditional,yes,yes,True,0.0,,6,11,250000.0,125,467500.0,242,0.9736842105263158,0.9385964912280702
42003040500,Tract 405,Central Oakland,True,0.4818351187703773,medium,True,False,False,True,910,147,690,143,465,133.79461872586654,425,126,145,106,115,100.12492197250393,70,64,40,45,20,24.596747752497688,0,11,20,28,10,17.029386365926403,0,11,15,26,0,15.556349186104045,0,11,0,11.0,0,11.0,4,3.0,0,11.0,685,144.0,10,20.0,0,11.0,0,11.0,0,11.0,135,102.0,25,40.0,0,11.0,0,11.0,0,11.0,20,22.0,15,28.231188426986208,15,26.40075756488817,0,15.556349186104045,0,15.556349186104045,10,17.029386365926403,1825.0,404,high,1480.0,320.0,15213,1680,215800.0,115492.0,217400.0,0.1391,0.2775,0.3731,0.0901,0.2696,0.15166693147845073,0.1338269349672942,0.99233007140968,3781,3762.0,13195,20,60084.0,0.3187149320254085,0.4966830889814645,0.9148070343776694,12.882835228775456,42.7052,0.0,0.041750486367617405,0.027749816549687785,0.02257429053521302,0.2885775260184245,0.0,0.0,0.0,0.0,0.0,0.0,0.0,0.0,0.0,0.3130626245143147,0.14833882889338082,0.15794665891787812,0.0,1.0000002317965164,conditional,yes,yes,yes,yes,True,0.0,,243,21,582500.0,6,335000.0,161,0.9824561403508771,0.9035087719298246
42003040600,Tract 406,Central Oakland,True,0.5559016457071884,medium,True,False,False,True,785,100,390,105,370,106.7941945987702,360,106,150,76,110,63.245553203367585,65,52,170,76,100,54.67174773134658,30,35,35,40,0,15.556349186104045,0,11,40,34,0,15.556349186104045,0,11,0,11.0,0,11.0,0,11.0,0,11.0,390,105.0,0,11.0,0,11.0,40,46.0,0,11.0,110,62.0,0,11.0,0,11.0,20,23.0,0,11.0,150,72.0,0,15.556349186104045,0,15.556349186104045,0,15.556349186104045,0,15.556349186104045,75,52.49761899362675,1595.0,266,high,1788.0,271.0,15213,1680,,,217400.0,0.132,0.4185,0.221,0.1292,0.2818,0.36581290906127667,0.2093857512203504,0.0,2054,101.0,2322,5,60626.0,0.5128009346489576,0.5633114974946949,0.8767727446750342,7.9508276533592985,15.896,0.0,0.2187503676768596,0.016248111879522135,0.0,0.3335954164817355,0.10203723815789441,0.0,0.0,0.0,0.0,0.0,0.0,0.0,0.0,0.11207170208270904,0.2172971769675702,0.0,0.0,1.000000013246291,conditional,yes,yes,yes,yes,True,0.0,,169,24,455000.0,7,365000.0,139,0.03508771929824561,0.9210526315789473
42003040900,Tract 409,South Oakland,True,0.4379303305789876,medium,True,False,False,True,1125,247,700,231,580,216.0925727552893,550,214,155,68,140,65.29931086925804,75,50,130,65,60,40.22437072223753,40,33,45,37,25,30.083217912982647,0,11,95,59,0,15.556349186104045,0,11,15,21.0,0,11.0,15,23.0,0,11.0,670,231.0,10,19.0,0,11.0,0,11.0,10,20.0,130,66.0,0,11.0,0,11.0,4,5.0,0,11.0,125,66.0,0,15.556349186104045,10,17.804493814764857,20,24.839484696748443,0,15.556349186104045,110,64.88451279003334,1512.5,324,high,1431.0,308.0,15213,1680,217400.0,17727.0,215800.0,0.1541,0.3486,0.1442,0.1597,0.1994,0.1878127695863498,0.1413332834022813,0.6815995189416717,3326,1488.0,10074,23,56357.0,0.6176063069625961,0.7528197734021436,0.7403984789358287,3.541491280817799,8.5578,0.0,0.37537310978413024,0.0,0.0,0.0,0.29078419481208057,0.0,0.0,0.0,0.0,3.142681607977851e-06,0.0,0.0,0.0,0.1598356474107703,0.0875620601591044,0.08644233730619481,0.0,1.0000004921538883,conditional,conditional,yes,yes,yes,True,0.0,,187,218,260000.0,61,256250.0,118,0.8070175438596491,0.8947368421052632
42003050100,Tract 501,Middle Hill,True,0.6576788168388852,medium,True,False,True,True,745,142,330,106,165,87.69264507357501,165,87,145,55,105,52.55473337388365,20,19,180,118,0,15.556349186104045,0,11,80,66,0,15.556349186104045,0,11,10,14,0,15.556349186104045,0,11,100,62.0,0,11.0,120,85.0,0,11.0,110,69.0,105,52.0,20,23.0,20,23.0,0,11.0,0,11.0,0,11.0,10,19.0,135,122.0,0,11.0,35,52.0,50,54.817880294662984,0,15.556349186104045,0,15.556349186104045,0,15.556349186104045,40,44.384682042344295,1100.0,42,medium,837.0,119.0,15219,1380,112500.0,18623.0,201150.0,0.2236,0.1364,0.2609,0.1309,0.1936,0.26458751845388045,0.0784666524250041,0.5714285714285714,1757,923.0,4522,15,52777.0,0.21762743470925322,0.2866137130294735,0.44651444107211685,10.153101878201479,14.8841,0.0,0.0,0.0,0.0,0.7650092746765377,0.0,0.19850995037555408,0.0,0.0,0.0,0.0,0.0,0.0,0.0,0.0,0.00013190097591132227,0.03634882900909488,0.0,0.9999999550370979,conditional,yes,yes,yes,yes,True,0.0,,72,755,200000.0,7,175000.0,79,0.6052631578947368,0.8508771929824561
42003050600,Tract 506,Upper Hill,True,0.5428444513446842,low,True,False,False,True,385,157,55,45,30,38.948684188300895,15,26,235,135,110,94.64142856064674,0,11,30,30,14,17.029386365926403,10,13,15,25,0,15.556349186104045,0,11,55,57,0,15.556349186104045,0,11,15,29.0,0,11.0,10,20.0,0,11.0,25,29.0,110,94.0,0,11.0,95,84.0,0,11.0,30,37.0,10,13.0,0,11.0,4,11.0,0,11.0,15,25.0,15,27.313000567495326,0,15.556349186104045,35,55.10898293381942,0,15.556349186104045,20,29.154759474226502,1250.0,54,high,895.0,152.0,15219,1380,170000.0,146393.0,195450.0,0.4639,0.1242,0.0959,0.2027,0.2904,0.38617463542380837,0.06646043761280979,0.1073708647707487,1723,627.0,4451,8,55313.0,0.29485244427867996,0.6396869421029348,0.7267196956867719,5.012768427161927,4.9729,0.0356916112093608,0.0,0.6912866112689154,0.0,0.03275660944879735,0.0,0.03361805807239375,0.0,0.0,0.0,0.019185262470222668,0.0,0.0,0.0,9.48604075423555e-06,0.18109193019142292,0.0063582787758777615,0.0,0.9999978474777449,conditional,yes,yes,yes,yes,True,0.0,,87,323,144950.0,22,375000.0,61,0.4298245614035088,0.8771929824561403
42003050900,Tract 509,Bedford Dwellings,True,0.607255889642165,medium,True,False,True,True,715,90,495,77,275,80.05623023850174,180,60,150,84,50,41.048751503547585,15,23,50,34,0,15.556349186104045,0,11,0,11,0,15.556349186104045,0,11,20,22,0,15.556349186104045,0,11,165,54.0,0,11.0,185,79.0,0,11.0,145,61.0,15,15.0,30,26.0,105,77.0,0,11.0,0,11.0,25,23.0,0,11.0,20,22.0,0,11.0,4,6.0,10,20.248456731316587,0,15.556349186104045,10,19.4164878389476,0,15.556349186104045,0,15.556349186104045,1466.5,23,medium,624.0,118.0,15219,1380,,,201150.0,0.064,0.0221,0.5449,0.08,0.0578,0.3039357067669054,0.06100647010556034,0.26334776334776333,1386,305.0,4539,21,30326.0,0.3493379163497007,0.3823313041899265,0.35653619524911623,12.034632034632034,0.0,0.0,0.0,0.0006490647626700655,0.0,0.6013576478770848,0.00024014224789793885,0.0007971933292639309,0.0,0.0,0.0,0.02911244692896966,0.0,0.0,0.0,0.0,0.3676093828234291,0.00023421840947380693,0.0,1.0000000963787894,conditional,yes,yes,yes,yes,True,0.0,,5,37,,0,267500.0,156,0.20175438596491227,0.7719298245614035
42003051000,Tract 510,Terrace Village,True,0.566838597641268,low,True,False,False,True,810,237,545,254,405,258.54400012377005,220,91,80,52,45,40.718546143004666,10,17,135,60,40,29.68164415931166,10,16,10,20,10,22.825424421026653,0,11,40,34,15,27.313000567495326,0,11,130,50.0,10,15.0,65,47.0,0,11.0,345,256.0,25,23.0,20,31.0,15,37.0,0,11.0,20,22.0,4,6.0,30,24.0,10,13.0,4,9.0,85,49.0,0,15.556349186104045,0,15.556349186104045,30,32.89376840679705,0,15.556349186104045,20,25.612496949731394,1995.0,78,high,691.0,361.0,15213,1680,,,122300.0,0.0624,0.0438,0.0526,0.5728,0.1763,0.3343622257596628,0.08120747824300115,0.16911332941867294,1703,1041.0,8222,13,54264.0,0.27099039889633536,0.3626131886770712,0.7217402686831322,6.4844392248972405,5.3393,0.00012197597680007271,0.00723251190082955,0.036729692768826545,0.0,0.043526844748842025,0.011733787415376638,1.959511545241228e-05,0.0,0.0,0.0,0.0,0.0,0.0,0.0,0.0,0.17068310875059392,0.7299524806852667,0.0,0.999999997361988,conditional,yes,yes,unknown,unknown,True,0.0,,16,28,155000.0,1,306000.0,86,0.6754385964912281,0.8596491228070176
42003051100,Tract 511,Terrace Village,True,0.6927461229277718,medium,True,False,True,True,160,88,110,75,75,60.207972893961475,40,45,20,23,20,25.495097567963924,0,11,15,16,0,15.556349186104045,0,11,0,11,0,15.556349186104045,0,11,15,27,0,15.556349186104045,0,11,15,18.0,0,11.0,75,73.0,20,25.0,0,11.0,15,23.0,0,11.0,0,11.0,0,11.0,4,11.0,0,11.0,0,11.0,15,16.0,0,11.0,0,11.0,0,15.556349186104045,0,15.556349186104045,0,15.556349186104045,0,15.556349186104045,15,29.154759474226502,,4,low,1057.0,172.0,15219,1380,,,122300.0,0.0519,0.0926,0.0,0.1222,0.037,0.15552225202868816,0.053222134560009085,1.0,617,1741.0,6971,26,60482.0,0.24693067005300415,0.24693067005300415,0.2841454012647566,7.413290113452188,0.0,0.0,0.0,0.0,0.0,0.01006139971335167,0.011121234595149118,0.0,0.0,0.0,0.0,0.0,0.0,0.0,0.0,0.0,0.05717668314651707,0.9216406954029175,0.0,1.0000000128579354,unknown,unknown,unknown,unknown,unknown,True,0.0,,0,0,,0,200000.0,85,0.868421052631579,0.9122807017543859
42003060300,Tract 603,Lower Lawrenceville,True,0.273795476892822,medium,False,False,False,True,820,151,65,39,65,41.773197148410844,35,31,165,64,95,58.59180830116101,45,52,105,53,60,40.8166632639171,10,21,60,42,30,27.313000567495326,0,11,425,126,65,65.92419889539804,0,11,25,32.0,10,14.0,0,11.0,0,11.0,30,27.0,90,46.0,0,11.0,0,11.0,0,11.0,75,57.0,0,11.0,0,11.0,10,17.0,0,11.0,95,53.0,10,20.248456731316587,0,15.556349186104045,45,33.83784863137726,0,15.556349186104045,425,127.88275880665071,2550.0,338,high,1789.0,173.0,15201,1770,341200.0,27222.0,257400.0,0.0847,0.1409,0.1653,0.2764,0.1628,0.10871144962460572,0.06644774256805487,1.0,2641,1336.0,6270,46,18775.0,0.19409068492936196,0.19409068492936196,0.5042990755697391,4.155244225672094,46.1935,0.0,0.20724969825143097,2.5680873294608616e-05,0.0,0.0,0.05366570205323211,0.08967803593075356,0.0,0.0,0.0,0.18625261714872837,0.00019633851046117672,0.0,0.40491081709415333,0.0,0.043933155909564356,0.0,0.0,0.9859120457716185,conditional,yes,yes,yes,yes,True,18.572081727034277,AE,101,136,425000.0,85,370000.0,403,0.7807017543859649,0.6052631578947368
42003060500,Tract 605,Polish Hill,True,0.6494624281943797,medium,False,False,False,True,300,95,115,67,95,67.53517601961218,70,60,25,25,25,27.313000567495326,0,11,60,42,15,26.40075756488817,0,11,45,28,4,15.556349186104045,0,11,55,31,10,17.029386365926403,0,11,85,63.0,4,10.0,0,11.0,0,11.0,25,19.0,0,11.0,0,11.0,0,11.0,0,11.0,25,25.0,0,11.0,0,11.0,4,10.0,0,11.0,55,41.0,4,14.212670403551895,4,14.866068747318506,14,19.4164878389476,25,27.313000567495326,45,31.622776601683793,2660.0,185,high,1079.0,141.0,15219,1380,278400.0,61611.0,236400.0,0.317,0.3534,0.0307,0.1239,0.2443,0.1810533182587297,0.06057124904320725,0.8892589508742714,1201,936.0,5223,34,21704.0,0.4931903374497627,0.5638210632327535,0.4166460673484855,5.23563696919234,10.4857,0.0,0.0,0.24970927267894047,0.0,0.029683569372843496,0.18142603277252403,0.08419974854317398,0.0,0.019950766875762162,0.0,0.2803727358115119,0.0,0.0,0.0,0.0,0.15464242421052096,0.0,0.0,0.999984550265277,conditional,yes,yes,yes,yes,True,0.0,,121,178,220000.0,17,406500.0,228,0.6140350877192983,0.631578947368421
42003070300,Tract 703,Shadyside,True,0.4385576773792889,medium,False,True,False,False,635,147,115,57,74,43.93176527297759,70,43,65,44,70,43.01162633521314,45,35,95,46,80,42.720018726587654,10,15,95,53,50,45.35416188179427,0,11,260,113,0,15.556349186104045,0,11,0,11.0,0,11.0,0,11.0,0,11.0,115,57.0,10,15.0,0,11.0,0,11.0,0,11.0,55,41.0,0,11.0,10,15.0,10,14.0,0,11.0,80,42.0,20,19.79898987322333,4,17.804493814764857,25,30.083217912982647,0,15.556349186104045,305,119.10079764636339,1795.0,229,high,1325.0,120.0,15232,1950,629400.0,142122.0,530700.0,0.2363,0.2566,0.4197,0.0281,0.2059,0.15115462378099817,0.07237557218449565,0.8591172536781096,2243,1053.0,6488,31,37682.0,0.20190935886433142,0.20190935886433142,0.36967195977664363,8.22068658047258,35.4839,0.32846066070687885,0.00034246021843807985,0.36317893478337865,0.0,0.2105185492852534,0.0,0.09749940771628035,0.0,0.0,0.0,0.0,0.0,0.0,0.0,0.0,0.0,0.0,0.0,1.0000000127102293,conditional,yes,yes,yes,yes,True,0.0,,130,13,704000.0,67,450000.0,391,0.6929824561403509,0.8070175438596491
42003070500,Tract 705,Shadyside,True,0.3918743207576463,low,False,True,False,True,1280,166,230,86,189,80.23091673413684,185,79,95,44,95,49.57822102496216,45,37,220,93,150,101.54801819828883,65,86,195,81,95,63.89053137985315,25,41,545,130,0,15.556349186104045,0,11,10,14.0,0,11.0,10,20.0,0,11.0,205,91.0,0,11.0,0,11.0,10,13.0,0,11.0,85,42.0,15,28.0,0,11.0,65,86.0,0,11.0,140,60.0,4,16.278820596099706,4,14.212670403551895,230,105.19030373565806,0,15.556349186104045,495,119.54078801814885,1750.0,404,high,1420.0,87.0,15232,1950,468200.0,179958.0,498700.0,0.1195,0.1785,0.3502,0.2581,0.1143,0.16744854118754998,0.07708966918389855,1.0,3040,1572.0,8859,44,28675.0,0.3015657207815813,0.3015657207815813,0.18553766248315232,12.442105263157895,79.5775,0.0,0.08420040835821849,0.43701365668432895,0.0,0.21404800948349337,0.0,0.13065171156525615,0.0,0.13403685862994452,0.0,0.0,0.0,0.0,0.0,0.0,0.0,4.933357328951364e-05,0.0,0.9999999782945309,conditional,yes,yes,yes,yes,True,0.0,,167,62,362500.0,71,421450.0,332,0.8421052631578947,0.7456140350877193
42003070600,Tract 706,Shadyside,True,0.5039493091134917,low,False,True,False,True,875,118,175,89,155,81.74350127074322,155,81,55,44,55,42.05948168962618,45,40,130,61,110,54.12947441089743,0,11,75,54,10,17.804493814764857,0,11,435,113,55,55.10898293381942,0,11,0,11.0,0,11.0,0,11.0,0,11.0,175,89.0,10,14.0,0,11.0,10,14.0,0,11.0,40,36.0,0,11.0,0,11.0,10,16.0,0,11.0,120,59.0,40,51.19570294468082,0,15.556349186104045,95,59.033888572581766,10,21.095023109728988,365,120.74767078498864,1890.0,302,high,1536.0,131.0,15232,1950,530700.0,324060.0,646300.0,0.1048,0.165,0.3846,0.1919,0.1225,0.12339800982571582,0.06638105549032931,0.954876937101185,2194,1416.0,5705,25,26753.0,0.4320298465501681,0.4320298465501681,0.3777227178657847,9.399270738377393,50.3759,0.0,0.17270006241380212,0.2935030575425085,0.0,0.5284408686064055,0.0,0.00032286841740149556,0.0,0.0,0.0,0.0,0.0,0.0,0.0,0.0,6.6379438775456e-08,0.005033085324007704,0.0,1.000000008683564,conditional,yes,yes,yes,yes,True,0.0,,59,7,324500.0,72,670000.0,297,0.7982456140350878,0.7192982456140351
42003070800,Tract 708,Shadyside,True,0.4081470268591833,medium,False,False,False,True,1375,166,220,87,175,88.68483523128404,175,88,70,47,70,53.0,45,45,65,42,55,34.438350715445125,10,15,95,57,25,29.154759474226502,0,11,930,198,235,160.37767924496225,0,11,10,16.0,0,11.0,20,25.0,0,11.0,190,80.0,0,11.0,0,11.0,0,11.0,0,11.0,70,47.0,10,14.0,0,11.0,10,15.0,0,11.0,50,38.0,75,60.41522986797286,0,15.556349186104045,285,129.34063553268942,75,109.55363982999378,590,127.61269529321916,3078.0,342,high,2177.0,151.0,15206,1670,646300.0,42028.0,468200.0,0.0326,0.1197,0.1612,0.5614,0.1413,0.09707721279205449,0.0945655745287871,1.0,2853,2133.0,8167,42,22023.0,0.5433558621975408,0.545976105019626,0.21208413800671386,9.53943217665615,51.4658,0.00018749289216536723,0.1501434477600673,0.07501416626798493,0.0,0.22836938564737574,0.0,0.04307469654055044,0.0,0.13109855159570535,0.0,0.0,0.0,0.0,0.0,0.0,0.1542609078257662,0.21783861014006659,0.0,0.9999872586696819,conditional,yes,yes,yes,yes,True,0.0,,68,15,820000.0,35,482500.0,322,0.9035087719298246,0.6491228070175439
42003070900,Tract 709,Shadyside,True,0.4518514205868654,low,True,False,False,True,1680,231,575,189,330,159.53056133543816,275,135,135,88,125,85.14693182963201,90,71,400,168,225,133.8992158304148,30,48,65,59,0,15.556349186104045,0,11,505,184,50,53.150729063673246,0,11,0,11.0,0,11.0,95,99.0,0,11.0,480,176.0,25,31.0,0,11.0,30,42.0,0,11.0,75,73.0,15,31.0,0,11.0,50,79.0,50,49.0,290,138.0,20,36.68787265568828,0,15.556349186104045,25,39.56008088970496,0,15.556349186104045,525,189.42280749687984,1830.0,195,high,1380.0,62.0,15213,1680,441800.0,117696.0,419150.0,0.1005,0.0577,0.1246,0.6663,0.1466,0.1082823707781548,0.07916468254737523,1.0,4987,2266.0,13403,59,48438.0,0.38220483218223666,0.38220483218223666,0.1960238692854495,11.17004210948466,55.5861,0.43803334062087407,0.0890906704619956,0.03138560839295776,0.0,0.2798417708122228,0.0,0.013986796477626132,0.0,0.03139254613975425,0.0,0.0,0.0,0.0,0.0,0.00010571029966247467,0.0,0.11616302039557803,0.0,0.999999463600671,conditional,yes,yes,yes,yes,True,0.0,,50,47,328750.0,134,397355.0,455,0.9210526315789473,0.8421052631578947
42003080200,Tract 802,Bloomfield,True,0.5755123428039124,medium,False,False,False,False,615,93,45,36,40,36.68787265568828,40,35,70,48,69,48.05205510693585,4,10,210,76,95,66.70832032063167,15,15,65,40,15,21.95449840010015,0,11,230,70,0,15.556349186104045,0,11,4,10.0,0,11.0,0,11.0,0,11.0,40,35.0,4,11.0,30,29.0,0,11.0,0,11.0,35,37.0,4,14.0,4,11.0,40,33.0,0,11.0,155,72.0,30,25.495097567963924,4,13.038404810405298,50,34.828149534535996,0,15.556349186104045,210,70.77428911688199,1595.0,152,high,1274.0,111.0,15224,1630,236400.0,26019.0,274600.0,0.3095,0.2203,0.0799,0.0056,0.1273,0.12904544774243798,0.11577540907693895,0.9437577255871447,1618,1197.0,4900,33,29127.0,0.39630010377258107,0.39630010377258107,0.177013547626781,10.195920889987638,15.9827,0.0,0.07876556547892326,0.49966775520468815,0.0,0.0,0.12196061688435902,0.08720517796403862,0.0,0.0,0.0,0.18586442733613906,0.0,0.0,0.0,0.0,0.026543592927931157,0.0,0.0,1.0000071357960791,conditional,yes,yes,yes,yes,True,0.0,,123,69,257500.0,31,370000.0,221,0.7236842105263158,0.7631578947368421
42003080400,Tract 804,Bloomfield,True,0.4202666511411271,low,False,False,False,False,710,111,200,73,175,71.84705978674423,175,71,100,47,80,41.617304093369626,30,24,90,44,49,32.01562118716424,4,8,105,74,15,20.248456731316587,0,11,215,59,4,19.4164878389476,0,11,20,18.0,0,11.0,0,11.0,0,11.0,180,70.0,4,12.0,0,11.0,10,15.0,0,11.0,85,45.0,0,11.0,15,29.0,4,12.0,0,11.0,65,34.0,0,15.556349186104045,0,15.556349186104045,69,40.26164427839479,0,15.556349186104045,255,91.60785992479029,2210.0,246,high,1494.0,294.0,15224,1630,190900.0,27736.0,323100.0,0.1138,0.3547,0.0918,0.2983,0.1195,0.09974211620371586,0.051101967577770795,1.0,1674,1870.0,8076,41,45025.0,0.5982502069014317,0.5982502069014317,0.2406119569805924,13.006571087216248,12.2951,0.0,0.10086855838924291,0.2536904206120132,0.0,0.0012078140032152206,0.06370656791997935,0.17610476440231113,0.0,0.2447901388710935,0.0,0.01612703710480505,0.0,0.0,0.0,0.0,0.01214671905482857,0.13135954359130048,0.0,1.0000015639487894,conditional,yes,yes,yes,yes,True,0.0,,100,27,360000.0,29,365000.0,249,0.8859649122807017,0.8333333333333334
42003080600,Tract 806,Bloomfield,True,0.3815309331999287,low,False,False,False,False,790,123,140,54,125,53.85164807134504,115,52,130,62,115,60.01666435249463,0,11,105,55,35,36.68787265568828,0,11,165,68,15,24.596747752497688,0,11,250,100,0,15.556349186104045,0,11,40,30.0,0,11.0,0,11.0,0,11.0,100,47.0,10,14.0,0,11.0,4,12.0,0,11.0,120,57.0,0,11.0,0,11.0,30,35.0,15,22.0,60,40.0,20,27.313000567495326,0,15.556349186104045,50,70.8590149522275,0,15.556349186104045,345,86.21484790916237,1500.0,169,high,1117.0,223.0,15224,1630,371600.0,37683.0,358200.0,0.3008,0.3568,0.2736,0.0,0.1576,0.16110932104870535,0.07643909000292268,0.9233067729083665,2008,1296.0,6959,36,31905.0,0.2678222308324407,0.2678222308324407,0.21405951030025283,14.816235059760956,9.9278,0.18486044165814203,0.0,0.18673699744217442,0.45615725849491895,0.009972571372348808,0.0,0.050690947262946824,0.0,0.10130864035976767,0.0,0.0,0.0,0.0,0.0,0.0,0.010273154005659204,0.0,0.0,1.000000010595958,conditional,yes,yes,yes,yes,True,0.0,,172,4,499000.0,31,340000.0,189,0.7456140350877193,0.7807017543859649
42003080700,Tract 807,Friendship,True,0.4337459101703783,low,False,True,False,True,1125,176,220,80,215,83.24061508662703,165,52,210,128,190,125.59060474414477,135,118,275,108,165,93.81364506296512,35,55,185,86,35,47.29693436154187,0,11,235,86,0,15.556349186104045,0,11,65,70.0,0,11.0,0,11.0,0,11.0,155,42.0,10,18.0,20,36.0,10,14.0,0,11.0,170,125.0,10,17.0,4,8.0,25,26.0,45,56.0,195,88.0,0,15.556349186104045,0,15.556349186104045,44,36.68787265568828,0,15.556349186104045,370,116.18089343777659,1700.0,169,high,1311.0,112.0,15232,1950,466700.0,101116.0,323100.0,0.093,0.2318,0.4012,0.2471,0.1025,0.09314836886351627,0.05867171942609855,1.0,1963,2224.0,6773,38,27885.0,0.18996908888742342,0.18996908888742342,0.15690849014672156,13.413143148242487,19.4226,0.0,1.7726824577880815e-05,0.0715060661082059,0.6913692377028966,0.018491639500794174,0.0,0.13576515426404373,0.0,0.06433479306375052,0.0,0.0,0.0,0.0,0.0,0.0,0.018220108472736155,0.0002952671389436121,0.0,0.9999999930759486,conditional,yes,yes,yes,yes,True,0.0,,119,4,385000.0,9,362250.0,288,0.9122807017543859,0.7368421052631579
42003080900,Tract 809,Bloomfield,True,0.4726908635075068,medium,False,False,False,True,745,157,40,33,40,34.785054261852174,40,33,100,101,100,102.18121158021175,10,21,230,91,120,77.78174593052023,0,11,110,64,20,36.68787265568828,0,11,260,95,30,48.27007354458868,0,11,15,21.0,15,22.0,0,11.0,0,11.0,10,19.0,50,63.0,0,11.0,0,11.0,0,11.0,50,77.0,15,23.0,0,11.0,15,24.0,0,11.0,200,81.0,10,21.95449840010015,0,15.556349186104045,125,78.00640999302557,0,15.556349186104045,235,89.00561780022652,1525.0,201,high,1158.0,44.0,15224,1630,274600.0,43320.0,236400.0,0.2434,0.186,0.3696,0.0324,0.0698,0.09954841833674778,0.06702756704418106,1.0,1824,1322.0,4969,29,28834.0,0.45192217049842653,0.45192217049842653,0.18228702500861343,10.528508771929825,13.1725,0.020019160120154023,0.22887647743523373,0.19150537729350786,1.0066010179752822e-06,0.14738002040411866,0.0,0.21653536274475169,0.0,0.0,0.0,0.0,0.0,0.0,0.0,0.0,0.028962262165621165,0.16672031057709555,0.0,0.9999999773415007,conditional,yes,yes,yes,yes,True,0.0,,121,26,315000.0,17,306000.0,196,0.7675438596491229,0.7543859649122807
42003090100,Tract 901,Central Lawrenceville,True,0.4249146095326812,medium,False,False,False,False,840,160,150,75,150,75.8023746329889,150,75,90,46,65,46.04345773288535,50,38,115,86,50,53.85164807134504,10,20,50,52,10,19.4164878389476,0,11,440,177,20,32.89376840679705,0,11,15,28.0,0,11.0,0,11.0,0,11.0,135,74.0,0,11.0,25,26.0,25,20.0,0,11.0,40,39.0,30,42.0,30,44.0,25,31.0,0,11.0,30,35.0,10,19.4164878389476,0,15.556349186104045,45,36.68787265568828,4,17.029386365926403,425,176.11359970201053,1975.0,235,high,1773.0,218.0,15201,1770,452700.0,127632.0,341200.0,0.1888,0.1138,0.0159,0.1931,0.0922,0.1118694235246003,0.11186018084487698,1.0,2038,795.0,2515,23,13735.0,0.39043783340575783,0.4524941478402046,0.753819493050715,2.241413150147203,66.6963,0.0,0.22698794972295025,0.0,0.0,0.0,0.0,0.0979464527446851,0.0,0.0,0.0,0.004118149353735342,0.0,0.0,0.6426288272164483,0.0,0.0014398847511561536,0.0,0.0,0.9731212637889751,conditional,yes,yes,yes,yes,True,36.9089496079085,AE,93,66,420000.0,74,415000.0,269,0.5526315789473685,0.5263157894736842
42003090200,Tract 902,Central Lawrenceville,True,0.4251086787765874,medium,False,False,False,False,795,172,175,133,145,123.68508398347798,135,123,50,35,25,27.313000567495326,0,11,105,79,25,24.596747752497688,0,11,60,41,0,15.556349186104045,0,11,400,92,4,14.866068747318506,0,11,120,121.0,0,11.0,0,11.0,0,11.0,55,63.0,35,31.0,0,11.0,0,11.0,0,11.0,20,23.0,10,13.0,0,11.0,0,11.0,0,11.0,95,78.0,0,15.556349186104045,0,15.556349186104045,94,53.16013544000805,0,15.556349186104045,365,95.85405573057407,2050.0,189,high,1210.0,165.0,15201,1770,382900.0,52636.0,341200.0,0.2332,0.1699,0.0775,0.0898,0.146,0.10609136586184602,0.10565748459586172,0.9835698282300224,2678,986.0,4294,37,18517.0,0.2498412244517739,0.29707278358737205,0.4218273490788971,5.921209858103062,1.1254,0.0,0.6878077458361821,0.0,0.0,0.04702516348121895,0.0,0.0860051317759272,0.0,0.0,0.0,0.0,0.0,0.0,0.0,0.0,0.07412989683959452,0.10503205274454751,0.0,0.9999999906774703,conditional,yes,yes,yes,yes,True,0.0,,111,29,412500.0,84,382500.0,196,0.6578947368421053,0.5964912280701754
42003090300,Tract 903,Bloomfield,True,0.330955985095482,medium,False,False,False,True,505,77,95,46,69,44.91102314577124,65,44,45,31,40,31.240998703626616,15,24,115,45,34,30.364452901377952,4,9,25,22,0,15.556349186104045,0,11,220,77,0,15.556349186104045,0,11,45,31.0,0,11.0,4,5.0,0,11.0,50,38.0,4,10.0,10,13.0,0,11.0,0,11.0,25,28.0,0,11.0,0,11.0,20,19.0,0,11.0,95,45.0,20,33.83784863137726,4,15.556349186104045,55,29.154759474226502,0,15.556349186104045,170,78.33900688673555,1600.0,168,high,1214.0,160.0,15224,1630,223600.0,21195.0,307900.0,0.286,0.2515,0.0487,0.0122,0.1978,0.05247420009091789,0.04294381396087686,1.0,1541,1856.0,3668,31,23095.0,0.2724499691779856,0.2724499691779856,0.1382438807976495,8.175210902011681,40.2332,0.0,0.5418831237212591,0.0008189268996465405,0.0,0.0,0.0031194909984167195,0.28753023046766657,0.0,0.0,0.0,0.0,0.16628385975225143,0.0,0.0,0.0,0.0003606817551116813,0.0,0.0,0.9999963135943521,conditional,yes,yes,yes,yes,True,0.0,,103,32,278000.0,37,377000.0,217,0.8771929824561403,0.6666666666666666
42003100500,Tract 1005,Stanton Heights,True,0.5376221198686655,medium,False,False,False,True,235,67,100,45,69,45.12205669071391,65,44,70,45,55,45.221676218380054,15,26,25,20,4,17.804493814764857,0,11,0,11,0,15.556349186104045,0,11,45,28,0,15.556349186104045,0,11,65,31.0,0,11.0,0,11.0,0,11.0,35,28.0,30,27.0,0,11.0,30,35.0,15,18.0,0,11.0,4,8.0,0,11.0,20,18.0,0,11.0,0,11.0,4,11.180339887498949,0,15.556349186104045,25,25.495097567963924,0,15.556349186104045,15,18.601075237738275,1495.0,70,high,1516.0,378.0,15201,1770,209900.0,23173.0,264000.0,0.5858,0.0215,0.0751,0.0762,0.0139,0.4074778826754176,0.13591123577409267,0.06557377049180328,2013,196.0,1396,5,5166.0,0.3523378227786423,0.3523378227786423,0.6573400043781867,0.2414307004470939,3.9315,0.7419191742097956,0.0,0.17954951588958595,0.002103297346928219,0.0,0.0008950760850306785,0.03772747243745549,0.0,0.0,0.0,0.0,0.0,0.0,0.0,0.0,0.037387624429568604,0.00041786596046857285,0.0,1.0000000263588331,conditional,yes,yes,no,conditional,True,0.0,,39,24,240000.0,46,320000.0,287,0.09649122807017543,0.32456140350877194
42003101100,Tract 1011,Upper Lawrenceville,True,0.4435485633125751,medium,False,False,False,True,500,143,75,61,75,61.98386886924694,75,61,10,19,10,21.95449840010015,0,11,120,70,85,63.953107821277925,0,11,65,39,25,32.89376840679705,0,11,225,105,4,14.866068747318506,0,11,35,49.0,0,11.0,15,24.0,0,11.0,30,33.0,0,11.0,0,11.0,0,11.0,0,11.0,10,19.0,4,11.0,0,11.0,35,34.0,0,11.0,80,63.0,0,15.556349186104045,0,15.556349186104045,40,33.83784863137726,0,15.556349186104045,255,110.13627921806692,2965.0,327,high,1777.0,136.0,15201,1770,317300.0,36358.0,282600.0,0.4377,0.0824,0.0248,0.0,0.2339,0.11780620104821926,0.07746401408037826,0.918546365914787,2394,920.0,2748,25,9077.0,0.878785735488122,0.9070223885172325,0.28529311910304056,1.9924812030075187,46.678,0.020499910827393903,0.17204888108984998,0.0,0.0,0.0,0.09761503937737187,0.05978231769719407,0.0,0.0,0.0,0.006255389022505748,0.0,0.4044709757863287,0.22185206376615538,0.0,0.004413313691245541,0.0,0.0,0.9869378912580452,conditional,yes,yes,yes,yes,True,24.681240889690162,AE,93,152,405000.0,100,330000.0,258,0.5964912280701754,0.47368421052631576
42003101400,Tract 1014,Morningside,True,0.4682502716969414,medium,False,False,False,False,395,106,65,41,55,37.013511046643494,35,29,40,31,30,29.154759474226502,0,11,100,54,45,38.600518131237564,0,11,50,33,4,12.083045973594572,0,11,145,63,0,15.556349186104045,0,11,20,23.0,0,11.0,25,28.0,0,11.0,20,22.0,10,17.0,0,11.0,10,19.0,0,11.0,20,22.0,20,24.0,10,16.0,4,18.0,0,11.0,65,45.0,0,15.556349186104045,40,41.48493702538308,70,41.677331968349414,0,15.556349186104045,85,47.80167361086848,1595.0,166,high,1117.0,95.0,15206,1670,282600.0,48548.0,317300.0,0.5664,0.164,0.0625,0.0204,0.1231,0.36248834294679816,0.06236592800592312,0.23185731857318573,3252,638.0,5418,33,4215.0,0.336902696672684,0.336902696672684,1.0686387943482607,0.2789052890528905,35.4938,0.2598708289828816,0.12385934302630819,0.07007123795874641,0.009447893342096069,0.0005968818837731915,0.05797523617334205,0.021712480427617215,0.0,0.0,0.0,0.0007284735103475509,0.0,0.13257562959546595,0.24787499334999313,0.0,0.07491753293548864,0.0,0.0,0.9996305311860599,conditional,yes,yes,yes,yes,True,26.327842325117334,AE,145,149,333000.0,89,360000.0,350,0.4473684210526316,0.2631578947368421
42003101800,Tract 1018,Stanton Heights,True,0.2028799875795683,low,False,False,False,False,175,98,25,36,0,15.556349186104045,0,11,30,53,0,15.556349186104045,0,11,40,36,0,15.556349186104045,0,11,50,53,15,23.706539182259394,0,11,30,33,0,15.556349186104045,0,11,25,36.0,0,11.0,0,11.0,0,11.0,0,11.0,0,11.0,0,11.0,0,11.0,0,11.0,30,53.0,0,11.0,0,11.0,25,28.0,15,23.0,0,11.0,0,15.556349186104045,0,15.556349186104045,45,50.695167422546305,0,15.556349186104045,40,34.20526275297414,1500.0,104,high,1509.0,274.0,15201,1770,243200.0,12609.0,282600.0,0.8981,0.0794,0.0,0.0,0.0082,0.31838645313730934,0.1479749332912236,0.2866611433305717,2414,199.0,3233,16,5041.0,0.36199652867359383,0.36199652867359383,0.6212288512919071,0.551781275890638,1.9001,0.5845767696215685,0.0048630058837277924,0.034134778577071964,0.0,0.0,0.2649336891197201,0.0,0.0,0.0,0.0,0.03933788483990439,0.0,0.001124856607325236,0.0,0.0,0.07102331018903137,0.0,0.0,0.9999942948383493,conditional,conditional,conditional,no,conditional,True,0.0,,28,175,300000.0,95,338500.0,235,0.10526315789473684,0.3157894736842105
42003101900,Tract 1019,Garfield,True,0.4560768111691882,medium,False,False,False,True,565,144,155,55,70,41.86884283091664,40,27,85,52,50,42.941821107167776,15,20,160,106,25,40.52159917870962,0,11,10,18,0,15.556349186104045,0,11,155,100,0,15.556349186104045,0,11,55,33.0,4,12.0,80,46.0,4,9.0,10,17.0,0,11.0,0,11.0,45,32.0,25,35.0,15,20.0,0,11.0,0,11.0,95,84.0,0,11.0,65,62.0,0,15.556349186104045,0,15.556349186104045,40,38.600518131237564,0,15.556349186104045,125,94.72592042308166,1675.0,59,high,1255.0,149.0,15224,1630,218100.0,50799.0,269300.0,0.4853,0.1525,0.006,0.0255,0.1488,0.27280588154550295,0.0992676800346337,0.40460526315789475,2432,352.0,2579,12,24485.0,0.49617839095120736,0.49617839095120736,0.3325419599071707,4.256578947368421,10.8131,0.5446855248026589,0.04256473564522467,0.027718514794323964,0.0003451424343335838,0.0,0.061373447544532715,0.04629808565499921,0.0,0.0,0.0,0.0,0.0,0.0,0.0,0.0,0.061068914942984935,0.21590027334201245,0.0,0.9999546391610703,conditional,yes,yes,unknown,conditional,True,0.0,,47,463,265000.0,39,326000.0,127,0.2631578947368421,0.6929824561403509
42003110200,Tract 1102,Highland Park,True,0.2937722460855514,medium,False,False,False,False,1115,270,45,35,30,39.56008088970496,30,38,100,58,80,53.823786563191554,20,31,290,120,245,114.5294721894762,0,11,145,70,30,38.600518131237564,0,11,530,240,50,80.75270893288967,0,11,0,11.0,0,11.0,0,11.0,0,11.0,45,35.0,15,29.0,0,11.0,20,32.0,0,11.0,65,45.0,95,87.0,0,11.0,0,11.0,0,11.0,195,90.0,90,90.62008607367353,0,15.556349186104045,270,104.546640309481,15,30.083217912982647,300,217.5890622251036,1850.0,229,high,1367.0,72.0,15206,1670,487500.0,64621.0,385700.0,0.3452,0.2965,0.1497,0.132,0.0931,0.17179236609646772,0.085206745237902,0.8566147346184315,3787,944.0,3826,16,7176.0,0.32213976777497266,0.3518251818622335,0.9147037037704747,1.1682070240295748,35.7904,0.47425672125673846,0.05014069801987743,0.2539358004228716,0.052060258340855,0.03992246502490715,0.0,0.033679187619525465,0.0,0.0,0.0,0.0,0.0,0.0,0.0,0.0,0.09600437264847497,4.880090881010227e-07,0.0,0.9999999913423382,conditional,yes,yes,yes,yes,True,0.0,,238,38,525000.0,65,393500.0,208,0.6228070175438597,0.41228070175438597
42003110600,Tract 1106,Highland Park,True,0.5204166594789168,medium,False,False,False,False,320,99,85,57,85,58.05170109479997,85,57,45,41,45,41.182520563948,15,20,75,77,25,28.231188426986208,0,11,25,21,4,14.212670403551895,4,9,90,52,0,15.556349186104045,0,11,0,11.0,20,36.0,20,22.0,0,11.0,45,44.0,0,11.0,0,11.0,0,11.0,0,11.0,45,41.0,15,19.0,0,11.0,15,21.0,0,11.0,45,70.0,10,17.804493814764857,10,17.029386365926403,20,21.95449840010015,0,15.556349186104045,80,50.566787519082126,1367.5,47,medium,1253.0,265.0,15206,1670,442000.0,29317.0,385700.0,0.6784,0.2167,0.0,0.0,0.0643,0.3739402250617362,0.19456957043790918,0.14549180327868852,2440,263.0,1513,2,11144.0,0.2944538699693124,0.29482544169260966,0.8198042624112176,1.0577868852459016,1.6355,0.869072027232308,0.03118405958486878,0.08129374197201344,6.437096716651529e-05,0.0,9.383940455379126e-05,0.0,0.0,0.0,0.0,0.0,0.0,0.0,0.0,0.0,0.01821810829462844,7.384046690799939e-05,0.0,0.9999999879224469,conditional,yes,yes,no,conditional,True,0.0,,109,18,498000.0,75,525000.0,116,0.15789473684210525,0.5
42003111300,Tract 1113,East Liberty,True,0.5223421138884576,medium,False,False,False,True,780,153,175,90,110,57.62811813689564,65,45,105,65,80,59.61543424315552,10,23,230,107,115,99.6393496566492,50,78,110,73,0,15.556349186104045,0,11,160,67,0,15.556349186104045,0,11,20,33.0,0,11.0,40,45.0,0,11.0,115,77.0,10,19.0,0,11.0,10,23.0,0,11.0,85,60.0,0,11.0,20,34.0,85,84.0,0,11.0,125,73.0,0,15.556349186104045,0,15.556349186104045,55,53.71219600798314,0,15.556349186104045,215,84.86459803710851,1449.0,263,high,1096.0,86.0,15206,1670,385700.0,121398.0,241050.0,0.3017,0.3619,0.1813,0.0391,0.2287,0.10279576348373522,0.07277999209892516,1.0,2658,1298.0,4441,25,15449.0,0.19236020395175352,0.33845928457722424,0.5137288836861752,3.4296463506395787,37.8667,0.0003223204584681044,0.09797127948638285,0.3283621344621257,0.2292995272552212,0.1673266426158008,0.04692811948603784,0.0,0.0,0.0057174741230057525,0.0,0.0,0.0,0.0,0.0,0.0,0.0,0.12407250348386616,0.0,1.0000000013709083,conditional,yes,yes,yes,yes,True,0.0,,240,41,567750.0,44,349950.0,356,0.7543859649122807,0.5701754385964912
42003111400,Tract 1114,Garfield,True,0.5336843830323104,medium,False,False,False,True,405,101,110,61,50,35.35533905932738,30,25,50,33,50,34.058772731852805,25,22,95,48,65,41.48493702538308,0,11,40,29,0,15.556349186104045,0,11,110,63,0,15.556349186104045,0,11,60,29.0,30,48.0,0,11.0,0,11.0,20,18.0,30,25.0,10,19.0,0,11.0,0,11.0,4,10.0,0,11.0,0,11.0,30,28.0,0,11.0,65,41.0,15,22.825424421026653,0,15.556349186104045,15,21.095023109728988,0,15.556349186104045,120,65.7419196555744,1395.0,96,high,1052.0,280.0,15206,1670,264000.0,56731.0,246350.0,0.3433,0.2021,0.1554,0.1697,0.1451,0.15850213871805383,0.07183832055487135,0.884393063583815,1211,1030.0,4699,31,23158.0,0.3493815748616946,0.376702558442418,0.3422626520967345,5.796862097440132,5.765,0.0,0.0,0.7858865868161393,0.06572422428817071,0.02229075612771862,0.0,0.12547663655041233,0.0,0.0,0.0,0.0,0.0,0.0,0.0,0.0,0.0,0.0006216681268643963,0.0,0.9999998719093053,conditional,yes,yes,yes,yes,True,0.0,,87,136,270000.0,20,328000.0,170,0.6666666666666666,0.6754385964912281
42003111500,Tract 1115,East Liberty,True,0.7085856233504114,medium,True,False,False,True,1850,303,500,220,460,219.98636321372285,405,213,290,169,280,184.58873205046942,100,67,320,171,175,97.62171889492625,0,11,295,163,45,46.32493928760188,0,11,445,172,0,15.556349186104045,0,11,115,60.0,15,19.0,45,49.0,0,11.0,325,200.0,25,41.0,10,15.0,130,125.0,0,11.0,130,99.0,25,30.0,0,11.0,0,11.0,0,11.0,295,163.0,135,93.90420650854784,10,20.248456731316587,185,149.68299836654796,0,15.556349186104045,415,174.22973339817747,1680.0,292,high,1283.0,262.0,15206,1670,210900.0,31953.0,441800.0,0.0922,0.0971,0.2591,0.4759,0.199,0.09208440369834849,0.07185301547980576,0.9801643525077925,3529,2455.0,13115,72,23630.0,0.34700058702324965,0.4005657556954355,0.17052108694955304,9.994049305752338,63.0979,0.0,0.023240916007864914,0.09400575144996262,0.06951494707812829,0.08053906479628446,0.0,0.025091663397122176,0.0,0.32771626810206755,0.0,0.04676361702695549,0.0,0.0,0.0,0.0,0.0,0.333131051017461,0.0,1.0000032788758464,conditional,yes,yes,yes,yes,True,0.0,,70,50,435000.0,15,387500.0,320,0.9473684210526315,0.6842105263157895
42003120300,Tract 1203,Lincoln-Lemington-Belmar,True,0.678477577095804,medium,True,False,False,True,365,125,155,84,80,61.39218191268331,70,60,105,73,90,61.773780845922005,25,30,4,11,0,15.556349186104045,0,11,15,19,0,15.556349186104045,0,11,85,72,0,15.556349186104045,0,11,25,17.0,0,11.0,90,79.0,0,11.0,40,43.0,10,15.0,0,11.0,60,56.0,0,11.0,30,34.0,0,11.0,0,11.0,4,11.0,0,11.0,0,11.0,15,20.248456731316587,0,15.556349186104045,59,68.3593446428504,10,22.825424421026653,20,33.83784863137726,1200.0,83,high,1133.0,152.0,15206,1670,85400.0,23151.0,65300.0,0.6436,0.0113,0.0428,0.0126,0.233,0.24444241101555628,0.09777424333273962,0.5259831460674157,1424,565.0,3071,28,7225.0,0.32579757008252364,0.34065298299997165,1.0799464524635496,0.04143258426966292,9.8715,1.0864898509424816e-05,0.0,0.00031969867958023403,0.0,0.6184403904316864,0.0,0.023551712909636566,0.0,0.0,0.0,0.07124261365242265,0.0,0.0,0.0,0.0,0.2864347167050838,0.0,0.0,0.9999999972769191,conditional,yes,yes,yes,yes,True,2.834825131117459,A,41,387,64000.0,17,82500.0,36,0.3684210526315789,0.42105263157894735
42003120900,Tract 1209,Larimer,True,0.7798167986337525,medium,True,False,False,True,365,140,250,134,209,121.41251994749142,205,121,60,33,40,31.11269837220809,20,22,40,29,14,20.615528128088304,4,5,10,17,0,15.556349186104045,0,11,4,10,0,15.556349186104045,0,11,115,108.0,15,29.0,4,10.0,30,30.0,80,51.0,20,22.0,0,11.0,10,19.0,10,14.0,20,24.0,4,5.0,0,11.0,4,8.0,10,20.0,20,23.0,0,15.556349186104045,0,15.556349186104045,10,20.248456731316587,4,14.866068747318506,0,15.556349186104045,1200.0,38,medium,1323.0,302.0,15206,1670,65300.0,25349.0,337200.0,0.4286,0.0534,0.0383,0.216,0.3066,0.17193274962183477,0.07876382545036342,0.7838187702265372,1545,970.0,7474,40,13964.0,0.17358237225421916,0.17358237225421916,0.5102910441962576,3.3223300970873786,40.0499,0.21472642963460517,0.02841475066230076,0.08431284506809017,0.0,0.10048524901604929,0.10050231635580048,0.09349877510158514,0.0,0.0,0.0,0.3229361036014306,0.0,0.0,0.0,0.0,0.010829169300609051,0.04429797063286538,0.0,1.000003609373336,conditional,yes,yes,yes,yes,True,2.471665792476055,A,85,679,190000.0,7,511000.0,314,0.6403508771929824,0.5350877192982456
42003130200,Tract 1302,Homewood North,True,0.6550046864128528,medium,True,False,True,True,100,65,70,59,20,25.495097567963924,20,23,30,28,30,30.083217912982647,30,28,0,11,0,15.556349186104045,0,11,0,11,0,15.556349186104045,0,11,0,11,0,15.556349186104045,0,11,4,9.0,0,11.0,65,59.0,0,11.0,0,11.0,10,18.0,0,11.0,20,27.0,0,11.0,0,11.0,0,11.0,0,11.0,0,11.0,0,11.0,0,11.0,0,15.556349186104045,0,15.556349186104045,0,15.556349186104045,0,15.556349186104045,0,15.556349186104045,,17,low,1339.0,247.0,15208,1500,82900.0,31679.0,75100.0,0.7767,0.1499,0.0,0.0,0.3796,0.4262794131167951,0.08509597270965343,0.0,1028,655.0,3228,4,4915.0,0.36384248144729875,0.4688591392795693,0.6608780628992221,2.259727626459144,17.5,0.0,0.0,0.678194866026119,0.0,0.24928182317801256,0.0,0.05995714904429041,0.0,0.0,0.0,0.0,0.0,0.0,0.0,0.0,0.0,0.012566154516128374,0.0,0.9999999927645503,conditional,yes,yes,yes,yes,True,0.0,,53,296,116000.0,4,53000.0,23,0.4649122807017544,0.30701754385964913
42003130600,Tract 1306,East Hills,True,0.6008484419833588,medium,True,False,True,True,695,150,515,148,345,161.15210206509875,140,91,40,46,25,41.48493702538308,0,11,95,66,20,33.83784863137726,0,11,4,18,0,15.556349186104045,0,11,40,49,0,15.556349186104045,0,11,125,107.0,0,11.0,195,118.0,70,72.0,120,98.0,0,11.0,0,11.0,0,11.0,0,11.0,40,46.0,4,9.0,0,11.0,35,43.0,55,57.0,0,11.0,0,15.556349186104045,0,15.556349186104045,4,21.095023109728988,0,15.556349186104045,40,50.21951811795888,,19,low,726.0,498.0,15221,1400,109100.0,38157.0,75100.0,0.3761,0.0735,0.1824,0.0387,0.177,0.5630431216822342,0.08233128135622211,0.1355463347164592,2892,602.0,4525,12,3118.0,0.5711766567432565,0.5711766567432565,0.6724537479693531,1.037344398340249,16.4624,0.11402420607620511,0.0,0.24724547416077125,0.0,0.16434511869219928,0.0,0.02419023170776078,0.0,0.0,0.0,0.0,0.05783615193296978,0.0,0.0,0.0,0.026976478676967102,0.3561416184692034,0.0,0.9907592797160767,conditional,yes,yes,yes,yes,True,0.0,,37,441,83500.0,15,53000.0,23,0.39473684210526316,0.17543859649122806
42003130700,Tract 1307,Homewood North,True,0.6135543710143928,low,True,False,True,True,685,150,290,93,170,85.44003745317531,115,72,205,99,90,76.21679604916491,30,47,105,86,15,25.495097567963924,0,11,30,42,0,15.556349186104045,0,11,50,51,0,15.556349186104045,0,11,100,61.0,35,39.0,90,66.0,10,20.0,55,44.0,105,69.0,0,11.0,50,57.0,0,11.0,50,57.0,10,15.0,0,11.0,90,85.0,10,15.0,0,11.0,25,43.41658669218482,0,15.556349186104045,34,42.1070065428546,0,15.556349186104045,20,35.73513677041127,1250.0,31,medium,501.0,282.0,15208,1500,58000.0,21576.0,85400.0,0.4081,0.0871,0.0753,0.11,0.2148,0.34259314285664316,0.11216037543379301,0.3518601523980278,2231,618.0,7112,28,5618.0,0.3912019770004283,0.5416220122640026,0.7953596459203197,1.2841774988794263,31.7614,0.009688384835693424,2.1682068545037336e-05,0.515409729242504,0.0,0.15641635969061377,0.0,0.03874757615867189,0.0,0.0,0.0,0.14582122825830732,0.001312843043714058,0.0,0.0,0.0,0.08040379756707801,0.05143631354427,0.0,0.9992579144093975,conditional,yes,yes,yes,yes,True,1.9013721860447992,A,82,1014,45000.0,13,130000.0,102,0.42105263157894735,0.34210526315789475
42003130800,Tract 1308,Homewood South,True,0.6205995158331752,medium,True,False,True,True,555,152,290,79,155,60.90155991434045,105,53,205,130,95,117.98728745080972,65,111,40,42,20,31.953090617340916,0,11,10,15,0,15.556349186104045,0,11,10,17,0,15.556349186104045,0,11,145,54.0,4,13.0,95,69.0,20,26.0,25,28.0,40,37.0,25,28.0,55,46.0,25,36.0,65,109.0,0,11.0,0,11.0,25,32.0,20,30.0,0,11.0,0,15.556349186104045,0,15.556349186104045,10,20.248456731316587,0,15.556349186104045,10,18.601075237738275,1025.0,36,medium,756.0,269.0,15208,1500,92200.0,44151.0,96000.0,0.3739,0.1516,0.0765,0.0987,0.3869,0.23000366033820713,0.0708448038039942,0.5300884955752212,2260,1197.0,7297,28,6764.0,0.27559126257933647,0.294932493862917,0.38330736323381126,4.579203539823009,75.4839,0.0,0.20758269922713593,0.0,0.0,0.5115284119465483,0.0,0.15183094338036215,0.0,0.007827479205361337,0.0,0.09057683764499995,0.0,0.0,0.0,0.0,0.02201629034461308,0.0,0.0,0.9913626617490207,conditional,yes,yes,yes,yes,True,0.0,,103,776,121000.0,10,163000.0,65,0.7236842105263158,0.3684210526315789
42003140100,Tract 1401,Squirrel Hill North,True,0.4466406613879832,medium,False,False,False,False,275,132,80,54,80,56.32051136131489,80,54,140,133,110,126.01983970788092,110,125,0,16,0,22.627416997969522,0,16,0,16,0,22.627416997969522,0,16,55,45,0,22.627416997969522,0,16,15,24.0,0,16.0,4,9.0,0,16.0,60,47.0,0,16.0,0,16.0,25,35.0,0,16.0,120,125.0,0,16.0,0,16.0,0,16.0,0,16.0,0,16.0,4,21.2602916254693,0,22.627416997969522,55,46.8187996428785,0,22.627416997969522,0,22.627416997969522,1775.0,29,medium,2131.0,244.0,15217,1620,776700.0,96691.0,441800.0,0.5869,0.0,0.0541,0.1249,0.0847,0.11990054433521698,0.09135215752862827,0.9170102168847464,5579,1547.0,10889,43,41740.0,0.5632680208376565,0.5639756972509402,0.27146301260705014,4.836529844058075,22.0683,0.4871620519426981,0.0,0.06785783028885532,0.0,0.017909240625096714,0.0,4.44400728398086e-12,0.0,0.0,0.0,0.0,0.0,0.0,0.0,0.0011648402012654517,0.07378378586718545,0.35212442704336294,0.0,1.000002175972908,conditional,yes,yes,unknown,conditional,True,0.0,,26,29,780000.0,72,435000.0,563,0.8157894736842105,0.8157894736842105
42003140200,Tract 1402,Squirrel Hill North,True,0.4547818661698494,low,False,True,False,False,495,64,185,88,165,72.91776189653656,140,66,75,45,75,46.8187996428785,20,16,90,43,65,35.34119409414458,10,15,50,37,15,26.40075756488817,0,11,95,53,0,15.556349186104045,0,11,0,11.0,0,11.0,25,31.0,0,11.0,160,68.0,0,11.0,0,11.0,0,11.0,0,11.0,75,45.0,0,11.0,0,11.0,15,22.0,0,11.0,75,36.0,0,15.556349186104045,0,15.556349186104045,4,15.556349186104045,0,15.556349186104045,140,63.8200595424354,1750.0,200,high,1230.0,98.0,15232,1950,777500.0,162203.0,637850.0,0.347,0.0893,0.2259,0.2977,0.1242,0.1419586187151453,0.09420881955455956,0.8989534464092386,2771,1072.0,5035,24,26846.0,0.44461111880423915,0.44461111880423915,0.49427544368164883,6.057380007217611,4.1109,0.54255391037475,0.0,0.09319018525955146,0.0,0.12119172181824918,0.0,0.0,0.0,0.0,0.0,0.0,0.0,0.0,0.0,0.0,2.9293649446611736e-05,0.24303486312644398,0.0,0.9999999742284412,conditional,yes,yes,yes,yes,True,0.0,,20,30,822500.0,42,685000.0,417,0.7017543859649122,0.7280701754385965
42003140300,Tract 1403,Squirrel Hill North,True,0.2871836671324328,medium,False,False,False,False,635,132,50,45,20,22.825424421026653,20,20,115,66,110,68.41052550594829,100,66,50,46,50,47.29693436154187,50,46,65,34,40,27.784887978899608,10,14,350,119,20,24.698178070456937,10,13,0,11.0,0,11.0,0,11.0,0,11.0,50,45.0,45,51.0,0,11.0,25,26.0,0,11.0,45,39.0,30,23.0,0,11.0,0,11.0,0,11.0,25,39.0,75,40.496913462633174,30,27.784887978899608,140,82.0,0,15.556349186104045,180,82.21921916437786,1895.0,166,high,2054.0,169.0,15217,1620,621700.0,73466.0,688300.0,0.3896,0.2864,0.0545,0.0773,0.1331,0.13622934438761325,0.10002715795509723,0.9603287050155852,3529,984.0,5863,33,9750.0,0.3964416768588229,0.3964416768588229,0.248165317105862,6.614054973080193,8.547,0.34775065096085694,0.0,0.3567967491672533,0.0,0.17701368631133962,0.0,0.02472711589338873,0.0,0.0,0.0,0.0,0.0,0.0,0.0,0.0,0.07987323267366181,0.013838558463503072,0.0,0.9999999934700036,conditional,yes,yes,yes,yes,True,0.0,,156,33,766066.0,89,586000.0,366,0.6491228070175439,0.4824561403508772
42003140400,Tract 1404,Point Breeze,True,0.5708061636391865,low,False,False,False,False,150,59,40,30,40,32.89376840679705,40,31,25,27,19,28.653097563788805,4,14,0,11,0,15.556349186104045,0,11,15,14,0,15.556349186104045,0,11,70,44,0,15.556349186104045,0,11,4,10.0,0,11.0,4,3.0,0,11.0,35,30.0,0,11.0,0,11.0,0,11.0,0,11.0,25,27.0,0,11.0,0,11.0,0,11.0,0,11.0,0,11.0,0,15.556349186104045,4,14.212670403551895,15,24.596747752497688,4,13.601470508735444,55,35.84689665786984,1820.0,57,high,2156.0,715.0,15206,1670,688300.0,103170.0,530700.0,0.7487,0.1349,0.0,0.0051,0.0978,0.15791361345414587,0.11712479500614219,0.7820069204152249,2312,669.0,4610,30,14594.0,0.28274793132499704,0.2898061783253512,0.5424750534516999,3.1306228373702423,23.3102,0.8414546737144447,0.0,0.05809138851042472,0.0,5.298482727180437e-06,0.0,0.007857888668518333,0.0,0.0,0.0,0.0,0.0,0.0,0.0,0.0,0.0925267181193144,6.401728862455505e-05,0.0,0.9999999847840539,conditional,yes,yes,no,conditional,True,0.0,,72,23,692500.0,82,541760.0,394,0.49122807017543857,0.543859649122807
42003140500,Tract 1405,Point Breeze North,True,0.2568070865462575,low,False,False,False,False,645,129,85,72,50,56.61271941887264,15,17,10,13,10,17.029386365926403,10,13,145,83,25,38.600518131237564,0,11,60,42,10,18.601075237738275,0,11,350,107,0,15.556349186104045,0,11,0,11.0,0,11.0,35,54.0,0,11.0,45,46.0,0,11.0,0,11.0,0,11.0,0,11.0,10,13.0,35,58.0,10,19.0,15,25.0,0,11.0,85,52.0,35,29.5296461204668,0,15.556349186104045,140,80.4114419718985,0,15.556349186104045,240,84.581321815162,1510.0,268,high,1392.0,228.0,15208,1500,288700.0,244061.0,264950.0,0.3377,0.3442,0.2116,0.009,0.0781,0.11468316548500608,0.0854647837928605,1.0,1988,1236.0,7331,30,9986.0,0.382846359797408,0.444160402970605,0.4894838059258618,4.114185110663984,28.5848,0.5358449691197392,0.04315455850554464,0.0,0.0,5.109121145882035e-06,0.0,0.034177627308618515,0.0,0.0,0.0,0.3110519158890827,0.0,0.0,0.0,0.0,0.07515611970108385,0.0,0.0,0.9993902996452148,conditional,conditional,yes,yes,conditional,True,0.0,,170,57,313000.0,33,551500.0,262,0.7368421052631579,0.49122807017543857
42003140800,Tract 1408,Squirrel Hill South,True,0.2345423847228691,medium,False,False,False,False,930,190,190,75,120,70.21395872616783,110,69,60,37,35,28.600699292150182,15,17,210,102,120,87.69264507357501,0,11,90,58,25,37.64306044943742,0,11,380,172,0,15.556349186104045,0,11,70,38.0,10,21.0,0,11.0,0,11.0,110,70.0,10,19.0,4,10.0,4,14.0,0,11.0,40,31.0,10,14.0,0,11.0,25,37.0,0,11.0,180,97.0,4,13.601470508735444,25,38.600518131237564,175,72.42237223399962,20,38.600518131237564,245,146.8945199794737,1653.0,194,high,1449.0,180.0,15217,1620,600200.0,61920.0,462000.0,0.4274,0.1666,0.1145,0.1309,0.0714,0.20832756613455197,0.08681304081505312,0.6393301846285959,4658,1049.0,5411,25,6205.0,0.22437124005476294,0.27495854429234867,0.3584609723233616,5.685702018033491,9.3812,0.32603147601196175,0.0,0.37223211322768995,0.0,0.19815094568420044,0.0,0.06379285771191368,0.0,0.0,0.0,0.0,0.0,0.0,0.0,0.0,0.023273048486647456,0.01651950853973469,0.0,0.999999949662148,conditional,yes,yes,yes,yes,True,0.0,,223,25,508000.0,76,485003.5,332,0.6842105263157895,0.35964912280701755
42003141100,Tract 1411,Swisshelm Park,True,0.3593968327899394,low,False,False,False,False,90,43,20,32,20,33.83784863137726,20,32,15,23,0,15.556349186104045,0,11,10,13,0,15.556349186104045,0,11,0,11,0,15.556349186104045,0,11,45,32,0,15.556349186104045,0,11,0,11.0,0,11.0,0,11.0,0,11.0,20,32.0,15,23.0,0,11.0,0,11.0,0,11.0,0,11.0,0,11.0,0,11.0,10,13.0,0,11.0,0,11.0,0,15.556349186104045,15,28.231188426986208,25,21.095023109728988,0,15.556349186104045,4,17.804493814764857,,19,low,1371.0,307.0,15218,1330,252700.0,36936.0,449850.0,0.9137,0.0415,0.0,0.0,0.024,0.5405385594388659,0.20156084255057494,0.0,1339,70.0,908,8,6970.0,0.5180759519510771,0.9493335030657993,0.7043460415187031,0.8872292755787902,25.2724,0.2164866791848644,0.0,0.10375665815535094,0.0,0.0,0.0,0.0,0.0,0.0,0.0,0.18771946315201085,0.0,0.0,0.0,0.0,0.23166146575681673,0.24763064277590469,0.0,0.9872549090249476,conditional,yes,yes,yes,conditional,True,17.715458371893757,AE,20,109,294000.0,41,465000.0,264,0.02631578947368421,0.37719298245614036
42003141200,Tract 1412,Point Breeze,True,0.3090715152351544,low,False,False,False,False,530,115,115,85,65,62.96824596572466,65,62,40,36,25,23.430749027719962,15,18,80,53,10,18.601075237738275,0,11,85,55,10,18.601075237738275,0,11,205,78,4,14.866068747318506,0,11,30,31.0,0,11.0,15,25.0,0,11.0,70,76.0,15,23.0,4,17.0,0,11.0,0,11.0,20,23.0,0,11.0,0,11.0,15,28.0,0,11.0,65,41.0,10,17.029386365926403,0,15.556349186104045,100,74.33034373659252,0,15.556349186104045,185,80.2807573457052,1599.0,157,high,1236.0,188.0,15221,1400,437700.0,24767.0,288700.0,0.6529,0.1322,0.0459,0.0189,0.0643,0.15406309892568504,0.11364057597667845,0.8742201147991016,4007,818.0,6601,44,7362.0,0.26783439118498353,0.40063125277261563,0.49744292742579854,2.214624407287247,29.7452,0.5440342907929407,0.03818511962278173,0.13280859795720618,0.0,0.015566532657271781,0.0,0.011749352042863098,0.0,0.0,0.0,1.502779065202479e-05,0.0,0.0,0.0,0.0,0.2466332444203159,0.006762378243574029,0.0,0.9957545435276054,conditional,yes,yes,no,conditional,True,2.926622090231322,A,210,37,492000.0,115,464900.0,157,0.5614035087719298,0.4298245614035088
42003141300,Tract 1413,Squirrel Hill South,True,0.4238400409414227,medium,True,False,False,False,1525,244,515,201,425,203.79646709401024,400,202,200,92,195,88.20430828479978,65,48,360,142,260,138.4629914453678,20,26,95,69,45,52.839379254491625,30,46,355,138,0,22.627416997969522,0,16,65,60.0,0,16.0,30,28.0,0,16.0,415,194.0,30,34.0,0,16.0,20,34.0,0,16.0,150,76.0,60,33.0,0,16.0,50,48.0,0,16.0,250,134.0,30,34.058772731852805,0,22.627416997969522,230,120.41594578792295,0,22.627416997969522,195,102.6498904042279,1560.0,361,high,1335.0,104.0,15217,1620,372900.0,69838.0,600200.0,0.2208,0.1159,0.2501,0.3017,0.0651,0.1874615345572709,0.08848107503663687,0.7476228209191759,5048,1322.0,7617,32,8613.0,0.5149538325183813,0.6039673357379236,0.32613443111795043,4.600633914421553,16.5438,0.1428868461806609,0.0,0.2898544984282487,0.0,0.4200079605625525,0.003191516199782112,0.05124294320383156,0.0,0.0,0.0,0.0,0.0,0.0,0.0,0.0,0.07977514290828765,0.013041102133422014,0.0,1.0000000096167854,conditional,yes,yes,yes,yes,True,0.0,,130,32,386555.0,93,417000.0,543,0.7675438596491229,0.4649122807017544
42003141400,Tract 1414,Squirrel Hill South,True,0.2930931474868751,medium,False,False,False,False,1205,225,400,172,275,146.60491124106312,205,118,115,78,75,56.61271941887264,25,33,160,99,85,61.98386886924694,0,11,145,82,30,37.64306044943742,0,11,390,156,55,53.150729063673246,0,11,190,112.0,0,11.0,0,11.0,0,11.0,205,135.0,80,67.0,0,11.0,0,11.0,0,11.0,35,40.0,25,31.0,10,18.0,0,11.0,0,11.0,125,91.0,75,59.413803110051795,45,43.41658669218482,245,142.22517358048822,0,15.556349186104045,165,88.50988645343524,1590.0,200,high,1148.0,236.0,15217,1620,462000.0,42858.0,268200.0,0.4184,0.047,0.1605,0.2596,0.1203,0.2920989386900725,0.18452437656792203,0.4502056141605578,5593,562.0,5718,25,7096.0,0.3223752918373114,0.3812442555736214,0.5313911193313173,3.028249597711425,17.2681,0.15086600178505594,0.0,0.27127517170084803,0.0,0.04472229704730775,1.6680780228742575e-05,0.016518424650660536,0.0,0.0,0.0,0.06391485066510182,0.016235589457996254,0.002386696731277311,0.0,0.0,0.10232006493365972,0.3290493928739147,0.0,0.997305170626051,conditional,yes,yes,yes,yes,True,8.065147160382837,AE,96,101,430000.0,149,310000.0,399,0.35964912280701755,0.40350877192982454
42003151600,Tract 1516,Greenfield,True,0.641243595714951,medium,False,False,False,False,400,116,65,54,55,52.172789842982326,55,51,95,96,95,96.46242791885346,70,92,25,25,0,15.556349186104045,0,11,65,58,0,15.556349186104045,0,11,150,61,0,15.556349186104045,0,11,65,54.0,0,11.0,0,11.0,0,11.0,0,11.0,55,87.0,0,11.0,15,24.0,0,11.0,25,29.0,0,11.0,10,14.0,15,23.0,0,11.0,0,11.0,10,21.095023109728988,4,18.601075237738275,75,44.27188724235731,0,15.556349186104045,125,73.24616030891995,1300.0,114,high,1188.0,96.0,15207,1350,219300.0,15485.0,253800.0,0.7618,0.1583,0.0099,0.0184,0.1145,0.202156446399214,0.10672222544277858,0.6603036876355748,2305,548.0,1811,3,5210.0,0.22912949518337955,0.22912949518337955,0.7542487311536025,1.997830802603037,17.6678,0.5336051239949436,0.0,0.0,0.0,0.11668782313939104,0.21274560534697198,0.04088475850529717,0.0,0.0,0.0,0.05447236097305941,0.0150199034380206,0.0,0.0,0.0,0.026573471079989846,0.0,0.0,0.9999890464776737,conditional,yes,yes,yes,yes,True,0.0,,73,163,220000.0,59,260000.0,239,0.3508771929824561,0.3333333333333333
42003151700,Tract 1517,Greenfield,True,0.2453846021149234,low,False,False,False,False,1135,311,420,320,210,121.16517651536682,190,116,125,84,110,97.74456506629922,60,65,235,124,60,53.150729063673246,0,11,20,26,0,15.556349186104045,0,11,335,148,0,15.556349186104045,0,11,210,304.0,0,11.0,0,11.0,0,11.0,210,116.0,20,33.0,0,11.0,0,11.0,0,11.0,105,93.0,40,46.0,0,11.0,90,85.0,0,11.0,105,86.0,0,15.556349186104045,0,15.556349186104045,90,78.77182237323191,10,21.095023109728988,250,120.66896867049125,1385.0,188,high,1415.0,202.0,15217,1620,268200.0,17354.0,253800.0,0.6193,0.2359,0.0108,0.0194,0.0976,0.18366593645065166,0.07005561778133886,0.7074253430185634,4956,1112.0,5217,19,4546.0,0.354201142626408,0.354201142626408,0.2856783957171456,2.353107344632768,15.5364,0.5609678016325912,0.06980862353045614,0.15396549227011105,0.0,0.028566784132938124,0.10114449528961743,0.05088611833581723,0.0,0.0,0.0,0.0,0.0,0.0,0.0,0.0,0.034651057931328506,9.574817802568859e-06,0.0,0.9999999479406623,conditional,yes,yes,yes,yes,True,0.0,,228,104,258000.0,157,331775.0,354,0.7105263157894737,0.2719298245614035
42003160800,Tract 1608,South Side Slopes,True,0.5212392255630883,medium,False,False,False,True,660,140,105,54,60,36.24913792078372,50,33,105,72,100,72.24956747275377,45,54,210,105,45,52.172789842982326,0,11,45,32,0,15.556349186104045,0,11,195,82,35,53.150729063673246,0,11,20,21.0,0,11.0,20,22.0,0,11.0,65,49.0,10,17.0,30,41.0,15,23.0,0,11.0,50,56.0,10,20.0,0,11.0,45,55.0,0,11.0,150,89.0,0,15.556349186104045,10,21.095023109728988,40,38.48376280978771,0,15.556349186104045,180,90.13878188659973,1397.0,339,high,1394.0,306.0,15203,1850,201000.0,62490.0,208900.0,0.6471,0.2003,0.0,0.0145,0.1685,0.40384554737602835,0.10484990343234318,0.11167711598746081,2552,337.0,4219,19,13103.0,0.44206111510616364,0.6669404676808425,0.43277334012396695,2.0156739811912225,5.036,0.40549981962310083,0.024678409089158033,0.02085744056195295,0.0,1.2269374652819514e-05,0.21833268862215288,0.00994785872969608,0.0,0.0,0.0,0.07270045409311172,0.0,0.005523383399934827,0.0,0.0,0.24244768270292677,0.0,0.0,1.000000006196687,conditional,conditional,yes,yes,conditional,True,0.0,,148,333,201725.0,72,275000.0,335,0.24561403508771928,0.5175438596491229
42003160900,Tract 1609,South Side Flats,True,0.1922964573018912,low,False,False,False,False,1400,215,300,127,100,77.78174593052023,100,77,175,140,125,121.2023102090055,110,119,130,80,100,72.56031973468694,80,63,100,85,80,81.74350127074322,0,11,695,215,90,78.77182237323191,0,11,120,81.0,0,11.0,15,33.0,0,11.0,165,91.0,60,83.0,0,11.0,85,116.0,0,11.0,30,37.0,20,34.0,0,11.0,0,11.0,0,11.0,110,72.0,0,15.556349186104045,20,34.785054261852174,135,104.58011283222064,0,15.556349186104045,640,199.21094347449892,2234.0,469,high,1672.0,203.0,15203,1850,233100.0,106183.0,201000.0,0.1238,0.1464,0.1628,0.3622,0.1053,0.16194238099950678,0.08342322068413525,0.8351995406258972,3483,778.0,4966,28,25607.0,0.453624161921436,0.4602308709785227,0.15793313310171522,3.424633936261843,68.7364,0.0,0.07265230468350435,0.0429013592747486,0.0,0.0,0.0,0.06043787887991942,0.0,0.0,0.0,0.11469963353670501,0.004053329940715442,0.08892727013791227,0.16751704212861218,0.0,0.005800967025168964,0.44289640672282177,0.0,0.9998861923301081,conditional,yes,yes,yes,yes,True,30.636450416246007,AE,168,73,291000.0,80,249750.0,348,0.543859649122807,0.7017543859649122
42003161000,Tract 1610,Arlington,True,0.7522345276498359,medium,False,False,False,True,610,274,325,245,280,243.0164603478538,250,239,50,41,35,38.600518131237564,35,37,110,60,35,38.600518131237564,0,11,4,10,0,15.556349186104045,0,11,115,70,0,15.556349186104045,0,11,4,10.0,10,14.0,225,236.0,0,11.0,85,57.0,0,11.0,0,11.0,50,41.0,0,11.0,0,11.0,4,11.0,0,11.0,85,54.0,15,28.0,4,17.0,0,15.556349186104045,0,15.556349186104045,84,60.8276253029822,0,15.556349186104045,35,37.64306044943742,1200.0,90,high,1138.0,1069.0,15210,1340,69700.0,19554.0,192850.0,0.805,0.018,0.1432,0.0,0.1755,0.6050403892248295,0.15320105086945462,0.0,2666,238.0,1707,2,7046.0,0.29791578338388647,0.5818084403070685,0.6913000091248939,1.7921980495123782,7.0562,0.0884041194490684,0.0,0.21438031949022934,0.0,0.1784661755606793,0.012493683592320365,0.022209107339087014,0.0,0.0,0.0,0.03148858347169987,0.0,0.01852693436794739,0.00045727150014804573,0.0,0.42558959634162724,0.0,0.0006455133621722351,0.9926613044749794,conditional,yes,yes,yes,yes,True,0.8813777332961256,AE,85,281,111500.0,28,190000.0,289,0.14912280701754385,0.39473684210526316
42003170200,Tract 1702,South Side Flats,True,0.4468848292478163,medium,True,False,False,True,1095,277,425,172,380,166.3640586184408,380,166,130,108,130,106.25441167311595,40,61,90,110,10,17.804493814764857,0,11,20,36,0,15.556349186104045,0,11,430,225,0,15.556349186104045,0,11,45,48.0,0,11.0,105,115.0,0,11.0,275,116.0,0,11.0,0,11.0,0,11.0,0,11.0,130,108.0,0,11.0,0,11.0,65,107.0,0,11.0,25,33.0,20,34.785054261852174,0,15.556349186104045,35,39.56008088970496,0,15.556349186104045,400,225.88713996153035,1650.0,629,high,1522.0,319.0,15203,1850,283300.0,59785.0,217050.0,0.1864,0.3737,0.0747,0.0044,0.1465,0.08225321965838815,0.08157724960646365,1.0,3984,1555.0,8120,52,32785.0,0.24416889405702413,0.24416889405702413,0.19814552142423808,3.48644578313253,57.4045,0.0,0.2337301998347984,0.006393450249984237,0.0,0.0,0.004811507054183714,0.09589297654607275,0.0,0.0,0.0,0.048069995843527676,0.048550634986458924,0.024835757847451605,0.5373721737387386,1.2241207852654527e-05,0.00033109906895393047,0.0,0.0,1.0000000363780226,conditional,yes,yes,yes,yes,True,34.19656783029733,AE,314,101,309000.0,177,267500.0,321,0.8289473684210527,0.7894736842105263
42003170600,Tract 1706,South Side Slopes,True,0.4398997740171471,low,False,False,False,True,525,124,115,61,70,48.27007354458868,70,47,80,57,60,49.193495504995376,20,22,125,89,29,37.64306044943742,4,11,10,14,0,15.556349186104045,0,11,195,89,0,15.556349186104045,0,11,0,11.0,25,38.0,15,17.0,0,11.0,80,50.0,0,11.0,0,11.0,4,11.0,0,11.0,70,55.0,0,11.0,0,11.0,4,11.0,0,11.0,125,89.0,0,15.556349186104045,0,15.556349186104045,100,75.31268153505093,0,15.556349186104045,105,55.10898293381942,1355.0,218,high,1298.0,201.0,15203,1850,184700.0,110608.0,201000.0,0.5366,0.2365,0.0698,0.034,0.2173,0.09892195992933717,0.0859172112608001,1.0,1775,1340.0,7901,46,16861.0,0.38477470775070655,0.38587307152373296,0.3313238349290523,2.7261971830985914,6.5292,0.0024753677008539855,0.17703966977407135,0.045944048501167255,0.0,0.010643467147047348,0.5168444360999254,0.017035903101850852,0.0,0.0,0.0,0.05281357607746663,0.0024927658097278343,0.00010914281862957908,0.0,0.0,0.17379339299376384,0.0,0.0008084028837744171,1.0000001729082786,conditional,yes,yes,yes,conditional,True,0.0,,120,312,192450.0,50,239000.0,495,0.7894736842105263,0.5789473684210527
42003180300,Tract 1803,Allentown,True,0.5312598112784419,medium,True,False,False,True,490,151,160,78,95,69.12307863514182,85,67,80,69,20,29.154759474226502,0,11,135,111,55,60.207972893961475,30,45,65,78,0,15.556349186104045,0,11,50,51,0,15.556349186104045,0,11,55,44.0,0,11.0,10,18.0,15,30.0,80,63.0,0,11.0,35,57.0,10,22.0,0,11.0,35,32.0,0,11.0,0,11.0,55,90.0,0,11.0,80,71.0,0,15.556349186104045,0,15.556349186104045,40,50.21951811795888,0,15.556349186104045,75,79.2464510246358,1299.0,223,high,1039.0,296.0,15210,1340,89700.0,65976.0,152100.0,0.6236,0.11,0.0634,0.077,0.2103,0.2747611072932674,0.07477669364721781,0.3440347071583514,2305,725.0,6286,28,12109.0,0.26118698867883183,0.26118698867883183,0.47296393852608637,3.4984815618221257,9.4581,0.55936846186431,1.858956690817505e-05,0.0,0.0,4.256264746277349e-08,0.1685181734640275,0.09396461522739352,0.0,0.0,0.0,0.0,0.0,0.0,0.0,0.0,0.1781331830212762,0.0,8.368576736773645e-07,1.0000039025642364,conditional,yes,yes,yes,yes,True,0.0,,110,361,108750.0,29,180000.0,246,0.5263157894736842,0.5087719298245614
42003180700,Tract 1807,Mount Washington,True,0.5841070227190395,medium,False,False,False,True,610,110,120,76,99,68.8839603971781,95,68,95,51,95,53.23532661682466,25,25,80,50,15,23.706539182259394,0,11,50,39,0,15.556349186104045,0,11,260,90,0,15.556349186104045,0,11,15,23.0,0,11.0,80,67.0,0,11.0,25,17.0,60,36.0,4,14.0,15,28.0,0,11.0,15,17.0,0,11.0,0,11.0,30,31.0,0,11.0,50,40.0,0,15.556349186104045,0,15.556349186104045,25,22.825424421026653,15,30.083217912982647,275,94.42986815621421,1350.0,149,high,1647.0,176.0,15211,1590,152100.0,64313.0,124250.0,0.612,0.1398,0.0,0.0877,0.0521,0.21015032111148998,0.07261476914202737,0.6351219512195122,2050,615.0,3929,17,26192.0,0.4665337842323966,0.4665337842323966,0.500218126914969,1.6404878048780487,5.4159,0.9005085278200954,0.0,0.014568281686697097,0.0,0.0,0.0,0.033274639367875045,0.0,0.0,0.0,0.0,0.0,0.0,0.0,0.0,0.007436533467769363,0.04421338402015336,0.0,1.0000013663625902,conditional,no,no,no,conditional,True,0.0,,145,88,240000.0,41,180980.0,184,0.41228070175438597,0.7105263157894737
42003190300,Tract 1903,Mount Washington,True,0.500718056202453,medium,False,False,False,False,440,169,75,89,75,87.96590248499699,65,87,45,37,35,33.60059523282288,25,27,125,113,95,114.94781424629178,35,53,35,32,0,15.556349186104045,0,11,160,92,0,15.556349186104045,0,11,20,23.0,0,11.0,0,11.0,0,11.0,50,85.0,10,18.0,0,11.0,0,11.0,0,11.0,35,33.0,60,102.0,0,11.0,0,11.0,0,11.0,65,59.0,20,29.154759474226502,10,17.029386365926403,15,25.495097567963924,0,15.556349186104045,155,91.92388155425118,1450.0,124,high,1198.0,140.0,15211,1590,249300.0,28548.0,230550.0,0.5341,0.16,0.1122,0.0612,0.0345,0.4360288651700737,0.08624545881640594,0.08860103626943006,1930,379.0,3605,12,56153.0,0.3094779465036511,0.3116526861393595,0.48788006396359834,1.5347150259067357,5.9424,0.299522936903817,0.0,0.07303426409640584,0.0,0.1193254607860053,0.0,0.008302812202908289,0.0,0.0,0.0,0.0002041503119851348,0.0,0.0,0.0,0.0,0.3743820666266824,0.12522829774245445,0.0,0.9999999886702584,conditional,yes,yes,yes,yes,True,5.7399442827678014e-05,AE,115,57,345000.0,53,330000.0,159,0.2719298245614035,0.8859649122807017
42003191100,Tract 1911,Duquesne Heights,True,0.2775287222480981,low,False,False,False,False,530,152,85,47,25,29.154759474226502,10,15,15,22,0,15.556349186104045,0,11,120,91,30,36.124783736376884,15,24,35,34,25,34.785054261852174,0,11,280,122,0,15.556349186104045,0,11,75,44.0,0,11.0,0,11.0,0,11.0,10,15.0,15,22.0,0,11.0,0,11.0,0,11.0,0,11.0,15,24.0,0,11.0,10,18.0,0,11.0,95,87.0,25,33.83784863137726,65,102.59142264341595,59,50.0,0,15.556349186104045,160,69.12307863514182,1447.5,154,high,1492.0,383.0,15211,1590,239800.0,43985.0,176500.0,0.6283,0.1072,0.0087,0.1989,0.0944,0.37800368452081906,0.1680948380058522,0.22152690863579474,2397,311.0,2897,11,18018.0,0.2892018051477143,0.29006765545300495,0.9362781445171131,0.6220275344180225,9.1659,0.2571108596854172,0.10567167190306076,0.0,0.0,0.0004261170037612672,0.0050205313418214634,0.013856993667389331,0.0,0.0,0.0,0.03691368876717585,0.0,0.0,0.002642641061938701,0.0,0.5373803684651075,0.04097588431631116,0.0,0.9999987562119832,conditional,no,yes,yes,conditional,True,3.4619194898317893,AE,76,254,356250.0,104,199900.0,388,0.21052631578947367,0.5877192982456141
42003191400,Tract 1914,Mount Washington,True,0.3746456439361267,medium,False,False,False,True,1075,281,125,55,100,59.413803110051795,55,43,40,36,25,28.178005607210743,10,13,310,216,215,203.08865059377396,10,21,80,66,10,21.095023109728988,0,11,525,153,65,73.824115301167,0,11,80,45.0,0,11.0,0,11.0,0,11.0,40,37.0,25,32.0,4,9.0,0,11.0,10,13.0,0,11.0,0,11.0,4,9.0,35,56.0,0,11.0,270,207.0,14,24.08318915758459,10,19.4164878389476,95,85.70880934886448,0,15.556349186104045,480,139.54210834009928,1450.0,383,high,1452.0,227.0,15211,1590,221300.0,73826.0,158800.0,0.3524,0.3022,0.0714,0.1346,0.1632,0.3686840654072371,0.09681438890769926,0.1746788990825688,2725,604.0,4218,16,42525.0,0.6186921387709584,0.7231204713182152,0.22976132760284826,1.9038532110091744,11.399,0.26734089816176804,0.0,0.216978422490418,0.0,0.0,0.006715246172716244,0.07140898319164174,0.0,0.0,0.0,0.04041700682863378,0.0,0.0,0.0,0.0,0.3536623829216284,0.043475202749705066,0.0,0.9999981425165113,conditional,yes,yes,yes,yes,True,2.2386743330800445,AE,239,214,226300.0,55,221000.0,450,0.40350877192982454,0.8245614035087719
42003191500,Tract 1915,Mount Washington,True,0.2827416377719126,medium,False,False,False,True,435,133,95,57,70,52.172789842982326,70,51,45,46,10,17.804493814764857,0,11,65,43,14,22.360679774997898,4,10,75,96,50,82.73451516749222,0,11,150,72,0,15.556349186104045,0,11,10,14.0,0,11.0,0,11.0,0,11.0,85,60.0,10,14.0,0,11.0,0,11.0,0,11.0,35,44.0,20,27.0,0,11.0,10,14.0,0,11.0,35,30.0,10,19.4164878389476,10,20.248456731316587,30,31.016124838541646,0,15.556349186104045,175,118.22436297142819,1350.0,172,high,1451.0,226.0,15211,1590,158800.0,69055.0,152100.0,0.5995,0.1624,0.1223,0.073,0.1715,0.17863126962552744,0.06184038337206511,0.828428927680798,2005,964.0,3608,14,8105.0,0.46930620081473234,0.682705145527545,0.5572294899862602,1.629426433915212,20.1323,0.48721037554126084,0.0,0.025509011013165953,0.0,0.0,0.017602583936037888,0.013883549379120234,0.0,0.0,0.0,0.14753217893375103,0.006497632605559836,0.0,0.0,0.0,0.30166498975637224,9.969166122532229e-05,0.0,1.0000000128264934,conditional,conditional,conditional,yes,conditional,True,7.0093289982369935,AE,117,88,194900.0,54,195000.0,387,0.631578947368421,0.43859649122807015
42003191600,Tract 1916,Beechview,True,0.4263203896335397,medium,False,False,False,True,585,130,75,54,65,55.47071299343465,45,46,60,56,30,35.73513677041127,0,11,130,74,30,40.52159917870962,0,11,140,91,0,15.556349186104045,0,11,180,93,0,15.556349186104045,0,11,4,10.0,0,11.0,30,33.0,0,11.0,40,45.0,0,11.0,0,11.0,0,11.0,0,11.0,60,56.0,10,18.0,15,27.0,55,58.0,15,24.0,35,33.0,10,22.825424421026653,0,15.556349186104045,145,95.60334722173695,10,18.601075237738275,150,79.88116173416608,1240.0,244,high,1184.0,327.0,15216,1330,148300.0,13828.0,175300.0,0.6822,0.2025,0.0,0.0,0.097,0.6768329921753431,0.17556207071062857,0.021250905578362716,4141,206.0,2321,5,3975.0,0.30381608461204623,0.33216298917151554,0.8607155771577011,2.2250664090799326,6.7751,0.46313899509553524,0.029910117036590068,0.0,0.0,0.0,0.45370897039320474,0.00869971412956421,0.0,0.0,0.017024529428916496,0.0033256844523557806,1.5805635377344334e-07,0.0,0.0,0.0,0.02384288099467134,0.0003514336336228981,0.0,1.0000024832208148,conditional,conditional,conditional,no,conditional,True,2.066385467367846,A,215,380,189500.0,119,210000.0,744,0.11403508771929824,0.23684210526315788
42003191700,Tract 1917,Brookline,True,0.548987389811796,medium,False,False,False,False,425,169,75,67,69,68.6804193347711,65,66,0,11,0,15.556349186104045,0,11,75,51,40,41.48493702538308,0,11,130,125,0,15.556349186104045,0,11,150,80,0,15.556349186104045,0,11,0,11.0,4,19.0,4,16.0,4,15.0,55,67.0,0,11.0,0,11.0,0,11.0,0,11.0,0,11.0,0,11.0,0,11.0,55,54.0,0,11.0,20,25.0,0,15.556349186104045,20,22.80350850198276,85,56.753854494650845,85,121.49897118905987,90,68.94200461257273,1212.5,115,high,1620.0,460.0,15226,1440,175300.0,13044.0,153550.0,0.8582,0.0781,0.012,0.0,0.1136,0.5900112058036413,0.1814484443621087,0.007962253022707167,3391,183.0,3019,9,3188.0,0.30918898642514187,0.3137138672884516,0.7196338336463702,1.7705691536419934,10.4678,0.5710939860679926,0.0,0.0,0.0,0.017603413078449866,0.2803007523359203,0.006773387111650809,0.0,0.0,0.03127325177172623,0.044403426609285236,0.0011750244584567253,0.0,0.0,0.0,0.031320516568576824,0.016056164608081964,0.0,0.9999999226101404,conditional,conditional,conditional,yes,conditional,True,0.0,,39,168,196250.0,126,190000.0,455,0.07894736842105263,0.20175438596491227
42003191800,Tract 1918,Brookline,True,0.3524616605427038,medium,False,False,False,False,910,243,250,148,165,131.97348218486925,165,131,120,127,25,29.154759474226502,10,15,145,110,60,84.52810183601665,0,16,155,149,0,22.627416997969522,0,16,235,198,0,22.627416997969522,0,16,75,68.0,10,19.0,0,16.0,55,66.0,110,113.0,95,125.0,0,16.0,0,16.0,0,16.0,25,29.0,15,23.0,0,16.0,110,106.0,0,16.0,20,37.0,130,167.7647161950331,0,22.627416997969522,105,107.91200118615167,0,22.627416997969522,155,146.48549416239138,1250.0,92,high,1306.0,328.0,15226,1440,176200.0,16482.0,189900.0,0.7714,0.1354,0.0067,0.0777,0.0259,0.9027456675405418,0.16347479304734494,0.0,5252,187.0,1336,0,3129.0,0.3045670374458385,0.30460200280762884,0.30956759080833174,3.9775323686214774,9.7733,0.8476069641070318,0.0,0.025336296877909358,0.0,0.0,0.018892891664663663,0.03663361468564811,0.0,0.0,0.0,0.010052067753750291,0.0,0.0,0.0,0.0,0.05191398982367154,0.0046441584955087415,0.0,0.9950799834081836,conditional,yes,yes,no,conditional,True,0.7563146138058202,A,143,85,211841.0,179,205000.0,178,0.08771929824561403,0.18421052631578946
42003191900,Tract 1919,Brookline,True,0.5398773482378513,medium,False,False,False,True,420,191,25,29,25,31.016124838541646,25,29,25,21,25,23.706539182259394,0,11,215,189,110,178.33956375409244,0,11,70,50,0,15.556349186104045,0,11,85,60,0,15.556349186104045,0,11,0,11.0,0,11.0,25,29.0,0,11.0,0,11.0,20,18.0,4,17.0,0,11.0,0,11.0,0,11.0,110,178.0,0,11.0,25,39.0,0,11.0,85,57.0,0,15.556349186104045,0,15.556349186104045,55,37.73592452822641,0,15.556349186104045,100,74.51845409024533,1300.0,71,high,1153.0,136.0,15226,1440,189900.0,12638.0,175750.0,0.7676,0.0956,0.017,0.0,0.0304,1.1071878365584071,0.10038927663269206,0.0,2177,328.0,1282,0,4010.0,0.30017489922420554,0.30017489922420554,0.22271907787712583,6.288470372071658,7.472,0.7461944063218661,0.0,0.09838743472949835,0.0,0.0,0.0,0.08020202989690238,0.0,0.0,0.07506229021755681,0.0,0.0,0.0,0.0,0.0,0.0,0.0,0.0,0.9998461611658236,conditional,yes,yes,yes,yes,True,0.0,,86,42,196150.0,57,204500.0,484,0.22807017543859648,0.2543859649122807
42003192000,Tract 1920,Beechview,True,0.4593725381957023,low,False,False,False,False,510,157,120,66,55,47.38143096192854,35,33,70,51,44,57.97413216254298,4,15,165,95,55,48.27007354458868,0,11,15,21,0,15.556349186104045,0,11,140,88,0,15.556349186104045,0,11,90,65.0,0,11.0,0,11.0,0,11.0,25,24.0,15,23.0,4,14.0,0,11.0,35,53.0,15,19.0,40,34.0,0,11.0,75,90.0,0,11.0,45,48.0,0,15.556349186104045,0,15.556349186104045,85,61.0,0,15.556349186104045,75,56.08029957123981,1298.0,202,high,936.0,237.0,15216,1330,147300.0,18470.0,182600.0,0.5704,0.1357,0.073,0.069,0.1627,1.1006389638786473,0.12697457409233473,0.0,3455,220.0,2172,0,4628.0,0.48311137215879724,0.4831864157654982,0.5069542569318326,3.3739507959479016,10.4,0.6294355115603977,0.02802481400780843,0.0,0.0,0.025880609842118128,0.17148389851714052,0.014690066790207755,0.0,0.0,0.05741655101039372,0.03318858968443843,0.0009086204992919121,0.0,0.0,0.0,0.028982281787516585,0.0071327533557575176,0.0,0.9971436970550706,conditional,conditional,yes,yes,conditional,True,0.18432985876537253,A,111,232,185000.0,102,205050.0,398,0.12280701754385964,0.2807017543859649
42003202200,Tract 2022,Sheraden,True,0.4623922556308831,low,False,False,True,False,415,163,135,114,15,26.40075756488817,15,24,75,102,0,15.556349186104045,0,11,100,73,0,15.556349186104045,0,11,85,79,45,65.92419889539804,0,11,20,23,0,15.556349186104045,0,11,0,11.0,0,11.0,85,95.0,0,11.0,50,44.0,65,101.0,0,11.0,10,16.0,0,11.0,0,11.0,15,24.0,0,11.0,80,68.0,0,11.0,4,14.0,10,24.596747752497688,30,47.29693436154187,20,25.495097567963924,0,15.556349186104045,45,65.92419889539804,1000.0,34,medium,693.0,262.0,15204,1390,115700.0,39799.0,115600.0,0.5118,0.1066,0.0654,0.036,0.1213,0.5227123070931015,0.0718632709355996,0.01411764705882353,2550,710.0,2736,1,2751.0,0.43483404507328877,0.45954540893308804,0.811149544289784,1.207450980392157,5.8149,0.526762574811207,0.0,0.016930440577766742,0.0,0.0,0.24750318975096747,0.05769005797171803,0.0,0.0,0.0,4.2155253549211525e-06,0.0,0.0,0.0,0.0,0.09426727080882914,0.05684225550177875,0.0,1.000000004947622,conditional,yes,yes,yes,yes,True,0.0,,79,110,163000.0,41,159950.0,114,0.5175438596491229,0.15789473684210525
42003202300,Tract 2023,Banksville,True,0.2370384745869919,low,False,False,False,False,815,200,130,92,45,42.44997055358225,45,41,60,53,50,51.03920062069938,30,29,155,82,20,36.68787265568828,0,11,170,116,0,15.556349186104045,0,11,305,156,0,15.556349186104045,0,11,25,33.0,0,11.0,15,27.0,0,11.0,85,82.0,20,25.0,10,14.0,0,11.0,0,11.0,35,45.0,15,22.0,10,20.0,20,40.0,0,11.0,105,70.0,30,37.64306044943742,0,15.556349186104045,140,125.54282137979854,0,15.556349186104045,305,153.40469353966978,1490.0,62,high,1194.0,53.0,15220,1510,218500.0,22865.0,148300.0,0.6507,0.042,0.2065,0.0897,0.0825,1.5512880021296593,0.20688617674474,0.0,4127,56.0,989,0,6148.0,0.46609947558723624,0.46609947558723624,0.4855896244855313,2.782166222437606,15.2857,0.4818701743508903,0.0,0.024909026263522253,0.0,0.03814020407731989,0.0010860450539727884,0.0014657890216465104,0.0,0.0,0.03655546338720617,0.0,0.05049426631292824,0.0,0.0,0.0,0.18625836440548194,0.17610164717778068,0.0,0.9968809800507487,conditional,yes,yes,conditional,conditional,True,2.4957651927495714,A,24,150,240000.0,96,191750.0,337,0.017543859649122806,0.3508771929824561
42003241300,Tract 2413,Troy Hill,True,0.5249992812250226,medium,False,False,False,True,935,195,120,80,75,57.48912940721924,65,56,160,111,150,109.4440496326776,20,23,150,71,95,48.27007354458868,0,11,80,53,20,25.495097567963924,0,11,425,122,30,47.29693436154187,0,11,10,13.0,0,11.0,15,26.0,0,11.0,95,79.0,80,86.0,0,11.0,40,50.0,0,11.0,45,41.0,4,9.0,0,11.0,55,53.0,15,22.0,75,52.0,0,15.556349186104045,0,15.556349186104045,205,114.76933388322858,20,31.016124838541646,285,87.66413177577246,1734.0,303,high,1539.0,307.0,15212,1350,117600.0,48019.0,341200.0,0.331,0.2549,0.0117,0.2271,0.1788,0.5625555747344264,0.06857777493164531,0.09867452135493372,3395,412.0,2791,3,22284.0,0.24558044986334898,0.36748945937521077,0.6564293042565625,2.402945508100147,33.06,0.1899373908190553,0.08011998542614909,0.0,0.0,0.0032302126822492516,0.19761910300374722,0.02615737513118577,0.0,0.0,0.0,0.05449694770318106,0.011993219650549239,0.0,0.37891013216959535,0.0,0.05558178302845951,7.109428503351112e-05,0.0,0.9981172438992053,conditional,conditional,yes,yes,yes,True,24.587647157232873,AE,207,361,214350.0,70,399000.0,215,0.2982456140350877,0.6578947368421053
42003250900,Tract 2509,Fineview,True,0.4398874110875353,low,True,False,True,True,355,122,90,58,45,46.32493928760188,0,11,170,114,60,66.91038783328041,0,11,20,21,10,18.601075237738275,0,11,0,11,0,15.556349186104045,0,11,75,59,0,15.556349186104045,0,11,20,23.0,0,11.0,45,49.0,0,11.0,25,28.0,0,11.0,0,11.0,130,108.0,0,11.0,40,39.0,0,11.0,0,11.0,15,13.0,0,11.0,4,17.0,0,15.556349186104045,10,25.495097567963924,20,23.706539182259394,0,15.556349186104045,40,55.10898293381942,1400.0,26,medium,763.0,291.0,15212,1350,198900.0,55267.0,260500.0,0.4426,0.079,0.3621,0.0328,0.0939,0.19727949425161442,0.07049761408237443,0.6912280701754386,1140,468.0,2821,11,21800.0,0.46945390100000167,0.46950286510367745,0.7974700480739695,4.807017543859649,1.7045,0.3574590479646372,1.7329064971388782e-06,0.0,0.0,0.09754963486339843,0.4727226551424268,0.0,0.04382592429319627,0.0,0.0,0.0,0.0,0.0,0.0,0.0,0.028439587654048783,1.4400438052013543e-06,0.0,1.00000002286801,conditional,yes,yes,yes,yes,True,0.0,,33,232,230000.0,11,341750.0,182,0.3157894736842105,0.6403508771929824
42003260200,Tract 2602,Perry North,True,0.6404112542910867,medium,False,False,False,True,350,117,100,85,80,83.72574275573791,80,83,90,48,55,36.68787265568828,0,11,35,30,4,21.95449840010015,0,11,45,65,0,15.556349186104045,0,11,80,52,0,15.556349186104045,0,11,25,28.0,4,3.0,25,37.0,0,11.0,45,48.0,0,11.0,0,11.0,35,45.0,50,35.0,4,16.0,0,11.0,0,11.0,10,17.0,0,11.0,25,25.0,0,15.556349186104045,4,14.866068747318506,80,75.29276193632427,0,15.556349186104045,40,34.785054261852174,1600.0,83,high,1045.0,214.0,15214,1380,179200.0,17369.0,201900.0,0.7731,0.1297,0.0678,0.0,0.111,0.2215707905397112,0.12576952434900562,0.5721797323135756,2092,405.0,2926,19,877.0,0.2984390315115202,1.357619383029446,1.3295625094292525,1.7280114722753346,7.0582,0.5153705292145236,0.0,0.0,0.0,0.0,0.2274322388242642,0.021395931345530094,0.0,0.0,0.0,0.0,0.0,0.0,0.0,0.0,0.22775878443990413,3.107224952313757e-05,0.0,0.9919885560737453,conditional,conditional,conditional,no,conditional,True,0.0,,72,208,180000.0,53,217500.0,124,0.2807017543859649,0.008771929824561403
42003260700,Tract 2607,Perry North,True,0.5882356661894,medium,False,False,False,False,195,56,30,21,25,21.095023109728988,25,18,20,17,14,12.649110640673518,4,4,20,24,4,14.212670403551895,0,11,45,41,0,15.556349186104045,0,11,85,53,0,15.556349186104045,0,11,0,11.0,0,11.0,0,11.0,0,11.0,30,21.0,10,12.0,10,12.0,0,11.0,0,11.0,0,11.0,0,11.0,0,11.0,20,24.0,0,11.0,0,11.0,25,40.52159917870962,4,20.248456731316587,44,47.12748667179272,0,15.556349186104045,50,40.80441152620633,1456.25,88,high,1146.0,123.0,15214,1380,201900.0,57280.0,175300.0,0.5968,0.1838,0.0147,0.0,0.2169,0.1032508987057727,0.1032508987057727,1.0,1653,819.0,3148,28,1087.0,0.589555828420742,1.4003022923809947,1.2113746899422035,0.6575922565033273,4.3526,0.7106410786282081,0.0,5.322878816777023e-05,0.0,0.0,0.26816473572505833,0.005503007532220217,0.0,0.0,0.0,0.0,0.0011231734517632263,0.0,0.0,0.0,0.014073163277046821,0.00044160728435549597,0.0,0.9999999946868201,conditional,conditional,conditional,no,conditional,True,0.0,,91,92,256500.0,36,179500.0,101,0.5701754385964912,0.017543859649122806
42003261300,Tract 2613,Summer Hill,True,0.5298090358639962,medium,True,False,False,True,515,109,285,87,155,81.5659242576212,105,62,105,91,0,15.556349186104045,0,11,90,65,15,22.825424421026653,0,11,0,11,0,15.556349186104045,0,11,35,33,0,15.556349186104045,0,11,45,38.0,0,11.0,125,80.0,30,47.0,85,67.0,4,11.0,0,11.0,25,42.0,70,81.0,0,11.0,0,11.0,0,11.0,35,31.0,50,55.0,4,13.0,0,15.556349186104045,0,15.556349186104045,30,33.83784863137726,0,15.556349186104045,10,17.804493814764857,,18,low,1009.0,279.0,15214,1380,175300.0,18249.0,153600.0,0.4964,0.0341,0.1382,0.0485,0.1104,0.4567867187709632,0.07890132501818597,0.12323816407661728,2767,315.0,3983,22,1307.0,0.8712727645010906,1.2896358232960314,1.5994411602238892,0.09938561619082038,8.0755,0.47618033352932965,0.0,0.02122288417231688,0.0,0.0,0.23355109018529663,0.006228023109957388,0.010373991522304664,0.0,0.0,0.0,0.013526248327777967,0.0,0.0,0.0,0.17685081285907084,0.04159447320546741,0.0,0.9795278569115213,conditional,conditional,conditional,no,conditional,True,0.0,,19,98,185000.0,28,178750.0,166,0.21929824561403508,0.03508771929824561
42003261400,Tract 2614,Perry South,True,0.815763597785023,medium,True,False,True,True,240,104,80,58,65,55.94640292279746,25,27,10,19,10,21.95449840010015,0,11,55,60,20,19.1049731745428,10,14,4,11,0,15.556349186104045,0,11,85,65,0,15.556349186104045,0,11,40,31.0,0,11.0,10,15.0,0,11.0,35,49.0,0,11.0,10,19.0,0,11.0,0,11.0,0,11.0,10,14.0,0,11.0,35,56.0,0,11.0,10,13.0,10,18.601075237738275,0,15.556349186104045,25,40.52159917870962,0,15.556349186104045,54,52.172789842982326,1095.0,60,high,1052.0,799.0,15214,1380,109400.0,69573.0,187100.0,0.5995,0.0705,0.0596,0.0933,0.2273,0.2116886071665366,0.06919937230917213,0.5841142347166444,2241,770.0,5055,21,14769.0,0.4774680854160228,0.4774680854160228,0.7985588673543625,1.319053993752789,10.0061,0.3312124676871296,0.04772385001387542,0.0,0.0,0.035488286237827786,0.47693812003833574,0.02237733426473949,0.0,0.0,0.0,0.02425361306092784,0.0,0.0,0.0,0.0,0.047171667382451654,0.014835064903882075,0.0,1.0000004035891696,conditional,yes,yes,yes,yes,True,0.0,,100,679,122500.0,26,280000.0,199,0.5350877192982456,0.5526315789473685
42003261500,Tract 2615,Perry South,True,0.6291641509542456,medium,True,False,True,True,425,133,120,59,50,42.20189569201838,20,25,115,58,100,56.824290580701486,25,27,120,117,110,115.3819743287486,40,52,10,15,0,15.556349186104045,0,11,60,45,0,15.556349186104045,0,11,45,32.0,0,11.0,30,32.0,0,11.0,40,41.0,10,14.0,10,15.0,55,46.0,0,11.0,40,34.0,0,11.0,0,11.0,0,11.0,60,102.0,60,53.0,0,15.556349186104045,0,15.556349186104045,4,13.601470508735444,0,15.556349186104045,70,46.486557196677836,1395.0,31,medium,1137.0,187.0,15214,1380,99700.0,31446.0,164450.0,0.6777,0.0946,0.0959,0.0946,0.1381,0.16742107921725183,0.11532143276129202,0.839238845144357,1524,658.0,4014,17,2139.0,0.8553917523351037,0.8757676503850219,0.7444930993499553,0.15091863517060367,6.6498,0.3087613365679926,0.00014313393992493827,0.0,0.0,0.012886342438531248,0.26934590209918613,0.006747996054622282,0.0,0.0,0.0,0.00018274502988983833,0.00015274904945577534,0.0,0.0,0.0,0.3056296248268669,0.09615014002045515,0.0,0.9999999700269249,conditional,conditional,conditional,unknown,conditional,True,0.0,,51,286,167500.0,19,154175.0,218,0.47368421052631576,0.09649122807017543
42003262000,Tract 2620,Spring Hill-City View,True,0.4540806293018682,medium,True,False,False,True,495,101,275,81,140,79.40403012442127,75,47,60,47,20,32.89376840679705,20,31,120,74,0,15.556349186104045,0,11,25,34,0,15.556349186104045,0,11,20,29,0,15.556349186104045,0,11,65,58.0,15,24.0,95,58.0,0,11.0,100,83.0,40,46.0,0,11.0,20,31.0,0,11.0,0,11.0,45,50.0,0,11.0,70,55.0,0,11.0,0,11.0,15,25.495097567963924,0,15.556349186104045,25,35.73513677041127,4,25.495097567963924,0,15.556349186104045,1125.0,35,medium,541.0,306.0,15212,1350,153600.0,32332.0,146450.0,0.5426,0.0472,0.1826,0.1081,0.0868,0.7175283972746278,0.09818039793616978,0.0,2400,349.0,2552,1,15183.0,0.29187963262155425,0.2982122005630485,1.027042077127844,0.91375,7.3354,0.29535804428603324,0.05431035886695971,0.0,0.0,0.05801770023276465,0.49342014314953375,0.016551332719925045,0.0,0.0,0.0,1.1032081874634863e-06,0.0,0.0,0.0,0.0,0.07867255283843604,0.003569766381832975,0.0,0.9999010016836728,conditional,yes,yes,yes,yes,True,0.0,,60,326,158750.0,32,223350.0,198,0.2543859649122807,0.5614035087719298
42003270100,Tract 2701,Brighton Heights,True,0.3003297739596451,low,False,False,False,False,300,137,40,49,10,17.804493814764857,10,14,40,49,0,15.556349186104045,0,11,100,107,100,107.56393447619885,0,11,25,29,0,15.556349186104045,0,11,95,72,0,15.556349186104045,0,11,10,14.0,0,11.0,0,11.0,0,11.0,30,48.0,0,11.0,0,11.0,0,11.0,0,11.0,40,49.0,0,11.0,35,49.0,0,11.0,0,11.0,65,96.0,10,19.4164878389476,0,15.556349186104045,10,18.601075237738275,25,45.35416188179427,75,70.9365914038728,1300.0,85,high,1208.0,172.0,15212,1350,223100.0,35254.0,184550.0,0.7002,0.1343,0.0617,0.0,0.0781,0.22141354739685062,0.09041589032281153,0.5853374709076804,2578,680.0,2587,11,2530.0,0.33648127658775095,0.33648127658775095,0.408618223926189,2.559736229635376,27.335,0.4922582102579811,0.007017477626183238,0.03815047167280021,0.0,0.005966636593379383,0.13483788928139281,0.03101636932512783,0.022391526918193887,0.0,0.0,0.014121269579534598,0.0,0.2292286746233079,0.0,0.0,0.014670121241005635,0.0,0.0,0.9896586471189066,conditional,yes,yes,yes,conditional,True,15.08381357093714,AE,139,63,221250.0,72,201000.0,96,0.5087719298245614,0.14035087719298245
42003270300,Tract 2703,Brighton Heights,True,0.4332088415072423,medium,False,False,False,True,455,166,100,42,70,40.718546143004666,55,37,85,43,10,17.029386365926403,0,11,105,61,0,15.556349186104045,0,11,115,153,0,15.556349186104045,0,11,50,40,0,15.556349186104045,0,11,80,36.0,0,11.0,4,17.0,10,18.0,0,11.0,55,41.0,0,11.0,4,4.0,0,11.0,25,44.0,0,11.0,0,11.0,30,51.0,50,33.0,25,22.0,4,16.278820596099706,0,15.556349186104045,120,154.55743269089325,4,12.529964086141668,34,29.732137494637012,1100.0,73,high,1041.0,146.0,15212,1350,166800.0,24039.0,202300.0,0.4064,0.2329,0.0419,0.1725,0.0789,0.3803906393645615,0.08400099127661996,0.07712486883525708,1906,515.0,2198,4,2854.0,0.2485570791235656,0.2485570791235656,0.7624775962909661,4.027282266526758,5.7457,0.3434555791207456,0.2773243339822602,0.0,0.0,0.12564251122014372,0.2450669351293309,0.004111929800894763,0.0,0.0,0.0,0.0017495875043078168,0.0,0.00264970412983587,0.0,0.0,0.0,0.0,0.0,1.000000580887519,conditional,yes,yes,yes,yes,True,0.5230269853917412,A,82,86,185000.0,37,189000.0,197,0.3333333333333333,0.16666666666666666
42003270800,Tract 2708,Brighton Heights,True,0.6038983479675919,medium,False,False,False,False,315,82,125,54,100,54.56189146281496,85,49,55,38,25,30.083217912982647,0,11,65,44,20,25.238858928247925,10,21,10,19,0,15.556349186104045,0,11,60,50,0,15.556349186104045,0,11,75,50.0,10,16.0,25,26.0,0,11.0,15,22.0,25,25.0,0,11.0,20,29.0,0,11.0,10,15.0,25,28.0,0,11.0,15,25.0,0,11.0,30,26.0,0,15.556349186104045,0,15.556349186104045,15,25.495097567963924,0,15.556349186104045,55,51.62363799656123,1395.0,39,medium,1032.0,370.0,15212,1350,202300.0,41939.0,173000.0,0.8433,0.0353,0.0,0.0289,0.096,0.23669725439367945,0.181612895758799,0.5364364746280046,2621,336.0,2474,11,1789.0,0.5578439589482163,0.5849596311890256,0.6451267335978655,1.7184280808851584,8.206,0.4138930987644194,0.07253212645334328,0.019164689280962245,0.0,0.0,0.3706582391629741,0.013644491412628282,0.0,0.0,0.0,0.0,0.0,0.0,0.0,0.0,0.10979658779889048,0.0,0.0,0.9996892328732178,conditional,conditional,yes,no,conditional,True,0.02341476860663162,A,62,139,220000.0,59,170000.0,229,0.23684210526315788,0.05263157894736842
42003271600,Tract 2716,Marshall-Shadeland,True,0.6339477421840409,medium,True,False,True,True,1025,303,335,132,275,117.00427342623003,245,111,335,301,280,299.202272718641,0,11,150,100,0,15.556349186104045,0,11,60,60,0,15.556349186104045,0,11,145,97,0,15.556349186104045,0,11,30,36.0,0,11.0,165,127.0,0,11.0,140,106.0,0,11.0,55,60.0,25,43.0,4,17.0,250,295.0,35,54.0,60,52.0,0,11.0,45,70.0,15,23.0,0,15.556349186104045,0,15.556349186104045,120,103.94229168149026,0,15.556349186104045,85,61.29437168288782,1200.0,88,high,1091.0,52.0,15212,1350,93900.0,9308.0,184550.0,0.7106,0.1649,0.0319,0.0119,0.0854,0.29960252153845984,0.10114222269307185,0.5108749382105784,4046,533.0,3613,6,4704.0,0.7212982208677512,0.7222435301774159,0.3530877230716081,2.792387543252595,17.5937,0.43418216704046425,0.1920115874410769,0.015377266005679138,0.0,0.0,0.03749039462650578,0.05793768824816372,0.0,0.0,0.0,0.030880401035164318,0.0,0.004394016409176174,0.0,0.009021438888747861,0.2180748098923228,0.0006309512433324804,0.0,1.0000007208306334,conditional,yes,yes,yes,yes,True,2.7595070252111316,A,151,492,100805.0,66,209000.0,145,0.34210526315789475,0.2982456140350877
42003281400,Tract 2814,Crafton Heights,True,0.6022365402197727,low,True,False,False,True,465,105,210,64,114,65.5133574166368,110,64,110,94,105,95.63472172804185,85,89,100,73,55,64.93843238021688,0,11,4,11,0,15.556349186104045,0,11,40,39,0,15.556349186104045,0,11,30,27.0,0,11.0,105,74.0,65,41.0,15,23.0,45,71.0,0,11.0,60,57.0,0,11.0,10,15.0,0,11.0,4,13.0,4,9.0,0,11.0,85,71.0,8,15.556349186104045,0,15.556349186104045,35,39.56008088970496,0,15.556349186104045,0,15.556349186104045,1500.0,29,medium,965.0,365.0,15204,1390,157400.0,26542.0,115600.0,0.6407,0.0423,0.0473,0.1209,0.0769,0.4267159746903498,0.15114227458725588,0.11050156739811912,2552,298.0,2643,1,2311.0,0.31245998258773106,0.5690876828223242,0.9919255318267273,1.1469435736677116,5.9693,0.0007749969444880464,0.0,0.5083567242350103,0.0,0.0,0.005362940333916974,0.005576504687502666,0.0,0.0,0.0,0.018807963407300596,0.005333404703135826,0.0,0.0,0.0,0.2431563634212338,0.21194127002012345,0.0,0.9993101677527116,conditional,yes,yes,unknown,conditional,True,0.0,,43,190,185000.0,47,149250.0,192,0.19298245614035087,0.11403508771929824
42003281500,Tract 2815,Crafton Heights,True,0.4272142581954722,low,False,False,False,True,145,71,45,46,25,41.48493702538308,25,40,45,39,29,38.3275357934736,4,10,15,20,0,15.556349186104045,0,11,30,44,0,15.556349186104045,0,11,15,16,0,15.556349186104045,0,11,0,11.0,0,11.0,45,46.0,0,11.0,0,11.0,0,11.0,0,11.0,30,37.0,15,18.0,0,11.0,0,11.0,0,11.0,10,13.0,0,11.0,10,15.0,0,15.556349186104045,0,15.556349186104045,15,19.4164878389476,30,45.35416188179427,0,15.556349186104045,1132.5,40,medium,1375.0,588.0,15205,1520,126100.0,21703.0,157400.0,0.8077,0.0828,0.0607,0.0,0.1272,0.5958337417914281,0.12636939299888658,0.0,1447,287.0,1686,0,3138.0,0.5619077507848398,0.6442497139125393,0.7058449424961125,0.10089841050449205,9.2527,0.0019810142177211143,0.0,0.7786791980676133,0.0,0.0,0.0,0.02356778137915004,0.0,0.0,0.0,0.0,0.02143397779466821,0.0,0.0,0.0,0.17246914191900853,0.001861313467750946,0.0,0.9999924268459122,conditional,yes,yes,no,conditional,True,0.0,,47,150,177000.0,39,185000.0,208,0.18421052631578946,0.19298245614035087
42003290100,Tract 2901,Carrick,True,0.8700204707113572,medium,True,False,True,True,290,99,160,82,145,77.07788269017254,85,54,10,13,4,12.083045973594572,0,11,55,47,4,14.866068747318506,0,11,10,22,0,15.556349186104045,0,11,55,52,0,15.556349186104045,0,11,45,42.0,0,11.0,25,26.0,0,11.0,90,65.0,4,10.0,4,5.0,0,11.0,0,11.0,0,11.0,0,11.0,0,11.0,15,24.0,4,7.0,35,40.0,0,15.556349186104045,0,15.556349186104045,45,52.172789842982326,10,24.596747752497688,10,17.029386365926403,1150.0,67,high,957.0,92.0,15210,1340,96000.0,13683.0,111150.0,0.6486,0.2594,0.0,0.0,0.2135,0.13516881645700116,0.13466849663475075,0.8760563380281691,2130,568.0,4062,32,1704.0,0.2676799318399036,0.3016670141378634,1.1517072189484676,0.5906103286384976,11.4631,0.12785830801613043,0.0,0.32602398678128347,0.0,0.00043864128359961426,0.0,0.0336443782606681,0.0,0.0,0.021573016397674935,0.004934982945074301,0.053136398974345245,0.0,0.0,0.0,0.43238771819585914,0.0,2.5611517176722517e-06,0.999999992006353,conditional,yes,yes,conditional,conditional,True,4.191479057081362,AE,61,151,125000.0,49,160000.0,454,0.38596491228070173,0.043859649122807015
42003290200,Tract 2902,Carrick,True,0.7381131869332459,medium,True,False,True,True,910,178,310,161,275,164.75436261295178,255,162,190,101,65,71.69379331573968,40,62,165,113,15,30.083217912982647,0,11,135,95,0,15.556349186104045,0,11,110,75,0,15.556349186104045,0,11,15,19.0,15,28.0,45,58.0,0,11.0,235,156.0,80,91.0,60,72.0,35,39.0,10,24.0,0,11.0,35,39.0,0,11.0,40,35.0,0,11.0,90,97.0,25,37.64306044943742,0,15.556349186104045,75,69.65629906907199,34,47.75981574503821,105,103.31505214633539,1200.0,119,high,816.0,155.0,15210,1340,95700.0,15674.0,96000.0,0.6682,0.0484,0.047,0.1935,0.1406,0.1773030196936567,0.16407061949112134,0.7476454962569428,4141,566.0,3384,27,1852.0,0.3017823194855168,0.31030413948794555,1.0772239957026273,0.6708524510987685,10.3067,0.6793872402419389,0.0,3.227853746579682e-07,0.0,0.01711929560311283,0.001245377681929448,0.02615878114289785,0.0,0.0,0.02566736202648321,0.0,0.03654333078228185,0.0,0.0,0.0,0.2092815603927021,0.0,0.0002756502572401312,0.9956789209139609,conditional,no,no,conditional,conditional,True,0.0,,134,181,140800.0,87,139700.0,202,0.37719298245614036,0.06140350877192982
42003290400,Tract 2904,Carrick,True,0.7395044477795603,low,False,False,False,True,725,192,200,105,175,97.63708311906906,130,82,105,65,95,62.22539674441618,30,44,170,135,35,42.44997055358225,0,11,0,11,0,15.556349186104045,0,11,245,140,0,15.556349186104045,0,11,75,55.0,0,11.0,95,77.0,4,12.0,25,31.0,15,22.0,10,21.0,45,50.0,0,11.0,35,39.0,30,49.0,0,11.0,0,11.0,20,37.0,120,125.0,20,36.68787265568828,0,15.556349186104045,125,124.4869471069156,0,15.556349186104045,100,67.89698078707183,1147.5,155,high,1133.0,189.0,15210,1340,126600.0,14463.0,96000.0,0.6584,0.1872,0.0235,0.0333,0.1832,0.2054447667501259,0.14168578477949945,0.6695695446628515,4019,494.0,3472,24,1934.0,0.3091487821556252,0.32226338179734315,0.8035484278224394,0.7765613336650908,6.3782,0.5270228189932942,0.0,0.21761331129264477,0.0,0.007432523833427093,0.0,0.04312962908857941,0.0,0.0,0.0005680484340303745,0.0,0.00604413097206363,0.0,0.0,0.0,0.1757027972643938,0.005410681041822472,0.0,0.9829239409202558,conditional,yes,yes,yes,yes,True,0.0,,155,130,150000.0,125,148500.0,201,0.32456140350877194,0.07894736842105263
42003300100,Tract 3001,Knoxville,True,0.91932038388334,medium,True,False,True,True,695,189,115,92,85,68.8839603971781,85,68,245,130,245,130.4645545732633,0,11,190,164,85,115.52488909321661,0,11,55,63,0,15.556349186104045,0,11,95,91,0,15.556349186104045,0,11,0,11.0,20,37.0,20,37.0,30,53.0,45,59.0,0,11.0,0,11.0,120,108.0,25,38.0,95,99.0,20,31.0,0,11.0,85,115.0,0,11.0,85,117.0,10,21.095023109728988,0,15.556349186104045,100,93.43446901438462,45,61.98386886924694,0,15.556349186104045,1050.0,119,high,1059.0,262.0,15210,1340,73200.0,16500.0,92850.0,0.607,0.246,0.1007,0.0,0.3267,0.19312706503854346,0.06774632097916165,0.696822215860292,3493,915.0,4784,18,3430.0,0.6843502118741369,0.6845603578201322,0.4725458211449756,2.828800458058975,9.9065,0.9339170507622081,0.0,2.7594464022397516e-06,0.0,0.0,0.0,0.056261126618576185,0.0,0.0,0.0,0.0,0.0,0.0,0.0,0.0,0.0022395800543715968,0.006516584649107701,0.0010629099949844322,1.0000000115256502,conditional,yes,yes,yes,yes,True,0.0,,125,228,95500.0,54,148000.0,174,0.5877192982456141,0.21929824561403508
42003310200,Tract 3102,Lincoln Place,True,0.4338787397862076,medium,False,False,False,False,150,67,55,41,25,25.495097567963924,25,23,50,36,35,32.55764119219941,15,24,35,28,0,15.556349186104045,0,11,4,13,0,15.556349186104045,0,11,0,11,0,15.556349186104045,0,11,20,23.0,0,11.0,20,25.0,0,11.0,20,26.0,35,31.0,0,11.0,0,11.0,0,11.0,15,25.0,0,11.0,0,11.0,4,11.0,30,27.0,0,11.0,0,15.556349186104045,0,15.556349186104045,0,15.556349186104045,0,15.556349186104045,4,17.029386365926403,1355.0,24,medium,1013.0,138.0,15207,1350,130400.0,18515.0,181900.0,0.9413,0.0385,0.0,0.0095,0.1149,1.1740372545396063,0.16808533166293485,0.0,3155,159.0,1107,0,2010.0,0.3459377937471408,0.3459377937471408,0.8199180358407907,0.17210776545166404,9.0883,0.7910993833960397,0.0,0.0,0.0,0.0,0.0,0.009393321975330677,0.0,0.0,0.007896929397879634,0.0,0.0,0.0,0.0,0.0,0.18095147960515146,0.0,0.0,0.9893411143744015,conditional,no,no,no,conditional,True,0.0947269449841292,A,38,181,171000.0,99,210000.0,21,0.05263157894736842,0.08771929824561403
42003320400,Tract 3204,Overbrook,True,0.5472752678155566,low,False,False,False,True,185,66,45,35,20,21.95449840010015,20,19,25,22,25,24.596747752497688,0,11,10,19,4,15.556349186104045,0,11,20,21,0,15.556349186104045,0,11,85,49,0,15.556349186104045,0,11,20,31.0,0,11.0,15,18.0,0,11.0,10,14.0,0,11.0,0,11.0,10,13.0,0,11.0,15,16.0,4,11.0,0,11.0,0,11.0,0,11.0,4,12.0,0,15.556349186104045,0,15.556349186104045,10,17.804493814764857,0,15.556349186104045,95,52.392747589718944,1174.5,33,medium,1161.0,100.0,15227,1100,153500.0,26193.0,140050.0,0.8571,0.0694,0.0,0.0,0.0735,0.22933264987104884,0.18877523639247382,0.6090909090909091,1870,224.0,1569,10,1887.0,0.4051437766495418,0.5026683986195639,0.5820735682589382,1.1828877005347593,12.4682,0.7048799040189838,0.0,0.004361491705211961,0.0,0.0,0.0,0.03727965117779,0.0,0.0,0.05621903360969992,0.0,0.02437576439767054,0.0,0.0,0.0,0.16276135008384782,0.0,0.0,0.989877194993204,conditional,no,no,conditional,conditional,True,4.2068460236858,AE,31,142,161500.0,65,170000.0,295,0.13157894736842105,0.07017543859649122
42003320600,Tract 3206,Brookline,True,0.3687433513314587,low,False,False,False,False,130,67,15,18,4,14.212670403551895,4,9,10,13,10,17.029386365926403,0,11,15,18,10,17.804493814764857,0,11,20,33,0,15.556349186104045,0,11,70,50,0,15.556349186104045,0,11,4,9.0,0,11.0,10,15.0,0,11.0,0,11.0,4,11.0,0,11.0,4,15.0,0,11.0,0,11.0,0,11.0,0,11.0,0,11.0,0,11.0,15,18.0,30,45.35416188179427,0,15.556349186104045,15,20.248456731316587,0,15.556349186104045,50,39.11521443121589,1350.0,42,medium,1421.0,204.0,15226,1440,205800.0,26855.0,153500.0,0.8488,0.0431,0.0,0.0,0.066,0.36394257878853553,0.13725406530280326,0.3241194828354882,2243,275.0,1952,10,2567.0,0.45234797688106415,0.45325493905439385,0.7694553704812925,0.4761480160499331,11.8885,0.6153149465766956,0.0,0.018438006093922855,0.0,0.0,0.14896848375138777,0.0010590667315536326,0.0,0.0,0.015734122402945194,0.0,0.02656846713940595,0.0,0.0,0.0,0.17391685730328332,1.4450193424491229e-08,0.0,0.9999999644493878,conditional,conditional,conditional,no,conditional,True,4.224890580169313,AE,28,148,215000.0,77,189900.0,566,0.17543859649122806,0.14912280701754385
42003320700,Tract 3207,Overbrook,True,0.4670573927443979,low,False,False,False,False,100,50,25,26,19,25.632011235952593,4,9,0,11,0,15.556349186104045,0,11,25,39,0,15.556349186104045,0,11,30,33,0,15.556349186104045,0,11,15,16,0,15.556349186104045,0,11,10,13.0,0,11.0,15,24.0,0,11.0,4,9.0,0,11.0,0,11.0,0,11.0,0,11.0,0,11.0,0,11.0,0,11.0,0,11.0,25,39.0,0,11.0,0,15.556349186104045,0,15.556349186104045,14,15.264337522473747,0,15.556349186104045,29,32.01562118716424,1375.0,32,medium,1565.0,189.0,15234,1270,153500.0,19729.0,176200.0,0.9745,0.0255,0.0,0.0,0.1493,0.24516702711508712,0.19770632915796502,0.4810911345319281,1613,175.0,2162,14,2251.0,0.47608171643731606,0.4763582229928756,0.5667205631657448,0.20954742715437075,19.7315,0.6326358089540606,0.0,0.0,0.0,0.0,0.04090650747660464,0.027320846534754237,0.0,0.0,0.1720567603796957,0.0,0.01516878956119186,0.0,0.0,0.0,0.10133822311986626,0.0,0.0,0.9894269360261732,conditional,no,no,conditional,conditional,True,10.160044440931735,AE,25,139,193000.0,44,200000.0,321,0.06140350877192982,0.10526315789473684
42003561900,Tract 5619,Lincoln-Lemington-Belmar,True,0.7049043454260036,medium,False,False,False,True,425,111,265,92,185,74.33034373659252,95,55,25,28,0,15.556349186104045,0,11,115,62,100,76.79192665899195,0,11,25,35,0,15.556349186104045,0,11,0,11,0,15.556349186104045,0,11,125,66.0,0,11.0,95,63.0,4,13.0,40,49.0,25,28.0,0,11.0,0,11.0,0,11.0,0,11.0,0,11.0,10,30.0,100,76.0,0,11.0,0,11.0,25,36.68787265568828,0,15.556349186104045,0,15.556349186104045,0,15.556349186104045,0,15.556349186104045,960.0,20,medium,,,15206,1670,73700.0,28715.0,71700.0,0.832,0.0,0.0,0.0604,0.1964,0.1753289343698559,0.06182128532962309,0.7465753424657534,1898,871.0,3503,26,3669.0,0.3151781533847829,0.31580160189351714,1.12363254331926,0.0,13.5536,0.5480390984722896,0.0,0.0034600782957914652,0.0,0.2131822817188329,0.0,0.01968874609881578,0.0,0.0,0.0,0.0,0.0,0.0,0.0,0.0,0.1705908872679424,0.04419121022730965,0.0,0.9991523020809817,conditional,yes,yes,yes,yes,True,0.0,,22,445,92000.0,16,54000.0,30,0.5789473684210527,0.22807017543859648
42003562000,Tract 5620,North Oakland,True,0.3222575859511118,medium,True,False,False,True,1645,289,640,198,389,166.97305171793442,385,166,365,162,235,154.434452114805,50,63,220,144,150,130.24976007655445,20,33,290,191,20,34.785054261852174,0,11,130,74,25,31.953090617340916,0,11,95,88.0,0,11.0,0,11.0,0,11.0,545,183.0,115,96.0,0,11.0,0,11.0,0,11.0,255,159.0,0,11.0,0,11.0,55,53.0,0,11.0,165,135.0,55,52.80151512977634,25,35.73513677041127,20,34.785054261852174,0,15.556349186104045,315,192.57466084612483,1925.0,282,high,1225.0,88.0,15213,1680,,,270200.0,0.0625,0.0313,0.1649,0.7262,0.1653,0.11601456787560066,0.0724505647955894,0.959408524209916,3449,2663.0,13478,35,61770.0,0.4471387081322614,0.4680669658194625,0.526144874446015,5.728037112206437,8.4625,0.20045543687878611,0.0,0.0066516322054430985,0.0,0.004474782757434573,0.15998164411825383,9.395278476447816e-06,0.0,0.0008733812494496567,0.0,0.006087108930459437,0.0,0.0,0.0,0.5290998925604762,0.007396078998265542,0.08496846212459078,0.0,0.9999978151016357,conditional,conditional,conditional,yes,yes,True,0.0,,42,18,522500.0,36,302000.0,444,0.9649122807017544,0.9298245614035088
42003562300,Tract 5623,Hazelwood,True,0.7169973031562846,medium,True,False,True,True,720,198,435,171,350,143.10835055998655,280,128,155,95,110,92.97311439335567,15,30,100,73,0,15.556349186104045,0,11,10,17,0,15.556349186104045,0,11,25,28,0,15.556349186104045,0,11,165,147.0,40,54.0,150,86.0,0,11.0,80,67.0,25,26.0,4,12.0,115,91.0,0,11.0,10,24.0,25,28.0,0,11.0,75,66.0,0,11.0,0,11.0,10,17.029386365926403,0,15.556349186104045,15,27.313000567495326,0,15.556349186104045,10,20.248456731316587,1150.0,66,high,644.0,271.0,15207,1350,89100.0,31265.0,261000.0,0.6145,0.0606,0.0779,0.1391,0.1709,0.2202649136392841,0.0760871385499443,0.647191011235955,3115,647.0,6580,24,2461.0,0.36377918823058975,0.36377918823058975,1.0878536521854851,2.1210272873194222,17.1005,0.10367753201314395,0.11191590950899155,0.010499680736564593,0.0,0.06615259032676925,0.09960391537341035,0.01575602417250998,0.0,0.0,0.0,0.010379129228218481,0.00013289672838602353,0.12459488325837946,0.0,0.0,0.4467552563237914,0.01034680304722541,0.0,0.9998146207173905,conditional,yes,yes,yes,yes,True,9.609100439169731,AE,63,641,162800.0,32,300000.0,348,0.45614035087719296,0.12280701754385964
42003562400,Tract 5624,Beltzhoover,True,0.6272197208853008,medium,True,False,True,True,400,133,145,106,50,42.44997055358225,50,41,125,93,125,97.59098319004681,45,68,95,69,15,29.154759474226502,0,11,10,18,0,15.556349186104045,0,11,25,28,0,15.556349186104045,0,11,25,31.0,0,11.0,40,45.0,0,11.0,80,95.0,0,11.0,0,11.0,70,69.0,45,68.0,10,14.0,25,30.0,0,11.0,50,53.0,0,11.0,15,27.0,0,15.556349186104045,10,19.4164878389476,4,14.866068747318506,0,15.556349186104045,20,26.1725046566048,1261.25,68,high,1183.0,156.0,15210,1340,87700.0,17244.0,150200.0,0.8951,0.0601,0.0198,0.0,0.165,0.2086656733814368,0.06760755593574919,0.6550994498518832,2363,670.0,4900,19,4645.0,0.6280767983035149,0.6665742713641387,0.827343351047922,0.739737621667372,14.3978,0.1664011426942737,0.0,0.3713573238110042,0.0,0.0,0.06228109996944628,0.014982733778028622,0.0,0.0,0.018652581312748547,0.00018632053538123258,0.04168736434349905,0.0,0.0,0.0,0.32445300431125906,0.0,0.0,1.0000015707556407,conditional,yes,yes,conditional,conditional,True,7.15080062653293,AE,50,713,161500.0,46,189500.0,549,0.5,0.2894736842105263
42003562500,Tract 5625,Sheraden,True,0.8460429999942498,medium,True,False,True,True,575,190,260,123,210,117.13667231059623,150,100,40,57,40,58.05170109479997,0,11,225,118,110,101.59724405711013,40,49,45,62,45,62.96824596572466,0,11,0,11,0,15.556349186104045,0,11,100,68.0,0,11.0,25,33.0,50,81.0,85,62.0,0,11.0,0,11.0,0,11.0,40,57.0,0,11.0,10,16.0,0,11.0,55,57.0,20,37.0,140,89.0,0,15.556349186104045,0,15.556349186104045,45,62.96824596572466,0,15.556349186104045,0,15.556349186104045,1000.0,82,high,1164.0,546.0,15204,1390,110700.0,15381.0,115650.0,0.6194,0.13,0.0783,0.0995,0.1198,0.23758114242489653,0.18981530168802516,0.4909215484755053,2919,228.0,3503,13,3391.0,0.31441797663524074,0.32844502758874333,0.6531004898803451,2.2908530318602263,28.9278,0.1804032294991789,0.0,0.014329131797301196,0.0,0.0,0.24061006919089334,0.027312800133624998,0.0,0.0,0.0,0.07534258530836782,0.0,0.12284095343817909,0.22661185752119448,0.0,0.1066210226046161,0.0017131344500546217,0.0,0.9957847839434106,conditional,conditional,yes,yes,yes,True,19.4031658141981,AE,88,482,127000.0,26,155000.0,174,0.14035087719298245,0.21052631578947367
42003562600,Tract 5626,Elliott,True,0.5565716158636512,medium,True,False,True,True,685,325,235,156,210,163.23296235748464,165,151,130,109,40,54.12947441089743,0,11,225,224,50,72.83543093852057,0,11,0,11,0,15.556349186104045,0,11,95,78,0,15.556349186104045,0,11,60,54.0,0,11.0,60,70.0,0,11.0,115,141.0,4,2.0,0,11.0,125,109.0,0,11.0,0,11.0,4,10.0,0,11.0,80,69.0,0,11.0,140,222.0,0,15.556349186104045,0,15.556349186104045,60,50.21951811795888,0,15.556349186104045,35,59.033888572581766,1195.0,152,high,994.0,220.0,15220,1510,84300.0,12690.0,152850.0,0.5749,0.2088,0.0339,0.0245,0.1191,0.2503471792262619,0.11687526773758085,0.45746455379482903,2398,452.0,2673,11,7034.0,0.6606697147214499,0.8830024763900004,1.1285278724708931,3.364053377814846,22.6992,0.21962415673523536,0.021485245007177647,0.025227590790624737,0.0,0.0,0.3259665532415765,0.08508106518240259,0.0,0.0,0.0,0.050013075932857656,0.0005839664460659781,0.0006161557901682491,0.13677718328222496,0.0,0.13382227454287657,0.0008027118930275232,0.0,0.9999999788442376,conditional,yes,yes,yes,yes,True,17.231267665398033,AE,139,467,98000.0,45,200000.0,451,0.30701754385964913,0.38596491228070173
42003562700,Tract 5627,Allegheny Center,True,0.3755547505275808,low,False,False,False,True,1135,116,225,68,135,59.033888572581766,135,58,90,52,90,53.150729063673246,30,35,280,93,160,82.73451516749222,0,11,95,49,4,15.556349186104045,0,11,450,111,4,14.866068747318506,0,11,40,29.0,0,11.0,40,28.0,0,11.0,145,70.0,10,15.0,0,11.0,0,11.0,0,11.0,80,50.0,35,29.0,0,11.0,0,11.0,0,11.0,245,91.0,15,18.601075237738275,20,21.095023109728988,104,43.68065933568311,0,15.556349186104045,400,119.6202324023825,1850.0,51,high,1343.0,81.0,15212,1350,390500.0,60539.0,367400.0,0.0249,0.079,0.1502,0.6669,0.0448,0.07205883346396293,0.048012060658631374,1.0,1959,2344.0,8908,48,90379.0,0.22278675319529867,0.2257194511367288,0.4591367946842644,6.93517100561511,48.5235,0.0,0.060687406949324854,0.0,0.0,0.08397449849974191,0.0,0.039760230854536414,0.005288718120721761,0.29328564309398586,0.0,6.691497273139291e-06,0.020071568842614584,0.0,0.027184972075916053,0.0,0.3498943256752835,0.11998460059706353,0.0,1.0001386562064616,conditional,yes,yes,yes,yes,True,0.0,,31,14,590000.0,6,400000.0,153,0.9385964912280702,0.956140350877193
42003562800,Tract 5628,East Carnegie,True,0.4903935724266418,low,False,False,False,True,325,72,100,53,55,34.88552708502482,45,31,50,28,8,17.029386365926403,4,11,140,51,4,14.866068747318506,0,11,25,21,0,15.556349186104045,0,11,10,15,0,15.556349186104045,0,11,40,34.0,0,11.0,25,26.0,4,5.0,30,25.0,35,21.0,0,11.0,0,11.0,4,13.0,10,17.0,4,9.0,0,11.0,80,39.0,15,18.0,40,35.0,0,15.556349186104045,0,15.556349186104045,4,18.601075237738275,0,15.556349186104045,30,25.0,1150.0,37,medium,944.0,229.0,15205,1520,161100.0,27388.0,176500.0,0.5893,0.1312,0.0608,0.1677,0.0838,0.44514003643641453,0.15572149947978717,0.1695250659630607,1516,153.0,1224,2,8455.0,0.5539909494858571,0.5544915547682313,0.8944556211755148,1.116754617414248,27.8275,0.19818706776668485,0.0,0.0726000126428553,0.0,0.18457385450901428,0.0,0.059912443103911216,0.0,3.3248140690779317e-06,0.0,0.17992035951756827,0.0024420819171136338,0.04051394646164362,0.0,0.0,0.24381286982477954,0.0,0.0,0.9819659605576397,conditional,yes,yes,yes,yes,True,4.07284707786784,AE,39,84,173750.0,36,199900.0,116,0.043859649122807015,0.45614035087719296
42003562901,Tract 5629.01,Hazelwood,True,0.6040392278631682,medium,True,False,True,False,370,99,175,73,135,61.98386886924694,135,61,25,34,24,33.24154027718932,4,4,40,35,10,18.601075237738275,0,11,90,52,0,15.556349186104045,0,11,40,22,0,15.556349186104045,0,11,10,15.0,4,5.0,65,37.0,15,24.0,80,52.0,0,11.0,0,11.0,20,30.0,0,11.0,10,17.0,0,11.0,0,11.0,20,28.0,0,11.0,20,25.0,60,47.29693436154187,0,15.556349186104045,30,24.839484696748443,15,25.495097567963924,24,24.413111231467404,1200.0,85,high,1244.0,229.0,15207,1350,253800.0,34936.0,218350.0,0.6861,0.033,0.0419,0.0,0.2084,0.3096681702186879,0.14005740332615052,0.49127704117236565,1433,408.0,3267,10,2499.0,0.5172399106858622,0.5172399106858622,1.0264992132937505,1.9009071877180739,46.7477,0.10629238357538562,0.03034952613633907,0.0,0.0,0.0,0.12152738658045806,0.0024506134076695395,0.0,0.0,0.0,0.029367880563749484,0.012135876373152067,0.2496048337647879,0.022902099961595514,0.0,0.033292344977452475,0.39132192090199064,0.0,0.9992448662425804,conditional,conditional,yes,yes,conditional,True,23.879090021305764,AE,32,470,272000.0,21,250000.0,410,0.2894736842105263,0.13157894736842105
42003563000,Tract 5630,Fairywood,True,0.798087483540053,low,False,False,False,False,625,135,120,91,120,91.6624241442479,120,91,90,49,85,53.41348144429457,40,33,60,55,20,29.154759474226502,0,11,75,69,0,15.556349186104045,0,11,280,102,0,15.556349186104045,0,11,0,11.0,20,25.0,35,59.0,0,11.0,65,68.0,10,15.0,0,11.0,20,34.0,25,33.0,40,33.0,0,11.0,10,19.0,40,46.0,0,11.0,10,18.0,0,15.556349186104045,0,15.556349186104045,225,106.40018796975878,10,18.601075237738275,120,75.17978451685,1390.0,26,medium,1285.0,98.0,15205,1520,115600.0,11328.0,115700.0,0.6127,0.0265,0.0994,0.0572,0.1014,0.7870846589013323,0.1251902275953487,0.0,2928,264.0,3244,0,3986.0,0.41172376866046,1.0587945576896336,0.8743138624653405,0.5525956284153005,32.0508,0.1935620009722741,0.0,0.06811145985187154,0.0,0.019818826584696476,0.0007102318209542007,0.006411531413599704,0.0,0.0,0.0,0.3067175831330299,0.0063825574105646566,0.1263777795820221,0.0,0.0,0.19198110623091663,0.07091993745011632,0.0,0.9909930144500456,conditional,yes,yes,yes,conditional,True,5.331727058559289,AE,26,204,155000.0,41,164750.0,114,0.16666666666666666,0.24561403508771928
42003563100,Tract 5631,Westwood,True,0.7265952491849093,low,False,False,False,False,400,104,50,44,50,43.56604182158393,30,37,130,80,115,79.2464510246358,10,14,160,76,45,48.27007354458868,0,11,15,25,0,15.556349186104045,0,11,40,32,0,15.556349186104045,0,11,10,21.0,0,11.0,35,39.0,0,11.0,4,12.0,10,14.0,4,11.0,35,60.0,4,19.0,70,62.0,15,23.0,0,11.0,40,43.0,0,11.0,105,75.0,0,15.556349186104045,4,17.804493814764857,4,18.601075237738275,0,15.556349186104045,45,36.796738985948195,1155.25,64,high,1059.0,190.0,15220,1510,176500.0,21337.0,154700.0,0.7694,0.0114,0.0662,0.0571,0.0599,0.7477088821423544,0.1665345313261148,0.0,3722,179.0,1389,0,8374.0,0.32742390057484877,0.32742390057484877,0.37060132817771096,1.4239656098871574,9.7354,0.59823155675322,0.0,0.0,0.0,0.027867891292045196,0.09655940042828857,0.0004039808455161801,0.0,0.04714121443893966,0.0,0.003952466719209075,0.028899429159078917,0.0,0.0,0.0,0.12651827123692844,0.056062751040642934,0.0,0.9856369619138691,conditional,yes,yes,yes,yes,True,0.0,,41,350,199900.0,116,218500.0,439,0.07017543859649122,0.4473684210526316
42003563201,Tract 5632.01,North Shore,True,0.1238646949231485,low,False,False,False,False,170,47,4,10,0,15.556349186104045,0,11,4,10,4,14.866068747318506,4,10,15,18,15,21.095023109728988,0,11,0,11,0,15.556349186104045,0,11,145,49,10,17.804493814764857,0,11,0,11.0,0,11.0,0,11.0,0,11.0,4,10.0,0,11.0,0,11.0,0,11.0,0,11.0,4,10.0,0,11.0,0,11.0,0,11.0,0,11.0,15,18.0,35,35.73513677041127,25,29.154759474226502,0,15.556349186104045,0,15.556349186104045,90,40.52159917870962,,5,low,1982.0,281.0,15212,1350,,,378950.0,0.1612,0.0164,0.1776,0.6447,0.0954,0.15144527526601184,0.07760541771829928,1.0,301,1686.0,6303,24,121670.0,0.2685852650466022,0.36115644025062266,0.19490793380177468,5.102990033222591,74.2765,0.0,0.0,0.0,0.0,0.0,0.0,0.0,0.0,0.0,0.0,0.0,0.0,0.0,0.9985895428254942,0.0,0.0,0.0014104542020213194,0.0,0.9999999970275155,no,conditional,yes,yes,yes,True,56.396592204028515,AE,1,69,,0,361000.0,293,0.8596491228070176,1.0
42003563202,Tract 5632.02,East Allegheny,True,0.3264972082779876,low,True,False,False,True,855,227,335,173,90,90.6697303403953,90,90,160,94,70,66.91038783328041,0,11,175,86,70,49.39635614091387,25,26,55,54,25,36.68787265568828,0,11,125,75,0,15.556349186104045,0,11,95,43.0,0,11.0,0,11.0,0,11.0,235,170.0,70,68.0,0,11.0,0,11.0,0,11.0,90,76.0,4,14.0,0,11.0,40,40.0,0,11.0,130,76.0,10,18.601075237738275,0,15.556349186104045,0,15.556349186104045,0,15.556349186104045,170,90.13878188659973,1900.0,118,high,900.0,307.0,15212,1350,367400.0,38187.0,198900.0,0.104,0.2297,0.0377,0.3267,0.2061,0.11415667773232813,0.06336311436029454,0.9642669469259064,1903,1991.0,6365,26,71083.0,0.235987156839981,0.33582678680373174,0.2809412497092142,5.789805570152391,37.4101,0.009042430789879562,0.43896272844257234,0.0,0.0,0.034981981658684,0.06284255794936008,0.0943912344932395,0.02706658931721395,0.0,0.0,1.0884257802163765e-07,0.04046545132741634,0.0,0.02469755045232233,0.0,0.2503353007718031,0.017213937623911425,0.0,0.9999998716689806,conditional,yes,yes,yes,yes,True,0.0,,156,269,348000.0,44,316500.0,199,0.8947368421052632,0.9473684210526315
42003565100,Tract 5651,Central Northside,True,0.446836815079324,medium,True,False,False,True,885,150,395,149,230,79.30952023559341,200,73,90,59,44,48.703182647543684,40,46,65,47,25,22.67156809750927,10,15,125,76,10,18.601075237738275,0,11,210,68,0,15.556349186104045,0,11,145,59.0,60,52.0,80,104.0,40,22.0,75,48.0,40,39.0,0,11.0,0,11.0,0,11.0,50,45.0,4,12.0,0,11.0,10,14.0,0,11.0,50,44.0,25,40.52159917870962,4,11.40175425099138,80,52.478567053607705,0,15.556349186104045,230,80.61017305526642,1750.0,210,high,1193.0,123.0,15212,1350,442000.0,32213.0,304000.0,0.1449,0.3144,0.0845,0.0599,0.1695,0.08446857335743559,0.08158432105562051,1.0,2972,1625.0,7573,42,34114.0,0.2319511312757467,0.24453635925900466,0.7012053442997587,6.593876177658142,40.1058,0.0,0.5406828806619929,0.0,0.0,0.050834548058357305,0.06557978189754857,0.0848311617732213,0.008802785798876663,0.0,0.0,0.13045813085898242,0.016684834315088198,0.0,0.0,0.0,0.001328957481042722,0.10079672476529145,0.0,0.9999998056104012,conditional,yes,yes,yes,yes,True,0.0,,221,362,455000.0,80,292000.0,116,0.8508771929824561,0.7982456140350878
42003565200,Tract 5652,Manchester,True,0.4301227092641469,low,False,False,False,True,930,273,285,99,170,69.35416353759881,125,63,195,90,60,55.54277630799526,35,51,90,45,20,24.596747752497688,0,11,45,52,0,15.556349186104045,0,11,320,265,0,15.556349186104045,0,11,55,35.0,4,4.0,45,46.0,0,11.0,180,82.0,35,43.0,0,11.0,35,51.0,0,11.0,125,69.0,35,35.0,4,11.0,15,23.0,0,11.0,35,28.0,0,15.556349186104045,20,26.40075756488817,30,30.083217912982647,185,256.236219141635,130,79.39773296511683,1525.0,128,high,1130.0,315.0,15233,1350,304000.0,46463.0,109400.0,0.2243,0.3325,0.0451,0.0692,0.2026,0.23550560005666146,0.0675684771040135,0.4645985401459854,2740,665.0,4682,17,19336.0,0.1890229438914145,0.1890229438914145,0.889119427703185,1.6397810218978102,51.4092,0.011751336011075966,0.33464968222733515,0.10786035661121532,0.0,0.09233917634572461,0.0,0.00649697917099378,0.0,0.002346651954792048,0.0,0.2647388895558332,0.016138042555371126,0.0,0.0,0.0,0.1636813603085416,0.0,0.0,1.0000024747408827,conditional,yes,yes,yes,yes,True,0.0,,188,705,286000.0,29,205000.0,197,0.4824561403508772,0.6228070175438597
42003565300,Tract 5653,Hays,True,0.5383868964446514,low,False,False,False,False,65,35,15,18,15,21.095023109728988,15,18,15,17,4,14.866068747318506,0,11,35,33,0,15.556349186104045,0,11,0,11,0,15.556349186104045,0,11,4,15,0,15.556349186104045,0,11,0,11.0,0,11.0,0,11.0,0,11.0,15,18.0,0,11.0,0,11.0,4,10.0,0,11.0,4,10.0,0,11.0,4,16.0,4,11.0,0,11.0,20,29.0,0,15.556349186104045,0,15.556349186104045,0,15.556349186104045,0,15.556349186104045,4,18.601075237738275,1250.0,24,medium,981.0,96.0,15236,1380,181900.0,21059.0,130400.0,0.9265,0.009,0.0,0.0,0.0789,1.1804428269652074,0.42355173187681694,0.0,1238,15.0,672,0,1230.0,0.8596415880926701,0.8596415880926701,1.5336239315179088,0.0,11.0327,0.22343711723990292,0.0,0.027693596661984305,0.0,0.0,0.0,0.0,0.0,0.0,0.0,0.03040622177034496,0.0,0.021326431765224398,0.015378617345844912,0.0,0.6254492424634577,0.04885814241813398,0.0,0.9925493696648933,conditional,no,no,no,conditional,True,4.498763284648721,A,19,455,210000.0,21,175250.0,152,0.008771929824561403,0.02631578947368421
42003980000,Tract 9800,Lincoln-Lemington-Belmar,False,,,False,False,False,,0,11,0,11,0,15.556349186104045,0,11,0,11,0,15.556349186104045,0,11,0,11,0,15.556349186104045,0,11,0,11,0,15.556349186104045,0,11,0,11,0,15.556349186104045,0,11,0,11.0,0,11.0,0,11.0,0,11.0,0,11.0,0,11.0,0,11.0,0,11.0,0,11.0,0,11.0,0,11.0,0,11.0,0,11.0,0,11.0,0,11.0,0,15.556349186104045,0,15.556349186104045,0,15.556349186104045,0,15.556349186104045,0,15.556349186104045,,0,low,,,15215,1310,,,,,,,,,0.09711746958345464,0.09711746958345464,1.0,0,672.0,2730,22,9232.0,1.2746925248343501,1.2746925248343501,0.24398670860956104,4.2,64.1026,0.0,0.0,0.0,0.0,0.0,0.0,0.0051045555872502755,0.0,0.11557169589457986,0.0,0.0,0.0,0.0,0.3368887634429281,0.0,0.2613254291539695,0.27371863376934524,0.0,0.9926090778480731,unknown,yes,yes,yes,yes,True,16.675413343227543,AE,0,1,,0,,0,,
42003980100,Tract 9801,Highland Park,False,,,False,False,False,True,0,11,0,11,0,15.556349186104045,0,11,0,11,0,15.556349186104045,0,11,0,11,0,15.556349186104045,0,11,0,11,0,15.556349186104045,0,11,0,11,0,15.556349186104045,0,11,0,11.0,0,11.0,0,11.0,0,11.0,0,11.0,0,11.0,0,11.0,0,11.0,0,11.0,0,11.0,0,11.0,0,11.0,0,11.0,0,11.0,0,11.0,0,15.556349186104045,0,15.556349186104045,0,15.556349186104045,0,15.556349186104045,0,15.556349186104045,,0,low,,,15206,1670,,,282600.0,,,,,,0.35252461144662556,0.35252461144662556,0.0,8,0.0,2970,9,6747.0,1.1789710758684595,1.1789710758684595,0.8170004975054254,2.0,21.7891,0.006758764310522258,0.0,4.2712796195352975e-05,0.0,0.0009293987240977954,1.9372932027810534e-05,0.0,0.0,0.0,0.0,0.00011899067815961786,0.0,0.0,0.10755886610176799,0.0,0.8845718999672624,0.0,0.0,1.000000005510033,no,conditional,yes,yes,yes,True,13.674102128991125,AE,0,6,,0,377900.0,253,,
42003980300,Tract 9803,Squirrel Hill South,False,,,False,False,False,,0,11,0,11,0,15.556349186104045,0,11,0,11,0,15.556349186104045,0,11,0,11,0,15.556349186104045,0,11,0,11,0,15.556349186104045,0,11,0,11,0,15.556349186104045,0,11,0,11.0,0,11.0,0,11.0,0,11.0,0,11.0,0,11.0,0,11.0,0,11.0,0,11.0,0,11.0,0,11.0,0,11.0,0,11.0,0,11.0,0,11.0,0,15.556349186104045,0,15.556349186104045,0,15.556349186104045,0,15.556349186104045,0,15.556349186104045,,0,low,,,15217,1620,,,449850.0,,,,,,0.5327426117356268,0.36089198155624136,0.0,0,0.0,1566,4,4325.0,0.5116087612264191,0.5116087612264191,0.9131306768106324,1.0,14.4789,0.0020349249172678273,0.0,0.00020014178505281475,0.0,0.0,0.0,0.0,0.0,0.0,0.0,0.0,0.0,0.0,0.0,0.0,0.9977649361717728,0.0,0.0,1.0000000028740934,no,no,no,no,no,True,3.7346607047491807,A,0,0,,0,450000.0,382,,
42003980400,Tract 9804,Perry North,False,,,False,False,False,False,0,11,0,11,0,15.556349186104045,0,11,0,11,0,15.556349186104045,0,11,0,11,0,15.556349186104045,0,11,0,11,0,15.556349186104045,0,11,0,11,0,15.556349186104045,0,11,0,11.0,0,11.0,0,11.0,0,11.0,0,11.0,0,11.0,0,11.0,0,11.0,0,11.0,0,11.0,0,11.0,0,11.0,0,11.0,0,11.0,0,11.0,0,15.556349186104045,0,15.556349186104045,0,15.556349186104045,0,15.556349186104045,0,15.556349186104045,,0,low,,,15214,1380,,,179200.0,0.5,0.0,0.0,0.5,0.0,0.4689110381777842,0.4689110381777842,0.0,13,0.0,2701,22,1448.0,0.733996666453865,0.9596490551644036,0.7269687557004224,2.0,9.4376,0.033352193405595094,0.0,0.0,0.0,0.0,8.485416537373697e-07,0.0,0.0,0.0,0.0,0.0,0.0,0.0,0.0,0.0,0.966293706011836,0.00034265586267337764,0.0,0.9999894038217582,no,no,no,no,no,True,0.0,,4,6,152500.0,1,180000.0,233,,
42003980500,Tract 9805,Squirrel Hill South,False,,,True,False,False,False,0,11,0,11,0,15.556349186104045,0,11,0,11,0,15.556349186104045,0,11,0,11,0,15.556349186104045,0,11,0,11,0,15.556349186104045,0,11,0,11,0,15.556349186104045,0,11,0,11.0,0,11.0,0,11.0,0,11.0,0,11.0,0,11.0,0,11.0,0,11.0,0,11.0,0,11.0,0,11.0,0,11.0,0,11.0,0,11.0,0,11.0,0,15.556349186104045,0,15.556349186104045,0,15.556349186104045,0,15.556349186104045,0,15.556349186104045,,0,low,,,15213,1680,,,268200.0,0.4444,0.5556,0.0,0.0,0.0,0.4687237254768983,0.36959216497229647,0.0,18,0.0,4166,12,48874.0,0.42939993879629196,0.42939993879629196,1.038500894269536,2.0,9.3652,0.007412671323395,0.0,0.0005989479833684915,0.0,0.0,0.003968041295871283,0.0,0.0,0.0,0.0,0.0,0.0,0.0,0.0,0.0,0.9880203383892256,0.0,0.0,0.9999999989918604,no,no,no,no,no,True,0.0,,1,15,,0,285555.0,449,,
42003980600,Tract 9806,Chateau,False,,,False,False,False,False,4,8,4,8,4,13.601470508735444,4,8,0,11,0,15.556349186104045,0,11,0,11,0,15.556349186104045,0,11,0,11,0,15.556349186104045,0,11,0,11,0,15.556349186104045,0,11,0,11.0,0,11.0,0,11.0,0,11.0,4,8.0,0,11.0,0,11.0,0,11.0,0,11.0,0,11.0,0,11.0,0,11.0,0,11.0,0,11.0,0,11.0,0,15.556349186104045,0,15.556349186104045,0,15.556349186104045,0,15.556349186104045,0,15.556349186104045,,1,low,,,15233,1350,,,347250.0,0.0,0.0,0.0,1.0,0.0,0.23067639673245408,0.09759370857715602,0.5789473684210527,19,385.0,3830,15,19331.0,0.5004611849854774,0.5004611849854774,1.0235629021911163,0.42105263157894735,70.0456,0.0,0.0010243998615355342,0.005256768036336014,0.0,0.0,0.0,1.0783508594425589e-05,0.0,0.10307178084178943,0.0,0.03973703016617254,0.0,0.00840242625582629,0.8424163734799923,0.0,6.584915587676721e-05,1.45922190355327e-05,0.0,1.0000000035251588,unknown,yes,yes,yes,yes,True,48.29156449219551,AE,1,24,,0,269000.0,199,,
42003980700,Tract 9807,South Shore,True,0.0087719298245614,low,False,False,False,True,40,22,0,11,0,15.556349186104045,0,11,0,11,0,15.556349186104045,0,11,4,10,4,14.866068747318506,0,11,0,11,0,15.556349186104045,0,11,35,24,20,25.495097567963924,0,11,0,11.0,0,11.0,0,11.0,0,11.0,0,11.0,0,11.0,0,11.0,0,11.0,0,11.0,0,11.0,0,11.0,0,11.0,0,11.0,0,11.0,4,10.0,0,15.556349186104045,0,15.556349186104045,4,15.556349186104045,0,15.556349186104045,25,27.313000567495326,3190.0,38,medium,2345.0,131.0,15219,1380,,,239800.0,0.0366,0.0209,0.0314,0.8429,0.3089,0.04589962443193595,0.04589962443193595,1.0,29,1555.0,7002,31,102797.0,0.5829181834164197,0.7012946322647065,0.34532641733477487,2.206896551724138,51.675,0.0,0.0,0.0,0.0,0.0,3.3129625120631414e-05,0.0,0.0,0.0,0.0,0.06314683028279582,0.0,0.0,0.4348756294027234,0.0017831264666555988,0.11986748915004768,0.38029384740761757,0.0,1.0000000523349606,unknown,conditional,yes,yes,yes,True,53.12806790210026,AE,0,20,,0,285000.0,603,0.8289473684210527,0.9736842105263158
42003980800,Tract 9808,South Oakland,False,,,False,False,False,False,0,11,0,11,0,15.556349186104045,0,11,0,11,0,15.556349186104045,0,11,0,11,0,15.556349186104045,0,11,0,11,0,15.556349186104045,0,11,0,11,0,15.556349186104045,0,11,0,11.0,0,11.0,0,11.0,0,11.0,0,11.0,0,11.0,0,11.0,0,11.0,0,11.0,0,11.0,0,11.0,0,11.0,0,11.0,0,11.0,0,11.0,0,15.556349186104045,0,15.556349186104045,0,15.556349186104045,0,15.556349186104045,0,15.556349186104045,,0,low,,,15219,1380,,,243450.0,,,,,,0.161760006312992,0.161760006312992,1.0,3,1574.0,6526,18,43424.0,0.6571446787107119,0.6571446787107119,0.46727880984087433,5.0,69.0856,0.0,0.0,0.0,0.0,0.0,0.11977409780994754,0.0,0.0,0.0,0.0,0.0,0.0,0.1480501713290641,0.008877959168036818,0.0,0.0,0.7232980997306652,0.0,1.0000003280377137,unknown,conditional,conditional,unknown,unknown,True,40.42976183285013,AE,0,3,,0,285000.0,339,,
42003980900,Tract 9809,Marshall-Shadeland,False,,,False,False,False,,0,11,0,11,0,15.556349186104045,0,11,0,11,0,15.556349186104045,0,11,0,11,0,15.556349186104045,0,11,0,11,0,15.556349186104045,0,11,0,11,0,15.556349186104045,0,11,0,11.0,0,11.0,0,11.0,0,11.0,0,11.0,0,11.0,0,11.0,0,11.0,0,11.0,0,11.0,0,11.0,0,11.0,0,11.0,0,11.0,0,11.0,0,15.556349186104045,0,15.556349186104045,0,15.556349186104045,0,15.556349186104045,0,15.556349186104045,,0,low,,,15233,1350,,,138750.0,,,,,,0.2669204741656225,0.1259351807564033,0.5757575757575758,0,313.0,2614,11,6009.0,0.6393251269697936,0.6393251269697936,0.6454814401039729,0.7575757575757576,72.8445,0.0,0.0,0.0,0.0,0.0,6.275651407628982e-05,0.0,0.0,0.0,0.0,0.00021670100596596437,0.0,0.9870883629749394,0.00818811728110887,0.0,0.0,0.0,0.0,0.9955559377760905,no,no,no,no,no,True,52.23101715652727,AE,0,4,,0,155000.0,275,,
42003981000,Tract 9810,Central Lawrenceville,False,,,False,False,False,False,0,11,0,11,0,15.556349186104045,0,11,0,11,0,15.556349186104045,0,11,0,11,0,15.556349186104045,0,11,0,11,0,15.556349186104045,0,11,0,11,0,15.556349186104045,0,11,0,11.0,0,11.0,0,11.0,0,11.0,0,11.0,0,11.0,0,11.0,0,11.0,0,11.0,0,11.0,0,11.0,0,11.0,0,11.0,0,11.0,0,11.0,0,15.556349186104045,0,15.556349186104045,0,15.556349186104045,0,15.556349186104045,0,15.556349186104045,,0,low,,,15224,1630,,,258900.0,,,,,,0.4589700962773545,0.297847838058081,0.0,4,0.0,4298,32,15786.0,0.7560167210492811,0.7980722467003993,0.647339361309677,1.0,20.1047,0.00725368604465901,0.0027933314116820986,0.0,0.0,0.0008018763064794163,0.0054797055857308055,0.002886268216178979,0.0,0.0,0.0,0.0,0.0,0.0,0.0,0.0,0.9799595093316072,0.0008234227755804584,0.0,0.999997799671918,no,no,no,no,no,True,0.0,,0,3,,0,330000.0,492,,
42003981100,Tract 9811,Point Breeze,False,,,False,False,False,,0,11,0,11,0,15.556349186104045,0,11,0,11,0,15.556349186104045,0,11,0,11,0,15.556349186104045,0,11,0,11,0,15.556349186104045,0,11,0,11,0,15.556349186104045,0,11,0,11.0,0,11.0,0,11.0,0,11.0,0,11.0,0,11.0,0,11.0,0,11.0,0,11.0,0,11.0,0,11.0,0,11.0,0,11.0,0,11.0,0,11.0,0,15.556349186104045,0,15.556349186104045,0,15.556349186104045,0,15.556349186104045,0,15.556349186104045,,0,low,,,15217,1620,,,610950.0,,,,,,0.23494090663884787,0.21087473663251197,0.5,0,179.0,2822,21,6224.0,0.34541637164562716,0.4618421126200732,0.5638905185618622,1.0,17.284,0.0090955763517284,0.0,0.0,0.0,0.00011215317257673056,0.0,0.0,0.0,0.0,0.0,0.0,0.0,0.0,0.0,0.0,0.9906018659062252,0.00019109743465556042,0.0,1.000000692865186,no,no,no,no,no,True,0.0,,0,0,925000.0,1,588500.0,362,,
42003981200,Tract 9812,North Shore,False,,,False,False,False,,0,11,0,11,0,15.556349186104045,0,11,0,11,0,15.556349186104045,0,11,0,11,0,15.556349186104045,0,11,0,11,0,15.556349186104045,0,11,0,11,0,15.556349186104045,0,11,0,11.0,0,11.0,0,11.0,0,11.0,0,11.0,0,11.0,0,11.0,0,11.0,0,11.0,0,11.0,0,11.0,0,11.0,0,11.0,0,11.0,0,11.0,0,15.556349186104045,0,15.556349186104045,0,15.556349186104045,0,15.556349186104045,0,15.556349186104045,,18,low,,,15212,1350,,,497800.0,,,,,,0.13613351897181167,0.13613351897181167,0.9230769230769231,0,653.0,6582,25,104186.0,0.42159223504940363,0.44118376190656977,0.6805570854231903,1.8461538461538463,53.8369,0.0,0.0,0.0,0.0,0.006752393226790398,0.0,0.0,0.0,0.00295212864625839,0.0,0.0,0.0,0.0,0.9807959210643538,0.0,0.009497908465355278,0.0,0.0,0.9999983514027578,no,conditional,yes,yes,yes,True,42.24172347631908,AE,0,12,,0,340000.0,125,,
42003981800,Tract 9818,Lincoln-Lemington-Belmar,False,,,False,False,False,True,0,11,0,11,0,15.556349186104045,0,11,0,11,0,15.556349186104045,0,11,0,11,0,15.556349186104045,0,11,0,11,0,15.556349186104045,0,11,0,11,0,15.556349186104045,0,11,0,11.0,0,11.0,0,11.0,0,11.0,0,11.0,0,11.0,0,11.0,0,11.0,0,11.0,0,11.0,0,11.0,0,11.0,0,11.0,0,11.0,0,11.0,0,15.556349186104045,0,15.556349186104045,0,15.556349186104045,0,15.556349186104045,0,15.556349186104045,,0,low,,,15206,1670,,,79550.0,,,,,,0.4756101330212591,0.2087290081501446,0.0,314,63.0,2113,16,7517.0,0.6552785169516645,0.6552785169516645,0.6622392602816137,0.0,20.4165,0.009916028399437074,0.0,0.0,0.0,0.0,0.0,0.0,0.0,0.0,0.0,0.0,0.0,0.0,0.20416757188406498,0.0,0.4706728168925939,0.3126336031340579,0.0,0.9973900203101538,unknown,conditional,yes,yes,yes,True,17.205226804911355,AE,0,10,,0,70000.0,33,,
42003982200,Tract 9822,North Oakland,False,,,False,False,False,True,4,7,0,16,0,22.627416997969522,0,16,4,7,4,17.46424919657298,0,16,0,16,0,22.627416997969522,0,16,0,16,0,22.627416997969522,0,16,0,16,0,22.627416997969522,0,16,0,16.0,0,16.0,0,16.0,0,16.0,0,16.0,0,16.0,0,16.0,0,16.0,0,16.0,4,7.0,0,16.0,0,16.0,0,16.0,0,16.0,0,16.0,0,22.627416997969522,0,22.627416997969522,0,22.627416997969522,0,22.627416997969522,0,22.627416997969522,,2,low,,,15213,1680,,,215800.0,0.375,0.0,0.0,0.625,0.0,0.08292096354813965,0.06267143471722102,0.991636798088411,5022,5355.0,14480,32,58709.0,0.14159839775729183,0.31016772494369127,0.8988513477545573,12.21863799283154,24.1742,0.0024472155058060706,0.0,0.0,0.0,0.0,0.0,0.0,0.0,0.0,0.0,0.0,0.0,0.0,0.0,0.01232744369068002,0.023072711599591934,0.9621526186230651,0.0,0.9999999894191431,unknown,unknown,unknown,unknown,unknown,True,0.0,,0,1,,0,334950.0,290,,
