GEOID,name,neighborhood,pgh_share,ALAND,AWATER,pop,households,med_hh_income,med_hh_income_cv,med_gross_rent,med_gross_rent_cv,med_home_value,renter_hh,renter_hh_moe,renter_share,rent_burdened_share,vacancy_share,need_count,need_count_moe,need_count_cv,burden_le50_count,chas_burden_le50_share,chas_burden_le50_share_cv,svi_t1,svi_t2,svi_t3,svi_t4,svi_overall,hcv_count,hcv_per_renter,mva21_score,mva21_coverage,mva21,mva16_score,mva16_coverage,mva16,mva_change,qct,zcta,dda,oz_share,oz,xw10_dominant,cdbg_share,cdbg_coverage,cdbg,transit_departures,transit_departures_per_acre,transit_service_date,flood_share_pct,flood_deep_share_pct,veg_cover_land_pct,eviction_filings_est,eviction_coverage,eviction_filing_rate,eviction_zips,residential,need,need_conf,market_strength,market_strength_conf,mva_raw,displacement_risk,displacement_risk_conf,displacement_n,subsidy_eligible,subsidy_eligible_conf,transit_access,transit_access_conf,flood_exposure,flood_exposure_conf,n_neighbors,market_lag,market_pressure,market_pressure_pct,need_tercile,market_direction,bivariate_class,watch_list,rent_2br_2025_26,n_units_2025_26,rent_2br_growth_existing,rent_2br_growth_all,rent_index_2025_26,rent_2br_gt_fmr,asking_rents_conf
42003010301,Tract 103.01,Bluff,1.0,276653.0,217524.0,1855.0,0.0,,,,,,0.0,12.0,,,,0.0,15.556349186104045,,0.0,,,,,0.8825,,,,,,,,,,,,False,15219,False,,False,,,,,9523.0,139.30162951609128,2026-07-01,58.4416,53.8961,24.995,,,,"15219,15282",False,,,,,,,,,,,,,,,7,0.6657407407407407,,,,,,False,,0,,,,,low
42003010302,Tract 103.02,Bluff,1.0,580660.0,0.0,4754.0,329.0,61035.0,0.09916080339572964,2042.0,0.1247361636633731,173300.0,212.0,80.0,0.6443768996960486,0.5990566037735849,0.30148619957537154,110.0,54.78138369920935,0.3027432091694355,93.0,0.8454545454545455,0.15480886296409793,0.8199,0.0591,0.712,0.7765,0.6623,102.0,0.4811320754716981,0.33333333333333337,0.9436325678496869,G,0.20188053097345132,0.9436325678496869,G,0.13145280235988205,True,15219,False,1.0,True,1.0,0.9436325678496869,1.0,True,11834.0,82.4759737241787,2026-07-01,33.7646,22.8978,16.4697,31.086513253713953,1.0,14.66344964797828,"15213,15219,15282",True,0.19298245614035087,low,0.3333333333333333,medium,0.29295722713864314,0.7898612476783567,low,4.0,1.0,high,0.9385964912280702,high,0.7631578947368421,high,5,0.6168981481481481,0.2835648148148148,0.9444444444444444,L,rising,L-rising,False,1850.0,151,0.0882352941176469,0.1708860759493671,1.1505016722408026,True,high
42003020100,Tract 201,Central Business District,1.0,1427891.0,465722.0,4600.0,2484.0,82409.0,0.13381251590360646,1678.0,0.04347337799015328,605100.0,2273.0,354.0,0.9150563607085346,0.31940167179938406,0.29949238578680204,465.0,168.6475615003075,0.22047594404720397,350.0,0.7526881720430108,0.10611212943320754,0.4581,0.0138,0.7386,0.9915,0.5402,183.0,0.08051033875934888,0.9116988945663427,0.9946188340807175,B,0.9290276525398257,0.9946188340807175,B,-0.01732875797348299,False,15222,True,0.00029895366218236175,False,0.9997010463378176,0.0,1.0,False,22002.0,62.35695512167581,2026-07-01,52.0842,42.6331,13.2513,138.78767873772205,1.0,6.1059251534413574,"15219,15222",True,0.7894736842105263,medium,0.8518518518518519,medium,0.7258933640583776,0.5172241485391618,low,4.0,1.0,high,0.868421052631579,high,0.9210526315789473,high,9,0.5590277777777778,-0.29282407407407407,0.037037037037037035,H,flat,H-flat,False,2604.0,585,0.2194444444444445,0.282758620689655,1.423152709359606,True,high
42003020300,Tract 203,Strip District,1.0,1590870.0,326538.0,1928.0,1486.0,118375.0,0.07150014603787998,2312.0,0.02445283495125209,,1354.0,222.0,0.9111709286675639,0.23929098966026588,0.22805194805194806,115.0,119.85407794480753,0.633561929138668,39.0,0.3391304347826087,0.796340787811841,0.1774,0.0124,0.5977,0.6979,0.1477,,,0.8888888888888888,1.0,B,0.875,1.0,B,0.01388888888888884,False,15222,True,0.0,False,1.0,0.0,1.0,False,9881.0,25.135295976248468,2026-07-01,62.9532,55.6269,18.2463,49.37075789907325,1.0,3.646289357390934,"15201,15219,15222",True,0.20614035087719298,low,0.8009259259259259,medium,0.7138888888888889,0.14929746933705945,low,3.0,1.0,high,0.6140350877192983,high,0.9473684210526315,high,7,0.5385802469135802,-0.26234567901234573,0.06481481481481481,L,flat,L-flat,False,3200.0,445,0.3373333333333332,0.29764801297648,1.8448979591836736,True,high
42003030500,Tract 305,Crawford-Roberts,1.0,927620.0,0.0,2978.0,1583.0,36365.0,0.16267019166112578,1230.0,0.13245360417130006,232300.0,1231.0,228.0,0.7776373973468098,0.5345247766043867,0.19726166328600406,745.0,158.3729774930054,0.12922867953979347,510.0,0.6845637583892618,0.1393422399302571,0.8046,0.2556,0.9156,0.9535,0.842,358.0,0.2908204711616572,0.5084804430598823,1.0,F,0.75,0.6780893042575286,C,-0.24151955694011773,True,15219,False,0.7118380062305296,True,0.7118380062305296,1.0,1.0,True,16407.0,71.57755689001618,2026-07-01,6.2943,3.7766,39.861,130.15787940576755,1.0,10.573345199493708,15219,True,0.9649122807017544,medium,0.39814814814814814,low,0.3584804430598823,0.7121363717389179,low,4.0,1.0,high,0.8947368421052632,high,0.17543859649122806,high,7,0.5069444444444444,0.10879629629629628,0.7314814814814815,H,falling,H-falling,False,1830.0,170,,0.199213630406291,1.213953488372093,True,high
42003040200,Tract 402,West Oakland,1.0,604860.0,0.0,2102.0,451.0,31042.0,0.24281251266790418,1564.0,0.0625782227784731,122300.0,338.0,70.0,0.7494456762749445,0.6804733727810651,0.3425655976676385,240.0,66.57326790837296,0.16862529865342693,199.0,0.8291666666666667,0.08167904903238604,0.8464,0.2547,0.8336,0.9409,0.8485,23.0,0.06804733727810651,0.6666666666666667,1.0,D,0.6686274509803921,1.0,C,-0.001960784313725372,True,15213,False,0.0,False,1.0,1.0,1.0,True,16800.0,112.401527454816,2026-07-01,1.7178,0.8589,45.4568,12.327580299347714,1.0,3.6472131063158915,"15213,15219",True,0.5482456140350878,medium,0.6203703703703703,medium,0.5329411764705884,0.6149002052821335,low,4.0,1.0,high,0.9736842105263158,high,0.05263157894736842,high,7,0.5266203703703703,-0.09375,0.2962962962962963,M,flat,M-flat,False,2150.0,32,,,1.2790697674418603,True,medium
42003040400,Tract 404,North Oakland,1.0,194956.0,0.0,1603.0,956.0,60192.0,0.20916855323350284,1238.0,0.05303190261771364,270200.0,298.0,89.0,0.3117154811715481,0.4429530201342282,0.23824701195219122,160.0,54.62600113499065,0.20754559701744166,120.0,0.75,0.15210227756841369,0.3083,0.4468,0.6912,0.9506,0.6546,,,0.7912397026321076,1.0,C,0.6552893309222423,1.0,D,0.13595037170986535,False,15213,False,0.0,False,1.0,1.0,1.0,True,8899.0,184.72360585433432,2026-07-01,21.5613,10.7807,17.4051,11.726971504307487,1.0,3.935225337015935,15213,True,0.32456140350877194,medium,0.7314814814814815,medium,0.6601818364476593,0.5357960720385033,low,3.0,1.0,medium,1.0,high,0.6491228070175439,high,4,0.8117283950617283,0.08024691358024683,0.6666666666666666,L,rising,L-rising,False,2200.0,27,,,1.033793103448276,True,medium
42003040500,Tract 405,Central Oakland,1.0,473356.0,0.0,3081.0,924.0,16721.0,0.2184610691940626,1480.0,0.13143842931076974,215800.0,839.0,197.0,0.908008658008658,0.7461263408820024,0.26956521739130435,835.0,178.0028089666003,0.12959089162703188,580.0,0.6946107784431138,0.11782940988918975,0.9623,0.0194,0.5429,0.9106,0.7579,,,0.8888888888888887,1.0,B,0.875,1.0,B,0.013888888888888729,True,15213,False,0.0,False,1.0,1.0,1.0,True,13195.0,112.8078454557838,2026-07-01,42.7052,29.4833,23.9006,15.480450629555996,1.0,1.845107345596662,"15213,15260",True,0.9824561403508771,medium,0.7777777777777778,medium,0.7138888888888888,0.4818351187703773,low,3.0,1.0,high,0.9824561403508771,high,0.8421052631578947,high,5,0.7743055555555556,-0.00347222222222221,0.5370370370370371,H,flat,H-flat,False,1825.0,404,0.1299999999999999,0.4092664092664093,1.2085271317829458,True,high
42003040600,Tract 406,Central Oakland,1.0,252018.0,0.0,2337.0,767.0,30392.0,0.22994373019295591,1788.0,0.09213738329831433,,733.0,108.0,0.9556714471968709,0.8321964529331515,0.2818352059925094,540.0,129.61867149450345,0.14591767589159457,480.0,0.8888888888888888,0.058451613814749906,0.9185,0.0203,0.5201,0.7153,0.6161,,,0.8888888888888888,1.0,B,0.75,1.0,C,0.13888888888888884,True,15213,False,0.0,False,1.0,1.0,1.0,True,2322.0,37.28622801868438,2026-07-01,15.896,11.8497,37.8508,12.458581842279655,1.0,1.6996701012659827,15213,True,0.8771929824561403,medium,0.9074074074074074,medium,0.7388888888888889,0.5559016457071884,low,3.0,1.0,high,0.7017543859649122,high,0.543859649122807,high,5,0.7824074074074074,-0.125,0.23148148148148148,H,rising,H-rising,True,1595.0,266,0.2355212355212355,0.2316602316602316,1.060200668896321,True,high
42003040900,Tract 409,South Oakland,1.0,912392.0,0.0,3280.0,1449.0,26866.0,0.17248725352458455,1431.0,0.13084139940824005,217400.0,1023.0,239.0,0.7060041407867494,0.7673509286412512,0.1994475138121547,855.0,240.80074750714542,0.17120869372519626,720.0,0.8421052631578947,0.08375465056279603,0.7014,0.0129,0.7413,0.8838,0.5399,43.0,0.042033235581622676,0.6666666666666667,1.0,D,0.75,1.0,C,-0.08333333333333326,True,15213,False,0.0,False,1.0,1.0,1.0,True,10074.0,44.68258336247753,2026-07-01,8.5578,6.4184,46.8273,20.071570576540754,1.0,1.962030359388148,15213,True,0.9912280701754386,medium,0.5972222222222222,medium,0.5166666666666668,0.4379303305789876,low,4.0,1.0,high,0.7807017543859649,high,0.2894736842105263,high,9,0.5447530864197531,-0.05246913580246915,0.42592592592592593,H,falling,H-falling,False,1512.5,324,0.5,0.375,1.0702341137123743,True,high
42003050100,Tract 501,Middle Hill,1.0,790373.0,0.0,1746.0,887.0,30436.0,0.20730130412673203,837.0,0.08642822644195328,112500.0,700.0,172.0,0.7891770011273957,0.46,0.19363636363636363,475.0,119.41942890501528,0.15283241581188967,270.0,0.5684210526315789,0.17212112731101475,0.8061,0.9129,0.9719,0.6321,0.8735,160.0,0.22857142857142856,0.36057741181254443,1.0,F,0.21145928636779507,1.0,G,0.14911812544474937,True,15219,False,1.0,True,1.0,1.0,1.0,True,4522.0,23.15347910681767,2026-07-01,14.8841,11.4973,56.9743,73.86425866588989,1.0,10.552036952269985,15219,True,0.8026315789473685,medium,0.37037037037037035,medium,0.31828555453898544,0.6576788168388852,low,4.0,1.0,high,0.5877192982456141,high,0.5175438596491229,high,5,0.22839506172839505,-0.1419753086419753,0.2222222222222222,H,rising,H-rising,True,1100.0,42,,,0.8275862068965517,False,medium
42003050600,Tract 506,Upper Hill,1.0,804401.0,6849.0,1550.0,777.0,39976.0,0.2729145085835696,895.0,0.10324158190555432,170000.0,357.0,143.0,0.4594594594594595,0.5378151260504201,0.29041095890410956,290.0,142.30249470757707,0.2982968131381974,140.0,0.4827586206896552,0.3293929681838096,0.7743,0.9079,0.9347,0.5671,0.8423,23.0,0.06442577030812324,0.31948208370972603,1.0,H,0.3545618789521229,1.0,F,-0.03507979524239685,True,15219,False,0.0,False,1.0,1.0,1.0,True,4451.0,22.392510621073818,2026-07-01,4.9729,3.1646,64.3608,55.38144200145278,1.0,15.513008963992375,"15213,15219",True,0.6491228070175439,medium,0.2222222222222222,medium,0.24856970791930147,0.5428444513446842,low,4.0,1.0,high,0.5526315789473685,high,0.09649122807017543,high,6,0.44212962962962965,0.21990740740740744,0.8981481481481481,M,flat,M-flat,False,1250.0,54,,,0.9620689655172414,False,high
42003050900,Tract 509,Bedford Dwellings,1.0,455034.0,0.0,1545.0,766.0,11986.0,0.10386991510358842,624.0,0.11495596601979581,,734.0,95.0,0.95822454308094,0.5326975476839237,0.05781057810578106,645.0,113.95174417269794,0.1073977938057048,325.0,0.5038759689922481,0.12955250117894448,0.9297,0.9774,0.9941,0.6379,0.9576,94.0,0.12806539509536785,0.11111111111111116,1.0,I,0.0,1.0,I,0.11111111111111116,True,15219,False,1.0,True,1.0,1.0,1.0,True,4438.0,39.46946558413481,2026-07-01,0.0,0.0,66.6695,55.8205651034081,1.0,7.604981621717726,15219,True,0.9298245614035088,medium,0.06481481481481481,medium,0.11111111111111116,0.607255889642165,low,4.0,1.0,high,0.7456140350877193,high,0.013157894736842105,high,5,0.4805555555555555,0.4157407407407407,0.9907407407407407,H,rising,H-rising,True,1466.5,23,,,0.9861224489795918,True,medium
42003051000,Tract 510,Terrace Village,1.0,646294.0,0.0,2382.0,752.0,19446.0,0.0966592234062873,691.0,0.31758739151663373,,720.0,229.0,0.9574468085106383,0.5833333333333334,0.17634173055859803,625.0,259.268200904006,0.2521757577181821,450.0,0.72,0.24782996419580056,0.9747,0.2853,0.891,0.9638,0.9312,46.0,0.06388888888888888,,,,,,,,True,15213,False,0.0,False,1.0,1.0,1.0,True,8222.0,51.4831539593015,2026-07-01,5.3393,3.4483,45.05,21.59503682825853,1.0,2.9993106705914623,"15213,15219",True,0.9210526315789473,medium,,,,0.566838597641268,low,4.0,1.0,high,0.8070175438596491,high,0.11403508771929824,high,6,0.4837962962962963,,,H,,,False,1995.0,78,,,1.320689655172414,True,high
42003051100,Tract 511,Terrace Village,1.0,194599.0,0.0,807.0,260.0,8889.0,0.5693317891277119,1057.0,0.09892078573010153,,260.0,53.0,1.0,0.6538461538461539,0.037037037037037035,130.0,78.44743462982075,0.36683392391779635,95.0,0.7307692307692307,0.20119853982619082,0.8388,0.7847,0.9317,0.3097,0.7811,86.0,0.33076923076923076,,,,,,,,True,15219,False,1.0,True,1.0,1.0,1.0,True,6971.0,144.9680425929753,2026-07-01,0.0,0.0,60.7396,17.23274104281969,1.0,6.627977324161419,15219,True,0.2324561403508772,low,,,,0.6927461229277718,low,4.0,1.0,high,0.9912280701754386,high,0.013157894736842105,high,4,0.46296296296296297,,,L,,,False,,4,,,,,low
42003060300,Tract 603,Lower Lawrenceville,1.0,1116677.0,143800.0,2724.0,1681.0,105128.0,0.1382480271842298,1789.0,0.058785451789983026,341200.0,1070.0,165.0,0.6365258774538964,0.38317757009345793,0.16284860557768924,230.0,74.94664769020693,0.19808813979174555,160.0,0.6956521739130435,0.1884343071539301,0.3122,0.0147,0.5605,0.8762,0.3069,46.0,0.04299065420560748,0.8888888888888888,1.0,B,0.5,1.0,E,0.38888888888888884,False,15201,False,0.0,False,1.0,1.0,1.0,True,6270.0,22.722586538854117,2026-07-01,46.1935,40.5839,26.3989,15.626197202842912,1.0,1.4603922619479357,"15201,15224",True,0.5131578947368421,medium,0.9629629629629629,medium,0.788888888888889,0.273795476892822,low,4.0,1.0,medium,0.5701754385964912,high,0.8508771929824561,high,8,0.6909722222222223,-0.2719907407407406,0.046296296296296294,M,rising,M-rising,False,2550.0,338,-0.1699432066404543,0.1283185840707965,1.5689655172413792,True,high
42003060500,Tract 605,Polish Hill,1.0,663515.0,0.0,1115.0,665.0,54926.0,0.20720888131663634,1079.0,0.07943863365550112,278400.0,354.0,98.0,0.5323308270676692,0.4971751412429379,0.24431818181818182,140.0,71.5122367151245,0.3105177451807403,120.0,0.8571428571428571,0.19942851187215022,0.569,0.1891,0.4984,0.5653,0.4801,,,0.6233691756272401,1.0,D,0.5,1.0,E,0.12336917562724015,False,15219,False,0.0,False,1.0,1.0,1.0,True,5223.0,31.855694436742503,2026-07-01,10.4857,5.7395,45.9855,44.39733093815011,1.0,12.541618909081953,"15201,15213,15219",True,0.2675438596491228,low,0.6111111111111112,medium,0.5233691756272402,0.6494624281943797,low,3.0,1.0,medium,0.6666666666666666,high,0.42105263157894735,high,6,0.5617283950617284,-0.04938271604938271,0.4351851851851852,L,rising,L-rising,False,2660.0,185,,,1.6147286821705429,True,high
42003070300,Tract 703,Shadyside,1.0,428546.0,0.0,2077.0,1018.0,90625.0,0.14636620899276806,1325.0,0.05505534208866204,629400.0,631.0,156.0,0.6198428290766208,0.3787638668779715,0.2059282371294852,180.0,72.00694410957877,0.24318454613164056,144.0,0.8,0.09069941912864421,0.3163,0.1132,0.7433,0.9332,0.5305,,,0.9611499611499611,1.0,A,0.9561965811965812,1.0,A,0.004953379953379855,False,15232,True,0.0,False,1.0,0.0,1.0,False,6305.0,59.539535413309196,2026-07-01,35.4839,24.618,37.7686,7.634745762711864,1.0,1.2099438609685997,15232,True,0.38596491228070173,medium,0.9444444444444444,medium,0.7699106449106449,0.4385576773792889,low,3.0,1.0,high,0.8596491228070176,high,0.7719298245614035,high,5,0.8601851851851852,-0.08425925925925926,0.32407407407407407,M,flat,M-flat,False,1795.0,229,0.1641791044776119,0.0978593272171253,1.2244897959183674,True,high
42003070500,Tract 705,Shadyside,1.0,412753.0,0.0,2989.0,1712.0,73526.0,0.03281513964375606,1420.0,0.03724474506614153,468200.0,1312.0,187.0,0.7663551401869159,0.43597560975609756,0.11433005690636316,325.0,96.60227740586657,0.18069165752792438,284.0,0.8738461538461538,0.09002890119191025,0.529,0.0153,0.7158,0.5426,0.3024,,,0.8888888888888888,1.0,B,0.875,1.0,B,0.01388888888888884,False,15232,True,0.0,False,1.0,0.6094763092269326,1.0,True,8859.0,86.85848690631346,2026-07-01,79.5775,58.0986,28.5613,17.709858840309458,1.0,1.349836801852855,"15206,15232",True,0.7192982456140351,medium,0.8009259259259259,medium,0.7138888888888889,0.3918743207576463,low,3.0,1.0,high,0.9473684210526315,high,1.0,high,6,0.8055555555555555,0.004629629629629539,0.5555555555555556,H,flat,H-flat,False,1750.0,404,0.1827956989247312,0.2280701754385965,1.1538095238095238,True,high
42003070600,Tract 706,Shadyside,1.0,289738.0,0.0,2090.0,1239.0,76865.0,0.15539026798059283,1536.0,0.0518458713272543,530700.0,755.0,132.0,0.609362389023406,0.46357615894039733,0.12252124645892351,230.0,99.28242543370907,0.26240894788875135,210.0,0.9130434782608695,0.044255777777500956,0.3831,0.0394,0.5822,0.9012,0.4357,,,0.8888888888888888,1.0,B,0.875,1.0,B,0.01388888888888884,False,15232,True,0.0,False,1.0,0.5621428571428572,1.0,True,5705.0,79.68342395471771,2026-07-01,50.3759,32.8321,36.7885,17.298283579190393,1.0,2.2911633879722375,"15206,15232",True,0.5131578947368421,medium,0.8009259259259259,medium,0.7138888888888889,0.5039493091134917,low,3.0,1.0,high,0.9210526315789473,high,0.8859649122807017,high,5,0.9435185185185185,0.1425925925925926,0.7870370370370371,M,flat,M-flat,False,1890.0,302,0.2158064516129032,0.2193548387096773,1.2040816326530612,True,high
42003070800,Tract 708,Shadyside,1.0,446681.0,0.0,2618.0,1635.0,103920.0,0.16382721335794895,2177.0,0.04216504964166689,646300.0,1321.0,180.0,0.8079510703363915,0.4405753217259652,0.14128151260504201,290.0,98.88377015466189,0.20728177372321954,245.0,0.8448275862068966,0.15082795341265137,0.1192,0.0276,0.8072,0.9182,0.2898,,,1.0,1.0,A,0.933103354978355,1.0,B,0.06689664502164505,False,15206,False,0.0,False,1.0,0.5351731601731602,1.0,True,8167.0,73.99167728589485,2026-07-01,51.4658,31.1075,35.1569,37.176326129666016,1.0,2.8142563307847097,15206,True,0.6491228070175439,medium,1.0,medium,0.8133793290043291,0.4081470268591833,low,3.0,1.0,medium,0.9035087719298246,high,0.9035087719298246,high,7,0.6984126984126984,-0.3015873015873016,0.027777777777777776,M,rising,M-rising,False,3078.0,342,-0.0723404255319148,0.1262349066959385,1.7942857142857145,True,high
42003070900,Tract 709,Shadyside,1.0,805690.0,0.0,4444.0,2335.0,47519.0,0.1523882528255695,1380.0,0.027311572177437116,441800.0,1642.0,218.0,0.7032119914346895,0.6419001218026796,0.14656432748538012,710.0,208.48261318392957,0.17850302939674606,455.0,0.6408450704225352,0.16281011554979397,0.6781,0.2065,0.8016,0.9765,0.7893,,,0.8411542610571736,1.0,B,0.8583564493758669,1.0,B,-0.017202188318693246,True,15213,False,0.0,False,1.0,0.613384188626907,1.0,True,13403.0,67.32119876059924,2026-07-01,55.5861,33.6081,41.9843,25.0783681002351,1.0,1.5273062180411145,"15213,15224,15232",True,0.9473684210526315,medium,0.7407407407407407,medium,0.6694829711820003,0.4518514205868654,low,3.0,1.0,high,0.8771929824561403,high,0.9298245614035088,high,9,0.7782921810699589,0.0375514403292182,0.6111111111111112,H,flat,H-flat,False,1830.0,195,0.1047904191616766,0.095808383233533,1.14,True,high
42003080200,Tract 802,Bloomfield,1.0,344564.0,0.0,1637.0,939.0,68708.0,0.10619806332529556,1274.0,0.05296483802779939,236400.0,517.0,99.0,0.5505857294994675,0.390715667311412,0.12732342007434944,115.0,60.0,0.31716664464120525,109.0,0.9478260869565217,0.11441226472072069,0.7096,0.2112,0.4503,0.36,0.486,,,0.6666666666666667,1.0,D,0.75,1.0,C,-0.08333333333333326,False,15224,False,0.0,False,1.0,0.3777120315581854,1.0,False,4900.0,57.5498208453582,2026-07-01,15.9827,11.6631,29.9701,15.0185546875,1.0,2.9049428795938104,15224,True,0.20614035087719298,low,0.5972222222222222,medium,0.5166666666666668,0.5755123428039124,low,3.0,0.0,high,0.8421052631578947,high,0.5526315789473685,high,6,0.7422839506172839,0.1450617283950617,0.8055555555555556,L,falling,L-falling,False,1595.0,152,,0.3291666666666666,1.0310344827586206,True,high
42003080400,Tract 804,Bloomfield,1.0,430386.0,0.0,1568.0,921.0,65116.0,0.07209952740874316,1494.0,0.11962744595402887,190900.0,685.0,153.0,0.743756786102063,0.4291970802919708,0.11950286806883365,300.0,86.82165628459296,0.17593040787151562,255.0,0.85,0.0907083889274423,0.5116,0.0126,0.7457,0.6526,0.3236,,,0.760936341489249,1.0,D,0.8030266920877026,1.0,C,-0.04209035059845356,False,15224,False,0.0,False,1.0,0.4242135367016206,1.0,False,8030.0,75.50491203680417,2026-07-01,12.2951,8.5246,31.8941,13.655441074641487,1.0,1.9934950473929176,"15213,15224,15232",True,0.6710526315789473,medium,0.6574074074074074,medium,0.6003310030717085,0.4202666511411271,low,3.0,0.0,high,0.9122807017543859,high,0.47368421052631576,high,5,0.75,0.09259259259259256,0.7083333333333334,H,flat,H-flat,False,2210.0,246,0.2317167051578137,0.7013086989992301,1.471571906354515,True,high
42003080600,Tract 806,Bloomfield,1.0,404923.0,0.0,2054.0,1053.0,61135.0,0.12535911977155545,1117.0,0.12136285589113262,371600.0,723.0,131.0,0.6866096866096866,0.4343015214384509,0.1576,270.0,82.21921916437786,0.18511588239193483,240.0,0.8888888888888888,0.08629687894859119,0.4669,0.0571,0.5415,0.4638,0.3089,21.0,0.029045643153526972,0.888888888888889,1.0,B,0.875,1.0,B,0.01388888888888895,False,15224,False,0.0,False,1.0,0.0,1.0,False,6959.0,69.5492077345115,2026-07-01,9.9278,3.6101,42.3138,15.132007312062258,1.0,2.0929470694415295,"15206,15224,15232",True,0.6096491228070176,medium,0.8287037037037037,medium,0.713888888888889,0.3815309331999287,low,4.0,0.0,high,0.8859649122807017,high,0.37719298245614036,high,4,0.7719907407407408,-0.05671296296296291,0.3888888888888889,M,flat,M-flat,False,1500.0,169,0.2458333333333333,0.25,0.979591836734694,True,high
42003080700,Tract 807,Friendship,1.0,275058.0,0.0,1935.0,1235.0,58750.0,0.16902282868783547,1311.0,0.05193371959037279,466700.0,1085.0,183.0,0.8785425101214575,0.4792626728110599,0.10247093023255814,430.0,150.94369811290565,0.21339322557843451,405.0,0.9418604651162791,0.07490379784447934,0.5272,0.0191,0.7967,0.9203,0.5119,13.0,0.011981566820276499,0.888888888888889,1.0,B,0.875,1.0,B,0.01388888888888895,False,15232,True,0.0,False,1.0,1.0,1.0,True,6773.0,99.64937776365421,2026-07-01,19.4226,12.336,38.4775,15.184458351370251,1.0,1.3994892489742168,"15206,15232",True,0.7807017543859649,medium,0.8287037037037037,medium,0.713888888888889,0.43374591017037833,low,4.0,1.0,high,0.9649122807017544,high,0.6228070175438597,high,6,0.7175925925925926,-0.11111111111111116,0.25,H,flat,H-flat,False,1700.0,169,0.276,0.3102119460500963,1.1458966565349544,True,high
42003080900,Tract 809,Bloomfield,1.0,380225.0,0.0,1877.0,1120.0,62317.0,0.10912925690799562,1158.0,0.023098204114630087,274600.0,780.0,170.0,0.6964285714285714,0.4653846153846154,0.06976744186046512,140.0,106.25441167311595,0.461373910868936,140.0,1.0,0.0825010855405992,0.5769,0.0679,0.513,0.6559,0.4431,24.0,0.03076923076923077,0.888888888888889,1.0,B,0.8049653078924545,1.0,C,0.08392358099643449,False,15224,False,0.0,False,1.0,1.0,1.0,True,4953.0,52.71636494219791,2026-07-01,13.1725,4.2672,29.8062,17.38505117520056,1.0,2.2288527147693022,"15206,15224",True,0.2675438596491228,low,0.8611111111111112,medium,0.7278958273103981,0.47269086350750683,low,4.0,1.0,medium,0.8157894736842105,high,0.49122807017543857,high,8,0.6408730158730159,-0.22023809523809523,0.10185185185185185,L,rising,L-rising,False,1525.0,201,,0.5326633165829147,1.0081632653061223,True,high
42003090100,Tract 901,Central Lawrenceville,1.0,672423.0,146361.0,2019.0,1260.0,112885.0,0.1649525507641327,1773.0,0.07474495000145719,452700.0,745.0,159.0,0.5912698412698413,0.312751677852349,0.09221902017291066,240.0,87.98295289429652,0.22285449061371965,215.0,0.8958333333333334,0.11498090488226427,0.6493,0.0121,0.6209,0.4921,0.3083,,,0.8888888888888888,1.0,B,0.6574007220216607,1.0,C,0.23148816686722817,False,15201,False,0.0,False,1.0,0.3703971119133574,1.0,False,2515.0,15.136073427494301,2026-07-01,66.6963,60.2131,18.4845,11.343461030383091,1.0,1.522612218843368,15201,True,0.5482456140350878,medium,0.9351851851851852,medium,0.7574087444845568,0.42491460953268123,low,3.0,0.0,high,0.4298245614035088,high,0.9649122807017544,high,4,0.9104938271604938,-0.024691358024691468,0.5,M,rising,M-rising,False,1975.0,235,,0.234375,1.3905640203154237,True,high
42003090200,Tract 902,Central Lawrenceville,1.0,446356.0,0.0,2635.0,1322.0,88534.0,0.083679836427789,1210.0,0.08289582757667864,382900.0,680.0,167.0,0.5143721633888049,0.3264705882352941,0.14599483204134367,225.0,137.5281789307195,0.3715722497283877,170.0,0.7555555555555555,0.25901638631979645,0.4772,0.0765,0.4169,0.9085,0.5175,,,0.8888888888888888,1.0,B,0.7798239895697523,1.0,C,0.10906489931913654,False,15201,False,0.0,False,1.0,0.23859191655801826,1.0,False,4294.0,38.93125997586142,2026-07-01,1.1254,0.4823,25.265,13.669507040194297,1.0,2.010221623557985,"15201,15224",True,0.5,low,0.8796296296296297,medium,0.7329240909749385,0.4251086787765874,low,3.0,0.0,high,0.7368421052631579,high,0.02631578947368421,high,4,0.8456790123456791,-0.033950617283950546,0.4722222222222222,M,rising,M-rising,False,2050.0,189,,0.2913385826771653,1.4261904761904762,True,high
42003090300,Tract 903,Bloomfield,1.0,258047.0,0.0,1384.0,791.0,77050.0,0.1133042334251828,1214.0,0.08011897668037034,223600.0,432.0,89.0,0.5461441213653603,0.3449074074074074,0.19776876267748478,140.0,55.47071299343465,0.24086284408786218,109.0,0.7785714285714286,0.18729425675496753,0.4142,0.0162,0.3829,0.1226,0.0738,,,0.6666666666666667,1.0,D,0.5801644398766701,1.0,E,0.08650222678999664,False,15224,False,0.0,False,1.0,1.0,1.0,True,3668.0,57.52389819437234,2026-07-01,40.2332,25.9475,12.5871,14.411295572916666,1.0,3.335948049286265,15224,True,0.2675438596491228,medium,0.6388888888888888,medium,0.5506337786913328,0.330955985095482,low,3.0,1.0,medium,0.8333333333333334,high,0.8333333333333334,high,5,0.8252314814814815,0.18634259259259267,0.8518518518518519,L,rising,L-rising,False,1600.0,168,,0.3502109704641349,1.1387755102040815,True,high
42003100500,Tract 1005,Stanton Heights,1.0,714843.0,0.0,2016.0,919.0,72043.0,0.05131180732277122,1516.0,0.1515746926402066,209900.0,265.0,67.0,0.2883569096844396,0.6339622641509434,0.013948497854077254,170.0,63.63961030678928,0.22756878350362697,124.0,0.7294117647058823,0.21516255388833533,0.5875,0.7209,0.8998,0.5868,0.722,31.0,0.1169811320754717,0.5130616509926855,1.0,E,0.4706112852664577,1.0,F,0.042450365726227846,False,15201,False,0.0,False,1.0,0.6175548589341693,1.0,True,1396.0,7.90301026333111,2026-07-01,3.9315,2.621,67.1704,8.407448621890136,1.0,3.1726221214679757,"15201,15224",True,0.36403508771929827,medium,0.46296296296296297,medium,0.418939393939394,0.5376221198686655,low,4.0,1.0,medium,0.20175438596491227,high,0.07017543859649122,high,6,0.5944444444444444,0.13148148148148148,0.7777777777777778,M,flat,M-flat,False,1495.0,70,,,1.0,True,high
42003101100,Tract 1011,Upper Lawrenceville,1.0,1049825.0,305755.0,2549.0,1143.0,101375.0,0.1032430224234406,1777.0,0.046524913920356875,317300.0,420.0,123.0,0.3674540682414698,0.3142857142857143,0.2339142091152815,85.0,63.89053137985315,0.4569321035569687,85.0,1.0,0.11125584971288409,0.4313,0.0144,0.4925,0.3509,0.1609,22.0,0.05238095238095238,0.8377122839083085,1.0,B,0.5,1.0,E,0.33771228390830854,False,15201,False,0.0,False,1.0,0.7697052775873886,1.0,True,2748.0,10.5929668742459,2026-07-01,46.678,42.2487,32.4355,11.949537648612946,1.0,2.845128011574511,15201,True,0.12280701754385964,low,0.8888888888888888,medium,0.7377122839083086,0.4435485633125751,low,4.0,1.0,medium,0.3157894736842105,high,0.8596491228070176,high,4,0.7345679012345679,-0.1543209876543209,0.19444444444444445,L,rising,L-rising,False,2965.0,327,,1.372,1.7755102040816326,True,high
42003101400,Tract 1014,Morningside,1.0,964745.0,301741.0,3222.0,1460.0,87813.0,0.08152859504535007,1117.0,0.051701665065729145,282600.0,467.0,114.0,0.3198630136986301,0.25910064239828695,0.12312312312312312,105.0,51.40038910358559,0.29758511566701745,85.0,0.8095238095238095,0.1580888994793605,0.1253,0.5085,0.477,0.2391,0.1986,,,0.7876513954713007,1.0,B,0.7003110189573459,1.0,C,0.08734037651395476,False,15206,False,0.0,False,1.0,0.0,1.0,False,5418.0,22.72711244584134,2026-07-01,35.4938,29.4753,45.8495,33.95759659463,1.0,7.271433960306209,"15201,15206",True,0.17982456140350878,medium,0.6851851851851852,medium,0.6475891916798315,0.46825027169694144,low,3.0,0.0,high,0.5789473684210527,high,0.7807017543859649,high,6,0.725925925925926,0.040740740740740744,0.6296296296296297,L,rising,L-rising,False,1595.0,166,,0.45662100456621,1.0535714285714286,True,high
42003101800,Tract 1018,Stanton Heights,1.0,1197215.0,0.0,2573.0,1324.0,85724.0,0.10777501954033862,1509.0,0.11038127869057186,243200.0,138.0,80.0,0.1042296072507553,0.2028985507246377,0.008239700374531835,55.0,64.07027391856539,0.7081544506058622,0.0,0.0,,0.0288,0.0826,0.5429,0.0185,0.0103,,,0.6409017713365539,1.0,E,0.625,1.0,D,0.015901771336553905,False,15201,False,0.0,False,1.0,0.0,1.0,False,3233.0,10.928268367518951,2026-07-01,1.9001,1.3371,67.5111,13.666821578604063,1.0,9.903493897539176,"15201,15206",True,0.07894736842105263,low,0.5833333333333334,medium,0.5159017713365539,0.20287998757956838,low,3.0,0.0,high,0.32456140350877194,high,0.06140350877192982,high,4,0.6790123456790124,0.095679012345679,0.7222222222222222,L,flat,L-flat,False,1500.0,104,,,1.1708571428571428,True,high
42003101900,Tract 1019,Garfield,1.0,857102.0,0.0,2803.0,1133.0,60625.0,0.17589822329458216,1255.0,0.0721733128277165,218100.0,661.0,158.0,0.5834068843777581,0.4084720121028744,0.1487603305785124,240.0,75.69015788066504,0.1917177251283309,120.0,0.5,0.23569844961872932,0.7499,0.8438,0.9229,0.2465,0.7293,122.0,0.18456883509833585,0.37228235729484693,1.0,G,0.20618234804329724,1.0,G,0.1661000092515497,False,15224,False,0.0,False,0.649458784346378,1.0,1.0,True,2579.0,12.176896931018245,2026-07-01,10.8131,6.5744,62.1698,17.931506963203994,1.0,2.7127847145543105,"15206,15224",True,0.5482456140350878,medium,0.37962962962962965,low,0.3310458876861875,0.4560768111691882,low,4.0,1.0,low,0.35964912280701755,high,0.4298245614035088,high,5,0.662037037037037,0.28240740740740733,0.9351851851851852,M,rising,M-rising,False,1675.0,59,,,1.1,True,high
42003110200,Tract 1102,Highland Park,1.0,806109.0,0.0,4241.0,2144.0,98906.0,0.1367052822313803,1367.0,0.0320182859988927,487500.0,1182.0,263.0,0.5513059701492538,0.39509306260575294,0.09306260575296109,145.0,67.7421582177598,0.28400443650669654,110.0,0.7586206896551724,0.2358289375382165,0.1392,0.0288,0.7433,0.3859,0.1039,34.0,0.028764805414551606,0.91014538392904,1.0,B,0.8237482286254133,1.0,C,0.08639715530362668,False,15206,False,0.0,False,1.0,0.2975909305621162,1.0,False,3826.0,19.20741819295207,2026-07-01,35.7904,24.1563,53.3779,42.58781516044532,1.0,3.603030047415001,15206,True,0.2894736842105263,medium,0.9259259259259259,medium,0.7453957382039574,0.29377224608555147,low,4.0,0.0,high,0.5263157894736842,high,0.7894736842105263,high,4,0.7376543209876544,-0.18827160493827155,0.14814814814814814,L,rising,L-rising,False,1850.0,229,0.748,0.4241724403387221,1.1510344827586207,True,high
42003110600,Tract 1106,Highland Park,1.0,637590.0,0.0,2364.0,1062.0,109444.0,0.18469147564217656,1253.0,0.12856681957223637,442000.0,251.0,84.0,0.23634651600753295,0.41434262948207173,0.06431718061674009,130.0,70.21395872616783,0.32833275064843503,130.0,1.0,0.05453310165859546,0.0456,0.0697,0.5459,0.0409,0.0174,15.0,0.05976095617529881,0.875539496135702,1.0,C,0.959349593495935,1.0,A,-0.08381009736023293,False,15206,False,0.0,False,1.0,0.0,1.0,False,1513.0,9.603183498943208,2026-07-01,1.6355,0.3505,56.5276,22.269584970530452,1.0,8.872344609773089,15206,True,0.2324561403508772,low,0.7592592592592593,medium,0.6836695774365151,0.5204166594789168,low,4.0,0.0,high,0.2894736842105263,high,0.03508771929824561,high,4,0.5925925925925926,-0.16666666666666674,0.16666666666666666,L,falling,L-falling,False,1367.5,47,,,0.9428571428571428,True,medium
42003111300,Tract 1113,East Liberty,1.0,540629.0,0.0,2927.0,1204.0,76929.0,0.11656427683031932,1096.0,0.04770039713353892,385700.0,764.0,146.0,0.6345514950166113,0.35340314136125656,0.22869955156950672,280.0,111.01801655587259,0.24102912843220275,190.0,0.6785714285714286,0.11082615509336913,0.5925,0.2135,0.765,0.9871,0.7743,77.0,0.10078534031413612,0.8411057508231871,1.0,B,0.642487939352171,1.0,C,0.1986178114710161,False,15206,False,0.0,False,1.0,0.771881461061337,1.0,True,4441.0,33.24292513327698,2026-07-01,37.8667,26.2667,45.2353,29.18985347085789,1.0,3.8206614490651694,15206,True,0.6271929824561403,medium,0.7685185185185185,medium,0.712608162952753,0.5223421138884576,low,4.0,1.0,medium,0.6842105263157895,high,0.8070175438596491,high,8,0.5462962962962963,-0.2222222222222222,0.09259259259259259,M,rising,M-rising,False,1449.0,263,0.2952380952380953,0.2075,0.9914728682170544,True,high
42003111400,Tract 1114,Garfield,1.0,327621.0,0.0,1235.0,660.0,59605.0,0.19764360561130787,1052.0,0.1617992071838848,264000.0,403.0,96.0,0.6106060606060606,0.39950372208436724,0.14507772020725387,160.0,69.35416353759881,0.26350366085713833,100.0,0.625,0.14009405079368617,0.842,0.0497,0.8682,0.9612,0.7858,59.0,0.14640198511166252,0.5464379539483851,1.0,F,0.3647426981919332,1.0,G,0.1816952557564519,False,15206,False,0.0,False,1.0,1.0,1.0,True,4683.0,57.84558568009743,2026-07-01,5.765,2.439,57.0578,14.464165848068108,1.0,3.589123039222856,15206,True,0.32456140350877194,medium,0.5555555555555556,medium,0.4734894143099985,0.5336843830323104,low,4.0,1.0,medium,0.8508771929824561,high,0.14035087719298245,high,6,0.6365740740740741,0.08101851851851849,0.6759259259259259,L,rising,L-rising,False,1395.0,96,,,0.9655172413793104,True,high
42003111500,Tract 1115,East Liberty,1.0,965268.0,0.0,3718.0,2146.0,57176.0,0.1187396416461431,1283.0,0.12413914007585754,210900.0,1939.0,363.0,0.9035414725069898,0.5291387313047963,0.19895483389324375,790.0,277.41845648766775,0.21347270708142646,740.0,0.9367088607594937,0.10040885617584774,0.7564,0.565,0.8975,0.9568,0.8664,262.0,0.13512119649303764,0.5870161014045907,0.8629711751662971,D,0.631808838643371,0.8629711751662971,B,-0.0447927372387803,True,15206,False,0.0,False,1.0,1.0,1.0,True,13115.0,54.98423440927908,2026-07-01,63.0979,41.306,22.8467,44.271735456694756,1.0,2.2832251395923033,"15206,15232",True,0.9736842105263158,medium,0.5185185185185185,low,0.46065433367591657,0.7085856233504114,low,4.0,1.0,high,0.8245614035087719,high,0.956140350877193,high,7,0.6825396825396826,0.16402116402116407,0.8425925925925926,H,flat,H-flat,False,1680.0,292,0.3977172958735733,0.3999999999999999,1.3767660910518051,True,high
42003120300,Tract 1203,Lincoln-Lemington-Belmar,1.0,1079674.0,0.0,1507.0,609.0,32188.0,0.2064051508935158,1133.0,0.08155447114339905,85400.0,351.0,121.0,0.5763546798029556,0.5612535612535613,0.23299748110831234,260.0,111.28791488746656,0.26020087651967866,170.0,0.6538461538461539,0.17112941220351652,0.8909,0.9582,0.9889,0.7806,0.9544,115.0,0.32763532763532766,0.04634282523729762,1.0,J,0.0728643216080402,1.0,H,-0.026521496370742574,True,15206,False,0.0,False,1.0,1.0,1.0,True,2999.0,11.240913841379527,2026-07-01,9.8715,7.0994,69.9139,16.013179436804194,1.0,4.562159383704898,15206,True,0.5877192982456141,medium,0.027777777777777776,medium,0.031769960915689587,0.678477577095804,low,4.0,1.0,high,0.34210526315789475,high,0.35964912280701755,high,5,0.037037037037037035,0.009259259259259259,0.5648148148148148,M,flat,M-flat,False,1200.0,83,,,0.8266502463054187,False,high
42003120900,Tract 1209,Larimer,1.0,1153119.0,0.0,1473.0,597.0,25727.0,0.2018859941945962,1323.0,0.13876540146622648,65300.0,394.0,137.0,0.6599664991624791,0.5989847715736041,0.30662020905923343,310.0,138.00362314084367,0.2706218710478354,249.0,0.8032258064516129,0.142809150511174,0.9759,0.9768,0.9402,0.9982,0.9991,200.0,0.5076142131979695,0.1497175141242938,0.5539906103286385,J,0.125,0.5481220657276995,H,0.024717514124293793,True,15206,False,0.0,False,0.5481220657276995,1.0,1.0,True,7474.0,26.229907668694732,2026-07-01,40.0499,22.7074,42.8714,17.1397347740668,1.0,4.350186490879898,15206,True,0.6929824561403509,medium,0.08333333333333333,low,0.1247175141242938,0.7798167986337525,low,4.0,1.0,high,0.6228070175438597,high,0.8157894736842105,high,9,0.5989583333333333,0.5156249999999999,1.0,H,flat,H-flat,False,1200.0,38,,,0.8428571428571429,False,medium
42003130200,Tract 1302,Homewood North,1.0,348488.0,0.0,1073.0,389.0,50605.0,0.061084584731436554,1339.0,0.1121373978221737,82900.0,132.0,61.0,0.3393316195372751,0.3939393939393939,0.379585326953748,100.0,65.30696746902278,0.39700284175697736,50.0,0.5,0.2687865163457038,0.9091,0.98,0.9417,0.0482,0.8082,55.0,0.4166666666666667,0.09179575444635685,1.0,J,0.0,1.0,I,0.09179575444635685,True,15208,False,1.0,True,1.0,1.0,1.0,True,3228.0,37.4855160909621,2026-07-01,17.5,2.5,46.627,19.47486033519553,1.0,14.753682072117824,15208,True,0.16228070175438597,low,0.037037037037037035,medium,0.09179575444635685,0.6550046864128528,low,4.0,1.0,high,0.7105263157894737,high,0.5964912280701754,high,2,0.037037037037037035,0.0,0.5462962962962963,L,rising,L-rising,False,,17,,,0.8053781966825445,,low
42003130600,Tract 1306,East Hills,1.0,1400161.0,0.0,3994.0,1232.0,32083.0,0.3807373864161412,726.0,0.41699113265844406,109100.0,794.0,160.0,0.6444805194805194,0.5428211586901763,0.17702070808283232,555.0,154.983870128475,0.16975697048492563,370.0,0.6666666666666666,0.2143157174059645,0.9382,0.8397,0.9546,0.5879,0.9044,52.0,0.0654911838790932,0.12897783912276667,1.0,H,0.1740855762594893,1.0,G,-0.04510773713672264,True,15221,False,1.0,True,1.0,1.0,1.0,True,4525.0,13.078514050427058,2026-07-01,16.4624,11.9872,69.7002,64.288046169642,1.0,8.096731255622418,"15208,15221,15235",True,0.8991228070175439,medium,0.046296296296296294,medium,0.09416072387086881,0.6008484419833588,low,4.0,1.0,high,0.38596491228070173,high,0.5614035087719298,high,2,0.037037037037037035,-0.009259259259259259,0.5277777777777778,H,flat,H-flat,False,,19,,,0.8571428571428571,,low
42003130700,Tract 1307,Homewood North,1.0,1277523.0,0.0,2334.0,1064.0,31799.0,0.08117094924989995,501.0,0.3421727972626176,58000.0,640.0,165.0,0.6015037593984962,0.434375,0.21476014760147602,495.0,135.83077707206124,0.16681192112254611,260.0,0.5252525252525253,0.2093708093578458,0.8917,0.9897,0.9771,0.5394,0.9367,91.0,0.1421875,0.03583916083916086,0.8739495798319328,J,,0.479755538579068,,,True,15208,False,1.0,True,0.653170359052712,1.0,1.0,True,7087.0,22.44974960572045,2026-07-01,31.7614,22.8409,65.4128,43.7948541316165,1.0,6.842945958065079,"15206,15208,15221,15235",True,0.8421052631578947,medium,0.018518518518518517,low,0.02867132867132869,0.6135543710143928,low,4.0,1.0,high,0.5614035087719298,high,0.7368421052631579,high,7,0.1388888888888889,0.12037037037037038,0.75,H,,,False,1250.0,31,,,0.8620689655172413,False,medium
42003130800,Tract 1308,Homewood South,1.0,1002798.0,0.0,2186.0,938.0,27177.0,0.248556323272193,756.0,0.21630401569611296,92200.0,623.0,163.0,0.664179104477612,0.6853932584269663,0.3869281045751634,495.0,152.12166183683374,0.18681853407857757,250.0,0.5050505050505051,0.26332545738794627,0.797,0.9003,0.9672,0.5415,0.8482,225.0,0.3611556982343499,0.13353825136612024,0.7332832456799399,I,,0.45154019534184825,,,True,15208,False,1.0,True,0.6168294515401953,1.0,1.0,True,7297.0,29.447517161235663,2026-07-01,75.4839,56.4875,48.3563,45.460932954422944,1.0,7.297099992684261,"15208,15221",True,0.8421052631578947,medium,0.05555555555555555,low,0.1068306010928962,0.6205995158331752,low,4.0,1.0,high,0.6491228070175439,high,0.9912280701754386,high,4,0.2037037037037037,0.14814814814814814,0.8287037037037037,H,,,False,1025.0,36,,,0.8571428571428571,False,medium
42003140100,Tract 1401,Squirrel Hill North,1.0,1467607.0,0.0,6246.0,1048.0,222778.0,0.18250616606044573,2131.0,0.06960500585509322,776700.0,251.0,116.0,0.23950381679389313,0.7410358565737052,0.08471615720524017,220.0,143.54441821262157,0.39664111139160424,190.0,0.8636363636363636,0.19420641303604264,0.356,0.02,0.758,0.8194,0.3425,,,0.9840409515206262,0.9866310160427807,A,0.9461382113821138,0.9866310160427807,A,0.03790274013851236,False,15217,False,0.0,False,1.0,0.0,1.0,False,10889.0,30.025899020319198,2026-07-01,22.0683,15.5863,55.1702,6.391869721392942,1.0,2.5465616419892196,"15213,15217,15232",True,0.49122807017543857,low,0.9722222222222222,medium,0.7948133092442035,0.4466406613879832,low,3.0,0.0,high,0.6578947368421053,high,0.6578947368421053,high,10,0.8483796296296295,-0.12384259259259267,0.24074074074074073,M,flat,M-flat,False,1775.0,29,,,1.9428571428571428,True,medium
42003140200,Tract 1402,Squirrel Hill North,1.0,759494.0,0.0,2537.0,853.0,65378.0,0.16389142551043587,1230.0,0.04843452689846047,777500.0,502.0,70.0,0.5885111371629543,0.6713147410358565,0.12422997946611909,260.0,98.8382517044894,0.23109247534367405,240.0,0.9230769230769231,0.3187152460178518,0.4051,0.0209,0.7199,0.7515,0.3357,,,1.0,1.0,A,1.0,1.0,A,0.0,False,15232,True,0.0,False,1.0,0.0,1.0,False,5035.0,26.828285788675093,2026-07-01,4.1109,2.1033,63.7706,6.526268061212797,1.0,1.3000533986479674,"15217,15232",True,0.5877192982456141,medium,0.9861111111111112,medium,0.8,0.4547818661698494,low,3.0,1.0,high,0.631578947368421,high,0.07894736842105263,high,6,0.9336419753086419,-0.05246913580246926,0.4166666666666667,M,flat,M-flat,False,1750.0,200,0.2825278810408922,0.2820512820512821,1.137123745819398,True,high
42003140300,Tract 1403,Squirrel Hill North,1.0,941940.0,0.0,3400.0,1335.0,129464.0,0.21490993870073044,2054.0,0.05001731368550652,621700.0,627.0,145.0,0.4696629213483146,0.3349282296650718,0.1331168831168831,165.0,79.88116173416608,0.29430288932178716,130.0,0.7878787878787878,0.16466346354500358,0.1139,0.1059,0.6478,0.3306,0.1365,,,0.9387188562703865,1.0,B,1.0,1.0,A,-0.06128114372961346,False,15217,False,0.0,False,1.0,0.0,1.0,False,5826.0,25.03024132843111,2026-07-01,8.547,4.8174,54.1631,8.241164720344191,1.0,1.314380338172917,15217,True,0.34649122807017546,medium,0.8981481481481481,medium,0.7387188562703866,0.2871836671324328,low,3.0,0.0,high,0.6052631578947368,high,0.2807017543859649,high,6,0.9324074074074075,0.03425925925925932,0.6018518518518519,M,falling,M-falling,False,1895.0,166,0.3622222222222222,0.3535714285714286,1.2448979591836735,True,high
42003140400,Tract 1404,Point Breeze,1.0,834995.0,0.0,2200.0,876.0,194688.0,0.13582327156386076,2156.0,0.20160039699770485,688300.0,122.0,43.0,0.13926940639269406,0.4672131147540984,0.09783728115345006,65.0,40.36087214122113,0.37746899360506087,59.0,0.9076923076923077,0.24401056617199188,0.0203,0.1374,0.5104,0.0085,0.0071,,,1.0,1.0,A,1.0,1.0,A,0.0,False,15206,False,0.0,False,1.0,0.0,1.0,False,4610.0,22.342658467732143,2026-07-01,23.3102,12.7383,61.0374,20.097879935945073,1.0,16.473672078643503,"15206,15208,15217,15232",True,0.08771929824561403,low,0.9861111111111112,medium,0.8,0.5708061636391865,low,3.0,0.0,high,0.543859649122807,high,0.6754385964912281,high,8,0.7764550264550264,-0.20965608465608476,0.12037037037037036,L,flat,L-flat,False,1820.0,57,,,1.2876254180602007,True,high
42003140500,Tract 1405,Point Breeze North,1.0,782035.0,0.0,2338.0,1133.0,95523.0,0.04543853869659552,1392.0,0.09957027565244733,288700.0,648.0,130.0,0.5719329214474845,0.3055555555555556,0.07811228641171684,95.0,73.16419889536138,0.46817596477594864,60.0,0.631578947368421,0.37360217426166764,0.0462,0.1362,0.8025,0.4,0.1436,19.0,0.029320987654320986,0.8063655422145988,1.0,B,0.75,1.0,C,0.056365542214598774,False,15208,False,0.0,False,1.0,0.2770154373927959,1.0,False,7331.0,37.93628729227515,2026-07-01,28.5848,16.9634,39.579,39.08379888268156,1.0,6.031450444858266,"15208,15221",True,0.14912280701754385,low,0.7129629629629629,medium,0.6563655422145988,0.2568070865462575,low,4.0,0.0,high,0.7192982456140351,high,0.7105263157894737,high,6,0.5162037037037037,-0.1967592592592592,0.12962962962962962,L,rising,L-rising,False,1510.0,268,,0.1615384615384616,1.0271428571428571,True,high
42003140800,Tract 1408,Squirrel Hill South,1.0,1089074.0,0.0,4731.0,1873.0,87538.0,0.11617360304349979,1449.0,0.07551586777171553,600200.0,978.0,194.0,0.5221569674319274,0.4049079754601227,0.07139315815567675,250.0,83.6301381082203,0.2033559589257636,155.0,0.62,0.21693422895345638,0.1806,0.6235,0.6616,0.4585,0.3769,,,0.934430595504421,1.0,B,0.973453978906999,1.0,A,-0.03902338340257805,False,15217,False,0.0,False,1.0,0.21236816874400766,1.0,False,5411.0,20.10656769109023,2026-07-01,9.3812,5.1896,52.6507,10.737707437000614,1.0,1.0979250958078337,15217,True,0.5701754385964912,medium,0.9166666666666666,medium,0.7397397997230212,0.2345423847228691,low,3.0,0.0,high,0.5350877192982456,high,0.32456140350877194,high,5,0.8564814814814814,-0.06018518518518523,0.37962962962962965,M,flat,M-flat,False,1653.0,194,0.1814814814814815,0.2244444444444444,1.12015503875969,True,high
42003141100,Tract 1411,Swisshelm Park,1.0,1220859.0,179732.0,1369.0,611.0,103750.0,0.055276668985974296,1371.0,0.13612409906464565,252700.0,91.0,48.0,0.14893617021276595,0.45054945054945056,0.023961661341853034,35.0,39.408120990476064,0.6844658443851683,20.0,0.5714285714285714,0.9016131915171293,0.1327,0.0976,0.3791,0.0288,0.0274,,,0.7777777777777778,1.0,C,0.625,1.0,D,0.1527777777777778,False,15218,False,0.0,False,1.0,0.0,1.0,False,908.0,3.0098034511267886,2026-07-01,25.2724,21.1728,80.0396,21.885314607506288,1.0,24.04979627198493,"15217,15218",True,0.05263157894736842,low,0.6944444444444444,medium,0.6527777777777778,0.35939683278993945,low,3.0,0.0,high,0.06140350877192982,high,0.6842105263157895,high,3,0.912037037037037,0.21759259259259256,0.8888888888888888,L,rising,L-rising,False,,19,,,1.0257142857142858,,low
42003141200,Tract 1412,Point Breeze,1.0,1396263.0,0.0,4197.0,1833.0,126470.0,0.05220070932400322,1236.0,0.09246417013407304,437700.0,483.0,119.0,0.2635024549918167,0.35403726708074534,0.06431852986217458,155.0,92.30926280715278,0.36203260244005403,90.0,0.5806451612903226,0.27363169116334524,0.0174,0.1882,0.5719,0.2541,0.0788,11.0,0.022774327122153208,0.9695712309820194,1.0,A,0.9657676348547718,1.0,A,0.003803596127247566,False,15221,False,0.0,False,0.7608921161825726,0.0,1.0,False,6523.0,18.905925633863536,2026-07-01,29.7452,18.9808,63.5927,75.23427873949187,1.0,15.576455225567676,"15208,15218,15221",True,0.30701754385964913,low,0.9537037037037037,low,0.776417704011065,0.30907151523515447,low,4.0,0.0,high,0.5087719298245614,high,0.7280701754385965,high,5,0.7978395061728394,-0.15586419753086433,0.18518518518518517,L,flat,L-flat,False,1599.0,157,,0.2791999999999999,1.0571428571428572,True,high
42003141300,Tract 1413,Squirrel Hill South,1.0,890591.0,0.0,4717.0,2299.0,61354.0,0.215848373280062,1335.0,0.04735721685279419,372900.0,1598.0,259.0,0.6950848194867334,0.5250312891113892,0.06506710044733631,715.0,221.05429197371402,0.18794336894910538,620.0,0.8671328671328671,0.10993043842545298,0.4178,0.1515,0.7111,0.9656,0.6372,15.0,0.009386733416770964,0.8888888888888888,1.0,B,0.875,1.0,B,0.01388888888888884,True,15217,False,0.0,False,1.0,0.4120352625527022,1.0,False,7617.0,34.61174138231893,2026-07-01,16.5438,11.2203,49.9666,13.429855562384757,1.0,0.8404164932656293,15217,True,0.956140350877193,medium,0.8009259259259259,medium,0.7138888888888889,0.42384004094142275,low,4.0,1.0,high,0.6929824561403509,high,0.5701754385964912,high,6,0.861111111111111,0.06018518518518512,0.6574074074074074,H,flat,H-flat,False,1560.0,361,0.142391304347826,0.149171270718232,1.0557142857142856,True,high
42003141400,Tract 1414,Squirrel Hill South,1.0,2053937.0,89732.0,5362.0,2582.0,113472.0,0.08732923093275183,1148.0,0.12496955191002192,462000.0,1182.0,239.0,0.45778466305189774,0.47715736040609136,0.1202725724020443,515.0,188.85973631242842,0.22292883561534324,350.0,0.6796116504854369,0.1575093267372815,0.1968,0.1924,0.7214,0.8921,0.4637,50.0,0.04230118443316413,0.9017691909097638,1.0,B,0.8484760159893404,1.0,A,0.0532931749204234,False,15217,False,0.0,False,1.0,0.0,1.0,False,5718.0,11.266131835242854,2026-07-01,17.2681,13.828,62.9136,15.452827289489859,1.0,1.3073457943730846,15217,True,0.868421052631579,medium,0.8703703703703703,medium,0.7320739877118958,0.29309314748687515,low,4.0,0.0,high,0.3508771929824561,high,0.5877192982456141,high,6,0.6527777777777778,-0.21759259259259256,0.1111111111111111,H,rising,H-rising,True,1590.0,200,0.0673684210526315,0.1648351648351649,1.028,True,high
42003151600,Tract 1516,Greenfield,1.0,819407.0,0.0,2413.0,1253.0,70069.0,0.2094678623559122,1188.0,0.04912345337877253,219300.0,331.0,132.0,0.2641660015961692,0.5438066465256798,0.11448763250883393,160.0,110.14535850411491,0.4184854046508925,150.0,0.9375,0.14968126177360458,0.4407,0.6844,0.5306,0.1056,0.3572,,,0.5566369288997026,1.0,D,0.5012165450121655,1.0,D,0.05542038388753712,False,15207,False,0.0,False,1.0,0.0,1.0,False,1811.0,8.944098574904046,2026-07-01,17.6678,13.4276,52.26,32.36220472440945,1.0,9.77710112519923,15207,True,0.32456140350877194,low,0.5092592592592593,medium,0.45639361989726956,0.641243595714951,low,3.0,0.0,high,0.2719298245614035,high,0.6140350877192983,high,4,0.4552469135802469,-0.05401234567901242,0.4074074074074074,L,rising,L-rising,False,1300.0,114,,,0.9142857142857144,True,high
42003151700,Tract 1517,Greenfield,1.0,1186540.0,0.0,4169.0,2330.0,67456.0,0.22891878096468513,1415.0,0.0867818746173757,268200.0,961.0,330.0,0.41244635193133045,0.2643080124869927,0.09759876065065841,545.0,330.84135170803546,0.3690263536521965,320.0,0.5871559633027523,0.4729067668531591,0.5952,0.6212,0.637,0.1432,0.4684,20.0,0.02081165452653486,0.73917620739571,1.0,D,0.6976904855902092,1.0,C,0.04148572180550081,False,15217,False,0.0,False,1.0,0.0,1.0,False,5217.0,17.793289695805285,2026-07-01,15.5364,10.5425,46.9707,18.86202626446433,1.0,1.9627498714322924,"15207,15217",True,0.8859649122807017,low,0.6481481481481481,medium,0.5996381102776682,0.24538460211492347,low,4.0,0.0,high,0.47368421052631576,high,0.5350877192982456,high,6,0.5009259259259259,-0.14722222222222225,0.2037037037037037,H,flat,H-flat,False,1385.0,188,,0.319047619047619,0.96,True,high
42003160800,Tract 1608,South Side Slopes,1.0,1029814.0,0.0,2384.0,1258.0,55761.0,0.2583213234904133,1394.0,0.13344206390392171,201000.0,632.0,134.0,0.5023847376788553,0.5395569620253164,0.16853932584269662,210.0,90.0,0.26052974381241856,160.0,0.7619047619047619,0.16261927169448195,0.6408,0.2803,0.5081,0.4429,0.5149,63.0,0.09968354430379747,0.4910394265232975,1.0,G,0.42926747311827956,1.0,E,0.061771953405017954,False,15203,False,0.0,False,1.0,1.0,1.0,True,4219.0,16.5793893325451,2026-07-01,5.036,3.5971,57.2731,38.93279956799472,1.0,6.160253096201696,"15203,15210",True,0.4649122807017544,medium,0.4351851851851852,medium,0.40518593189964164,0.5212392255630883,low,4.0,1.0,medium,0.45614035087719296,high,0.10526315789473684,high,4,0.5625,0.12731481481481483,0.7685185185185185,M,rising,M-rising,False,1397.0,339,0.2130434782608696,0.2147826086956521,0.9685714285714284,True,high
42003160900,Tract 1609,South Side Flats,1.0,1249545.0,443598.0,3603.0,2023.0,72953.0,0.12290879538256237,1672.0,0.07380637279853405,233100.0,1604.0,271.0,0.7928818586258033,0.45698254364089774,0.10526315789473684,475.0,189.02116283633427,0.24190838308921359,225.0,0.47368421052631576,0.3047547641841345,0.5025,0.0074,0.3762,0.6882,0.2439,77.0,0.04800498753117207,0.8888888888888888,1.0,B,0.8330121703853955,1.0,B,0.055876718503493294,False,15203,False,0.0,False,1.0,0.0,1.0,False,4966.0,16.08320548170606,2026-07-01,68.7364,59.3139,24.1723,48.698295103765965,1.0,3.0360533107086014,"15203,15210",True,0.8026315789473685,medium,0.8425925925925926,medium,0.7222864548118098,0.19229645730189127,low,4.0,0.0,high,0.43859649122807015,high,0.9736842105263158,high,7,0.3925925925925926,-0.44999999999999996,0.018518518518518517,H,rising,H-rising,True,2234.0,469,0.1317762399077278,0.3222846996152708,1.379591836734694,True,high
42003161000,Tract 1610,Arlington,1.0,2646060.0,0.0,3200.0,1146.0,57372.0,0.3550125698078365,1138.0,0.5710439580985145,69700.0,444.0,263.0,0.387434554973822,0.7207207207207207,0.17553956834532375,375.0,248.4069242191127,0.4026859967077815,315.0,0.84,0.2516752715180544,0.8761,0.6682,0.8242,0.3515,0.7776,58.0,0.13063063063063063,0.22250639386189258,0.8879636638909917,H,0.1387468030690537,0.8879636638909917,H,0.08375959079283887,False,15210,False,0.23996971990915972,False,0.7600302800908403,1.0,1.0,True,1707.0,2.6106679036139773,2026-07-01,7.0562,4.8512,77.8962,68.65525295960079,1.0,15.462894810720899,15210,True,0.7631578947368421,low,0.1574074074074074,low,0.19475703324808186,0.7522345276498359,low,4.0,1.0,low,0.043859649122807015,high,0.21929824561403508,high,4,0.5277777777777778,0.37037037037037035,0.9722222222222222,H,rising,H-rising,True,1200.0,90,,,0.8488372093023255,False,high
42003170200,Tract 1702,South Side Flats,1.0,1116614.0,279346.0,3732.0,2138.0,67348.0,0.1688277716629662,1522.0,0.12741193997659453,283300.0,1164.0,264.0,0.5444340505144996,0.5713058419243986,0.14650698602794412,555.0,203.09603639657766,0.2224552001934091,510.0,0.918918918918919,0.0766638552005431,0.6278,0.0079,0.6651,0.1906,0.1715,58.0,0.04982817869415808,0.8216328653146125,1.0,B,0.8367297191887676,1.0,C,-0.015096853874155047,True,15203,False,0.0,False,1.0,0.515990639625585,1.0,True,8036.0,29.124243660214184,2026-07-01,57.4045,50.5495,17.1332,50.84542317212843,1.0,4.368163502760174,"15203,15219",True,0.8991228070175439,medium,0.7037037037037037,medium,0.6542869214768591,0.44688482924781636,low,4.0,1.0,high,0.6403508771929824,high,0.9385964912280702,high,7,0.6689814814814815,-0.03472222222222221,0.46296296296296297,H,flat,H-flat,False,1650.0,629,0.3716666666666666,0.375,1.1142857142857143,True,high
42003170600,Tract 1706,South Side Slopes,1.0,835268.0,0.0,1701.0,897.0,59301.0,0.11598137552742746,1298.0,0.09413593979046558,184700.0,486.0,117.0,0.5418060200668896,0.3662551440329218,0.21727748691099477,195.0,83.48652585896721,0.26026506385774206,130.0,0.6666666666666666,0.19007498940402426,0.6711,0.0629,0.6156,0.4729,0.4351,44.0,0.09053497942386832,0.5546347452424801,1.0,D,0.41540055248618785,1.0,E,0.13923419275629229,False,15203,False,0.0,False,0.9861878453038674,0.5902394106813996,1.0,True,7901.0,38.28018383726229,2026-07-01,6.5292,4.9828,64.4943,33.052769538853894,1.0,6.800981386595452,"15203,15210",True,0.43859649122807015,medium,0.5462962962962963,medium,0.4715546347452426,0.4398997740171471,low,4.0,1.0,medium,0.7280701754385965,high,0.19298245614035087,high,8,0.3994708994708995,-0.1468253968253968,0.21296296296296297,M,rising,M-rising,False,1355.0,218,0.1739130434782609,0.3219512195121952,0.9142857142857144,True,high
42003180300,Tract 1803,Allentown,1.0,768452.0,0.0,1837.0,984.0,43125.0,0.21175454825778597,1039.0,0.17318499492439246,89700.0,508.0,162.0,0.516260162601626,0.32677165354330706,0.2102728731942215,240.0,104.1393297462587,0.2637774309682338,115.0,0.4791666666666667,0.2961156599222568,0.6046,0.0882,0.8201,0.8435,0.6155,104.0,0.2047244094488189,0.16398467432950192,1.0,H,0.09224137931034483,1.0,H,0.07174329501915709,True,15210,False,0.0,False,1.0,1.0,1.0,True,6286.0,33.10361541281225,2026-07-01,9.4581,5.6158,55.768,58.25604388408712,1.0,11.467725174032898,"15203,15210,15211",True,0.5482456140350878,medium,0.1111111111111111,medium,0.14553639846743296,0.5312598112784419,low,4.0,1.0,high,0.6754385964912281,high,0.3333333333333333,high,5,0.31111111111111106,0.19999999999999996,0.8703703703703703,M,rising,M-rising,False,1299.0,223,,0.3055276381909548,0.8565714285714285,False,high
42003180700,Tract 1807,Mount Washington,1.0,394233.0,0.0,2396.0,1092.0,68889.0,0.12107049793021954,1647.0,0.06496106949542597,152100.0,730.0,145.0,0.6684981684981685,0.38082191780821917,0.052083333333333336,215.0,91.52595260361949,0.25878547424505405,194.0,0.9023255813953488,0.086300908130079,0.7329,0.49,0.7794,0.3476,0.637,52.0,0.07123287671232877,0.4220679012345679,1.0,G,0.3662109375,1.0,G,0.05585696373456789,False,15211,False,0.0,False,1.0,1.0,1.0,True,3929.0,40.33172992522087,2026-07-01,5.4159,3.2882,42.8021,23.665687527305312,1.0,3.241875003740454,"15210,15211",True,0.4824561403508772,medium,0.3888888888888889,medium,0.34882571373456794,0.5841070227190395,low,4.0,1.0,medium,0.7631578947368421,high,0.12280701754385964,high,4,0.2939814814814815,-0.09490740740740738,0.28703703703703703,M,rising,M-rising,False,1350.0,149,,0.2471131639722863,0.8714285714285714,True,high
42003190300,Tract 1903,Mount Washington,1.0,788802.0,0.0,2030.0,1231.0,95885.0,0.16593459141546998,1198.0,0.07104038645970234,249300.0,478.0,175.0,0.388302193338749,0.3179916317991632,0.034509803921568626,120.0,96.38464608017192,0.4882707501528466,110.0,0.9166666666666666,0.179995707538039,0.4734,0.0691,0.1896,0.2897,0.2074,,,0.7343113284433578,1.0,C,0.652200488997555,1.0,C,0.08211083944580277,False,15211,False,0.0,False,1.0,0.0,1.0,False,3578.0,18.356510606397045,2026-07-01,5.9424,3.9926,64.1875,22.97547926883638,1.0,4.806585621095477,15211,True,0.21929824561403508,low,0.6666666666666666,medium,0.6038712306438467,0.500718056202453,low,3.0,0.0,high,0.5,high,0.15789473684210525,high,3,0.5648148148148149,-0.10185185185185175,0.26851851851851855,L,rising,L-rising,False,1450.0,124,,,0.9685714285714284,True,high
42003191100,Tract 1911,Duquesne Heights,1.0,1604781.0,0.0,2346.0,1352.0,104286.0,0.09136669809182103,1492.0,0.15605009900828737,239800.0,430.0,155.0,0.3180473372781065,0.2,0.09444072337575352,100.0,51.894122981316485,0.3154657931994923,25.0,0.25,0.7390207325188706,0.3298,0.3338,0.2558,0.67,0.3951,,,0.7669149596523898,1.0,B,0.625,1.0,D,0.14191495965238976,False,15211,False,0.0,False,1.0,0.0,1.0,False,2897.0,7.305509633833402,2026-07-01,9.1659,7.3327,69.0008,26.97726289328705,1.0,6.273782068206291,"15211,15220",True,0.16228070175438597,low,0.6759259259259259,medium,0.6419149596523899,0.2775287222480981,low,3.0,0.0,high,0.17543859649122806,high,0.30701754385964913,high,6,0.4185185185185185,-0.2574074074074074,0.07407407407407407,L,rising,L-rising,False,1447.5,154,,0.3159090909090909,0.9685714285714284,True,high
42003191400,Tract 1914,Mount Washington,1.0,948673.0,0.0,2486.0,1548.0,66250.0,0.18320582669037105,1452.0,0.09503713565609118,221300.0,1152.0,236.0,0.7441860465116279,0.3723958333333333,0.16324324324324324,165.0,65.73431371817918,0.24218223714904366,125.0,0.7575757575757576,0.20884054391006646,0.5449,0.0953,0.5145,0.4332,0.3663,60.0,0.052083333333333336,0.514451951951952,1.0,D,0.5,1.0,E,0.014451951951952036,False,15211,False,0.0,False,1.0,1.0,1.0,True,4218.0,17.993176141497862,2026-07-01,11.399,7.9201,59.3807,33.267833179630834,1.0,2.8878327412873985,"15203,15211",True,0.34649122807017546,medium,0.4537037037037037,medium,0.41445195195195206,0.37464564393612676,low,4.0,1.0,medium,0.4824561403508772,high,0.4473684210526316,high,8,0.46825396825396826,0.014550264550264536,0.5925925925925926,M,flat,M-flat,False,1450.0,383,-0.0166666666666667,0.1485148514851484,0.9755102040816328,True,high
42003191500,Tract 1915,Mount Washington,1.0,802611.0,0.0,1799.0,908.0,75463.0,0.08870870392128803,1451.0,0.09468367900557,158800.0,461.0,145.0,0.5077092511013216,0.24295010845986983,0.17153284671532848,140.0,73.24616030891995,0.31804672300877096,80.0,0.5714285714285714,0.2726220185836308,0.6184,0.0094,0.3701,0.5988,0.276,23.0,0.049891540130151846,0.5536255858836504,1.0,D,0.4152191894127378,1.0,E,0.13840639647091263,False,15211,False,0.0,False,1.0,1.0,1.0,True,3608.0,18.191948493129548,2026-07-01,20.1323,14.9338,43.4518,23.203634100472573,1.0,5.033326269082988,"15210,15211,15226",True,0.2675438596491228,low,0.5370370370370371,medium,0.47058174800110286,0.2827416377719126,low,4.0,1.0,medium,0.49122807017543857,high,0.6403508771929824,high,5,0.34259259259259256,-0.19444444444444453,0.1388888888888889,L,rising,L-rising,False,1350.0,172,,0.3846153846153846,0.9108527131782944,True,high
42003191600,Tract 1916,Beechview,1.0,2419037.0,0.0,3600.0,1779.0,70436.0,0.09914797299874806,1184.0,0.16789205618992853,148300.0,649.0,162.0,0.36481169196177626,0.24961479198767333,0.09695431472081219,135.0,77.79460135510689,0.35030778500554716,95.0,0.7037037037037037,0.2357270470465486,0.544,0.5615,0.697,0.0924,0.3854,46.0,0.07087827426810478,0.3795164357511546,1.0,G,0.3946210268948655,1.0,F,-0.015104591143710877,False,15216,False,0.0,False,1.0,0.7378973105134474,1.0,True,2303.0,3.852735754263866,2026-07-01,6.7751,4.8479,70.3776,36.17617618709216,1.0,5.574141169043476,"15216,15226",True,0.24561403508771928,low,0.35185185185185186,medium,0.3005922303721815,0.42632038963353974,low,4.0,1.0,medium,0.08771929824561403,high,0.21052631578947367,high,9,0.40946502057613166,0.057613168724279795,0.6481481481481481,L,flat,L-flat,False,1240.0,244,,0.55,0.84,False,high
42003191700,Tract 1917,Brookline,1.0,1865135.0,0.0,3193.0,1475.0,61625.0,0.16772690000431573,1620.0,0.17261435701152014,175300.0,478.0,227.0,0.3240677966101695,0.6192468619246861,0.11358173076923077,75.0,67.89698078707183,0.5503301380917676,69.0,0.92,0.2864456436236382,0.4166,0.5721,0.5388,0.5771,0.5287,22.0,0.04602510460251046,0.5097676331482625,1.0,E,0.49699259716224553,1.0,F,0.012775035986016925,False,15226,False,0.0,False,1.0,0.0,1.0,False,2935.0,6.36818439402188,2026-07-01,10.4678,8.0521,65.9321,20.117535406628704,1.0,4.2086894156126995,15226,True,0.10526315789473684,low,0.4444444444444444,medium,0.41036911371581336,0.548987389811796,low,4.0,0.0,high,0.14035087719298245,high,0.41228070175438597,high,6,0.375,-0.06944444444444442,0.3611111111111111,L,flat,L-flat,False,1212.5,115,,,0.8408163265306122,False,high
42003191800,Tract 1918,Brookline,1.0,1457192.0,0.0,5737.0,2634.0,77689.0,0.10408580607872218,1306.0,0.15267388764505183,176200.0,942.0,265.0,0.357630979498861,0.1751592356687898,0.025887573964497042,370.0,195.020511741714,0.3204148718339177,190.0,0.5135135135135135,0.29039377914263836,0.6625,0.6744,0.5447,0.5153,0.6667,34.0,0.036093418259023353,0.585928785928786,1.0,E,0.5932432432432433,1.0,D,-0.0073144573144573455,False,15226,False,0.0,False,1.0,0.0,1.0,False,1336.0,3.710286757219639,2026-07-01,9.7733,6.9521,49.552,32.33026264851337,1.0,3.4320873299908037,"15216,15226",True,0.7543859649122807,low,0.5277777777777778,medium,0.4672801372801373,0.35246166054270384,low,4.0,0.0,high,0.07894736842105263,high,0.3508771929824561,high,3,0.4290123456790123,-0.09876543209876548,0.2777777777777778,H,flat,H-flat,False,1250.0,92,,,0.8695652173913043,False,high
42003191900,Tract 1919,Brookline,1.0,608784.0,0.0,2320.0,1085.0,72466.0,0.14469840043212384,1153.0,0.07170405206979547,189900.0,381.0,189.0,0.3511520737327189,0.5564304461942258,0.03038427167113494,50.0,35.805027579936315,0.43531948425454486,50.0,1.0,0.1891349445119033,0.554,0.6741,0.2154,0.2621,0.4557,22.0,0.05774278215223097,0.5340167753960857,1.0,D,0.5175908667287977,1.0,F,0.01642590866728799,False,15226,False,0.0,False,1.0,0.7129543336439889,1.0,True,1282.0,8.522020837467476,2026-07-01,7.472,4.7323,40.9063,13.316542560957803,1.0,3.4951555278104474,15226,True,0.06578947368421052,low,0.4722222222222222,medium,0.4304986020503262,0.5398773482378513,low,4.0,1.0,medium,0.23684210526315788,high,0.24561403508771928,high,4,0.4467592592592593,-0.02546296296296291,0.49074074074074076,L,flat,L-flat,False,1300.0,71,,,0.8714285714285714,True,high
42003192000,Tract 1920,Beechview,1.0,1360695.0,0.0,3212.0,1456.0,70000.0,0.0644290056448111,936.0,0.15392409009430286,147300.0,558.0,171.0,0.38324175824175827,0.30286738351254483,0.16273720529039679,190.0,83.40863264674707,0.2668649260814176,99.0,0.5210526315789473,0.37437519538790814,0.5087,0.5594,0.6563,0.9644,0.7749,37.0,0.06630824372759857,0.33333333333333337,1.0,G,0.375,1.0,F,-0.04166666666666663,False,15216,False,0.0,False,1.0,0.42540210759844704,1.0,False,2172.0,6.459766626211458,2026-07-01,10.4,6.9867,58.2077,31.75783877344665,1.0,5.691368955814812,"15216,15226",True,0.42105263157894735,medium,0.25,medium,0.2583333333333334,0.4593725381957023,low,4.0,0.0,high,0.14912280701754385,high,0.40350877192982454,high,4,0.4745370370370371,0.2245370370370371,0.9074074074074074,M,flat,M-flat,False,1298.0,202,,,0.8779310344827587,False,high
42003202200,Tract 2022,Sheraden,1.0,886977.0,0.0,2527.0,1195.0,56551.0,0.040558381306724824,693.0,0.22982758545068574,115700.0,406.0,155.0,0.3397489539748954,0.3275862068965517,0.1213235294117647,210.0,152.97058540778355,0.4428154158569505,15.0,0.07142857142857142,1.1602379261683269,0.4237,0.5465,0.8081,0.43,0.5193,61.0,0.15024630541871922,0.2802948579647609,1.0,G,0.349413430420712,1.0,F,-0.0691185724559511,False,15204,False,1.0,True,1.0,0.4773462783171521,1.0,False,2706.0,12.346197792067212,2026-07-01,5.8149,3.1122,62.5239,52.14644351464435,1.0,12.843951604592204,15204,True,0.4649122807017544,low,0.18518518518518517,medium,0.2104121718806185,0.46239225563088315,low,4.0,1.0,medium,0.3684210526315789,high,0.14912280701754385,high,3,0.1728395061728395,-0.012345679012345678,0.5185185185185185,M,falling,M-falling,False,1000.0,34,,,0.6959981547687695,False,medium
42003202300,Tract 2023,Banksville,1.0,2532238.0,0.0,3750.0,1902.0,75808.0,0.12783855807216055,1194.0,0.02698395727370388,218500.0,841.0,224.0,0.4421661409043113,0.18906064209274673,0.0824891461649783,190.0,106.17438485811914,0.33970367895734804,95.0,0.5,0.2550576031658523,0.1106,0.2568,0.7281,0.6359,0.3057,13.0,0.015457788347205707,0.6743653766125677,1.0,D,0.6842350746268657,0.7528089887640449,D,-0.009869698014298045,False,15220,False,0.0,False,1.0,0.0,1.0,False,989.0,1.5805548300568903,2026-07-01,15.2857,11.2571,65.9581,54.329749709790555,1.0,6.460136707466178,"15216,15220",True,0.42105263157894735,low,0.6296296296296297,medium,0.5375183616871946,0.23703847458699193,low,4.0,0.0,high,0.017543859649122806,high,0.5263157894736842,high,3,0.3611111111111111,-0.26851851851851855,0.05555555555555555,M,flat,M-flat,False,1490.0,62,,,0.9959183673469388,True,high
42003241300,Tract 2413,Troy Hill,1.0,1906191.0,327615.0,3766.0,1888.0,75338.0,0.0727098084652098,1539.0,0.12126454828955761,117600.0,1066.0,207.0,0.5646186440677966,0.44183864915572235,0.17877337973031754,280.0,136.82470537150812,0.29705754531373885,225.0,0.8035714285714286,0.15270119161059728,0.6196,0.1147,0.6686,0.8044,0.594,46.0,0.043151969981238276,0.34631710362047446,1.0,G,0.2646067415730337,1.0,G,0.08171036204744075,False,15212,False,0.0,False,0.7820224719101123,0.5420224719101123,1.0,True,2626.0,5.575015811753596,2026-07-01,33.06,26.9597,55.1161,66.57623219333311,1.0,6.24542515884926,"15212,15222",True,0.6271929824561403,medium,0.3425925925925926,low,0.29339575530586776,0.5249992812250226,low,4.0,1.0,low,0.11403508771929824,high,0.7543859649122807,high,5,0.6238425925925926,0.28124999999999994,0.9259259259259259,M,rising,M-rising,False,1734.0,303,0.0545961002785515,-0.0299300699300699,1.1224489795918366,True,high
42003250900,Tract 2509,Fineview,1.0,643639.0,0.0,1255.0,608.0,49500.0,0.32212704553130084,763.0,0.2318475701816936,198900.0,347.0,130.0,0.5707236842105263,0.2564841498559078,0.09388971684053651,260.0,127.90621564255585,0.29905591686358624,105.0,0.40384615384615385,0.36408948245211153,0.6667,0.2841,0.8582,0.4885,0.6014,52.0,0.14985590778097982,0.2662692498758073,1.0,H,0.5022354694485842,1.0,C,-0.23596621957277691,True,15212,False,1.0,True,1.0,0.6035767511177347,1.0,True,2821.0,17.73693323056931,2026-07-01,1.7045,1.1364,72.795,21.39780787131888,1.0,6.166515236691319,"15212,15214",True,0.5877192982456141,medium,0.12962962962962962,medium,0.16582215598609046,0.4398874110875353,low,4.0,1.0,high,0.4649122807017544,high,0.043859649122807015,high,4,0.4189814814814815,0.28935185185185186,0.9537037037037037,M,falling,M-falling,False,1400.0,26,,,0.9684729064039408,True,medium
42003260200,Tract 2602,Perry North,1.0,1356264.0,0.0,2117.0,905.0,82981.0,0.10540370156144802,1045.0,0.12448917264146826,179200.0,316.0,108.0,0.34917127071823206,0.3322784810126582,0.11100196463654224,190.0,97.6165969494942,0.3123231385362156,135.0,0.7105263157894737,0.26811878348508367,0.7408,0.5797,0.7747,0.4688,0.6979,41.0,0.12974683544303797,0.3418803418803419,1.0,H,0.4068889970788705,1.0,F,-0.06500865519852861,False,15214,False,0.0,False,1.0,0.744888023369036,1.0,True,2926.0,8.730676248829432,2026-07-01,7.0582,4.8491,66.9668,36.840341076154075,1.0,11.658335783593062,15214,True,0.42105263157894735,low,0.2777777777777778,medium,0.26050254246456783,0.6404112542910867,low,4.0,1.0,medium,0.2543859649122807,high,0.22807017543859648,high,4,0.39814814814814814,0.12037037037037035,0.7407407407407407,M,falling,M-falling,False,1600.0,83,,,0.8566650740563784,True,high
42003260700,Tract 2607,Perry North,1.0,671347.0,0.0,1674.0,639.0,90149.0,0.09242381938365396,1146.0,0.06524610512579768,201900.0,195.0,71.0,0.3051643192488263,0.3435897435897436,0.21691176470588236,50.0,27.018512172212592,0.3284925492062321,39.0,0.78,0.19769893141889525,0.416,0.04,0.7718,0.5265,0.316,30.0,0.15384615384615385,0.33333333333333337,1.0,G,0.32050879396984927,1.0,F,0.0128245393634841,False,15214,False,0.0,False,1.0,0.435929648241206,1.0,False,3142.0,18.93986698261972,2026-07-01,4.3526,2.5027,65.5601,28.553954719200235,1.0,14.643053702153965,15214,True,0.06578947368421052,low,0.3055555555555556,medium,0.2692315745393635,0.5882356661894,low,4.0,0.0,high,0.5175438596491229,high,0.08771929824561403,high,4,0.21296296296296297,-0.09259259259259262,0.3101851851851852,L,flat,L-flat,False,1456.25,88,,,0.896551724137931,True,high
42003261300,Tract 2613,Summer Hill,1.0,1957399.0,0.0,2815.0,991.0,58427.0,0.2500821563998782,1009.0,0.16809203490771507,175300.0,521.0,166.0,0.5257315842583249,0.2380038387715931,0.11041292639138241,390.0,125.89678312014172,0.1962384586082795,155.0,0.3974358974358974,0.2598988298687955,0.88,0.9024,0.8948,0.6809,0.905,,,,0.4758364312267658,,,0.4758364312267658,,,True,15214,False,0.0,False,0.5241635687732342,0.5241635687732342,1.0,True,3875.0,8.011431821922868,2026-07-01,8.0755,6.3396,69.8477,38.598059394295795,1.0,7.408456697561573,15214,True,0.7719298245614035,medium,,,,0.5298090358639962,low,3.0,1.0,high,0.21052631578947367,high,0.2543859649122807,high,5,0.24814814814814815,,,H,,,False,,18,,,0.802675585284281,,low
42003261400,Tract 2614,Perry South,1.0,1211702.0,0.0,1870.0,986.0,35766.0,0.1883400495656757,1052.0,0.4617055947854427,109400.0,381.0,106.0,0.38640973630831643,0.5853018372703412,0.22727272727272727,90.0,61.032778078668514,0.4122443639221109,75.0,0.8333333333333334,0.2595230618455694,0.8856,0.7288,0.8702,0.9441,0.9317,68.0,0.1784776902887139,0.2432283029297955,1.0,G,0.1605514096185738,1.0,G,0.08267689331122169,True,15214,False,1.0,True,1.0,1.0,1.0,True,4828.0,16.124610512607227,2026-07-01,10.0061,7.0595,65.1777,43.13089230662491,1.0,11.320444174967168,"15212,15214",True,0.13596491228070176,low,0.19444444444444445,medium,0.21111802100608074,0.815763597785023,low,4.0,1.0,high,0.4473684210526316,high,0.38596491228070173,high,6,0.34074074074074073,0.14629629629629629,0.8148148148148148,L,rising,L-rising,False,1095.0,60,,,0.8285714285714286,False,high
42003261500,Tract 2615,Perry South,1.0,1135495.0,0.0,1682.0,674.0,48571.0,0.26313123288509616,1137.0,0.09998048509248195,99700.0,375.0,124.0,0.5563798219584569,0.5306666666666666,0.13810741687979539,235.0,82.73451516749222,0.21401931104570193,150.0,0.6382978723404256,0.19100065888414677,0.9011,0.6774,0.908,0.6021,0.8538,49.0,0.13066666666666665,0.2222222222222222,1.0,H,0.1867816091954023,1.0,H,0.03544061302681992,True,15214,False,1.0,True,1.0,1.0,1.0,True,3959.0,14.109709489061247,2026-07-01,6.6498,4.3699,73.9148,31.208468097618347,1.0,8.322258159364893,15214,True,0.5263157894736842,medium,0.14814814814814814,medium,0.18486590038314177,0.6291641509542456,low,4.0,1.0,high,0.40350877192982454,high,0.20175438596491227,high,7,0.27037037037037037,0.12222222222222223,0.7592592592592593,M,flat,M-flat,False,1395.0,31,,,0.921231527093596,True,medium
42003262000,Tract 2620,Spring Hill-City View,1.0,1647931.0,0.0,2643.0,1200.0,38561.0,0.21892443890858118,541.0,0.3438414733494766,153600.0,557.0,123.0,0.46416666666666667,0.651705565529623,0.0867579908675799,335.0,93.64827814754524,0.1699374461689339,160.0,0.47761194029850745,0.27884658637027876,0.7929,0.9344,0.7589,0.9041,0.92,14.0,0.025134649910233394,0.33077804211824835,1.0,H,0.29153449643140367,1.0,G,0.03924354568684468,True,15212,False,0.0,False,1.0,1.0,1.0,True,2552.0,6.266996366938179,2026-07-01,7.3354,5.6562,71.9831,37.497474060360226,1.0,6.732042021608659,"15212,15214",True,0.7280701754385965,medium,0.3148148148148148,medium,0.27247114283196766,0.4540806293018682,low,4.0,1.0,high,0.13157894736842105,high,0.23684210526315788,high,6,0.2462962962962963,-0.06851851851851853,0.37037037037037035,H,flat,H-flat,False,1125.0,35,,,0.8,False,medium
42003270100,Tract 2701,Brighton Heights,1.0,1039814.0,131921.0,2419.0,1181.0,75990.0,0.1302842999258821,1208.0,0.08655568751383884,223100.0,339.0,148.0,0.2870448772226926,0.3775811209439528,0.078064012490242,80.0,69.29646455628166,0.5265688796070035,10.0,0.125,1.3373428426299543,0.368,0.3732,0.579,0.3147,0.3575,15.0,0.04424778761061947,0.5555555555555556,1.0,E,0.5203915171288744,1.0,D,0.03516403842668114,False,15212,False,0.0,False,1.0,0.0,1.0,False,2587.0,10.068356037472856,2026-07-01,27.335,22.9141,50.5204,36.36003367221395,1.0,10.725673649620635,15212,True,0.11403508771929824,low,0.5,medium,0.4514772521297807,0.3003297739596451,low,4.0,0.0,high,0.2982456140350877,high,0.6929824561403509,high,3,0.3935185185185185,-0.10648148148148151,0.25925925925925924,L,flat,L-flat,False,1300.0,85,,,0.8394887720974678,True,high
42003270300,Tract 2703,Brighton Heights,1.0,593102.0,0.0,2107.0,945.0,58315.0,0.2549928631499557,1041.0,0.08525821267252379,166800.0,533.0,177.0,0.564021164021164,0.3808630393996248,0.07894736842105263,185.0,60.108235708594876,0.1975133022544808,80.0,0.43243243243243246,0.27105161648356324,0.7752,0.4862,0.8608,0.6306,0.7576,51.0,0.09568480300187618,0.33333333333333337,1.0,G,0.32643794147325933,1.0,F,0.0068953918600740405,False,15212,False,0.0,False,1.0,1.0,1.0,True,2165.0,14.77223842525569,2026-07-01,5.7457,3.1785,53.4196,29.390532927539986,1.0,5.51417128096435,15212,True,0.40350877192982454,medium,0.2962962962962963,medium,0.2680457450386815,0.43320884150724237,low,4.0,1.0,medium,0.42105263157894735,high,0.13157894736842105,high,4,0.38888888888888884,0.09259259259259256,0.7083333333333334,M,flat,M-flat,False,1100.0,73,,,0.8275862068965517,False,high
42003270800,Tract 2708,Brighton Heights,1.0,1270793.0,0.0,2497.0,1281.0,96383.0,0.14286972563582215,1032.0,0.21794962418416156,202300.0,141.0,59.0,0.11007025761124122,0.5602836879432624,0.09597741707833451,180.0,66.03029607687671,0.2229999867506812,125.0,0.6944444444444444,0.20514362018621915,0.5107,0.0915,0.7111,0.9088,0.5928,15.0,0.10638297872340426,0.5555555555555556,1.0,E,0.529833836858006,1.0,D,0.025721718697549578,False,15212,False,0.0,False,1.0,0.0,1.0,False,2474.0,7.878484370796502,2026-07-01,8.206,5.3763,66.8368,39.322392941896354,1.0,27.888221944607345,"15212,15214",True,0.38596491228070173,medium,0.49074074074074076,medium,0.44958878818395437,0.6038983479675919,low,4.0,0.0,high,0.19298245614035087,high,0.2631578947368421,high,5,0.3125,-0.17824074074074076,0.1574074074074074,M,flat,M-flat,False,1395.0,39,,,0.9,True,medium
42003271600,Tract 2716,Marshall-Shadeland,1.0,1789995.0,0.0,4472.0,2152.0,40632.0,0.29479512456979123,1091.0,0.02897428253825859,93900.0,977.0,337.0,0.45399628252788105,0.7686796315250768,0.08542286442838928,670.0,328.6715685908959,0.29820947111635976,555.0,0.8283582089552238,0.1868081272361384,0.7741,0.2656,0.8582,0.385,0.6225,141.0,0.14431934493346982,0.2222222222222222,1.0,H,0.1005329457364341,1.0,I,0.1216892764857881,True,15212,False,1.0,True,0.747577519379845,0.813953488372093,1.0,True,3602.0,8.143473492096236,2026-07-01,17.5937,13.0614,60.8783,61.212976753221525,1.0,6.265401919469962,15212,True,0.9385964912280702,medium,0.17592592592592593,low,0.2021156330749354,0.6339477421840409,low,4.0,1.0,high,0.22807017543859648,high,0.6052631578947368,high,6,0.32407407407407407,0.14814814814814814,0.8287037037037037,H,rising,H-rising,True,1200.0,88,,,0.8,False,high
42003281400,Tract 2814,Crafton Heights,1.0,1328964.0,0.0,2542.0,1092.0,37750.0,0.32694699973832003,965.0,0.22993212277745406,157400.0,399.0,97.0,0.36538461538461536,0.5764411027568922,0.07692307692307693,320.0,113.718951806636,0.21603144340166414,219.0,0.684375,0.2384784084016916,0.7673,0.3879,0.8227,0.1965,0.5596,87.0,0.21804511278195488,0.33333333333333337,1.0,G,0.375,1.0,F,-0.04166666666666663,True,15204,False,0.0,False,1.0,1.0,1.0,True,2643.0,8.048255275841333,2026-07-01,5.9693,4.1073,73.9939,37.60631237049935,1.0,9.425140944987307,"15204,15205,15220",True,0.7105263157894737,medium,0.25,medium,0.2583333333333334,0.6022365402197727,low,4.0,1.0,high,0.21929824561403508,high,0.16666666666666666,high,5,0.16851851851851848,-0.08148148148148152,0.3333333333333333,H,flat,H-flat,False,1500.0,29,,,0.8542857142857143,True,medium
42003281500,Tract 2815,Crafton Heights,1.0,617106.0,0.0,1552.0,590.0,60476.0,0.17023005534009725,1375.0,0.2599613152804642,126100.0,237.0,73.0,0.4016949152542373,0.459915611814346,0.12721893491124261,90.0,60.30754513325841,0.40734579623950296,54.0,0.6,0.488200017828221,0.4896,0.7071,0.806,0.1182,0.4513,18.0,0.0759493670886076,0.33333333333333337,1.0,G,0.375,1.0,F,-0.04166666666666663,False,15205,False,0.0,False,1.0,0.65625,1.0,True,1686.0,11.056447236238832,2026-07-01,9.2527,5.8126,64.2835,19.872241269735895,1.0,8.384911928158607,"15205,15220",True,0.13596491228070176,low,0.25,medium,0.2583333333333334,0.42721425819547226,low,4.0,1.0,medium,0.3333333333333333,high,0.3157894736842105,high,3,0.29012345679012347,0.04012345679012347,0.6203703703703703,L,flat,L-flat,False,1132.5,40,,,0.8809523809523809,False,medium
42003290100,Tract 2901,Carrick,1.0,1266000.0,0.0,1764.0,770.0,47143.0,0.41616895164792217,957.0,0.05843997039888456,96000.0,326.0,119.0,0.42337662337662335,0.5736196319018405,0.21348314606741572,170.0,83.02409288875127,0.2968857246155955,149.0,0.8764705882352941,0.11480308450416876,0.8964,0.7909,0.6616,0.8535,0.9047,70.0,0.2147239263803681,0.29791128337639966,1.0,G,0.29457364341085274,1.0,G,0.0033376399655469235,True,15210,False,1.0,True,1.0,1.0,1.0,True,4062.0,12.984463497463507,2026-07-01,11.4631,9.447,66.9187,53.63529224398789,1.0,16.45254363312512,15210,True,0.36403508771929827,medium,0.21296296296296297,medium,0.23899655469422912,0.8700204707113572,low,4.0,1.0,high,0.37719298245614036,high,0.45614035087719296,high,6,0.2654320987654321,0.05246913580246915,0.6388888888888888,M,flat,M-flat,False,1150.0,67,,,0.7859531772575251,False,high
42003290200,Tract 2902,Carrick,1.0,1454029.0,0.0,3840.0,1865.0,47904.0,0.1784089963107573,816.0,0.11547172060313488,95700.0,858.0,168.0,0.4600536193029491,0.4160839160839161,0.14055299539170507,500.0,190.057885919001,0.2310734175307003,340.0,0.68,0.2231800925720106,0.8808,0.9179,0.7779,0.8141,0.9253,156.0,0.18181818181818182,0.33333333333333337,1.0,G,0.32821229050279327,1.0,F,0.005121042830540101,True,15210,False,1.0,True,1.0,0.8608430675469781,1.0,True,3353.0,9.332076309555863,2026-07-01,10.3067,7.3906,60.9799,102.3332271593141,1.0,11.926949552367612,15210,True,0.8596491228070176,medium,0.28703703703703703,medium,0.26769087523277474,0.7381131869332459,low,4.0,1.0,high,0.2807017543859649,high,0.39473684210526316,high,3,0.23148148148148148,-0.05555555555555555,0.39814814814814814,H,flat,H-flat,False,1200.0,119,,,0.7971428571428572,False,high
42003290400,Tract 2904,Carrick,1.0,1604536.0,0.0,3552.0,1841.0,70478.0,0.1578711621924141,1133.0,0.10140654635593697,126600.0,688.0,210.0,0.3737099402498642,0.29651162790697677,0.18322981366459629,305.0,123.4908903522847,0.24613262315468573,270.0,0.8852459016393442,0.085857742695638,0.6934,0.4388,0.6921,0.3847,0.5937,147.0,0.2136627906976744,0.34837962962962965,1.0,G,0.375,1.0,F,-0.02662037037037035,False,15210,False,0.0,False,1.0,0.6443452380952381,1.0,True,3472.0,8.756852759036132,2026-07-01,6.3782,4.1927,61.2065,81.41005183503383,1.0,11.832856371371197,"15210,15227",True,0.6842105263157895,medium,0.32407407407407407,medium,0.27337962962962964,0.7395044477795603,low,4.0,1.0,medium,0.2631578947368421,high,0.18421052631578946,high,3,0.25,-0.07407407407407407,0.35185185185185186,H,flat,H-flat,False,1147.5,155,,0.2749999999999999,0.7517241379310344,False,high
42003300100,Tract 3001,Knoxville,1.0,776096.0,0.0,3513.0,1177.0,52099.0,0.1902853761406198,1059.0,0.15039708849605782,73200.0,526.0,141.0,0.4468988954970263,0.5057034220532319,0.3266590389016018,360.0,159.26079241294764,0.2689307538212557,330.0,0.9166666666666666,0.0392159234819792,0.9691,0.7818,0.8714,0.5041,0.8891,222.0,0.4220532319391635,0.15940619732918454,1.0,I,0.13170945157526254,1.0,H,0.027696745753922003,True,15210,False,1.0,True,1.0,0.6621936989498249,1.0,True,4784.0,24.94557519271018,2026-07-01,9.9065,6.4486,46.5567,89.08032064553804,1.0,16.9354221759578,15210,True,0.7368421052631579,medium,0.09259259259259259,medium,0.13306430701413205,0.91932038388334,low,4.0,1.0,high,0.5964912280701754,high,0.3684210526315789,high,4,0.23611111111111113,0.14351851851851855,0.7962962962962963,H,flat,H-flat,False,1050.0,119,,,0.7857142857142857,False,high
42003310200,Tract 3102,Lincoln Place,1.0,2542386.0,0.0,3249.0,1402.0,83500.0,0.09524780226780481,1013.0,0.08281399556525051,130400.0,131.0,66.0,0.09343794579172611,0.22137404580152673,0.1148989898989899,105.0,54.56189146281496,0.3158887912161816,60.0,0.5714285714285714,0.2752244468401129,0.4404,0.6259,0.2303,0.0524,0.2418,14.0,0.10687022900763359,0.472239994312931,1.0,E,0.375,1.0,F,0.09723999431293101,False,15207,False,0.0,False,1.0,0.0,1.0,False,1107.0,1.7620731311440514,2026-07-01,9.0883,6.2897,76.8811,41.58780048885277,1.0,31.74641258691051,"15120,15207",True,0.17982456140350878,low,0.42592592592592593,medium,0.397239994312931,0.4338787397862076,low,4.0,0.0,high,0.02631578947368421,high,0.2982456140350877,high,1,0.4074074074074074,-0.018518518518518545,0.5092592592592593,L,rising,L-rising,False,1355.0,24,,,0.9137142857142856,True,medium
42003320400,Tract 3204,Overbrook,1.0,852854.0,0.0,1843.0,895.0,61563.0,0.12531705110246863,1161.0,0.05236027007427304,153500.0,122.0,49.0,0.13631284916201117,0.3360655737704918,0.07349896480331262,70.0,41.340053217188775,0.35901044912886476,45.0,0.6428571428571429,0.26359058901107296,0.5752,0.7741,0.513,0.1465,0.4937,,,0.33333333333333337,1.0,G,0.375,1.0,F,-0.04166666666666663,False,15227,False,0.0,False,1.0,0.6800445930880713,1.0,True,1569.0,7.445023095096699,2026-07-01,12.4682,8.821,61.2393,40.48055690023713,1.0,33.18078434445667,"15210,15227,15234",True,0.09649122807017543,low,0.25,medium,0.2583333333333334,0.5472752678155566,low,3.0,1.0,medium,0.18421052631578946,high,0.4824561403508772,high,4,0.3379629629629629,0.08796296296296291,0.6944444444444444,L,flat,L-flat,False,1174.5,33,,,0.7971428571428572,False,medium
42003320600,Tract 3206,Brookline,1.0,1479651.0,0.0,2263.0,1019.0,82537.0,0.12152604452279724,1421.0,0.08727104718839637,205800.0,157.0,85.0,0.15407262021589793,0.47770700636942676,0.06599450045829514,25.0,22.20360331117452,0.5399052476881342,14.0,0.56,0.797582308063142,0.2621,0.1588,0.2631,0.3726,0.1989,11.0,0.07006369426751592,0.5555555555555556,1.0,E,0.375,1.0,F,0.18055555555555558,False,15226,False,0.0,False,1.0,0.0,1.0,False,1952.0,5.338734428946285,2026-07-01,11.8885,9.2955,70.2643,20.295695480635203,1.0,12.927194573652995,"15210,15226",True,0.03070175438596491,low,0.5648148148148148,medium,0.48055555555555557,0.36874335133145875,low,4.0,0.0,high,0.10526315789473684,high,0.4649122807017544,high,7,0.3187830687830688,-0.246031746031746,0.08333333333333333,L,rising,L-rising,False,1350.0,42,,,0.903010033444816,True,medium
42003320700,Tract 3207,Overbrook,1.0,1313842.0,0.0,1754.0,701.0,77891.0,0.07806092053118108,1565.0,0.07341445177078376,153500.0,116.0,53.0,0.16547788873038516,0.29310344827586204,0.14927184466019416,25.0,28.231188426986208,0.6864726669175977,19.0,0.76,0.6701020548694042,0.3263,0.1179,0.5564,0.1874,0.1765,13.0,0.11206896551724138,0.33333333333333337,1.0,G,0.375,1.0,F,-0.04166666666666663,False,15234,False,0.0,False,1.0,0.0,1.0,False,2162.0,6.659327061571179,2026-07-01,19.7315,16.1705,64.4644,9.703847354480954,1.0,8.365385650414616,"15210,15226,15227,15234",True,0.03070175438596491,low,0.25,medium,0.2583333333333334,0.4670573927443979,low,4.0,0.0,high,0.15789473684210525,high,0.631578947368421,high,3,0.44753086419753085,0.19753086419753085,0.8611111111111112,L,flat,L-flat,False,1375.0,32,,,0.9114285714285716,True,medium
42003561900,Tract 5619,Lincoln-Lemington-Belmar,1.0,1080836.0,0.0,1832.0,904.0,35152.0,0.44961490731350984,,,73700.0,247.0,92.0,0.27323008849557523,0.7854251012145749,0.19644444444444445,290.0,96.16652224137046,0.20158583427600976,185.0,0.6379310344827587,0.14708008941954784,0.845,0.9421,0.9757,0.5221,0.8835,103.0,0.41700404858299595,0.0,1.0,J,0.1683626271970398,1.0,H,-0.1683626271970398,False,15206,False,0.0,False,1.0,1.0,1.0,True,3503.0,13.11590106886447,2026-07-01,13.5536,9.9123,74.6801,23.558143916938135,1.0,9.537710087829204,"15206,15235",True,0.6491228070175439,medium,0.009259259259259259,medium,-0.033672525439407956,0.7049043454260036,low,4.0,1.0,medium,0.39473684210526316,high,0.5,high,3,0.023148148148148147,0.013888888888888888,0.5833333333333334,M,falling,M-falling,False,960.0,20,,,0.8163265306122449,False,medium
42003562000,Tract 5620,North Oakland,1.0,586698.0,0.0,2465.0,1762.0,28472.0,0.16079360429614206,1225.0,0.043669747534272066,,1455.0,265.0,0.825766174801362,0.6762886597938145,0.16532449076267172,1005.0,255.82806726393412,0.15474485763518825,624.0,0.6208955223880597,0.15858596164910926,0.5046,0.1853,0.8365,0.9482,0.6961,18.0,0.012371134020618556,0.841263118264389,1.0,B,0.9186985433818873,0.6687844133841593,B,-0.07743542511749824,True,15213,False,0.0,False,1.0,0.7662007623888183,1.0,True,13478.0,92.96696232321773,2026-07-01,8.4625,5.2443,43.602,25.0337972166998,1.0,1.7205358911821167,15213,True,1.0,medium,0.7222222222222222,medium,0.6575234095880117,0.3222575859511118,low,4.0,1.0,high,0.956140350877193,high,0.2719298245614035,high,9,0.6461640211640212,-0.07605820105820105,0.3425925925925926,H,falling,H-falling,False,1925.0,282,0.0383753501400561,0.1290322580645162,1.197408637873754,True,high
42003562300,Tract 5623,Hazelwood,1.0,3115857.0,276270.0,3374.0,1383.0,40302.0,0.31760210411393974,644.0,0.25581000207668636,89100.0,676.0,217.0,0.48879248011569054,0.4349112426035503,0.17086330935251798,590.0,195.616972678753,0.20155269968446035,460.0,0.7796610169491526,0.10119137593711439,0.8935,0.9121,0.8781,0.6765,0.9091,113.0,0.16715976331360946,0.24303457536085935,0.8422391857506362,H,0.09639350453172206,0.8422391857506362,I,0.1466410708291373,True,15207,False,1.0,True,1.0,0.6628498727735369,1.0,True,6580.0,8.546064617019331,2026-07-01,17.1005,13.6804,79.5908,41.259842519685044,1.0,6.103526999953409,"15207,15217",True,0.9122807017543859,medium,0.2037037037037037,low,0.22375587445451495,0.7169973031562846,low,4.0,1.0,high,0.24561403508771928,high,0.5789473684210527,high,4,0.5115740740740741,0.30787037037037035,0.9629629629629629,H,rising,H-rising,True,1150.0,66,,,0.7931034482758621,False,high
42003562400,Tract 5624,Beltzhoover,1.0,1891449.0,0.0,2770.0,1098.0,41098.0,0.11396882031990849,1183.0,0.0801629980961288,87700.0,445.0,185.0,0.40528233151183973,0.4898876404494382,0.1650190114068441,270.0,141.01418368376991,0.3174922519053696,175.0,0.6481481481481481,0.1893864872872548,0.7935,0.7918,0.8599,0.0956,0.6446,67.0,0.15056179775280898,0.1500256016385049,1.0,I,0.1279373368146214,0.8824884792626728,I,0.022088264823883486,True,15210,False,1.0,True,1.0,0.6989247311827957,1.0,True,4900.0,10.483812394497553,2026-07-01,14.3978,11.5732,67.4628,66.08492936428824,1.0,14.850545924559155,"15210,15211,15226",True,0.6096491228070176,low,0.07407407407407407,medium,0.12443813427558062,0.6272197208853008,low,4.0,1.0,high,0.30701754385964913,high,0.5087719298245614,high,8,0.33796296296296297,0.2638888888888889,0.9166666666666666,M,flat,M-flat,False,1261.25,68,,,0.8428571428571429,False,high
42003562500,Tract 5625,Sheraden,1.0,2020589.0,225189.0,2987.0,1124.0,61938.0,0.175673271074781,1164.0,0.28515025224830004,110700.0,465.0,208.0,0.41370106761565834,0.46881720430107526,0.11981205951448708,300.0,135.56548233234005,0.2747020918588451,250.0,0.8333333333333334,0.15997893450631887,0.975,0.8406,0.915,0.7341,0.9453,126.0,0.2709677419354839,0.17839649394173757,1.0,H,0.18648491879350348,1.0,G,-0.008088424851765919,True,15204,False,1.0,True,1.0,1.0,1.0,True,3503.0,7.015844413518632,2026-07-01,28.9278,23.6682,60.4368,54.55125523012553,1.0,11.731452737661403,"15204,15220",True,0.6710526315789473,medium,0.10185185185185185,medium,0.14109951018303687,0.8460429999942498,low,4.0,1.0,high,0.16666666666666666,high,0.7192982456140351,high,5,0.18518518518518517,0.08333333333333333,0.6851851851851852,H,flat,H-flat,False,1000.0,82,,,0.7714285714285715,False,high
42003562600,Tract 5626,Elliott,1.0,2093529.0,187348.0,2639.0,1405.0,42945.0,0.2228198151236773,994.0,0.13454587708622553,84300.0,761.0,374.0,0.5416370106761565,0.44021024967148487,0.11912225705329153,365.0,190.30764566879597,0.3169548997273531,250.0,0.684931506849315,0.27277945994642366,0.8108,0.7644,0.7864,0.2921,0.737,91.0,0.11957950065703023,0.22222222222222224,1.0,H,0.19975943745373798,1.0,H,0.022462784768484262,True,15220,False,1.0,True,1.0,0.7216876387860843,1.0,True,2673.0,5.166991819590366,2026-07-01,22.6992,18.0288,64.7404,37.54453125,1.0,4.933578350854139,"15219,15220",True,0.7456140350877193,low,0.1388888888888889,medium,0.18227033473147466,0.5565716158636512,low,4.0,1.0,high,0.09649122807017543,high,0.6666666666666666,high,9,0.35185185185185186,0.21296296296296297,0.8796296296296297,H,flat,H-flat,False,1195.0,152,,,0.802675585284281,False,high
42003562700,Tract 5627,Allegheny Center,1.0,909691.0,6551.0,1949.0,1342.0,60658.0,0.1273972035752594,1343.0,0.036664275190280794,390500.0,1225.0,121.0,0.912816691505216,0.44571428571428573,0.044839857651245554,315.0,85.60373823613078,0.1652023703114407,225.0,0.7142857142857143,0.1370003187348823,0.521,0.0362,0.7747,0.8568,0.5146,37.0,0.030204081632653063,,0.23890063424947147,,,0.23890063424947147,,,False,15212,False,0.0,False,1.0,0.7610993657505285,1.0,True,8908.0,39.628178151415376,2026-07-01,48.5235,40.6225,40.2901,38.689475255919916,1.0,3.1583245106873403,"15212,15233",True,0.7017543859649122,medium,,,,0.37555475052758086,low,4.0,1.0,medium,0.7543859649122807,high,0.8771929824561403,high,6,0.5092592592592593,,,H,,,False,1850.0,51,,,1.070820668693009,True,high
42003562800,Tract 5628,East Carnegie,1.0,1776466.0,0.0,1563.0,754.0,61563.0,0.10070984195052222,944.0,0.14746793055484003,161100.0,314.0,65.0,0.41644562334217505,0.1942675159235669,0.08383961117861483,150.0,59.941638282582836,0.2429245725737906,63.0,0.42,0.28513407354720627,0.6272,0.8865,0.6179,0.9044,0.8494,,,0.5687263556116016,1.0,D,0.33827238335435056,1.0,F,0.230453972257251,False,15205,False,0.0,False,1.0,1.0,1.0,True,1224.0,2.788318077023484,2026-07-01,27.8275,19.6908,70.3308,19.954527173429312,1.0,6.354944959690864,"15106,15205",True,0.2982456140350877,medium,0.5740740740740741,medium,0.5010718789407315,0.4903935724266418,low,3.0,1.0,medium,0.05263157894736842,high,0.7017543859649122,high,1,0.48148148148148145,-0.09259259259259262,0.3101851851851852,L,rising,L-rising,False,1150.0,37,,,0.8,False,medium
42003562901,Tract 5629.01,Hazelwood,1.0,2251624.0,585395.0,1643.0,623.0,34018.0,0.41256541995199747,1244.0,0.11190492479402653,253800.0,322.0,97.0,0.5168539325842697,0.7142857142857143,0.20838627700127066,200.0,80.52949770115296,0.2447705097299482,159.0,0.795,0.11135668208176358,0.7432,0.7459,0.8122,0.0268,0.4913,91.0,0.2826086956521739,0.24035087719298248,1.0,G,0.41578947368421054,1.0,D,-0.17543859649122806,True,15207,False,1.0,True,1.0,0.41842105263157897,1.0,False,3267.0,5.871797392451316,2026-07-01,46.7477,39.6355,47.5286,19.94750656167979,1.0,6.19487781418627,15207,True,0.4473684210526316,medium,0.12037037037037036,medium,0.15719298245614038,0.6040392278631682,low,4.0,1.0,high,0.12280701754385964,high,0.868421052631579,high,7,0.5347222222222222,0.41435185185185186,0.9814814814814815,M,falling,M-falling,False,1200.0,85,,,0.8103448275862069,False,high
42003563000,Tract 5630,Fairywood,1.0,3938517.0,0.0,3294.0,1320.0,55833.0,0.23821582131298302,1285.0,0.046361453762728703,115600.0,521.0,148.0,0.3946969696969697,0.5604606525911708,0.10142954390742001,210.0,103.3537614216338,0.2991858776136454,205.0,0.9761904761904762,0.0972540904574269,0.7558,0.3435,0.8509,0.8929,0.8026,65.0,0.12476007677543186,0.2729181245626312,1.0,H,0.3889083275017495,1.0,G,-0.11599020293911827,False,15205,False,0.0,False,1.0,0.4079776067179846,1.0,False,3244.0,3.333234878576276,2026-07-01,32.0508,21.7784,65.4566,52.13435347346885,1.0,10.00659375690381,"15204,15205",True,0.4649122807017544,medium,0.16666666666666666,medium,0.19513645906228133,0.798087483540053,low,4.0,0.0,high,0.07017543859649122,high,0.7456140350877193,high,3,0.17901234567901234,0.012345679012345678,0.5740740740740741,M,falling,M-falling,False,1390.0,26,,,0.9214285714285716,True,medium
42003563100,Tract 5631,Westwood,1.0,2714772.0,0.0,3647.0,1647.0,72058.0,0.0627238729760162,1059.0,0.10906659089408773,176500.0,437.0,130.0,0.26533090467516696,0.2791762013729977,0.059931506849315065,180.0,91.30169768410661,0.30834750990917464,165.0,0.9166666666666666,0.12620641200152016,0.7602,0.4753,0.5977,0.2926,0.5878,,,0.5555555555555556,1.0,E,0.5940214244354372,1.0,D,-0.03846586887988157,False,15220,False,0.0,False,1.0,0.1239143022582513,1.0,False,1389.0,2.070554569854706,2026-07-01,9.7354,7.0106,72.0164,48.65723949092771,1.0,11.134379746207713,"15205,15220",True,0.38596491228070173,low,0.48148148148148145,medium,0.43675127066846814,0.7265952491849093,low,3.0,0.0,high,0.03508771929824561,high,0.34210526315789475,high,6,0.4367283950617284,-0.04475308641975306,0.4444444444444444,M,flat,M-flat,False,1155.25,64,,,0.8027586206896552,False,high
42003563201,Tract 5632.01,North Shore,1.0,315777.0,138471.0,366.0,275.0,103281.0,0.1229213575535024,1982.0,0.0861860084223053,,244.0,79.0,0.8872727272727273,0.15163934426229508,0.09539473684210527,8.0,14.142135623730951,1.074630366544905,4.0,0.5,3.0885108560640693,0.0268,0.0062,0.0366,0.1338,0.0018,,,,,,,,,,False,15212,False,0.0,False,1.0,0.0,1.0,False,6303.0,80.77642143153935,2026-07-01,74.2765,62.0579,19.6013,6.910185844719289,1.0,2.8320433789833155,15212,True,0.017543859649122806,low,,,,0.12386469492314857,low,3.0,0.0,high,0.9298245614035088,high,0.9824561403508771,high,6,0.6030092592592592,,,L,,,False,,5,,,,,low
42003563202,Tract 5632.02,East Allegheny,1.0,609332.0,0.0,1934.0,1244.0,60000.0,0.31681864235055723,900.0,0.20736237757514353,367400.0,799.0,203.0,0.6422829581993569,0.3404255319148936,0.206126356094448,495.0,196.88829320200833,0.2417958222983738,160.0,0.32323232323232326,0.35332030719961466,0.8903,0.1138,0.794,0.6871,0.7358,14.0,0.017521902377972465,0.46960739730180384,1.0,F,0.42633015006821284,1.0,E,0.043277247233591,True,15212,False,0.0,False,1.0,1.0,1.0,True,6365.0,42.272917110173104,2026-07-01,37.4101,22.9017,26.0324,43.47782166677459,1.0,5.441529620372289,15212,True,0.8421052631578947,medium,0.4166666666666667,medium,0.3843413672881613,0.32649720827798767,low,4.0,1.0,high,0.7719298245614035,high,0.7982456140350878,high,6,0.38425925925925924,-0.03240740740740744,0.48148148148148145,H,flat,H-flat,False,1900.0,118,,0.4615384615384614,1.183673469387755,True,high
42003565100,Tract 5651,Central Northside,1.0,672618.0,0.0,2995.0,1553.0,68845.0,0.07213243440785112,1193.0,0.0626756382851334,442000.0,798.0,158.0,0.5138441725692209,0.45363408521303256,0.1695187165775401,485.0,160.25604512778918,0.20086616128573206,274.0,0.5649484536082474,0.04785027433574463,0.7093,0.4076,0.7829,0.8994,0.7923,18.0,0.022556390977443608,0.8069735506597409,1.0,B,0.6578452444922085,1.0,C,0.14912830616753237,True,15212,False,0.0,False,0.631380977968834,0.5190757657173563,1.0,True,7573.0,45.56351998732595,2026-07-01,40.1058,25.8201,27.3414,54.701871732795546,1.0,6.854871144460595,"15212,15233",True,0.8245614035087719,medium,0.75,low,0.6754045017612992,0.446836815079324,low,4.0,1.0,high,0.7982456140350878,high,0.8245614035087719,high,5,0.27546296296296297,-0.47453703703703703,0.009259259259259259,H,rising,H-rising,True,1750.0,210,,0.4583333333333332,1.2449612403100776,True,high
42003565200,Tract 5652,Manchester,1.0,1284592.0,0.0,2739.0,1326.0,92500.0,0.3138223938223938,1130.0,0.1694596121257767,304000.0,719.0,284.0,0.5422322775263951,0.2517385257301808,0.2026458208057727,480.0,133.79461872586654,0.1694460723478553,230.0,0.4791666666666667,0.16260522526513688,0.6393,0.1641,0.903,0.8379,0.6878,82.0,0.11404728789986092,0.4108131119625373,1.0,F,0.5141283524904214,1.0,C,-0.10331524052788416,False,15233,False,0.22030651340996169,False,0.7796934865900383,1.0,1.0,True,4682.0,14.749727360653655,2026-07-01,51.4092,39.4025,42.6446,34.21755225210648,1.0,4.759047601127466,"15212,15233,15290",True,0.8157894736842105,medium,0.3611111111111111,low,0.307987441464453,0.4301227092641469,low,4.0,1.0,low,0.41228070175438597,high,0.8947368421052632,high,7,0.31712962962962965,-0.043981481481481455,0.4537037037037037,H,falling,H-falling,False,1525.0,128,,0.3863636363636364,0.9868571428571428,True,high
42003565300,Tract 5653,Hays,1.0,6565373.0,20848.0,1359.0,514.0,71250.0,0.2227867541193409,981.0,0.05948895271557774,181900.0,101.0,51.0,0.19649805447470817,0.24752475247524752,0.07885304659498207,30.0,24.758836806279895,0.5016988207959452,19.0,0.6333333333333333,0.6557927345565503,0.7994,0.1974,0.4612,0.3188,0.5257,,,0.46344271732872766,1.0,E,0.48683074265975823,1.0,D,-0.02338802533103057,False,15236,False,0.2763385146804836,False,0.7236614853195165,0.2763385146804836,1.0,False,672.0,0.414216757502247,2026-07-01,11.0327,8.8372,90.303,16.392990642471204,1.0,16.230683804426935,"15120,15207,15236",True,0.043859649122807015,low,0.4074074074074074,low,0.366076568796776,0.5383868964446514,low,3.0,0.0,high,0.008771929824561403,high,0.43859649122807015,high,3,0.25,-0.15740740740740738,0.17592592592592593,L,flat,L-flat,False,1250.0,24,,,0.8571428571428571,False,medium
42003980000,Tract 9800,Lincoln-Lemington-Belmar,1.0,635743.0,234551.0,0.0,0.0,,,,,,0.0,12.0,,,,0.0,15.556349186104045,,0.0,,,,,,,,,,,,,,,,,False,15215,False,,False,,,,,2730.0,17.37796253069558,2026-07-01,64.1026,50.9744,33.9729,,,,15215,False,,,,,,,,,,,,,,,1,,,,,,,False,,0,,,,,low
42003980100,Tract 9801,Highland Park,1.0,1448449.0,253872.0,0.0,0.0,,,,,,0.0,12.0,,,,0.0,15.556349186104045,,0.0,,,,,,,,,,,0.0,,,0.0,,,False,15206,False,0.0,False,1.0,1.0,1.0,True,2970.0,8.297954276973508,2026-07-01,21.7891,17.6412,77.8697,0.04023411918795023,1.0,,15206,False,,,,,,,,,,,,,,,6,0.4962962962962963,,,,,,False,,0,,,,,low
42003980300,Tract 9803,Squirrel Hill South,1.0,1294128.0,0.0,0.0,0.0,,,,,,0.0,12.0,,,,0.0,15.556349186104045,,0.0,,,,,,,,,,,,,,,,,False,15217,False,,False,,,,,1566.0,4.897024990942473,2026-07-01,14.4789,11.2676,96.478,,,,15217,False,,,,,,,,,,,,,,,5,0.8587962962962963,,,,,,False,,0,,,,,low
42003980400,Tract 9804,Perry North,1.0,1106319.0,0.0,8.0,8.0,,,,,,4.0,6.0,0.5,1.0,0.0,0.0,15.556349186104045,,0.0,,,,,,,,,,,,,,,,,False,15214,False,0.0,False,1.0,0.0,1.0,False,2701.0,9.880115226171114,2026-07-01,9.4376,6.2056,91.6997,0.4663334313437224,1.0,11.65833578359306,15214,False,,,,,,,,,,,,,,,5,0.2796296296296297,,,,,,False,,0,,,,,low
42003980500,Tract 9805,Squirrel Hill South,1.0,1611394.0,8798.0,9.0,9.0,,,,,,0.0,12.0,0.0,,0.0,0.0,15.556349186104045,,0.0,,,,0.2347,0.0,0.0,,,,,,,,,,,True,15213,False,0.0,False,1.0,0.0,1.0,False,4166.0,10.462496357637177,2026-07-01,9.3652,6.2134,85.9103,0.34120734908136485,1.0,,"15207,15213",False,,,,,,,,,,,,,,,6,0.7391975308641975,,,,,,False,,0,,,,,low
42003980600,Tract 9806,Chateau,1.0,981768.0,469916.0,5.0,5.0,,,,,,5.0,7.0,1.0,1.0,0.0,4.0,13.601470508735444,2.0670927824825904,4.0,1.0,2.364186806398791,0.2851,0.0271,0.0,0.3803,0.0894,,,,,,,,,,False,15233,False,0.0,False,1.0,0.0,1.0,False,3726.0,15.358605118380718,2026-07-01,70.0456,58.6417,12.5757,0.05893300248138958,1.0,1.1786600496277915,"15212,15233",False,,,,,,,,,,,,,,,7,0.4506172839506173,,,,,,False,,1,,,,,low
42003980700,Tract 9807,South Shore,1.0,620569.0,458389.0,167.0,132.0,93500.0,0.5546608585407083,2345.0,0.03395959844719088,,132.0,41.0,1.0,0.5227272727272727,0.3089005235602094,0.0,15.556349186104045,,0.0,,,0.0032,0.0,0.0,0.0812,0.0,,,,0.0,,,0.0,,,False,15219,False,0.0,False,1.0,1.0,1.0,True,6947.0,45.30279721741305,2026-07-01,51.675,47.2559,24.7292,0.8995014667317819,1.0,0.6814405050998348,"15203,15211,15219",True,0.008771929824561403,medium,,,,0.008771929824561403,low,2.0,1.0,medium,0.7894736842105263,high,0.9122807017543859,high,10,0.5767195767195767,,,L,,,False,3190.0,38,,0.1557971014492754,2.0321974371143803,True,medium
42003980800,Tract 9808,South Oakland,1.0,346129.0,164858.0,0.0,0.0,,,,,,0.0,12.0,,,,0.0,15.556349186104045,,0.0,,,,,,,,,,,0.0,,,0.0,,,False,15219,False,0.0,False,1.0,0.0,1.0,False,6496.0,75.9496584218901,2026-07-01,69.0856,61.103,29.3586,0.06757937663850859,1.0,,15219,False,,,,,,,,,,,,,,,5,0.5659722222222222,,,,,,False,,0,,,,,low
42003980900,Tract 9809,Marshall-Shadeland,1.0,1464153.0,854869.0,24.0,0.0,,,,,,0.0,12.0,,,,0.0,15.556349186104045,,0.0,,,,,0.8594,,,,,,,,,,,,False,15233,False,,False,,,,,2603.0,7.1945809403164835,2026-07-01,72.8445,62.5255,29.2294,,,,15233,False,,,,,,,,,,,,,,,7,0.2623456790123457,,,,,,False,,0,,,,,low
42003981000,Tract 9810,Central Lawrenceville,1.0,1378279.0,0.0,0.0,0.0,,,,,,0.0,12.0,,,,0.0,15.556349186104045,,0.0,,,,,,,,,,,,,,,,,False,15224,False,0.0,False,1.0,0.0,1.0,False,4298.0,12.61964297756492,2026-07-01,20.1047,14.6073,92.3059,0.029622395833333332,1.0,,15224,False,,,,,,,,,,,,,,,8,0.7037037037037037,,,,,,False,,0,,,,,low
42003981100,Tract 9811,Point Breeze,1.0,875989.0,0.0,0.0,0.0,,,,,,0.0,12.0,,,,0.0,15.556349186104045,,0.0,,,,,,,,,,,,,,,,,False,15217,False,,False,,,,,2822.0,13.036954601042709,2026-07-01,17.284,13.3333,91.3461,,,,"15217,15221",False,,,,,,,,,,,,,,,5,0.9386574074074074,,,,,,False,,0,,,,,low
42003981200,Tract 9812,North Shore,1.0,461252.0,135771.0,0.0,0.0,,,,,,0.0,12.0,,,,0.0,15.556349186104045,,0.0,,,,,,,,,,,,,,,,,False,15212,False,,False,,,,,6582.0,57.74806173683106,2026-07-01,53.8369,44.3645,17.1812,,,,15212,False,,,,,,,,,,,,,,,5,0.8518518518518519,,,,,,False,,18,,,1.8441379310344828,,low
42003981800,Tract 9818,Lincoln-Lemington-Belmar,1.0,1822888.0,305799.0,305.0,0.0,,,,,,0.0,12.0,,,,0.0,15.556349186104045,,0.0,,,,,0.7096,,,,,,0.0,,,0.0,,,False,15206,False,0.0,False,1.0,1.0,1.0,True,2113.0,4.690912234065505,2026-07-01,20.4165,18.6607,83.5812,0.04023411918795023,1.0,,15206,False,,,,,,,,,,,,,,,4,0.018518518518518517,,,,,,False,,0,,,,,low
42003982200,Tract 9822,North Oakland,1.0,505672.0,0.0,6035.0,8.0,,,,,,8.0,7.0,1.0,0.625,0.0,4.0,17.46424919657298,2.654141215284647,4.0,1.0,3.4388171729436965,0.8882,0.0159,0.6912,0.3903,0.4784,,,,,,,,,,False,15213,False,0.0,False,1.0,1.0,1.0,True,14434.0,115.51425746515845,2026-07-01,24.1742,16.8168,30.2273,0.6679920477137177,1.0,8.34990059642147,"15213,15260",False,,,,,,,,,,,,,,,8,0.7076719576719578,,,,,,False,,2,,,,,low
